[{"mCalorie":0.0,"mDistance":0.0,"mNowHealthyStep":0,"mRunStepCount":0,"mSpeed":0.0,"mStartTime":1599278400000,"mStepCount":0,"mTimeUnit":600000,"mTotalActiveTime":0.0,"mWalkStepCount":0},{"mCalorie":0.0,"mDistance":0.0,"mNowHealthyStep":0,"mRunStepCount":0,"mSpeed":0.0,"mStartTime":1599279000000,"mStepCount":0,"mTimeUnit":600000,"mTotalActiveTime":0.0,"mWalkStepCount":0},{"mCalorie":0.0,"mDistance":0.0,"mNowHealthyStep":0,"mRunStepCount":0,"mSpeed":0.0,"mStartTime":1599279600000,"mStepCount":0,"mTimeUnit":600000,"mTotalActiveTime":0.0,"mWalkStepCount":0},{"mCalorie":0.0,"mDistance":0.0,"mNowHealthyStep":0,"mRunStepCount":0,"mSpeed":0.0,"mStartTime":1599280200000,"mStepCount":0,"mTimeUnit":600000,"mTotalActiveTime":0.0,"mWalkStepCount":0},{"mCalorie":0.0,"mDistance":0.0,"mNowHealthyStep":0,"mRunStepCount":0,"mSpeed":0.0,"mStartTime":1599280800000,"mStepCount":0,"mTimeUnit":600000,"mTotalActiveTime":0.0,"mWalkStepCount":0},{"mCalorie":0.0,"mDistance":0.0,"mNowHealthyStep":0,"mRunStepCount":0,"mSpeed":0.0,"mStartTime":1599281400000,"mStepCount":0,"mTimeUnit":600000,"mTotalActiveTime":0.0,"mWalkStepCount":0},{"mCalorie":0.0,"mDistance":0.0,"mNowHealthyStep":0,"mRunStepCount":0,"mSpeed":0.0,"mStartTime":1599282000000,"mStepCount":0,"mTimeUnit":600000,"mTotalActiveTime":0.0,"mWalkStepCount":0},{"mCalorie":0.0,"mDistance":0.0,"mNowHealthyStep":0,"mRunStepCount":0,"mSpeed":0.0,"mStartTime":1599282600000,"mStepCount":0,"mTimeUnit":600000,"mTotalActiveTime":0.0,"mWalkStepCount":0},{"mCalorie":0.0,"mDistance":0.0,"mNowHealthyStep":0,"mRunStepCount":0,"mSpeed":0.0,"mStartTime":1599283200000,"mStepCount":0,"mTimeUnit":600000,"mTotalActiveTime":0.0,"mWalkStepCount":0},{"mCalorie":0.0,"mDistance":0.0,"mNowHealthyStep":0,"mRunStepCount":0,"mSpeed":0.0,"mStartTime":1599283800000,"mStepCount":0,"mTimeUnit":600000,"mTotalActiveTime":0.0,"mWalkStepCount":0},{"mCalorie":0.0,"mDistance":0.0,"mNowHealthyStep":0,"mRunStepCount":0,"mSpeed":0.0,"mStartTime":1599284400000,"mStepCount":0,"mTimeUnit":600000,"mTotalActiveTime":0.0,"mWalkStepCount":0},{"mCalorie":0.0,"mDistance":0.0,"mNowHealthyStep":0,"mRunStepCount":0,"mSpeed":0.0,"mStartTime":1599285000000,"mStepCount":0,"mTimeUnit":600000,"mTotalActiveTime":0.0,"mWalkStepCount":0},{"mCalorie":0.0,"mDistance":0.0,"mNowHealthyStep":0,"mRunStepCount":0,"mSpeed":0.0,"mStartTime":1599285600000,"mStepCount":0,"mTimeUnit":600000,"mTotalActiveTime":0.0,"mWalkStepCount":0},{"mCalorie":0.0,"mDistance":0.0,"mNowHealthyStep":0,"mRunStepCount":0,"mSpeed":0.0,"mStartTime":1599286200000,"mStepCount":0,"mTimeUnit":600000,"mTotalActiveTime":0.0,"mWalkStepCount":0},{"mCalorie":0.0,"mDistance":0.0,"mNowHealthyStep":0,"mRunStepCount":0,"mSpeed":0.0,"mStartTime":1599286800000,"mStepCount":0,"mTimeUnit":600000,"mTotalActiveTime":0.0,"mWalkStepCount":0},{"mCalorie":0.0,"mDistance":0.0,"mNowHealthyStep":0,"mRunStepCount":0,"mSpeed":0.0,"mStartTime":1599287400000,"mStepCount":0,"mTimeUnit":600000,"mTotalActiveTime":0.0,"mWalkStepCount":0},{"mCalorie":0.0,"mDistance":0.0,"mNowHealthyStep":0,"mRunStepCount":0,"mSpeed":0.0,"mStartTime":1599288000000,"mStepCount":0,"mTimeUnit":600000,"mTotalActiveTime":0.0,"mWalkStepCount":0},{"mCalorie":0.0,"mDistance":0.0,"mNowHealthyStep":0,"mRunStepCount":0,"mSpeed":0.0,"mStartTime":1599288600000,"mStepCount":0,"mTimeUnit":600000,"mTotalActiveTime":0.0,"mWalkStepCount":0},{"mCalorie":0.0,"mDistance":0.0,"mNowHealthyStep":0,"mRunStepCount":0,"mSpeed":0.0,"mStartTime":1599289200000,"mStepCount":0,"mTimeUnit":600000,"mTotalActiveTime":0.0,"mWalkStepCount":0},{"mCalorie":0.0,"mDistance":0.0,"mNowHealthyStep":0,"mRunStepCount":0,"mSpeed":0.0,"mStartTime":1599289800000,"mStepCount":0,"mTimeUnit":600000,"mTotalActiveTime":0.0,"mWalkStepCount":0},{"mCalorie":0.0,"mDistance":0.0,"mNowHealthyStep":0,"mRunStepCount":0,"mSpeed":0.0,"mStartTime":1599290400000,"mStepCount":0,"mTimeUnit":600000,"mTotalActiveTime":0.0,"mWalkStepCount":0},{"mCalorie":0.0,"mDistance":0.0,"mNowHealthyStep":0,"mRunStepCount":0,"mSpeed":0.0,"mStartTime":1599291000000,"mStepCount":0,"mTimeUnit":600000,"mTotalActiveTime":0.0,"mWalkStepCount":0},{"mCalorie":0.0,"mDistance":0.0,"mNowHealthyStep":0,"mRunStepCount":0,"mSpeed":0.0,"mStartTime":1599291600000,"mStepCount":0,"mTimeUnit":600000,"mTotalActiveTime":0.0,"mWalkStepCount":0},{"mCalorie":0.0,"mDistance":0.0,"mNowHealthyStep":0,"mRunStepCount":0,"mSpeed":0.0,"mStartTime":1599292200000,"mStepCount":0,"mTimeUnit":600000,"mTotalActiveTime":0.0,"mWalkStepCount":0},{"mCalorie":0.0,"mDistance":0.0,"mNowHealthyStep":0,"mRunStepCount":0,"mSpeed":0.0,"mStartTime":1599292800000,"mStepCount":0,"mTimeUnit":600000,"mTotalActiveTime":0.0,"mWalkStepCount":0},{"mCalorie":0.0,"mDistance":0.0,"mNowHealthyStep":0,"mRunStepCount":0,"mSpeed":0.0,"mStartTime":1599293400000,"mStepCount":0,"mTimeUnit":600000,"mTotalActiveTime":0.0,"mWalkStepCount":0},{"mCalorie":0.0,"mDistance":0.0,"mNowHealthyStep":0,"mRunStepCount":0,"mSpeed":0.0,"mStartTime":1599294000000,"mStepCount":0,"mTimeUnit":600000,"mTotalActiveTime":0.0,"mWalkStepCount":0},{"mCalorie":0.0,"mDistance":0.0,"mNowHealthyStep":0,"mRunStepCount":0,"mSpeed":0.0,"mStartTime":1599294600000,"mStepCount":0,"mTimeUnit":600000,"mTotalActiveTime":0.0,"mWalkStepCount":0},{"mCalorie":0.0,"mDistance":0.0,"mNowHealthyStep":0,"mRunStepCount":0,"mSpeed":0.0,"mStartTime":1599295200000,"mStepCount":0,"mTimeUnit":600000,"mTotalActiveTime":0.0,"mWalkStepCount":0},{"mCalorie":0.0,"mDistance":0.0,"mNowHealthyStep":0,"mRunStepCount":0,"mSpeed":0.0,"mStartTime":1599295800000,"mStepCount":0,"mTimeUnit":600000,"mTotalActiveTime":0.0,"mWalkStepCount":0},{"mCalorie":0.0,"mDistance":0.0,"mNowHealthyStep":0,"mRunStepCount":0,"mSpeed":0.0,"mStartTime":1599296400000,"mStepCount":0,"mTimeUnit":600000,"mTotalActiveTime":0.0,"mWalkStepCount":0},{"mCalorie":0.0,"mDistance":0.0,"mNowHealthyStep":0,"mRunStepCount":0,"mSpeed":0.0,"mStartTime":1599297000000,"mStepCount":0,"mTimeUnit":600000,"mTotalActiveTime":0.0,"mWalkStepCount":0},{"mCalorie":0.0,"mDistance":0.0,"mNowHealthyStep":0,"mRunStepCount":0,"mSpeed":0.0,"mStartTime":1599297600000,"mStepCount":0,"mTimeUnit":600000,"mTotalActiveTime":0.0,"mWalkStepCount":0},{"mCalorie":0.0,"mDistance":0.0,"mNowHealthyStep":0,"mRunStepCount":0,"mSpeed":0.0,"mStartTime":1599298200000,"mStepCount":0,"mTimeUnit":600000,"mTotalActiveTime":0.0,"mWalkStepCount":0},{"mCalorie":0.0,"mDistance":0.0,"mNowHealthyStep":0,"mRunStepCount":0,"mSpeed":0.0,"mStartTime":1599298800000,"mStepCount":0,"mTimeUnit":600000,"mTotalActiveTime":0.0,"mWalkStepCount":0},{"mCalorie":0.0,"mDistance":0.0,"mNowHealthyStep":0,"mRunStepCount":0,"mSpeed":0.0,"mStartTime":1599299400000,"mStepCount":0,"mTimeUnit":600000,"mTotalActiveTime":0.0,"mWalkStepCount":0},{"mCalorie":0.0,"mDistance":0.0,"mNowHealthyStep":0,"mRunStepCount":0,"mSpeed":0.0,"mStartTime":1599300000000,"mStepCount":0,"mTimeUnit":600000,"mTotalActiveTime":0.0,"mWalkStepCount":0},{"mCalorie":0.0,"mDistance":0.0,"mNowHealthyStep":0,"mRunStepCount":0,"mSpeed":0.0,"mStartTime":1599300600000,"mStepCount":0,"mTimeUnit":600000,"mTotalActiveTime":0.0,"mWalkStepCount":0},{"mCalorie":0.0,"mDistance":0.0,"mNowHealthyStep":0,"mRunStepCount":0,"mSpeed":0.0,"mStartTime":1599301200000,"mStepCount":0,"mTimeUnit":600000,"mTotalActiveTime":0.0,"mWalkStepCount":0},{"mCalorie":0.0,"mDistance":0.0,"mNowHealthyStep":0,"mRunStepCount":0,"mSpeed":0.0,"mStartTime":1599301800000,"mStepCount":0,"mTimeUnit":600000,"mTotalActiveTime":0.0,"mWalkStepCount":0},{"mCalorie":0.0,"mDistance":0.0,"mNowHealthyStep":0,"mRunStepCount":0,"mSpeed":0.0,"mStartTime":1599302400000,"mStepCount":0,"mTimeUnit":600000,"mTotalActiveTime":0.0,"mWalkStepCount":0},{"mCalorie":0.0,"mDistance":0.0,"mNowHealthyStep":0,"mRunStepCount":0,"mSpeed":0.0,"mStartTime":1599303000000,"mStepCount":0,"mTimeUnit":600000,"mTotalActiveTime":0.0,"mWalkStepCount":0},{"mCalorie":0.9900000095367432,"mDistance":16.719999313354492,"mNowHealthyStep":0,"mRunStepCount":0,"mSpeed":3.799999952316284,"mStartTime":1599303600000,"mStepCount":23,"mTimeUnit":600000,"mTotalActiveTime":15839.99954825953,"mWalkStepCount":23},{"mCalorie":0.0,"mDistance":0.0,"mNowHealthyStep":0,"mRunStepCount":0,"mSpeed":0.0,"mStartTime":1599304200000,"mStepCount":0,"mTimeUnit":600000,"mTotalActiveTime":0.0,"mWalkStepCount":0},{"mCalorie":0.0,"mDistance":0.0,"mNowHealthyStep":0,"mRunStepCount":0,"mSpeed":0.0,"mStartTime":1599304800000,"mStepCount":0,"mTimeUnit":600000,"mTotalActiveTime":0.0,"mWalkStepCount":0},{"mCalorie":4.550000011920929,"mDistance":79.40000057220459,"mNowHealthyStep":0,"mRunStepCount":0,"mSpeed":4.236232757568359,"mStartTime":1599305400000,"mStepCount":108,"mTimeUnit":600000,"mTotalActiveTime":67475.04298617195,"mWalkStepCount":108},{"mCalorie":0.0,"mDistance":0.0,"mNowHealthyStep":0,"mRunStepCount":0,"mSpeed":0.0,"mStartTime":1599306000000,"mStepCount":0,"mTimeUnit":600000,"mTotalActiveTime":0.0,"mWalkStepCount":0},{"mCalorie":6.769999742507935,"mDistance":129.39000701904297,"mNowHealthyStep":0,"mRunStepCount":0,"mSpeed":5.270857810974121,"mStartTime":1599306600000,"mStepCount":168,"mTimeUnit":600000,"mTotalActiveTime":88373.4740323135,"mWalkStepCount":168},{"mCalorie":5.229999899864197,"mDistance":95.09000158309937,"mNowHealthyStep":0,"mRunStepCount":0,"mSpeed":4.732059955596924,"mStartTime":1599307200000,"mStepCount":127,"mTimeUnit":600000,"mTotalActiveTime":72341.43576129411,"mWalkStepCount":127},{"mCalorie":0.5,"mDistance":9.550000190734863,"mNowHealthyStep":0,"mRunStepCount":0,"mSpeed":4.400000095367432,"mStartTime":1599307800000,"mStepCount":13,"mTimeUnit":600000,"mTotalActiveTime":7813.636350336154,"mWalkStepCount":13},{"mCalorie":6.009999990463257,"mDistance":107.72999954223633,"mNowHealthyStep":0,"mRunStepCount":0,"mSpeed":4.802659034729004,"mStartTime":1599308400000,"mStepCount":144,"mTimeUnit":600000,"mTotalActiveTime":80752.76802005831,"mWalkStepCount":144},{"mCalorie":12.389999270439148,"mDistance":230.70999717712402,"mNowHealthyStep":0,"mRunStepCount":0,"mSpeed":4.800165176391602,"mStartTime":1599309000000,"mStepCount":305,"mTimeUnit":600000,"mTotalActiveTime":173026.54714396037,"mWalkStepCount":305},{"mCalorie":1.3599997758865356,"mDistance":24.66998863220215,"mNowHealthyStep":0,"mRunStepCount":0,"mSpeed":3.8968000411987305,"mStartTime":1599309600000,"mStepCount":34,"mTimeUnit":600000,"mTotalActiveTime":22790.99726364391,"mWalkStepCount":34},{"mCalorie":6.839997589588165,"mDistance":131.5699462890625,"mNowHealthyStep":0,"mRunStepCount":0,"mSpeed":5.302640914916992,"mStartTime":1599310200000,"mStepCount":170,"mTimeUnit":600000,"mTotalActiveTime":89323.75458753346,"mWalkStepCount":170},{"mCalorie":0.0,"mDistance":0.0,"mNowHealthyStep":0,"mRunStepCount":0,"mSpeed":0.0,"mStartTime":1599310800000,"mStepCount":0,"mTimeUnit":600000,"mTotalActiveTime":0.0,"mWalkStepCount":0},{"mCalorie":0.9599999785423279,"mDistance":17.280000686645508,"mNowHealthyStep":0,"mRunStepCount":0,"mSpeed":4.799999713897705,"mStartTime":1599311400000,"mStepCount":23,"mTimeUnit":600000,"mTotalActiveTime":12960.001287460404,"mWalkStepCount":23},{"mCalorie":0.6800000071525574,"mDistance":11.869999885559082,"mNowHealthyStep":0,"mRunStepCount":0,"mSpeed":4.5,"mStartTime":1599312000000,"mStepCount":16,"mTimeUnit":600000,"mTotalActiveTime":9495.999908447266,"mWalkStepCount":16},{"mCalorie":0.0,"mDistance":0.0,"mNowHealthyStep":0,"mRunStepCount":0,"mSpeed":0.0,"mStartTime":1599312600000,"mStepCount":0,"mTimeUnit":600000,"mTotalActiveTime":0.0,"mWalkStepCount":0},{"mCalorie":0.3400000035762787,"mDistance":6.159999847412109,"mNowHealthyStep":0,"mRunStepCount":0,"mSpeed":5.946218967437744,"mStartTime":1599313200000,"mStepCount":8,"mTimeUnit":600000,"mTotalActiveTime":3729.4286625033833,"mWalkStepCount":8},{"mCalorie":3.369999945163727,"mDistance":61.569997787475586,"mNowHealthyStep":0,"mRunStepCount":0,"mSpeed":4.593993186950684,"mStartTime":1599313800000,"mStepCount":82,"mTimeUnit":600000,"mTotalActiveTime":48248.22065898128,"mWalkStepCount":82},{"mCalorie":2.5600000619888306,"mDistance":46.170000076293945,"mNowHealthyStep":0,"mRunStepCount":0,"mSpeed":4.372865200042725,"mStartTime":1599314400000,"mStepCount":62,"mTimeUnit":600000,"mTotalActiveTime":38009.8621564818,"mWalkStepCount":62},{"mCalorie":1.4700000286102295,"mDistance":26.09000015258789,"mNowHealthyStep":0,"mRunStepCount":0,"mSpeed":4.470112323760986,"mStartTime":1599315000000,"mStepCount":35,"mTimeUnit":600000,"mTotalActiveTime":21011.552524370218,"mWalkStepCount":35},{"mCalorie":4.760000109672546,"mDistance":83.92000150680542,"mNowHealthyStep":0,"mRunStepCount":0,"mSpeed":4.317514419555664,"mStartTime":1599315600000,"mStepCount":114,"mTimeUnit":600000,"mTotalActiveTime":69973.59683702399,"mWalkStepCount":114},{"mCalorie":5.349999964237213,"mDistance":95.93000221252441,"mNowHealthyStep":0,"mRunStepCount":0,"mSpeed":4.569340705871582,"mStartTime":1599316200000,"mStepCount":129,"mTimeUnit":600000,"mTotalActiveTime":75579.39376650011,"mWalkStepCount":129},{"mCalorie":7.669999778270721,"mDistance":137.5299949645996,"mNowHealthyStep":0,"mRunStepCount":0,"mSpeed":4.417426586151123,"mStartTime":1599316800000,"mStepCount":186,"mTimeUnit":600000,"mTotalActiveTime":112080.63225678937,"mWalkStepCount":186},{"mCalorie":0.0,"mDistance":0.0,"mNowHealthyStep":0,"mRunStepCount":0,"mSpeed":0.0,"mStartTime":1599317400000,"mStepCount":0,"mTimeUnit":600000,"mTotalActiveTime":0.0,"mWalkStepCount":0},{"mCalorie":0.0,"mDistance":0.0,"mNowHealthyStep":0,"mRunStepCount":0,"mSpeed":0.0,"mStartTime":1599318000000,"mStepCount":0,"mTimeUnit":600000,"mTotalActiveTime":0.0,"mWalkStepCount":0},{"mCalorie":0.0,"mDistance":0.0,"mNowHealthyStep":0,"mRunStepCount":0,"mSpeed":0.0,"mStartTime":1599318600000,"mStepCount":0,"mTimeUnit":600000,"mTotalActiveTime":0.0,"mWalkStepCount":0},{"mCalorie":0.0,"mDistance":0.0,"mNowHealthyStep":0,"mRunStepCount":0,"mSpeed":0.0,"mStartTime":1599319200000,"mStepCount":0,"mTimeUnit":600000,"mTotalActiveTime":0.0,"mWalkStepCount":0},{"mCalorie":0.0,"mDistance":0.0,"mNowHealthyStep":0,"mRunStepCount":0,"mSpeed":0.0,"mStartTime":1599319800000,"mStepCount":0,"mTimeUnit":600000,"mTotalActiveTime":0.0,"mWalkStepCount":0},{"mCalorie":0.0,"mDistance":0.0,"mNowHealthyStep":0,"mRunStepCount":0,"mSpeed":0.0,"mStartTime":1599320400000,"mStepCount":0,"mTimeUnit":600000,"mTotalActiveTime":0.0,"mWalkStepCount":0},{"mCalorie":0.0,"mDistance":0.0,"mNowHealthyStep":0,"mRunStepCount":0,"mSpeed":0.0,"mStartTime":1599321000000,"mStepCount":0,"mTimeUnit":600000,"mTotalActiveTime":0.0,"mWalkStepCount":0},{"mCalorie":0.0,"mDistance":0.0,"mNowHealthyStep":0,"mRunStepCount":0,"mSpeed":0.0,"mStartTime":1599321600000,"mStepCount":0,"mTimeUnit":600000,"mTotalActiveTime":0.0,"mWalkStepCount":0},{"mCalorie":16.54999804496765,"mDistance":314.52997970581055,"mNowHealthyStep":0,"mRunStepCount":0,"mSpeed":5.179572105407715,"mStartTime":1599322200000,"mStepCount":410,"mTimeUnit":600000,"mTotalActiveTime":218610.32939696655,"mWalkStepCount":410},{"mCalorie":27.52999973297119,"mDistance":507.4900016784668,"mNowHealthyStep":0,"mRunStepCount":0,"mSpeed":4.336195945739746,"mStartTime":1599322800000,"mStepCount":685,"mTimeUnit":600000,"mTotalActiveTime":421328.73578047863,"mWalkStepCount":685},{"mCalorie":19.73999911546707,"mDistance":364.100004196167,"mNowHealthyStep":0,"mRunStepCount":0,"mSpeed":4.593786239624023,"mStartTime":1599323400000,"mStepCount":491,"mTimeUnit":600000,"mTotalActiveTime":285333.2728607195,"mWalkStepCount":491},{"mCalorie":2.1600000858306885,"mDistance":39.349998474121094,"mNowHealthyStep":0,"mRunStepCount":0,"mSpeed":4.400000095367432,"mStartTime":1599324000000,"mStepCount":53,"mTimeUnit":600000,"mTotalActiveTime":32195.452599190525,"mWalkStepCount":53},{"mCalorie":9.85000005364418,"mDistance":177.30999946594238,"mNowHealthyStep":0,"mRunStepCount":0,"mSpeed":4.110687255859375,"mStartTime":1599324600000,"mStepCount":241,"mTimeUnit":600000,"mTotalActiveTime":155282.0669318871,"mWalkStepCount":241},{"mCalorie":5.169999971985817,"mDistance":87.19000041484833,"mNowHealthyStep":0,"mRunStepCount":0,"mSpeed":3.5016539096832275,"mStartTime":1599325200000,"mStepCount":122,"mTimeUnit":600000,"mTotalActiveTime":89638.78644345861,"mWalkStepCount":122},{"mCalorie":11.690000176429749,"mDistance":208.9800033569336,"mNowHealthyStep":0,"mRunStepCount":0,"mSpeed":3.900594472885132,"mStartTime":1599325800000,"mStepCount":287,"mTimeUnit":600000,"mTotalActiveTime":192875.2225817911,"mWalkStepCount":287},{"mCalorie":5.680000066757202,"mDistance":97.52999973297119,"mNowHealthyStep":0,"mRunStepCount":0,"mSpeed":3.676311492919922,"mStartTime":1599326400000,"mStepCount":135,"mTimeUnit":600000,"mTotalActiveTime":95505.50832176206,"mWalkStepCount":135},{"mCalorie":23.04999989271164,"mDistance":409.1799998283386,"mNowHealthyStep":0,"mRunStepCount":0,"mSpeed":3.9643571376800537,"mStartTime":1599327000000,"mStepCount":567,"mTimeUnit":600000,"mTotalActiveTime":371572.98600583104,"mWalkStepCount":567},{"mCalorie":17.58999991416931,"mDistance":317.3600025177002,"mNowHealthyStep":0,"mRunStepCount":0,"mSpeed":4.087223529815674,"mStartTime":1599327600000,"mStepCount":433,"mTimeUnit":600000,"mTotalActiveTime":279528.62918904243,"mWalkStepCount":433},{"mCalorie":8.959999978542328,"mDistance":167.14000511169434,"mNowHealthyStep":0,"mRunStepCount":0,"mSpeed":4.514787673950195,"mStartTime":1599328200000,"mStepCount":224,"mTimeUnit":600000,"mTotalActiveTime":133274.04247392103,"mWalkStepCount":224},{"mCalorie":0.25,"mDistance":4.53000020980835,"mNowHealthyStep":0,"mRunStepCount":0,"mSpeed":4.299999713897705,"mStartTime":1599328800000,"mStepCount":6,"mTimeUnit":600000,"mTotalActiveTime":3792.558567527853,"mWalkStepCount":6},{"mCalorie":0.6600000858306885,"mDistance":12.469999313354492,"mNowHealthyStep":0,"mRunStepCount":0,"mSpeed":3.8810536861419678,"mStartTime":1599329400000,"mStepCount":17,"mTimeUnit":600000,"mTotalActiveTime":11566.96123229923,"mWalkStepCount":17},{"mCalorie":4.820000052452087,"mDistance":80.81999778747559,"mNowHealthyStep":0,"mRunStepCount":0,"mSpeed":4.032436370849609,"mStartTime":1599330000000,"mStepCount":112,"mTimeUnit":600000,"mTotalActiveTime":72152.89920988772,"mWalkStepCount":112},{"mCalorie":0.0,"mDistance":0.0,"mNowHealthyStep":0,"mRunStepCount":0,"mSpeed":0.0,"mStartTime":1599330600000,"mStepCount":0,"mTimeUnit":600000,"mTotalActiveTime":0.0,"mWalkStepCount":0},{"mCalorie":0.0,"mDistance":0.0,"mNowHealthyStep":0,"mRunStepCount":0,"mSpeed":0.0,"mStartTime":1599331200000,"mStepCount":0,"mTimeUnit":600000,"mTotalActiveTime":0.0,"mWalkStepCount":0},{"mCalorie":0.0,"mDistance":0.0,"mNowHealthyStep":0,"mRunStepCount":0,"mSpeed":0.0,"mStartTime":1599331800000,"mStepCount":0,"mTimeUnit":600000,"mTotalActiveTime":0.0,"mWalkStepCount":0},{"mCalorie":3.1200000643730164,"mDistance":55.849998474121094,"mNowHealthyStep":0,"mRunStepCount":0,"mSpeed":4.5532026290893555,"mStartTime":1599332400000,"mStepCount":77,"mTimeUnit":600000,"mTotalActiveTime":44157.92640183533,"mWalkStepCount":77},{"mCalorie":0.0,"mDistance":0.0,"mNowHealthyStep":0,"mRunStepCount":0,"mSpeed":0.0,"mStartTime":1599333000000,"mStepCount":0,"mTimeUnit":600000,"mTotalActiveTime":0.0,"mWalkStepCount":0},{"mCalorie":4.689999639987946,"mDistance":80.669997215271,"mNowHealthyStep":0,"mRunStepCount":0,"mSpeed":4.153557777404785,"mStartTime":1599333600000,"mStepCount":110,"mTimeUnit":600000,"mTotalActiveTime":69918.85235359671,"mWalkStepCount":110},{"mCalorie":0.0,"mDistance":0.0,"mNowHealthyStep":0,"mRunStepCount":0,"mSpeed":0.0,"mStartTime":1599334200000,"mStepCount":0,"mTimeUnit":600000,"mTotalActiveTime":0.0,"mWalkStepCount":0},{"mCalorie":3.5899999141693115,"mDistance":61.05000114440918,"mNowHealthyStep":0,"mRunStepCount":0,"mSpeed":4.570123672485352,"mStartTime":1599334800000,"mStepCount":87,"mTimeUnit":600000,"mTotalActiveTime":48090.60454733174,"mWalkStepCount":87},{"mCalorie":5.909999966621399,"mDistance":108.79000282287598,"mNowHealthyStep":0,"mRunStepCount":0,"mSpeed":4.783506870269775,"mStartTime":1599335400000,"mStepCount":145,"mTimeUnit":600000,"mTotalActiveTime":81873.8290544492,"mWalkStepCount":145},{"mCalorie":1.2700000405311584,"mDistance":22.639999389648438,"mNowHealthyStep":0,"mRunStepCount":0,"mSpeed":3.9674534797668457,"mStartTime":1599336000000,"mStepCount":31,"mTimeUnit":600000,"mTotalActiveTime":20543.151237918406,"mWalkStepCount":31},{"mCalorie":2.759999990463257,"mDistance":49.52000045776367,"mNowHealthyStep":0,"mRunStepCount":0,"mSpeed":4.256490230560303,"mStartTime":1599336600000,"mStepCount":67,"mTimeUnit":600000,"mTotalActiveTime":41882.39481613746,"mWalkStepCount":67},{"mCalorie":2.299999952316284,"mDistance":43.40999984741211,"mNowHealthyStep":0,"mRunStepCount":0,"mSpeed":4.999999523162842,"mStartTime":1599337200000,"mStepCount":57,"mTimeUnit":600000,"mTotalActiveTime":31255.20287086514,"mWalkStepCount":57},{"mCalorie":0.0,"mDistance":0.0,"mNowHealthyStep":0,"mRunStepCount":0,"mSpeed":0.0,"mStartTime":1599337800000,"mStepCount":0,"mTimeUnit":600000,"mTotalActiveTime":0.0,"mWalkStepCount":0},{"mCalorie":0.0,"mDistance":0.0,"mNowHealthyStep":0,"mRunStepCount":0,"mSpeed":0.0,"mStartTime":1599338400000,"mStepCount":0,"mTimeUnit":600000,"mTotalActiveTime":0.0,"mWalkStepCount":0},{"mCalorie":0.0,"mDistance":0.0,"mNowHealthyStep":0,"mRunStepCount":0,"mSpeed":0.0,"mStartTime":1599339000000,"mStepCount":0,"mTimeUnit":600000,"mTotalActiveTime":0.0,"mWalkStepCount":0},{"mCalorie":0.0,"mDistance":0.0,"mNowHealthyStep":0,"mRunStepCount":0,"mSpeed":0.0,"mStartTime":1599339600000,"mStepCount":0,"mTimeUnit":600000,"mTotalActiveTime":0.0,"mWalkStepCount":0},{"mCalorie":0.0,"mDistance":0.0,"mNowHealthyStep":0,"mRunStepCount":0,"mSpeed":0.0,"mStartTime":1599340200000,"mStepCount":0,"mTimeUnit":600000,"mTotalActiveTime":0.0,"mWalkStepCount":0},{"mCalorie":0.0,"mDistance":0.0,"mNowHealthyStep":0,"mRunStepCount":0,"mSpeed":0.0,"mStartTime":1599340800000,"mStepCount":0,"mTimeUnit":600000,"mTotalActiveTime":0.0,"mWalkStepCount":0},{"mCalorie":0.0,"mDistance":0.0,"mNowHealthyStep":0,"mRunStepCount":0,"mSpeed":0.0,"mStartTime":1599341400000,"mStepCount":0,"mTimeUnit":600000,"mTotalActiveTime":0.0,"mWalkStepCount":0},{"mCalorie":5.5,"mDistance":96.69000148773193,"mNowHealthyStep":0,"mRunStepCount":0,"mSpeed":4.1434245109558105,"mStartTime":1599342000000,"mStepCount":131,"mTimeUnit":600000,"mTotalActiveTime":84008.77011628528,"mWalkStepCount":131},{"mCalorie":0.3799999952316284,"mDistance":6.849999904632568,"mNowHealthyStep":0,"mRunStepCount":0,"mSpeed":5.199999809265137,"mStartTime":1599342600000,"mStepCount":9,"mTimeUnit":600000,"mTotalActiveTime":4742.307800230899,"mWalkStepCount":9},{"mCalorie":0.0,"mDistance":0.0,"mNowHealthyStep":0,"mRunStepCount":0,"mSpeed":0.0,"mStartTime":1599343200000,"mStepCount":0,"mTimeUnit":600000,"mTotalActiveTime":0.0,"mWalkStepCount":0},{"mCalorie":0.0,"mDistance":0.0,"mNowHealthyStep":0,"mRunStepCount":0,"mSpeed":0.0,"mStartTime":1599343800000,"mStepCount":0,"mTimeUnit":600000,"mTotalActiveTime":0.0,"mWalkStepCount":0},{"mCalorie":0.0,"mDistance":0.0,"mNowHealthyStep":0,"mRunStepCount":0,"mSpeed":0.0,"mStartTime":1599344400000,"mStepCount":0,"mTimeUnit":600000,"mTotalActiveTime":0.0,"mWalkStepCount":0},{"mCalorie":0.0,"mDistance":0.0,"mNowHealthyStep":0,"mRunStepCount":0,"mSpeed":0.0,"mStartTime":1599345000000,"mStepCount":0,"mTimeUnit":600000,"mTotalActiveTime":0.0,"mWalkStepCount":0},{"mCalorie":1.3600000143051147,"mDistance":23.98999786376953,"mNowHealthyStep":0,"mRunStepCount":0,"mSpeed":3.9124996662139893,"mStartTime":1599345600000,"mStepCount":33,"mTimeUnit":600000,"mTotalActiveTime":22073.865732272945,"mWalkStepCount":33},{"mCalorie":0.0,"mDistance":0.0,"mNowHealthyStep":0,"mRunStepCount":0,"mSpeed":0.0,"mStartTime":1599346200000,"mStepCount":0,"mTimeUnit":600000,"mTotalActiveTime":0.0,"mWalkStepCount":0},{"mCalorie":0.0,"mDistance":0.0,"mNowHealthyStep":0,"mRunStepCount":0,"mSpeed":0.0,"mStartTime":1599346800000,"mStepCount":0,"mTimeUnit":600000,"mTotalActiveTime":0.0,"mWalkStepCount":0},{"mCalorie":0.8100000023841858,"mDistance":14.069999694824219,"mNowHealthyStep":0,"mRunStepCount":0,"mSpeed":4.826841831207275,"mStartTime":1599347400000,"mStepCount":19,"mTimeUnit":600000,"mTotalActiveTime":10493.81797096946,"mWalkStepCount":19},{"mCalorie":0.0,"mDistance":0.0,"mNowHealthyStep":0,"mRunStepCount":0,"mSpeed":0.0,"mStartTime":1599348000000,"mStepCount":0,"mTimeUnit":600000,"mTotalActiveTime":0.0,"mWalkStepCount":0},{"mCalorie":0.0,"mDistance":0.0,"mNowHealthyStep":0,"mRunStepCount":0,"mSpeed":0.0,"mStartTime":1599348600000,"mStepCount":0,"mTimeUnit":600000,"mTotalActiveTime":0.0,"mWalkStepCount":0},{"mCalorie":0.0,"mDistance":0.0,"mNowHealthyStep":0,"mRunStepCount":0,"mSpeed":0.0,"mStartTime":1599349200000,"mStepCount":0,"mTimeUnit":600000,"mTotalActiveTime":0.0,"mWalkStepCount":0},{"mCalorie":0.0,"mDistance":0.0,"mNowHealthyStep":0,"mRunStepCount":0,"mSpeed":0.0,"mStartTime":1599349800000,"mStepCount":0,"mTimeUnit":600000,"mTotalActiveTime":0.0,"mWalkStepCount":0},{"mCalorie":2.470000147819519,"mDistance":43.629995346069336,"mNowHealthyStep":0,"mRunStepCount":0,"mSpeed":4.4489240646362305,"mStartTime":1599350400000,"mStepCount":59,"mTimeUnit":600000,"mTotalActiveTime":35304.711257152936,"mWalkStepCount":59},{"mCalorie":0.0,"mDistance":0.0,"mNowHealthyStep":0,"mRunStepCount":0,"mSpeed":0.0,"mStartTime":1599351000000,"mStepCount":0,"mTimeUnit":600000,"mTotalActiveTime":0.0,"mWalkStepCount":0},{"mCalorie":0.0,"mDistance":0.0,"mNowHealthyStep":0,"mRunStepCount":0,"mSpeed":0.0,"mStartTime":1599351600000,"mStepCount":0,"mTimeUnit":600000,"mTotalActiveTime":0.0,"mWalkStepCount":0},{"mCalorie":0.0,"mDistance":0.0,"mNowHealthyStep":0,"mRunStepCount":0,"mSpeed":0.0,"mStartTime":1599352200000,"mStepCount":0,"mTimeUnit":600000,"mTotalActiveTime":0.0,"mWalkStepCount":0},{"mCalorie":0.0,"mDistance":0.0,"mNowHealthyStep":0,"mRunStepCount":0,"mSpeed":0.0,"mStartTime":1599352800000,"mStepCount":0,"mTimeUnit":600000,"mTotalActiveTime":0.0,"mWalkStepCount":0},{"mCalorie":0.0,"mDistance":0.0,"mNowHealthyStep":0,"mRunStepCount":0,"mSpeed":0.0,"mStartTime":1599353400000,"mStepCount":0,"mTimeUnit":600000,"mTotalActiveTime":0.0,"mWalkStepCount":0},{"mCalorie":0.0,"mDistance":0.0,"mNowHealthyStep":0,"mRunStepCount":0,"mSpeed":0.0,"mStartTime":1599354000000,"mStepCount":0,"mTimeUnit":600000,"mTotalActiveTime":0.0,"mWalkStepCount":0},{"mCalorie":0.0,"mDistance":0.0,"mNowHealthyStep":0,"mRunStepCount":0,"mSpeed":0.0,"mStartTime":1599354600000,"mStepCount":0,"mTimeUnit":600000,"mTotalActiveTime":0.0,"mWalkStepCount":0},{"mCalorie":0.0,"mDistance":0.0,"mNowHealthyStep":0,"mRunStepCount":0,"mSpeed":0.0,"mStartTime":1599355200000,"mStepCount":0,"mTimeUnit":600000,"mTotalActiveTime":0.0,"mWalkStepCount":0},{"mCalorie":0.0,"mDistance":0.0,"mNowHealthyStep":0,"mRunStepCount":0,"mSpeed":0.0,"mStartTime":1599355800000,"mStepCount":0,"mTimeUnit":600000,"mTotalActiveTime":0.0,"mWalkStepCount":0},{"mCalorie":0.0,"mDistance":0.0,"mNowHealthyStep":0,"mRunStepCount":0,"mSpeed":0.0,"mStartTime":1599356400000,"mStepCount":0,"mTimeUnit":600000,"mTotalActiveTime":0.0,"mWalkStepCount":0},{"mCalorie":0.0,"mDistance":0.0,"mNowHealthyStep":0,"mRunStepCount":0,"mSpeed":0.0,"mStartTime":1599357000000,"mStepCount":0,"mTimeUnit":600000,"mTotalActiveTime":0.0,"mWalkStepCount":0},{"mCalorie":0.0,"mDistance":0.0,"mNowHealthyStep":0,"mRunStepCount":0,"mSpeed":0.0,"mStartTime":1599357600000,"mStepCount":0,"mTimeUnit":600000,"mTotalActiveTime":0.0,"mWalkStepCount":0},{"mCalorie":0.0,"mDistance":0.0,"mNowHealthyStep":0,"mRunStepCount":0,"mSpeed":0.0,"mStartTime":1599358200000,"mStepCount":0,"mTimeUnit":600000,"mTotalActiveTime":0.0,"mWalkStepCount":0},{"mCalorie":0.0,"mDistance":0.0,"mNowHealthyStep":0,"mRunStepCount":0,"mSpeed":0.0,"mStartTime":1599358800000,"mStepCount":0,"mTimeUnit":600000,"mTotalActiveTime":0.0,"mWalkStepCount":0},{"mCalorie":0.0,"mDistance":0.0,"mNowHealthyStep":0,"mRunStepCount":0,"mSpeed":0.0,"mStartTime":1599359400000,"mStepCount":0,"mTimeUnit":600000,"mTotalActiveTime":0.0,"mWalkStepCount":0},{"mCalorie":0.0,"mDistance":0.0,"mNowHealthyStep":0,"mRunStepCount":0,"mSpeed":0.0,"mStartTime":1599360000000,"mStepCount":0,"mTimeUnit":600000,"mTotalActiveTime":0.0,"mWalkStepCount":0},{"mCalorie":0.7400001287460327,"mDistance":12.880001068115234,"mNowHealthyStep":0,"mRunStepCount":0,"mSpeed":3.616102695465088,"mStartTime":1599360600000,"mStepCount":18,"mTimeUnit":600000,"mTotalActiveTime":12822.645746030503,"mWalkStepCount":18},{"mCalorie":0.6200000047683716,"mDistance":11.30000114440918,"mNowHealthyStep":0,"mRunStepCount":0,"mSpeed":4.694881916046143,"mStartTime":1599361200000,"mStepCount":15,"mTimeUnit":600000,"mTotalActiveTime":8664.755545999387,"mWalkStepCount":15},{"mCalorie":0.0,"mDistance":0.0,"mNowHealthyStep":0,"mRunStepCount":0,"mSpeed":0.0,"mStartTime":1599361800000,"mStepCount":0,"mTimeUnit":600000,"mTotalActiveTime":0.0,"mWalkStepCount":0},{"mCalorie":1.5400000214576721,"mDistance":29.360000610351562,"mNowHealthyStep":0,"mRunStepCount":0,"mSpeed":5.120694160461426,"mStartTime":1599362400000,"mStepCount":38,"mTimeUnit":600000,"mTotalActiveTime":20640.95111882395,"mWalkStepCount":38},{"mCalorie":1.1699999570846558,"mDistance":20.809999465942383,"mNowHealthyStep":0,"mRunStepCount":0,"mSpeed":4.595776081085205,"mStartTime":1599363000000,"mStepCount":28,"mTimeUnit":600000,"mTotalActiveTime":16301.054872042983,"mWalkStepCount":28},{"mCalorie":0.0,"mDistance":0.0,"mNowHealthyStep":0,"mRunStepCount":0,"mSpeed":0.0,"mStartTime":1599363600000,"mStepCount":0,"mTimeUnit":600000,"mTotalActiveTime":0.0,"mWalkStepCount":0},{"mCalorie":0.0,"mDistance":0.0,"mNowHealthyStep":0,"mRunStepCount":0,"mSpeed":0.0,"mStartTime":1599364200000,"mStepCount":0,"mTimeUnit":600000,"mTotalActiveTime":0.0,"mWalkStepCount":0}]