[{"mCalorie":0.0,"mDistance":0.0,"mNowHealthyStep":0,"mRunStepCount":0,"mSpeed":0.0,"mStartTime":1636347600000,"mStepCount":0,"mTimeUnit":600000,"mTotalActiveTime":0.0,"mWalkStepCount":0},{"mCalorie":0.0,"mDistance":0.0,"mNowHealthyStep":0,"mRunStepCount":0,"mSpeed":0.0,"mStartTime":1636348200000,"mStepCount":0,"mTimeUnit":600000,"mTotalActiveTime":0.0,"mWalkStepCount":0},{"mCalorie":0.0,"mDistance":0.0,"mNowHealthyStep":0,"mRunStepCount":0,"mSpeed":0.0,"mStartTime":1636348800000,"mStepCount":0,"mTimeUnit":600000,"mTotalActiveTime":0.0,"mWalkStepCount":0},{"mCalorie":0.0,"mDistance":0.0,"mNowHealthyStep":0,"mRunStepCount":0,"mSpeed":0.0,"mStartTime":1636349400000,"mStepCount":0,"mTimeUnit":600000,"mTotalActiveTime":0.0,"mWalkStepCount":0},{"mCalorie":0.0,"mDistance":0.0,"mNowHealthyStep":0,"mRunStepCount":0,"mSpeed":0.0,"mStartTime":1636350000000,"mStepCount":0,"mTimeUnit":600000,"mTotalActiveTime":0.0,"mWalkStepCount":0},{"mCalorie":0.0,"mDistance":0.0,"mNowHealthyStep":0,"mRunStepCount":0,"mSpeed":0.0,"mStartTime":1636350600000,"mStepCount":0,"mTimeUnit":600000,"mTotalActiveTime":0.0,"mWalkStepCount":0},{"mCalorie":0.0,"mDistance":0.0,"mNowHealthyStep":0,"mRunStepCount":0,"mSpeed":0.0,"mStartTime":1636351200000,"mStepCount":0,"mTimeUnit":600000,"mTotalActiveTime":0.0,"mWalkStepCount":0},{"mCalorie":0.0,"mDistance":0.0,"mNowHealthyStep":0,"mRunStepCount":0,"mSpeed":0.0,"mStartTime":1636351800000,"mStepCount":0,"mTimeUnit":600000,"mTotalActiveTime":0.0,"mWalkStepCount":0},{"mCalorie":0.0,"mDistance":0.0,"mNowHealthyStep":0,"mRunStepCount":0,"mSpeed":0.0,"mStartTime":1636352400000,"mStepCount":0,"mTimeUnit":600000,"mTotalActiveTime":0.0,"mWalkStepCount":0},{"mCalorie":0.0,"mDistance":0.0,"mNowHealthyStep":0,"mRunStepCount":0,"mSpeed":0.0,"mStartTime":1636353000000,"mStepCount":0,"mTimeUnit":600000,"mTotalActiveTime":0.0,"mWalkStepCount":0},{"mCalorie":0.0,"mDistance":0.0,"mNowHealthyStep":0,"mRunStepCount":0,"mSpeed":0.0,"mStartTime":1636353600000,"mStepCount":0,"mTimeUnit":600000,"mTotalActiveTime":0.0,"mWalkStepCount":0},{"mCalorie":0.0,"mDistance":0.0,"mNowHealthyStep":0,"mRunStepCount":0,"mSpeed":0.0,"mStartTime":1636354200000,"mStepCount":0,"mTimeUnit":600000,"mTotalActiveTime":0.0,"mWalkStepCount":0},{"mCalorie":0.0,"mDistance":0.0,"mNowHealthyStep":0,"mRunStepCount":0,"mSpeed":0.0,"mStartTime":1636354800000,"mStepCount":0,"mTimeUnit":600000,"mTotalActiveTime":0.0,"mWalkStepCount":0},{"mCalorie":0.0,"mDistance":0.0,"mNowHealthyStep":0,"mRunStepCount":0,"mSpeed":0.0,"mStartTime":1636355400000,"mStepCount":0,"mTimeUnit":600000,"mTotalActiveTime":0.0,"mWalkStepCount":0},{"mCalorie":0.0,"mDistance":0.0,"mNowHealthyStep":0,"mRunStepCount":0,"mSpeed":0.0,"mStartTime":1636356000000,"mStepCount":0,"mTimeUnit":600000,"mTotalActiveTime":0.0,"mWalkStepCount":0},{"mCalorie":0.0,"mDistance":0.0,"mNowHealthyStep":0,"mRunStepCount":0,"mSpeed":0.0,"mStartTime":1636356600000,"mStepCount":0,"mTimeUnit":600000,"mTotalActiveTime":0.0,"mWalkStepCount":0},{"mCalorie":0.0,"mDistance":0.0,"mNowHealthyStep":0,"mRunStepCount":0,"mSpeed":0.0,"mStartTime":1636357200000,"mStepCount":0,"mTimeUnit":600000,"mTotalActiveTime":0.0,"mWalkStepCount":0},{"mCalorie":0.0,"mDistance":0.0,"mNowHealthyStep":0,"mRunStepCount":0,"mSpeed":0.0,"mStartTime":1636357800000,"mStepCount":0,"mTimeUnit":600000,"mTotalActiveTime":0.0,"mWalkStepCount":0},{"mCalorie":0.0,"mDistance":0.0,"mNowHealthyStep":0,"mRunStepCount":0,"mSpeed":0.0,"mStartTime":1636358400000,"mStepCount":0,"mTimeUnit":600000,"mTotalActiveTime":0.0,"mWalkStepCount":0},{"mCalorie":0.0,"mDistance":0.0,"mNowHealthyStep":0,"mRunStepCount":0,"mSpeed":0.0,"mStartTime":1636359000000,"mStepCount":0,"mTimeUnit":600000,"mTotalActiveTime":0.0,"mWalkStepCount":0},{"mCalorie":0.0,"mDistance":0.0,"mNowHealthyStep":0,"mRunStepCount":0,"mSpeed":0.0,"mStartTime":1636359600000,"mStepCount":0,"mTimeUnit":600000,"mTotalActiveTime":0.0,"mWalkStepCount":0},{"mCalorie":0.0,"mDistance":0.0,"mNowHealthyStep":0,"mRunStepCount":0,"mSpeed":0.0,"mStartTime":1636360200000,"mStepCount":0,"mTimeUnit":600000,"mTotalActiveTime":0.0,"mWalkStepCount":0},{"mCalorie":0.0,"mDistance":0.0,"mNowHealthyStep":0,"mRunStepCount":0,"mSpeed":0.0,"mStartTime":1636360800000,"mStepCount":0,"mTimeUnit":600000,"mTotalActiveTime":0.0,"mWalkStepCount":0},{"mCalorie":0.0,"mDistance":0.0,"mNowHealthyStep":0,"mRunStepCount":0,"mSpeed":0.0,"mStartTime":1636361400000,"mStepCount":0,"mTimeUnit":600000,"mTotalActiveTime":0.0,"mWalkStepCount":0},{"mCalorie":0.0,"mDistance":0.0,"mNowHealthyStep":0,"mRunStepCount":0,"mSpeed":0.0,"mStartTime":1636362000000,"mStepCount":0,"mTimeUnit":600000,"mTotalActiveTime":0.0,"mWalkStepCount":0},{"mCalorie":0.0,"mDistance":0.0,"mNowHealthyStep":0,"mRunStepCount":0,"mSpeed":0.0,"mStartTime":1636362600000,"mStepCount":0,"mTimeUnit":600000,"mTotalActiveTime":0.0,"mWalkStepCount":0},{"mCalorie":0.0,"mDistance":0.0,"mNowHealthyStep":0,"mRunStepCount":0,"mSpeed":0.0,"mStartTime":1636363200000,"mStepCount":0,"mTimeUnit":600000,"mTotalActiveTime":0.0,"mWalkStepCount":0},{"mCalorie":0.0,"mDistance":0.0,"mNowHealthyStep":0,"mRunStepCount":0,"mSpeed":0.0,"mStartTime":1636363800000,"mStepCount":0,"mTimeUnit":600000,"mTotalActiveTime":0.0,"mWalkStepCount":0},{"mCalorie":0.0,"mDistance":0.0,"mNowHealthyStep":0,"mRunStepCount":0,"mSpeed":0.0,"mStartTime":1636364400000,"mStepCount":0,"mTimeUnit":600000,"mTotalActiveTime":0.0,"mWalkStepCount":0},{"mCalorie":0.0,"mDistance":0.0,"mNowHealthyStep":0,"mRunStepCount":0,"mSpeed":0.0,"mStartTime":1636365000000,"mStepCount":0,"mTimeUnit":600000,"mTotalActiveTime":0.0,"mWalkStepCount":0},{"mCalorie":0.0,"mDistance":0.0,"mNowHealthyStep":0,"mRunStepCount":0,"mSpeed":0.0,"mStartTime":1636365600000,"mStepCount":0,"mTimeUnit":600000,"mTotalActiveTime":0.0,"mWalkStepCount":0},{"mCalorie":0.0,"mDistance":0.0,"mNowHealthyStep":0,"mRunStepCount":0,"mSpeed":0.0,"mStartTime":1636366200000,"mStepCount":0,"mTimeUnit":600000,"mTotalActiveTime":0.0,"mWalkStepCount":0},{"mCalorie":0.0,"mDistance":0.0,"mNowHealthyStep":0,"mRunStepCount":0,"mSpeed":0.0,"mStartTime":1636366800000,"mStepCount":0,"mTimeUnit":600000,"mTotalActiveTime":0.0,"mWalkStepCount":0},{"mCalorie":0.0,"mDistance":0.0,"mNowHealthyStep":0,"mRunStepCount":0,"mSpeed":0.0,"mStartTime":1636367400000,"mStepCount":0,"mTimeUnit":600000,"mTotalActiveTime":0.0,"mWalkStepCount":0},{"mCalorie":1.9199997186660767,"mDistance":27.159997940063477,"mNowHealthyStep":0,"mRunStepCount":0,"mSpeed":3.6944093704223633,"mStartTime":1636368000000,"mStepCount":38,"mTimeUnit":600000,"mTotalActiveTime":26465.933463418613,"mWalkStepCount":38},{"mCalorie":0.0,"mDistance":0.0,"mNowHealthyStep":0,"mRunStepCount":0,"mSpeed":0.0,"mStartTime":1636368600000,"mStepCount":0,"mTimeUnit":600000,"mTotalActiveTime":0.0,"mWalkStepCount":0},{"mCalorie":0.8599999845027924,"mDistance":12.260000228881836,"mNowHealthyStep":0,"mRunStepCount":0,"mSpeed":3.9299890995025635,"mStartTime":1636369200000,"mStepCount":17,"mTimeUnit":600000,"mTotalActiveTime":11230.565767633634,"mWalkStepCount":17},{"mCalorie":9.200000137090683,"mDistance":138.020001411438,"mNowHealthyStep":0,"mRunStepCount":0,"mSpeed":4.6659255027771,"mStartTime":1636369800000,"mStepCount":185,"mTimeUnit":600000,"mTotalActiveTime":106489.48755506345,"mWalkStepCount":185},{"mCalorie":0.0,"mDistance":0.0,"mNowHealthyStep":0,"mRunStepCount":0,"mSpeed":0.0,"mStartTime":1636370400000,"mStepCount":0,"mTimeUnit":600000,"mTotalActiveTime":0.0,"mWalkStepCount":0},{"mCalorie":6.359999179840088,"mDistance":84.08999061584473,"mNowHealthyStep":0,"mRunStepCount":0,"mSpeed":5.106691837310791,"mStartTime":1636371000000,"mStepCount":114,"mTimeUnit":600000,"mTotalActiveTime":59279.85631127242,"mWalkStepCount":114},{"mCalorie":2.3999998569488525,"mDistance":20.329999923706055,"mNowHealthyStep":0,"mRunStepCount":0,"mSpeed":4.2923784255981445,"mStartTime":1636371600000,"mStepCount":32,"mTimeUnit":600000,"mTotalActiveTime":17050.686698282672,"mWalkStepCount":32},{"mCalorie":13.049998998641968,"mDistance":199.77000045776367,"mNowHealthyStep":0,"mRunStepCount":0,"mSpeed":5.174366474151611,"mStartTime":1636372200000,"mStepCount":261,"mTimeUnit":600000,"mTotalActiveTime":138987.45421485297,"mWalkStepCount":261},{"mCalorie":3.6700000762939453,"mDistance":56.79999923706055,"mNowHealthyStep":0,"mRunStepCount":0,"mSpeed":5.299999713897705,"mStartTime":1636372800000,"mStepCount":74,"mTimeUnit":600000,"mTotalActiveTime":38581.133639918655,"mWalkStepCount":74},{"mCalorie":0.0,"mDistance":0.0,"mNowHealthyStep":0,"mRunStepCount":0,"mSpeed":0.0,"mStartTime":1636373400000,"mStepCount":0,"mTimeUnit":600000,"mTotalActiveTime":0.0,"mWalkStepCount":0},{"mCalorie":0.0,"mDistance":0.0,"mNowHealthyStep":0,"mRunStepCount":0,"mSpeed":0.0,"mStartTime":1636374000000,"mStepCount":0,"mTimeUnit":600000,"mTotalActiveTime":0.0,"mWalkStepCount":0},{"mCalorie":11.65999960899353,"mDistance":180.07999992370605,"mNowHealthyStep":0,"mRunStepCount":0,"mSpeed":5.218207836151123,"mStartTime":1636374600000,"mStepCount":235,"mTimeUnit":600000,"mTotalActiveTime":124235.76041807658,"mWalkStepCount":235},{"mCalorie":3.100000098347664,"mDistance":46.93999934196472,"mNowHealthyStep":0,"mRunStepCount":0,"mSpeed":4.459232330322266,"mStartTime":1636375200000,"mStepCount":63,"mTimeUnit":600000,"mTotalActiveTime":37895.3121848462,"mWalkStepCount":63},{"mCalorie":0.0,"mDistance":0.0,"mNowHealthyStep":0,"mRunStepCount":0,"mSpeed":0.0,"mStartTime":1636375800000,"mStepCount":0,"mTimeUnit":600000,"mTotalActiveTime":0.0,"mWalkStepCount":0},{"mCalorie":1.6200000047683716,"mDistance":25.100000381469727,"mNowHealthyStep":0,"mRunStepCount":0,"mSpeed":4.900000095367432,"mStartTime":1636376400000,"mStepCount":33,"mTimeUnit":600000,"mTotalActiveTime":18440.81624788525,"mWalkStepCount":33},{"mCalorie":9.49999988079071,"mDistance":141.0199966430664,"mNowHealthyStep":0,"mRunStepCount":0,"mSpeed":5.255010604858398,"mStartTime":1636377000000,"mStepCount":190,"mTimeUnit":600000,"mTotalActiveTime":96607.22538943018,"mWalkStepCount":190},{"mCalorie":0.0,"mDistance":0.0,"mNowHealthyStep":0,"mRunStepCount":0,"mSpeed":0.0,"mStartTime":1636377600000,"mStepCount":0,"mTimeUnit":600000,"mTotalActiveTime":0.0,"mWalkStepCount":0},{"mCalorie":0.9800000190734863,"mDistance":15.319999694824219,"mNowHealthyStep":0,"mRunStepCount":0,"mSpeed":5.199999809265137,"mStartTime":1636378200000,"mStepCount":20,"mTimeUnit":600000,"mTotalActiveTime":10606.154023909718,"mWalkStepCount":20},{"mCalorie":5.910000205039978,"mDistance":88.76000022888184,"mNowHealthyStep":0,"mRunStepCount":0,"mSpeed":4.370479106903076,"mStartTime":1636378800000,"mStepCount":119,"mTimeUnit":600000,"mTotalActiveTime":73112.35399198369,"mWalkStepCount":119},{"mCalorie":0.0,"mDistance":0.0,"mNowHealthyStep":0,"mRunStepCount":0,"mSpeed":0.0,"mStartTime":1636379400000,"mStepCount":0,"mTimeUnit":600000,"mTotalActiveTime":0.0,"mWalkStepCount":0},{"mCalorie":1.929999828338623,"mDistance":29.07000160217285,"mNowHealthyStep":0,"mRunStepCount":0,"mSpeed":4.595736980438232,"mStartTime":1636380000000,"mStepCount":39,"mTimeUnit":600000,"mTotalActiveTime":22771.539409951834,"mWalkStepCount":39},{"mCalorie":0.8900000154972076,"mDistance":13.250000476837158,"mNowHealthyStep":0,"mRunStepCount":0,"mSpeed":4.102221965789795,"mStartTime":1636380600000,"mStepCount":18,"mTimeUnit":600000,"mTotalActiveTime":11627.845704558866,"mWalkStepCount":18},{"mCalorie":6.960000038146973,"mDistance":103.7300009727478,"mNowHealthyStep":0,"mRunStepCount":0,"mSpeed":4.420722961425781,"mStartTime":1636381200000,"mStepCount":140,"mTimeUnit":600000,"mTotalActiveTime":84472.16085394654,"mWalkStepCount":140},{"mCalorie":0.0,"mDistance":0.0,"mNowHealthyStep":0,"mRunStepCount":0,"mSpeed":0.0,"mStartTime":1636381800000,"mStepCount":0,"mTimeUnit":600000,"mTotalActiveTime":0.0,"mWalkStepCount":0},{"mCalorie":0.0,"mDistance":0.0,"mNowHealthyStep":0,"mRunStepCount":0,"mSpeed":0.0,"mStartTime":1636382400000,"mStepCount":0,"mTimeUnit":600000,"mTotalActiveTime":0.0,"mWalkStepCount":0},{"mCalorie":0.0,"mDistance":0.0,"mNowHealthyStep":0,"mRunStepCount":0,"mSpeed":0.0,"mStartTime":1636383000000,"mStepCount":0,"mTimeUnit":600000,"mTotalActiveTime":0.0,"mWalkStepCount":0},{"mCalorie":0.0,"mDistance":0.0,"mNowHealthyStep":0,"mRunStepCount":0,"mSpeed":0.0,"mStartTime":1636383600000,"mStepCount":0,"mTimeUnit":600000,"mTotalActiveTime":0.0,"mWalkStepCount":0},{"mCalorie":0.0,"mDistance":0.0,"mNowHealthyStep":0,"mRunStepCount":0,"mSpeed":0.0,"mStartTime":1636384200000,"mStepCount":0,"mTimeUnit":600000,"mTotalActiveTime":0.0,"mWalkStepCount":0},{"mCalorie":0.0,"mDistance":0.0,"mNowHealthyStep":0,"mRunStepCount":0,"mSpeed":0.0,"mStartTime":1636384800000,"mStepCount":0,"mTimeUnit":600000,"mTotalActiveTime":0.0,"mWalkStepCount":0},{"mCalorie":0.0,"mDistance":0.0,"mNowHealthyStep":0,"mRunStepCount":0,"mSpeed":0.0,"mStartTime":1636385400000,"mStepCount":0,"mTimeUnit":600000,"mTotalActiveTime":0.0,"mWalkStepCount":0},{"mCalorie":0.0,"mDistance":0.0,"mNowHealthyStep":0,"mRunStepCount":0,"mSpeed":0.0,"mStartTime":1636386000000,"mStepCount":0,"mTimeUnit":600000,"mTotalActiveTime":0.0,"mWalkStepCount":0},{"mCalorie":2.0100000500679016,"mDistance":30.780000686645508,"mNowHealthyStep":0,"mRunStepCount":0,"mSpeed":4.889792442321777,"mStartTime":1636386600000,"mStepCount":41,"mTimeUnit":600000,"mTotalActiveTime":22661.086141630723,"mWalkStepCount":41},{"mCalorie":2.3500000834465027,"mDistance":35.03000068664551,"mNowHealthyStep":0,"mRunStepCount":0,"mSpeed":4.611730575561523,"mStartTime":1636387200000,"mStepCount":47,"mTimeUnit":600000,"mTotalActiveTime":27345.048673266567,"mWalkStepCount":47},{"mCalorie":0.0,"mDistance":0.0,"mNowHealthyStep":0,"mRunStepCount":0,"mSpeed":0.0,"mStartTime":1636387800000,"mStepCount":0,"mTimeUnit":600000,"mTotalActiveTime":0.0,"mWalkStepCount":0},{"mCalorie":0.0,"mDistance":0.0,"mNowHealthyStep":0,"mRunStepCount":0,"mSpeed":0.0,"mStartTime":1636388400000,"mStepCount":0,"mTimeUnit":600000,"mTotalActiveTime":0.0,"mWalkStepCount":0},{"mCalorie":0.0,"mDistance":0.0,"mNowHealthyStep":0,"mRunStepCount":0,"mSpeed":0.0,"mStartTime":1636389000000,"mStepCount":0,"mTimeUnit":600000,"mTotalActiveTime":0.0,"mWalkStepCount":0},{"mCalorie":0.0,"mDistance":0.0,"mNowHealthyStep":0,"mRunStepCount":0,"mSpeed":0.0,"mStartTime":1636389600000,"mStepCount":0,"mTimeUnit":600000,"mTotalActiveTime":0.0,"mWalkStepCount":0},{"mCalorie":0.0,"mDistance":0.0,"mNowHealthyStep":0,"mRunStepCount":0,"mSpeed":0.0,"mStartTime":1636390200000,"mStepCount":0,"mTimeUnit":600000,"mTotalActiveTime":0.0,"mWalkStepCount":0},{"mCalorie":0.0,"mDistance":0.0,"mNowHealthyStep":0,"mRunStepCount":0,"mSpeed":0.0,"mStartTime":1636390800000,"mStepCount":0,"mTimeUnit":600000,"mTotalActiveTime":0.0,"mWalkStepCount":0},{"mCalorie":0.0,"mDistance":0.0,"mNowHealthyStep":0,"mRunStepCount":0,"mSpeed":0.0,"mStartTime":1636391400000,"mStepCount":0,"mTimeUnit":600000,"mTotalActiveTime":0.0,"mWalkStepCount":0},{"mCalorie":2.2300000190734863,"mDistance":33.58000183105469,"mNowHealthyStep":0,"mRunStepCount":0,"mSpeed":4.600000381469727,"mStartTime":1636392000000,"mStepCount":45,"mTimeUnit":600000,"mTotalActiveTime":26279.99925364625,"mWalkStepCount":45},{"mCalorie":0.0,"mDistance":0.0,"mNowHealthyStep":0,"mRunStepCount":0,"mSpeed":0.0,"mStartTime":1636392600000,"mStepCount":0,"mTimeUnit":600000,"mTotalActiveTime":0.0,"mWalkStepCount":0},{"mCalorie":0.0,"mDistance":0.0,"mNowHealthyStep":0,"mRunStepCount":0,"mSpeed":0.0,"mStartTime":1636393200000,"mStepCount":0,"mTimeUnit":600000,"mTotalActiveTime":0.0,"mWalkStepCount":0},{"mCalorie":0.0,"mDistance":0.0,"mNowHealthyStep":0,"mRunStepCount":0,"mSpeed":0.0,"mStartTime":1636393800000,"mStepCount":0,"mTimeUnit":600000,"mTotalActiveTime":0.0,"mWalkStepCount":0},{"mCalorie":0.0,"mDistance":0.0,"mNowHealthyStep":0,"mRunStepCount":0,"mSpeed":0.0,"mStartTime":1636394400000,"mStepCount":0,"mTimeUnit":600000,"mTotalActiveTime":0.0,"mWalkStepCount":0},{"mCalorie":0.0,"mDistance":0.0,"mNowHealthyStep":0,"mRunStepCount":0,"mSpeed":0.0,"mStartTime":1636395000000,"mStepCount":0,"mTimeUnit":600000,"mTotalActiveTime":0.0,"mWalkStepCount":0},{"mCalorie":0.0,"mDistance":0.0,"mNowHealthyStep":0,"mRunStepCount":0,"mSpeed":0.0,"mStartTime":1636395600000,"mStepCount":0,"mTimeUnit":600000,"mTotalActiveTime":0.0,"mWalkStepCount":0},{"mCalorie":0.0,"mDistance":0.0,"mNowHealthyStep":0,"mRunStepCount":0,"mSpeed":0.0,"mStartTime":1636396200000,"mStepCount":0,"mTimeUnit":600000,"mTotalActiveTime":0.0,"mWalkStepCount":0},{"mCalorie":0.0,"mDistance":0.0,"mNowHealthyStep":0,"mRunStepCount":0,"mSpeed":0.0,"mStartTime":1636396800000,"mStepCount":0,"mTimeUnit":600000,"mTotalActiveTime":0.0,"mWalkStepCount":0},{"mCalorie":0.0,"mDistance":0.0,"mNowHealthyStep":0,"mRunStepCount":0,"mSpeed":0.0,"mStartTime":1636397400000,"mStepCount":0,"mTimeUnit":600000,"mTotalActiveTime":0.0,"mWalkStepCount":0},{"mCalorie":2.6399999856948853,"mDistance":39.53999900817871,"mNowHealthyStep":0,"mRunStepCount":0,"mSpeed":4.6231369972229,"mStartTime":1636398000000,"mStepCount":53,"mTimeUnit":600000,"mTotalActiveTime":30789.482500281007,"mWalkStepCount":53},{"mCalorie":0.0,"mDistance":0.0,"mNowHealthyStep":0,"mRunStepCount":0,"mSpeed":0.0,"mStartTime":1636398600000,"mStepCount":0,"mTimeUnit":600000,"mTotalActiveTime":0.0,"mWalkStepCount":0},{"mCalorie":0.0,"mDistance":0.0,"mNowHealthyStep":0,"mRunStepCount":0,"mSpeed":0.0,"mStartTime":1636399200000,"mStepCount":0,"mTimeUnit":600000,"mTotalActiveTime":0.0,"mWalkStepCount":0},{"mCalorie":7.439999878406525,"mDistance":106.90999984741211,"mNowHealthyStep":0,"mRunStepCount":0,"mSpeed":3.5392086505889893,"mStartTime":1636399800000,"mStepCount":149,"mTimeUnit":600000,"mTotalActiveTime":108746.34573739849,"mWalkStepCount":149},{"mCalorie":9.350000023841858,"mDistance":134.5999984741211,"mNowHealthyStep":0,"mRunStepCount":0,"mSpeed":3.8948848247528076,"mStartTime":1636400400000,"mStepCount":186,"mTimeUnit":600000,"mTotalActiveTime":124409.32784602857,"mWalkStepCount":186},{"mCalorie":0.0,"mDistance":0.0,"mNowHealthyStep":0,"mRunStepCount":0,"mSpeed":0.0,"mStartTime":1636401000000,"mStepCount":0,"mTimeUnit":600000,"mTotalActiveTime":0.0,"mWalkStepCount":0},{"mCalorie":0.0,"mDistance":0.0,"mNowHealthyStep":0,"mRunStepCount":0,"mSpeed":0.0,"mStartTime":1636401600000,"mStepCount":0,"mTimeUnit":600000,"mTotalActiveTime":0.0,"mWalkStepCount":0},{"mCalorie":0.0,"mDistance":0.0,"mNowHealthyStep":0,"mRunStepCount":0,"mSpeed":0.0,"mStartTime":1636402200000,"mStepCount":0,"mTimeUnit":600000,"mTotalActiveTime":0.0,"mWalkStepCount":0},{"mCalorie":0.0,"mDistance":0.0,"mNowHealthyStep":0,"mRunStepCount":0,"mSpeed":0.0,"mStartTime":1636402800000,"mStepCount":0,"mTimeUnit":600000,"mTotalActiveTime":0.0,"mWalkStepCount":0},{"mCalorie":3.9599998593330383,"mDistance":62.00999736785889,"mNowHealthyStep":0,"mRunStepCount":0,"mSpeed":4.891373157501221,"mStartTime":1636403400000,"mStepCount":82,"mTimeUnit":600000,"mTotalActiveTime":45638.7138538223,"mWalkStepCount":82},{"mCalorie":0.0,"mDistance":0.0,"mNowHealthyStep":0,"mRunStepCount":0,"mSpeed":0.0,"mStartTime":1636404000000,"mStepCount":0,"mTimeUnit":600000,"mTotalActiveTime":0.0,"mWalkStepCount":0},{"mCalorie":0.0,"mDistance":0.0,"mNowHealthyStep":0,"mRunStepCount":0,"mSpeed":0.0,"mStartTime":1636404600000,"mStepCount":0,"mTimeUnit":600000,"mTotalActiveTime":0.0,"mWalkStepCount":0},{"mCalorie":2.8700000047683716,"mDistance":43.829999923706055,"mNowHealthyStep":0,"mRunStepCount":0,"mSpeed":4.877891540527344,"mStartTime":1636405200000,"mStepCount":58,"mTimeUnit":600000,"mTotalActiveTime":32347.583648209024,"mWalkStepCount":58},{"mCalorie":0.9399999678134918,"mDistance":14.289999961853027,"mNowHealthyStep":0,"mRunStepCount":0,"mSpeed":4.493622303009033,"mStartTime":1636405800000,"mStepCount":19,"mTimeUnit":600000,"mTotalActiveTime":11448.225494001746,"mWalkStepCount":19},{"mCalorie":1.2400000095367432,"mDistance":18.6299991607666,"mNowHealthyStep":0,"mRunStepCount":0,"mSpeed":4.700000286102295,"mStartTime":1636406400000,"mStepCount":25,"mTimeUnit":600000,"mTotalActiveTime":14269.785722583261,"mWalkStepCount":25},{"mCalorie":1.6799999475479126,"mDistance":23.8700008392334,"mNowHealthyStep":0,"mRunStepCount":0,"mSpeed":4.900000095367432,"mStartTime":1636407000000,"mStepCount":34,"mTimeUnit":600000,"mTotalActiveTime":17537.14313240162,"mWalkStepCount":34},{"mCalorie":0.0,"mDistance":0.0,"mNowHealthyStep":0,"mRunStepCount":0,"mSpeed":0.0,"mStartTime":1636407600000,"mStepCount":0,"mTimeUnit":600000,"mTotalActiveTime":0.0,"mWalkStepCount":0},{"mCalorie":1.590000033378601,"mDistance":23.90999984741211,"mNowHealthyStep":0,"mRunStepCount":0,"mSpeed":5.099999904632568,"mStartTime":1636408200000,"mStepCount":32,"mTimeUnit":600000,"mTotalActiveTime":16877.647266717933,"mWalkStepCount":32},{"mCalorie":2.6700000762939453,"mDistance":40.52000045776367,"mNowHealthyStep":0,"mRunStepCount":0,"mSpeed":4.700000286102295,"mStartTime":1636408800000,"mStepCount":54,"mTimeUnit":600000,"mTotalActiveTime":31036.594206023063,"mWalkStepCount":54},{"mCalorie":5.930000126361847,"mDistance":77.47000098228455,"mNowHealthyStep":0,"mRunStepCount":0,"mSpeed":4.641305923461914,"mStartTime":1636409400000,"mStepCount":106,"mTimeUnit":600000,"mTotalActiveTime":60089.12513834213,"mWalkStepCount":106},{"mCalorie":0.0,"mDistance":0.0,"mNowHealthyStep":0,"mRunStepCount":0,"mSpeed":0.0,"mStartTime":1636410000000,"mStepCount":0,"mTimeUnit":600000,"mTotalActiveTime":0.0,"mWalkStepCount":0},{"mCalorie":2.1500000953674316,"mDistance":31.33000135421753,"mNowHealthyStep":0,"mRunStepCount":0,"mSpeed":4.004072189331055,"mStartTime":1636410600000,"mStepCount":43,"mTimeUnit":600000,"mTotalActiveTime":28168.32380075866,"mWalkStepCount":43},{"mCalorie":6.840000033378601,"mDistance":101.01999855041504,"mNowHealthyStep":0,"mRunStepCount":0,"mSpeed":4.3310418128967285,"mStartTime":1636411200000,"mStepCount":137,"mTimeUnit":600000,"mTotalActiveTime":83968.71171417704,"mWalkStepCount":137},{"mCalorie":0.0,"mDistance":0.0,"mNowHealthyStep":0,"mRunStepCount":0,"mSpeed":0.0,"mStartTime":1636411800000,"mStepCount":0,"mTimeUnit":600000,"mTotalActiveTime":0.0,"mWalkStepCount":0},{"mCalorie":0.0,"mDistance":0.0,"mNowHealthyStep":0,"mRunStepCount":0,"mSpeed":0.0,"mStartTime":1636412400000,"mStepCount":0,"mTimeUnit":600000,"mTotalActiveTime":0.0,"mWalkStepCount":0},{"mCalorie":0.8299999833106995,"mDistance":13.020000457763672,"mNowHealthyStep":0,"mRunStepCount":0,"mSpeed":4.999999523162842,"mStartTime":1636413000000,"mStepCount":17,"mTimeUnit":600000,"mTotalActiveTime":9374.401223602412,"mWalkStepCount":17},{"mCalorie":2.1700000166893005,"mDistance":33.220001220703125,"mNowHealthyStep":0,"mRunStepCount":0,"mSpeed":4.790139198303223,"mStartTime":1636413600000,"mStepCount":44,"mTimeUnit":600000,"mTotalActiveTime":24966.289227768633,"mWalkStepCount":44},{"mCalorie":1.6600000262260437,"mDistance":23.78000020980835,"mNowHealthyStep":0,"mRunStepCount":0,"mSpeed":3.7888152599334717,"mStartTime":1636414200000,"mStepCount":33,"mTimeUnit":600000,"mTotalActiveTime":22594.92640034385,"mWalkStepCount":33},{"mCalorie":3.4000000953674316,"mDistance":41.5099983215332,"mNowHealthyStep":0,"mRunStepCount":0,"mSpeed":4.900000095367432,"mStartTime":1636414800000,"mStepCount":57,"mTimeUnit":600000,"mTotalActiveTime":30497.141030425617,"mWalkStepCount":57},{"mCalorie":4.53999936580658,"mDistance":70.64000511169434,"mNowHealthyStep":0,"mRunStepCount":0,"mSpeed":5.592845916748047,"mStartTime":1636415400000,"mStepCount":91,"mTimeUnit":600000,"mTotalActiveTime":45469.52073862243,"mWalkStepCount":91},{"mCalorie":9.119999945163727,"mDistance":125.84999752044678,"mNowHealthyStep":0,"mRunStepCount":0,"mSpeed":4.870173454284668,"mStartTime":1636416000000,"mStepCount":170,"mTimeUnit":600000,"mTotalActiveTime":93027.48787361952,"mWalkStepCount":170},{"mCalorie":0.0,"mDistance":0.0,"mNowHealthyStep":0,"mRunStepCount":0,"mSpeed":0.0,"mStartTime":1636416600000,"mStepCount":0,"mTimeUnit":600000,"mTotalActiveTime":0.0,"mWalkStepCount":0},{"mCalorie":7.680000066757202,"mDistance":113.95999526977539,"mNowHealthyStep":0,"mRunStepCount":0,"mSpeed":4.7686262130737305,"mStartTime":1636417200000,"mStepCount":153,"mTimeUnit":600000,"mTotalActiveTime":86032.32008685457,"mWalkStepCount":153},{"mCalorie":4.730000019073486,"mDistance":72.53000068664551,"mNowHealthyStep":0,"mRunStepCount":0,"mSpeed":5.033769130706787,"mStartTime":1636417800000,"mStepCount":95,"mTimeUnit":600000,"mTotalActiveTime":51871.27292733737,"mWalkStepCount":95},{"mCalorie":8.769997596740723,"mDistance":119.4000244140625,"mNowHealthyStep":0,"mRunStepCount":0,"mSpeed":5.235918998718262,"mStartTime":1636418400000,"mStepCount":177,"mTimeUnit":600000,"mTotalActiveTime":82094.48504093869,"mWalkStepCount":177},{"mCalorie":4.970000147819519,"mDistance":75.98000144958496,"mNowHealthyStep":0,"mRunStepCount":0,"mSpeed":4.8221755027771,"mStartTime":1636419000000,"mStepCount":101,"mTimeUnit":600000,"mTotalActiveTime":56722.94599905628,"mWalkStepCount":101},{"mCalorie":1.840000033378601,"mDistance":27.6299991607666,"mNowHealthyStep":0,"mRunStepCount":0,"mSpeed":4.700000286102295,"mStartTime":1636419600000,"mStepCount":37,"mTimeUnit":600000,"mTotalActiveTime":21163.402324225914,"mWalkStepCount":37},{"mCalorie":1.690000057220459,"mDistance":25.979999542236328,"mNowHealthyStep":0,"mRunStepCount":0,"mSpeed":5.199999809265137,"mStartTime":1636420200000,"mStepCount":34,"mTimeUnit":600000,"mTotalActiveTime":17986.15418896874,"mWalkStepCount":34},{"mCalorie":1.75,"mDistance":26.360000610351562,"mNowHealthyStep":0,"mRunStepCount":0,"mSpeed":4.799999713897705,"mStartTime":1636420800000,"mStepCount":35,"mTimeUnit":600000,"mTotalActiveTime":19770.001636147597,"mWalkStepCount":35},{"mCalorie":2.3899999856948853,"mDistance":36.139999866485596,"mNowHealthyStep":0,"mRunStepCount":0,"mSpeed":4.707632064819336,"mStartTime":1636421400000,"mStepCount":48,"mTimeUnit":600000,"mTotalActiveTime":27636.823032009634,"mWalkStepCount":48},{"mCalorie":0.0,"mDistance":0.0,"mNowHealthyStep":0,"mRunStepCount":0,"mSpeed":0.0,"mStartTime":1636422000000,"mStepCount":0,"mTimeUnit":600000,"mTotalActiveTime":0.0,"mWalkStepCount":0},{"mCalorie":0.0,"mDistance":0.0,"mNowHealthyStep":0,"mRunStepCount":0,"mSpeed":0.0,"mStartTime":1636422600000,"mStepCount":0,"mTimeUnit":600000,"mTotalActiveTime":0.0,"mWalkStepCount":0},{"mCalorie":0.0,"mDistance":0.0,"mNowHealthyStep":0,"mRunStepCount":0,"mSpeed":0.0,"mStartTime":1636423200000,"mStepCount":0,"mTimeUnit":600000,"mTotalActiveTime":0.0,"mWalkStepCount":0},{"mCalorie":0.3100000023841858,"mDistance":4.269999980926514,"mNowHealthyStep":0,"mRunStepCount":0,"mSpeed":3.499999761581421,"mStartTime":1636423800000,"mStepCount":6,"mTimeUnit":600000,"mTotalActiveTime":4392.0002795628325,"mWalkStepCount":6},{"mCalorie":9.930000066757202,"mDistance":149.71000146865845,"mNowHealthyStep":0,"mRunStepCount":0,"mSpeed":4.803025245666504,"mStartTime":1636424400000,"mStepCount":200,"mTimeUnit":600000,"mTotalActiveTime":112211.78214897607,"mWalkStepCount":200},{"mCalorie":3.009999979287386,"mDistance":45.80000042915344,"mNowHealthyStep":0,"mRunStepCount":0,"mSpeed":4.841928958892822,"mStartTime":1636425000000,"mStepCount":61,"mTimeUnit":600000,"mTotalActiveTime":34052.5450352597,"mWalkStepCount":61},{"mCalorie":0.0,"mDistance":0.0,"mNowHealthyStep":0,"mRunStepCount":0,"mSpeed":0.0,"mStartTime":1636425600000,"mStepCount":0,"mTimeUnit":600000,"mTotalActiveTime":0.0,"mWalkStepCount":0},{"mCalorie":0.0,"mDistance":0.0,"mNowHealthyStep":0,"mRunStepCount":0,"mSpeed":0.0,"mStartTime":1636426200000,"mStepCount":0,"mTimeUnit":600000,"mTotalActiveTime":0.0,"mWalkStepCount":0},{"mCalorie":0.0,"mDistance":0.0,"mNowHealthyStep":0,"mRunStepCount":0,"mSpeed":0.0,"mStartTime":1636426800000,"mStepCount":0,"mTimeUnit":600000,"mTotalActiveTime":0.0,"mWalkStepCount":0},{"mCalorie":0.0,"mDistance":0.0,"mNowHealthyStep":0,"mRunStepCount":0,"mSpeed":0.0,"mStartTime":1636427400000,"mStepCount":0,"mTimeUnit":600000,"mTotalActiveTime":0.0,"mWalkStepCount":0},{"mCalorie":0.0,"mDistance":0.0,"mNowHealthyStep":0,"mRunStepCount":0,"mSpeed":0.0,"mStartTime":1636428000000,"mStepCount":0,"mTimeUnit":600000,"mTotalActiveTime":0.0,"mWalkStepCount":0},{"mCalorie":4.500000029802322,"mDistance":68.11999988555908,"mNowHealthyStep":0,"mRunStepCount":0,"mSpeed":4.570193767547607,"mStartTime":1636428600000,"mStepCount":91,"mTimeUnit":600000,"mTotalActiveTime":53658.992608425004,"mWalkStepCount":91},{"mCalorie":0.0,"mDistance":0.0,"mNowHealthyStep":0,"mRunStepCount":0,"mSpeed":0.0,"mStartTime":1636429200000,"mStepCount":0,"mTimeUnit":600000,"mTotalActiveTime":0.0,"mWalkStepCount":0},{"mCalorie":0.0,"mDistance":0.0,"mNowHealthyStep":0,"mRunStepCount":0,"mSpeed":0.0,"mStartTime":1636429800000,"mStepCount":0,"mTimeUnit":600000,"mTotalActiveTime":0.0,"mWalkStepCount":0},{"mCalorie":0.0,"mDistance":0.0,"mNowHealthyStep":0,"mRunStepCount":0,"mSpeed":0.0,"mStartTime":1636430400000,"mStepCount":0,"mTimeUnit":600000,"mTotalActiveTime":0.0,"mWalkStepCount":0},{"mCalorie":0.0,"mDistance":0.0,"mNowHealthyStep":0,"mRunStepCount":0,"mSpeed":0.0,"mStartTime":1636431000000,"mStepCount":0,"mTimeUnit":600000,"mTotalActiveTime":0.0,"mWalkStepCount":0},{"mCalorie":0.0,"mDistance":0.0,"mNowHealthyStep":0,"mRunStepCount":0,"mSpeed":0.0,"mStartTime":1636431600000,"mStepCount":0,"mTimeUnit":600000,"mTotalActiveTime":0.0,"mWalkStepCount":0},{"mCalorie":0.0,"mDistance":0.0,"mNowHealthyStep":0,"mRunStepCount":0,"mSpeed":0.0,"mStartTime":1636432200000,"mStepCount":0,"mTimeUnit":600000,"mTotalActiveTime":0.0,"mWalkStepCount":0},{"mCalorie":0.0,"mDistance":0.0,"mNowHealthyStep":0,"mRunStepCount":0,"mSpeed":0.0,"mStartTime":1636432800000,"mStepCount":0,"mTimeUnit":600000,"mTotalActiveTime":0.0,"mWalkStepCount":0},{"mCalorie":0.0,"mDistance":0.0,"mNowHealthyStep":0,"mRunStepCount":0,"mSpeed":0.0,"mStartTime":1636433400000,"mStepCount":0,"mTimeUnit":600000,"mTotalActiveTime":0.0,"mWalkStepCount":0}]