[{"mCalorie":0.0,"mDistance":0.0,"mNowHealthyStep":0,"mRunStepCount":0,"mSpeed":0.0,"mStartTime":1652414400000,"mStepCount":0,"mTimeUnit":600000,"mTotalActiveTime":0.0,"mWalkStepCount":0},{"mCalorie":0.0,"mDistance":0.0,"mNowHealthyStep":0,"mRunStepCount":0,"mSpeed":0.0,"mStartTime":1652415000000,"mStepCount":0,"mTimeUnit":600000,"mTotalActiveTime":0.0,"mWalkStepCount":0},{"mCalorie":0.0,"mDistance":0.0,"mNowHealthyStep":0,"mRunStepCount":0,"mSpeed":0.0,"mStartTime":1652415600000,"mStepCount":0,"mTimeUnit":600000,"mTotalActiveTime":0.0,"mWalkStepCount":0},{"mCalorie":0.0,"mDistance":0.0,"mNowHealthyStep":0,"mRunStepCount":0,"mSpeed":0.0,"mStartTime":1652416200000,"mStepCount":0,"mTimeUnit":600000,"mTotalActiveTime":0.0,"mWalkStepCount":0},{"mCalorie":0.0,"mDistance":0.0,"mNowHealthyStep":0,"mRunStepCount":0,"mSpeed":0.0,"mStartTime":1652416800000,"mStepCount":0,"mTimeUnit":600000,"mTotalActiveTime":0.0,"mWalkStepCount":0},{"mCalorie":0.0,"mDistance":0.0,"mNowHealthyStep":0,"mRunStepCount":0,"mSpeed":0.0,"mStartTime":1652417400000,"mStepCount":0,"mTimeUnit":600000,"mTotalActiveTime":0.0,"mWalkStepCount":0},{"mCalorie":0.0,"mDistance":0.0,"mNowHealthyStep":0,"mRunStepCount":0,"mSpeed":0.0,"mStartTime":1652418000000,"mStepCount":0,"mTimeUnit":600000,"mTotalActiveTime":0.0,"mWalkStepCount":0},{"mCalorie":0.0,"mDistance":0.0,"mNowHealthyStep":0,"mRunStepCount":0,"mSpeed":0.0,"mStartTime":1652418600000,"mStepCount":0,"mTimeUnit":600000,"mTotalActiveTime":0.0,"mWalkStepCount":0},{"mCalorie":0.0,"mDistance":0.0,"mNowHealthyStep":0,"mRunStepCount":0,"mSpeed":0.0,"mStartTime":1652419200000,"mStepCount":0,"mTimeUnit":600000,"mTotalActiveTime":0.0,"mWalkStepCount":0},{"mCalorie":0.0,"mDistance":0.0,"mNowHealthyStep":0,"mRunStepCount":0,"mSpeed":0.0,"mStartTime":1652419800000,"mStepCount":0,"mTimeUnit":600000,"mTotalActiveTime":0.0,"mWalkStepCount":0},{"mCalorie":0.0,"mDistance":0.0,"mNowHealthyStep":0,"mRunStepCount":0,"mSpeed":0.0,"mStartTime":1652420400000,"mStepCount":0,"mTimeUnit":600000,"mTotalActiveTime":0.0,"mWalkStepCount":0},{"mCalorie":0.0,"mDistance":0.0,"mNowHealthyStep":0,"mRunStepCount":0,"mSpeed":0.0,"mStartTime":1652421000000,"mStepCount":0,"mTimeUnit":600000,"mTotalActiveTime":0.0,"mWalkStepCount":0},{"mCalorie":0.0,"mDistance":0.0,"mNowHealthyStep":0,"mRunStepCount":0,"mSpeed":0.0,"mStartTime":1652421600000,"mStepCount":0,"mTimeUnit":600000,"mTotalActiveTime":0.0,"mWalkStepCount":0},{"mCalorie":0.0,"mDistance":0.0,"mNowHealthyStep":0,"mRunStepCount":0,"mSpeed":0.0,"mStartTime":1652422200000,"mStepCount":0,"mTimeUnit":600000,"mTotalActiveTime":0.0,"mWalkStepCount":0},{"mCalorie":0.0,"mDistance":0.0,"mNowHealthyStep":0,"mRunStepCount":0,"mSpeed":0.0,"mStartTime":1652422800000,"mStepCount":0,"mTimeUnit":600000,"mTotalActiveTime":0.0,"mWalkStepCount":0},{"mCalorie":0.0,"mDistance":0.0,"mNowHealthyStep":0,"mRunStepCount":0,"mSpeed":0.0,"mStartTime":1652423400000,"mStepCount":0,"mTimeUnit":600000,"mTotalActiveTime":0.0,"mWalkStepCount":0},{"mCalorie":0.0,"mDistance":0.0,"mNowHealthyStep":0,"mRunStepCount":0,"mSpeed":0.0,"mStartTime":1652424000000,"mStepCount":0,"mTimeUnit":600000,"mTotalActiveTime":0.0,"mWalkStepCount":0},{"mCalorie":0.0,"mDistance":0.0,"mNowHealthyStep":0,"mRunStepCount":0,"mSpeed":0.0,"mStartTime":1652424600000,"mStepCount":0,"mTimeUnit":600000,"mTotalActiveTime":0.0,"mWalkStepCount":0},{"mCalorie":0.0,"mDistance":0.0,"mNowHealthyStep":0,"mRunStepCount":0,"mSpeed":0.0,"mStartTime":1652425200000,"mStepCount":0,"mTimeUnit":600000,"mTotalActiveTime":0.0,"mWalkStepCount":0},{"mCalorie":0.0,"mDistance":0.0,"mNowHealthyStep":0,"mRunStepCount":0,"mSpeed":0.0,"mStartTime":1652425800000,"mStepCount":0,"mTimeUnit":600000,"mTotalActiveTime":0.0,"mWalkStepCount":0},{"mCalorie":0.0,"mDistance":0.0,"mNowHealthyStep":0,"mRunStepCount":0,"mSpeed":0.0,"mStartTime":1652426400000,"mStepCount":0,"mTimeUnit":600000,"mTotalActiveTime":0.0,"mWalkStepCount":0},{"mCalorie":0.0,"mDistance":0.0,"mNowHealthyStep":0,"mRunStepCount":0,"mSpeed":0.0,"mStartTime":1652427000000,"mStepCount":0,"mTimeUnit":600000,"mTotalActiveTime":0.0,"mWalkStepCount":0},{"mCalorie":0.0,"mDistance":0.0,"mNowHealthyStep":0,"mRunStepCount":0,"mSpeed":0.0,"mStartTime":1652427600000,"mStepCount":0,"mTimeUnit":600000,"mTotalActiveTime":0.0,"mWalkStepCount":0},{"mCalorie":0.0,"mDistance":0.0,"mNowHealthyStep":0,"mRunStepCount":0,"mSpeed":0.0,"mStartTime":1652428200000,"mStepCount":0,"mTimeUnit":600000,"mTotalActiveTime":0.0,"mWalkStepCount":0},{"mCalorie":0.0,"mDistance":0.0,"mNowHealthyStep":0,"mRunStepCount":0,"mSpeed":0.0,"mStartTime":1652428800000,"mStepCount":0,"mTimeUnit":600000,"mTotalActiveTime":0.0,"mWalkStepCount":0},{"mCalorie":0.0,"mDistance":0.0,"mNowHealthyStep":0,"mRunStepCount":0,"mSpeed":0.0,"mStartTime":1652429400000,"mStepCount":0,"mTimeUnit":600000,"mTotalActiveTime":0.0,"mWalkStepCount":0},{"mCalorie":0.0,"mDistance":0.0,"mNowHealthyStep":0,"mRunStepCount":0,"mSpeed":0.0,"mStartTime":1652430000000,"mStepCount":0,"mTimeUnit":600000,"mTotalActiveTime":0.0,"mWalkStepCount":0},{"mCalorie":0.0,"mDistance":0.0,"mNowHealthyStep":0,"mRunStepCount":0,"mSpeed":0.0,"mStartTime":1652430600000,"mStepCount":0,"mTimeUnit":600000,"mTotalActiveTime":0.0,"mWalkStepCount":0},{"mCalorie":0.0,"mDistance":0.0,"mNowHealthyStep":0,"mRunStepCount":0,"mSpeed":0.0,"mStartTime":1652431200000,"mStepCount":0,"mTimeUnit":600000,"mTotalActiveTime":0.0,"mWalkStepCount":0},{"mCalorie":0.0,"mDistance":0.0,"mNowHealthyStep":0,"mRunStepCount":0,"mSpeed":0.0,"mStartTime":1652431800000,"mStepCount":0,"mTimeUnit":600000,"mTotalActiveTime":0.0,"mWalkStepCount":0},{"mCalorie":0.0,"mDistance":0.0,"mNowHealthyStep":0,"mRunStepCount":0,"mSpeed":0.0,"mStartTime":1652432400000,"mStepCount":0,"mTimeUnit":600000,"mTotalActiveTime":0.0,"mWalkStepCount":0},{"mCalorie":0.0,"mDistance":0.0,"mNowHealthyStep":0,"mRunStepCount":0,"mSpeed":0.0,"mStartTime":1652433000000,"mStepCount":0,"mTimeUnit":600000,"mTotalActiveTime":0.0,"mWalkStepCount":0},{"mCalorie":0.0,"mDistance":0.0,"mNowHealthyStep":0,"mRunStepCount":0,"mSpeed":0.0,"mStartTime":1652433600000,"mStepCount":0,"mTimeUnit":600000,"mTotalActiveTime":0.0,"mWalkStepCount":0},{"mCalorie":0.0,"mDistance":0.0,"mNowHealthyStep":0,"mRunStepCount":0,"mSpeed":0.0,"mStartTime":1652434200000,"mStepCount":0,"mTimeUnit":600000,"mTotalActiveTime":0.0,"mWalkStepCount":0},{"mCalorie":0.0,"mDistance":0.0,"mNowHealthyStep":0,"mRunStepCount":0,"mSpeed":0.0,"mStartTime":1652434800000,"mStepCount":0,"mTimeUnit":600000,"mTotalActiveTime":0.0,"mWalkStepCount":0},{"mCalorie":0.0,"mDistance":0.0,"mNowHealthyStep":0,"mRunStepCount":0,"mSpeed":0.0,"mStartTime":1652435400000,"mStepCount":0,"mTimeUnit":600000,"mTotalActiveTime":0.0,"mWalkStepCount":0},{"mCalorie":1.219999998807907,"mDistance":19.890000343322754,"mNowHealthyStep":0,"mRunStepCount":0,"mSpeed":4.277879238128662,"mStartTime":1652436000000,"mStepCount":27,"mTimeUnit":600000,"mTotalActiveTime":16738.200040825363,"mWalkStepCount":27},{"mCalorie":0.0,"mDistance":0.0,"mNowHealthyStep":0,"mRunStepCount":0,"mSpeed":0.0,"mStartTime":1652436600000,"mStepCount":0,"mTimeUnit":600000,"mTotalActiveTime":0.0,"mWalkStepCount":0},{"mCalorie":0.0,"mDistance":0.0,"mNowHealthyStep":0,"mRunStepCount":0,"mSpeed":0.0,"mStartTime":1652437200000,"mStepCount":0,"mTimeUnit":600000,"mTotalActiveTime":0.0,"mWalkStepCount":0},{"mCalorie":0.0,"mDistance":0.0,"mNowHealthyStep":0,"mRunStepCount":0,"mSpeed":0.0,"mStartTime":1652437800000,"mStepCount":0,"mTimeUnit":600000,"mTotalActiveTime":0.0,"mWalkStepCount":0},{"mCalorie":0.4300000071525574,"mDistance":7.610000133514404,"mNowHealthyStep":0,"mRunStepCount":0,"mSpeed":5.299999713897705,"mStartTime":1652438400000,"mStepCount":10,"mTimeUnit":600000,"mTotalActiveTime":5169.0569734964,"mWalkStepCount":10},{"mCalorie":5.810000091791153,"mDistance":90.25999927520752,"mNowHealthyStep":0,"mRunStepCount":0,"mSpeed":4.204042911529541,"mStartTime":1652439000000,"mStepCount":124,"mTimeUnit":600000,"mTotalActiveTime":77291.31160529709,"mWalkStepCount":124},{"mCalorie":0.0,"mDistance":0.0,"mNowHealthyStep":0,"mRunStepCount":0,"mSpeed":0.0,"mStartTime":1652439600000,"mStepCount":0,"mTimeUnit":600000,"mTotalActiveTime":0.0,"mWalkStepCount":0},{"mCalorie":10.259998559951782,"mDistance":148.16002655029297,"mNowHealthyStep":0,"mRunStepCount":0,"mSpeed":4.136968612670898,"mStartTime":1652440200000,"mStepCount":207,"mTimeUnit":600000,"mTotalActiveTime":128929.20715679134,"mWalkStepCount":207},{"mCalorie":18.80999505519867,"mDistance":280.1400671005249,"mNowHealthyStep":0,"mRunStepCount":0,"mSpeed":3.4281599521636963,"mStartTime":1652440800000,"mStepCount":394,"mTimeUnit":600000,"mTotalActiveTime":294182.3853248964,"mWalkStepCount":394},{"mCalorie":3.5599998831748962,"mDistance":60.309998512268066,"mNowHealthyStep":0,"mRunStepCount":0,"mSpeed":4.187649726867676,"mStartTime":1652441400000,"mStepCount":82,"mTimeUnit":600000,"mTotalActiveTime":51846.74051095497,"mWalkStepCount":82},{"mCalorie":2.280000001192093,"mDistance":38.339999198913574,"mNowHealthyStep":0,"mRunStepCount":0,"mSpeed":4.267469882965088,"mStartTime":1652442000000,"mStepCount":52,"mTimeUnit":600000,"mTotalActiveTime":32343.2869850662,"mWalkStepCount":52},{"mCalorie":0.6100000143051147,"mDistance":9.139999389648438,"mNowHealthyStep":0,"mRunStepCount":0,"mSpeed":3.297201633453369,"mStartTime":1652442600000,"mStepCount":13,"mTimeUnit":600000,"mTotalActiveTime":9979.370995045652,"mWalkStepCount":13},{"mCalorie":1.1500000059604645,"mDistance":19.96999979019165,"mNowHealthyStep":0,"mRunStepCount":0,"mSpeed":4.369823455810547,"mStartTime":1652443200000,"mStepCount":27,"mTimeUnit":600000,"mTotalActiveTime":16451.923796480987,"mWalkStepCount":27},{"mCalorie":3.7399999499320984,"mDistance":64.07999801635742,"mNowHealthyStep":0,"mRunStepCount":0,"mSpeed":4.570522785186768,"mStartTime":1652443800000,"mStepCount":86,"mTimeUnit":600000,"mTotalActiveTime":50472.999135553866,"mWalkStepCount":86},{"mCalorie":0.0,"mDistance":0.0,"mNowHealthyStep":0,"mRunStepCount":0,"mSpeed":0.0,"mStartTime":1652444400000,"mStepCount":0,"mTimeUnit":600000,"mTotalActiveTime":0.0,"mWalkStepCount":0},{"mCalorie":0.0,"mDistance":0.0,"mNowHealthyStep":0,"mRunStepCount":0,"mSpeed":0.0,"mStartTime":1652445000000,"mStepCount":0,"mTimeUnit":600000,"mTotalActiveTime":0.0,"mWalkStepCount":0},{"mCalorie":4.600000113248825,"mDistance":79.65999937057495,"mNowHealthyStep":0,"mRunStepCount":0,"mSpeed":4.50174617767334,"mStartTime":1652445600000,"mStepCount":107,"mTimeUnit":600000,"mTotalActiveTime":63703.2824283101,"mWalkStepCount":107},{"mCalorie":5.5699973702430725,"mDistance":100.43999338150024,"mNowHealthyStep":0,"mRunStepCount":0,"mSpeed":4.77962589263916,"mStartTime":1652446200000,"mStepCount":137,"mTimeUnit":600000,"mTotalActiveTime":75651.10685770732,"mWalkStepCount":137},{"mCalorie":0.0,"mDistance":0.0,"mNowHealthyStep":0,"mRunStepCount":0,"mSpeed":0.0,"mStartTime":1652446800000,"mStepCount":0,"mTimeUnit":600000,"mTotalActiveTime":0.0,"mWalkStepCount":0},{"mCalorie":3.4700000286102295,"mDistance":57.849998474121094,"mNowHealthyStep":0,"mRunStepCount":0,"mSpeed":4.210137367248535,"mStartTime":1652447400000,"mStepCount":78,"mTimeUnit":600000,"mTotalActiveTime":49466.320247512565,"mWalkStepCount":78},{"mCalorie":0.0,"mDistance":0.0,"mNowHealthyStep":0,"mRunStepCount":0,"mSpeed":0.0,"mStartTime":1652448000000,"mStepCount":0,"mTimeUnit":600000,"mTotalActiveTime":0.0,"mWalkStepCount":0},{"mCalorie":0.0,"mDistance":0.0,"mNowHealthyStep":0,"mRunStepCount":0,"mSpeed":0.0,"mStartTime":1652448600000,"mStepCount":0,"mTimeUnit":600000,"mTotalActiveTime":0.0,"mWalkStepCount":0},{"mCalorie":0.7400000095367432,"mDistance":13.84000015258789,"mNowHealthyStep":0,"mRunStepCount":0,"mSpeed":5.148758888244629,"mStartTime":1652449200000,"mStepCount":18,"mTimeUnit":600000,"mTotalActiveTime":9676.895273358381,"mWalkStepCount":18},{"mCalorie":0.6600000262260437,"mDistance":11.529999732971191,"mNowHealthyStep":0,"mRunStepCount":0,"mSpeed":4.800000190734863,"mStartTime":1652449800000,"mStepCount":15,"mTimeUnit":600000,"mTotalActiveTime":8647.499456107636,"mWalkStepCount":15},{"mCalorie":0.0,"mDistance":0.0,"mNowHealthyStep":0,"mRunStepCount":0,"mSpeed":0.0,"mStartTime":1652450400000,"mStepCount":0,"mTimeUnit":600000,"mTotalActiveTime":0.0,"mWalkStepCount":0},{"mCalorie":0.0,"mDistance":0.0,"mNowHealthyStep":0,"mRunStepCount":0,"mSpeed":0.0,"mStartTime":1652451000000,"mStepCount":0,"mTimeUnit":600000,"mTotalActiveTime":0.0,"mWalkStepCount":0},{"mCalorie":0.0,"mDistance":0.0,"mNowHealthyStep":0,"mRunStepCount":0,"mSpeed":0.0,"mStartTime":1652451600000,"mStepCount":0,"mTimeUnit":600000,"mTotalActiveTime":0.0,"mWalkStepCount":0},{"mCalorie":0.0,"mDistance":0.0,"mNowHealthyStep":0,"mRunStepCount":0,"mSpeed":0.0,"mStartTime":1652452200000,"mStepCount":0,"mTimeUnit":600000,"mTotalActiveTime":0.0,"mWalkStepCount":0},{"mCalorie":0.0,"mDistance":0.0,"mNowHealthyStep":0,"mRunStepCount":0,"mSpeed":0.0,"mStartTime":1652452800000,"mStepCount":0,"mTimeUnit":600000,"mTotalActiveTime":0.0,"mWalkStepCount":0},{"mCalorie":5.309999942779541,"mDistance":95.72999954223633,"mNowHealthyStep":0,"mRunStepCount":0,"mSpeed":4.612968444824219,"mStartTime":1652453400000,"mStepCount":128,"mTimeUnit":600000,"mTotalActiveTime":74708.51126243745,"mWalkStepCount":128},{"mCalorie":2.129999876022339,"mDistance":37.45000076293945,"mNowHealthyStep":0,"mRunStepCount":0,"mSpeed":4.605523109436035,"mStartTime":1652454000000,"mStepCount":50,"mTimeUnit":600000,"mTotalActiveTime":29273.548203537575,"mWalkStepCount":50},{"mCalorie":2.459999978542328,"mDistance":39.19999980926514,"mNowHealthyStep":0,"mRunStepCount":0,"mSpeed":4.024474143981934,"mStartTime":1652454600000,"mStepCount":54,"mTimeUnit":600000,"mTotalActiveTime":35065.4507113765,"mWalkStepCount":54},{"mCalorie":0.0,"mDistance":0.0,"mNowHealthyStep":0,"mRunStepCount":0,"mSpeed":0.0,"mStartTime":1652455200000,"mStepCount":0,"mTimeUnit":600000,"mTotalActiveTime":0.0,"mWalkStepCount":0},{"mCalorie":0.0,"mDistance":0.0,"mNowHealthyStep":0,"mRunStepCount":0,"mSpeed":0.0,"mStartTime":1652455800000,"mStepCount":0,"mTimeUnit":600000,"mTotalActiveTime":0.0,"mWalkStepCount":0},{"mCalorie":0.0,"mDistance":0.0,"mNowHealthyStep":0,"mRunStepCount":0,"mSpeed":0.0,"mStartTime":1652456400000,"mStepCount":0,"mTimeUnit":600000,"mTotalActiveTime":0.0,"mWalkStepCount":0},{"mCalorie":0.0,"mDistance":0.0,"mNowHealthyStep":0,"mRunStepCount":0,"mSpeed":0.0,"mStartTime":1652457000000,"mStepCount":0,"mTimeUnit":600000,"mTotalActiveTime":0.0,"mWalkStepCount":0},{"mCalorie":0.0,"mDistance":0.0,"mNowHealthyStep":0,"mRunStepCount":0,"mSpeed":0.0,"mStartTime":1652457600000,"mStepCount":0,"mTimeUnit":600000,"mTotalActiveTime":0.0,"mWalkStepCount":0},{"mCalorie":0.0,"mDistance":0.0,"mNowHealthyStep":0,"mRunStepCount":0,"mSpeed":0.0,"mStartTime":1652458200000,"mStepCount":0,"mTimeUnit":600000,"mTotalActiveTime":0.0,"mWalkStepCount":0},{"mCalorie":0.0,"mDistance":0.0,"mNowHealthyStep":0,"mRunStepCount":0,"mSpeed":0.0,"mStartTime":1652458800000,"mStepCount":0,"mTimeUnit":600000,"mTotalActiveTime":0.0,"mWalkStepCount":0},{"mCalorie":0.0,"mDistance":0.0,"mNowHealthyStep":0,"mRunStepCount":0,"mSpeed":0.0,"mStartTime":1652459400000,"mStepCount":0,"mTimeUnit":600000,"mTotalActiveTime":0.0,"mWalkStepCount":0},{"mCalorie":0.0,"mDistance":0.0,"mNowHealthyStep":0,"mRunStepCount":0,"mSpeed":0.0,"mStartTime":1652460000000,"mStepCount":0,"mTimeUnit":600000,"mTotalActiveTime":0.0,"mWalkStepCount":0},{"mCalorie":2.3299999237060547,"mDistance":36.3799934387207,"mNowHealthyStep":0,"mRunStepCount":0,"mSpeed":3.9588675498962402,"mStartTime":1652460600000,"mStepCount":50,"mTimeUnit":600000,"mTotalActiveTime":33082.181505414854,"mWalkStepCount":50},{"mCalorie":0.0,"mDistance":0.0,"mNowHealthyStep":0,"mRunStepCount":0,"mSpeed":0.0,"mStartTime":1652461200000,"mStepCount":0,"mTimeUnit":600000,"mTotalActiveTime":0.0,"mWalkStepCount":0},{"mCalorie":0.0,"mDistance":0.0,"mNowHealthyStep":0,"mRunStepCount":0,"mSpeed":0.0,"mStartTime":1652461800000,"mStepCount":0,"mTimeUnit":600000,"mTotalActiveTime":0.0,"mWalkStepCount":0},{"mCalorie":0.0,"mDistance":0.0,"mNowHealthyStep":0,"mRunStepCount":0,"mSpeed":0.0,"mStartTime":1652462400000,"mStepCount":0,"mTimeUnit":600000,"mTotalActiveTime":0.0,"mWalkStepCount":0},{"mCalorie":0.0,"mDistance":0.0,"mNowHealthyStep":0,"mRunStepCount":0,"mSpeed":0.0,"mStartTime":1652463000000,"mStepCount":0,"mTimeUnit":600000,"mTotalActiveTime":0.0,"mWalkStepCount":0},{"mCalorie":0.0,"mDistance":0.0,"mNowHealthyStep":0,"mRunStepCount":0,"mSpeed":0.0,"mStartTime":1652463600000,"mStepCount":0,"mTimeUnit":600000,"mTotalActiveTime":0.0,"mWalkStepCount":0},{"mCalorie":0.0,"mDistance":0.0,"mNowHealthyStep":0,"mRunStepCount":0,"mSpeed":0.0,"mStartTime":1652464200000,"mStepCount":0,"mTimeUnit":600000,"mTotalActiveTime":0.0,"mWalkStepCount":0},{"mCalorie":2.39000004529953,"mDistance":40.66000032424927,"mNowHealthyStep":0,"mRunStepCount":0,"mSpeed":4.301613807678223,"mStartTime":1652464800000,"mStepCount":55,"mTimeUnit":600000,"mTotalActiveTime":34028.1588237785,"mWalkStepCount":55},{"mCalorie":0.0,"mDistance":0.0,"mNowHealthyStep":0,"mRunStepCount":0,"mSpeed":0.0,"mStartTime":1652465400000,"mStepCount":0,"mTimeUnit":600000,"mTotalActiveTime":0.0,"mWalkStepCount":0},{"mCalorie":1.2300000190734863,"mDistance":20.969999313354492,"mNowHealthyStep":0,"mRunStepCount":0,"mSpeed":4.700000286102295,"mStartTime":1652466000000,"mStepCount":28,"mTimeUnit":600000,"mTotalActiveTime":16062.126155886177,"mWalkStepCount":28},{"mCalorie":0.0,"mDistance":0.0,"mNowHealthyStep":0,"mRunStepCount":0,"mSpeed":0.0,"mStartTime":1652466600000,"mStepCount":0,"mTimeUnit":600000,"mTotalActiveTime":0.0,"mWalkStepCount":0},{"mCalorie":4.7400001883506775,"mDistance":72.91000175476074,"mNowHealthyStep":0,"mRunStepCount":0,"mSpeed":4.1898345947265625,"mStartTime":1652467200000,"mStepCount":100,"mTimeUnit":600000,"mTotalActiveTime":62645.91110564335,"mWalkStepCount":100},{"mCalorie":0.0,"mDistance":0.0,"mNowHealthyStep":0,"mRunStepCount":0,"mSpeed":0.0,"mStartTime":1652467800000,"mStepCount":0,"mTimeUnit":600000,"mTotalActiveTime":0.0,"mWalkStepCount":0},{"mCalorie":0.0,"mDistance":0.0,"mNowHealthyStep":0,"mRunStepCount":0,"mSpeed":0.0,"mStartTime":1652468400000,"mStepCount":0,"mTimeUnit":600000,"mTotalActiveTime":0.0,"mWalkStepCount":0},{"mCalorie":0.0,"mDistance":0.0,"mNowHealthyStep":0,"mRunStepCount":0,"mSpeed":0.0,"mStartTime":1652469000000,"mStepCount":0,"mTimeUnit":600000,"mTotalActiveTime":0.0,"mWalkStepCount":0},{"mCalorie":0.0,"mDistance":0.0,"mNowHealthyStep":0,"mRunStepCount":0,"mSpeed":0.0,"mStartTime":1652469600000,"mStepCount":0,"mTimeUnit":600000,"mTotalActiveTime":0.0,"mWalkStepCount":0},{"mCalorie":0.0,"mDistance":0.0,"mNowHealthyStep":0,"mRunStepCount":0,"mSpeed":0.0,"mStartTime":1652470200000,"mStepCount":0,"mTimeUnit":600000,"mTotalActiveTime":0.0,"mWalkStepCount":0},{"mCalorie":0.0,"mDistance":0.0,"mNowHealthyStep":0,"mRunStepCount":0,"mSpeed":0.0,"mStartTime":1652470800000,"mStepCount":0,"mTimeUnit":600000,"mTotalActiveTime":0.0,"mWalkStepCount":0},{"mCalorie":0.0,"mDistance":0.0,"mNowHealthyStep":0,"mRunStepCount":0,"mSpeed":0.0,"mStartTime":1652471400000,"mStepCount":0,"mTimeUnit":600000,"mTotalActiveTime":0.0,"mWalkStepCount":0},{"mCalorie":0.0,"mDistance":0.0,"mNowHealthyStep":0,"mRunStepCount":0,"mSpeed":0.0,"mStartTime":1652472000000,"mStepCount":0,"mTimeUnit":600000,"mTotalActiveTime":0.0,"mWalkStepCount":0},{"mCalorie":0.0,"mDistance":0.0,"mNowHealthyStep":0,"mRunStepCount":0,"mSpeed":0.0,"mStartTime":1652472600000,"mStepCount":0,"mTimeUnit":600000,"mTotalActiveTime":0.0,"mWalkStepCount":0},{"mCalorie":0.0,"mDistance":0.0,"mNowHealthyStep":0,"mRunStepCount":0,"mSpeed":0.0,"mStartTime":1652473200000,"mStepCount":0,"mTimeUnit":600000,"mTotalActiveTime":0.0,"mWalkStepCount":0},{"mCalorie":0.0,"mDistance":0.0,"mNowHealthyStep":0,"mRunStepCount":0,"mSpeed":0.0,"mStartTime":1652473800000,"mStepCount":0,"mTimeUnit":600000,"mTotalActiveTime":0.0,"mWalkStepCount":0},{"mCalorie":0.0,"mDistance":0.0,"mNowHealthyStep":0,"mRunStepCount":0,"mSpeed":0.0,"mStartTime":1652474400000,"mStepCount":0,"mTimeUnit":600000,"mTotalActiveTime":0.0,"mWalkStepCount":0},{"mCalorie":0.0,"mDistance":0.0,"mNowHealthyStep":0,"mRunStepCount":0,"mSpeed":0.0,"mStartTime":1652475000000,"mStepCount":0,"mTimeUnit":600000,"mTotalActiveTime":0.0,"mWalkStepCount":0},{"mCalorie":0.0,"mDistance":0.0,"mNowHealthyStep":0,"mRunStepCount":0,"mSpeed":0.0,"mStartTime":1652475600000,"mStepCount":0,"mTimeUnit":600000,"mTotalActiveTime":0.0,"mWalkStepCount":0},{"mCalorie":0.0,"mDistance":0.0,"mNowHealthyStep":0,"mRunStepCount":0,"mSpeed":0.0,"mStartTime":1652476200000,"mStepCount":0,"mTimeUnit":600000,"mTotalActiveTime":0.0,"mWalkStepCount":0},{"mCalorie":1.9100000262260437,"mDistance":31.690001010894775,"mNowHealthyStep":0,"mRunStepCount":0,"mSpeed":4.2667012214660645,"mStartTime":1652476800000,"mStepCount":43,"mTimeUnit":600000,"mTotalActiveTime":26738.22138471199,"mWalkStepCount":43},{"mCalorie":0.7999999895691872,"mDistance":13.319999694824219,"mNowHealthyStep":0,"mRunStepCount":0,"mSpeed":4.505515098571777,"mStartTime":1652477400000,"mStepCount":18,"mTimeUnit":600000,"mTotalActiveTime":10642.95622892326,"mWalkStepCount":18},{"mCalorie":0.0,"mDistance":0.0,"mNowHealthyStep":0,"mRunStepCount":0,"mSpeed":0.0,"mStartTime":1652478000000,"mStepCount":0,"mTimeUnit":600000,"mTotalActiveTime":0.0,"mWalkStepCount":0},{"mCalorie":0.0,"mDistance":0.0,"mNowHealthyStep":0,"mRunStepCount":0,"mSpeed":0.0,"mStartTime":1652478600000,"mStepCount":0,"mTimeUnit":600000,"mTotalActiveTime":0.0,"mWalkStepCount":0},{"mCalorie":0.0,"mDistance":0.0,"mNowHealthyStep":0,"mRunStepCount":0,"mSpeed":0.0,"mStartTime":1652479200000,"mStepCount":0,"mTimeUnit":600000,"mTotalActiveTime":0.0,"mWalkStepCount":0},{"mCalorie":0.0,"mDistance":0.0,"mNowHealthyStep":0,"mRunStepCount":0,"mSpeed":0.0,"mStartTime":1652479800000,"mStepCount":0,"mTimeUnit":600000,"mTotalActiveTime":0.0,"mWalkStepCount":0},{"mCalorie":0.0,"mDistance":0.0,"mNowHealthyStep":0,"mRunStepCount":0,"mSpeed":0.0,"mStartTime":1652480400000,"mStepCount":0,"mTimeUnit":600000,"mTotalActiveTime":0.0,"mWalkStepCount":0},{"mCalorie":0.0,"mDistance":0.0,"mNowHealthyStep":0,"mRunStepCount":0,"mSpeed":0.0,"mStartTime":1652481000000,"mStepCount":0,"mTimeUnit":600000,"mTotalActiveTime":0.0,"mWalkStepCount":0},{"mCalorie":0.0,"mDistance":0.0,"mNowHealthyStep":0,"mRunStepCount":0,"mSpeed":0.0,"mStartTime":1652481600000,"mStepCount":0,"mTimeUnit":600000,"mTotalActiveTime":0.0,"mWalkStepCount":0},{"mCalorie":1.1399999856948853,"mDistance":17.999998092651367,"mNowHealthyStep":0,"mRunStepCount":0,"mSpeed":3.841402769088745,"mStartTime":1652482200000,"mStepCount":25,"mTimeUnit":600000,"mTotalActiveTime":16868.835951018154,"mWalkStepCount":25},{"mCalorie":2.2700000405311584,"mDistance":40.15999984741211,"mNowHealthyStep":0,"mRunStepCount":0,"mSpeed":4.879244327545166,"mStartTime":1652482800000,"mStepCount":53,"mTimeUnit":600000,"mTotalActiveTime":29630.81853146968,"mWalkStepCount":53},{"mCalorie":0.0,"mDistance":0.0,"mNowHealthyStep":0,"mRunStepCount":0,"mSpeed":0.0,"mStartTime":1652483400000,"mStepCount":0,"mTimeUnit":600000,"mTotalActiveTime":0.0,"mWalkStepCount":0},{"mCalorie":0.0,"mDistance":0.0,"mNowHealthyStep":0,"mRunStepCount":0,"mSpeed":0.0,"mStartTime":1652484000000,"mStepCount":0,"mTimeUnit":600000,"mTotalActiveTime":0.0,"mWalkStepCount":0},{"mCalorie":0.0,"mDistance":0.0,"mNowHealthyStep":0,"mRunStepCount":0,"mSpeed":0.0,"mStartTime":1652484600000,"mStepCount":0,"mTimeUnit":600000,"mTotalActiveTime":0.0,"mWalkStepCount":0},{"mCalorie":10.519999980926514,"mDistance":172.04000043869019,"mNowHealthyStep":0,"mRunStepCount":2,"mSpeed":4.341729164123535,"mStartTime":1652485200000,"mStepCount":227,"mTimeUnit":600000,"mTotalActiveTime":142649.15575971612,"mWalkStepCount":225},{"mCalorie":6.3999998569488525,"mDistance":105.88000011444092,"mNowHealthyStep":0,"mRunStepCount":0,"mSpeed":4.2243499755859375,"mStartTime":1652485800000,"mStepCount":142,"mTimeUnit":600000,"mTotalActiveTime":90231.16351474286,"mWalkStepCount":142},{"mCalorie":14.719999819993973,"mDistance":248.73999452590942,"mNowHealthyStep":0,"mRunStepCount":0,"mSpeed":4.421735763549805,"mStartTime":1652486400000,"mStepCount":335,"mTimeUnit":600000,"mTotalActiveTime":202514.12933559573,"mWalkStepCount":335},{"mCalorie":10.830000102519989,"mDistance":171.3700041770935,"mNowHealthyStep":0,"mRunStepCount":0,"mSpeed":3.9724416732788086,"mStartTime":1652487000000,"mStepCount":235,"mTimeUnit":600000,"mTotalActiveTime":155302.97169282165,"mWalkStepCount":235},{"mCalorie":4.250000059604645,"mDistance":76.36000061035156,"mNowHealthyStep":0,"mRunStepCount":0,"mSpeed":4.901763439178467,"mStartTime":1652487600000,"mStepCount":101,"mTimeUnit":600000,"mTotalActiveTime":56081.04283014753,"mWalkStepCount":101},{"mCalorie":6.9700000286102295,"mDistance":123.5999984741211,"mNowHealthyStep":0,"mRunStepCount":0,"mSpeed":4.499719142913818,"mStartTime":1652488200000,"mStepCount":166,"mTimeUnit":600000,"mTotalActiveTime":98886.17423739188,"mWalkStepCount":166},{"mCalorie":0.0,"mDistance":0.0,"mNowHealthyStep":0,"mRunStepCount":0,"mSpeed":0.0,"mStartTime":1652488800000,"mStepCount":0,"mTimeUnit":600000,"mTotalActiveTime":0.0,"mWalkStepCount":0},{"mCalorie":3.2100000381469727,"mDistance":56.71000099182129,"mNowHealthyStep":0,"mRunStepCount":0,"mSpeed":4.950850009918213,"mStartTime":1652489400000,"mStepCount":75,"mTimeUnit":600000,"mTotalActiveTime":41236.55525925176,"mWalkStepCount":75},{"mCalorie":6.35999995470047,"mDistance":108.77999925613403,"mNowHealthyStep":0,"mRunStepCount":0,"mSpeed":4.406898498535156,"mStartTime":1652490000000,"mStepCount":147,"mTimeUnit":600000,"mTotalActiveTime":88862.49114250383,"mWalkStepCount":147},{"mCalorie":2.590000033378601,"mDistance":45.54999923706055,"mNowHealthyStep":0,"mRunStepCount":0,"mSpeed":4.447099208831787,"mStartTime":1652490600000,"mStepCount":61,"mTimeUnit":600000,"mTotalActiveTime":36873.47585640596,"mWalkStepCount":61},{"mCalorie":2.9800000116229057,"mDistance":50.27999949455261,"mNowHealthyStep":0,"mRunStepCount":0,"mSpeed":4.401585578918457,"mStartTime":1652491200000,"mStepCount":68,"mTimeUnit":600000,"mTotalActiveTime":41123.362219903385,"mWalkStepCount":68},{"mCalorie":2.709999978542328,"mDistance":46.74000072479248,"mNowHealthyStep":0,"mRunStepCount":0,"mSpeed":4.470393657684326,"mStartTime":1652491800000,"mStepCount":63,"mTimeUnit":600000,"mTotalActiveTime":37639.63967211971,"mWalkStepCount":63},{"mCalorie":2.8200000524520874,"mDistance":45.30999946594238,"mNowHealthyStep":0,"mRunStepCount":0,"mSpeed":4.021604061126709,"mStartTime":1652492400000,"mStepCount":62,"mTimeUnit":600000,"mTotalActiveTime":40559.934831471,"mWalkStepCount":62},{"mCalorie":1.0600000023841858,"mDistance":17.980000019073486,"mNowHealthyStep":0,"mRunStepCount":0,"mSpeed":4.556398391723633,"mStartTime":1652493000000,"mStepCount":24,"mTimeUnit":600000,"mTotalActiveTime":14205.957217564042,"mWalkStepCount":24},{"mCalorie":2.4099999219179153,"mDistance":42.87999939918518,"mNowHealthyStep":0,"mRunStepCount":0,"mSpeed":4.596451282501221,"mStartTime":1652493600000,"mStepCount":56,"mTimeUnit":600000,"mTotalActiveTime":33584.17075678197,"mWalkStepCount":56},{"mCalorie":0.0,"mDistance":0.0,"mNowHealthyStep":0,"mRunStepCount":0,"mSpeed":0.0,"mStartTime":1652494200000,"mStepCount":0,"mTimeUnit":600000,"mTotalActiveTime":0.0,"mWalkStepCount":0},{"mCalorie":0.0,"mDistance":0.0,"mNowHealthyStep":0,"mRunStepCount":0,"mSpeed":0.0,"mStartTime":1652494800000,"mStepCount":0,"mTimeUnit":600000,"mTotalActiveTime":0.0,"mWalkStepCount":0},{"mCalorie":0.0,"mDistance":0.0,"mNowHealthyStep":0,"mRunStepCount":0,"mSpeed":0.0,"mStartTime":1652495400000,"mStepCount":0,"mTimeUnit":600000,"mTotalActiveTime":0.0,"mWalkStepCount":0},{"mCalorie":0.0,"mDistance":0.0,"mNowHealthyStep":0,"mRunStepCount":0,"mSpeed":0.0,"mStartTime":1652496000000,"mStepCount":0,"mTimeUnit":600000,"mTotalActiveTime":0.0,"mWalkStepCount":0},{"mCalorie":0.7000000476837158,"mDistance":11.3100004196167,"mNowHealthyStep":0,"mRunStepCount":0,"mSpeed":3.5484426021575928,"mStartTime":1652496600000,"mStepCount":16,"mTimeUnit":600000,"mTotalActiveTime":11474.33003026826,"mWalkStepCount":16},{"mCalorie":3.070000022649765,"mDistance":47.75,"mNowHealthyStep":0,"mRunStepCount":0,"mSpeed":3.7430810928344727,"mStartTime":1652497200000,"mStepCount":66,"mTimeUnit":600000,"mTotalActiveTime":45924.73369617897,"mWalkStepCount":66},{"mCalorie":2.399999976158142,"mDistance":40.309998512268066,"mNowHealthyStep":0,"mRunStepCount":0,"mSpeed":4.497472286224365,"mStartTime":1652497800000,"mStepCount":54,"mTimeUnit":600000,"mTotalActiveTime":32266.121536610837,"mWalkStepCount":54},{"mCalorie":0.0,"mDistance":0.0,"mNowHealthyStep":0,"mRunStepCount":0,"mSpeed":0.0,"mStartTime":1652498400000,"mStepCount":0,"mTimeUnit":600000,"mTotalActiveTime":0.0,"mWalkStepCount":0},{"mCalorie":0.0,"mDistance":0.0,"mNowHealthyStep":0,"mRunStepCount":0,"mSpeed":0.0,"mStartTime":1652499000000,"mStepCount":0,"mTimeUnit":600000,"mTotalActiveTime":0.0,"mWalkStepCount":0},{"mCalorie":0.0,"mDistance":0.0,"mNowHealthyStep":0,"mRunStepCount":0,"mSpeed":0.0,"mStartTime":1652499600000,"mStepCount":0,"mTimeUnit":600000,"mTotalActiveTime":0.0,"mWalkStepCount":0},{"mCalorie":0.0,"mDistance":0.0,"mNowHealthyStep":0,"mRunStepCount":0,"mSpeed":0.0,"mStartTime":1652500200000,"mStepCount":0,"mTimeUnit":600000,"mTotalActiveTime":0.0,"mWalkStepCount":0}]