[{"mCalorie":0.0,"mDistance":0.0,"mNowHealthyStep":0,"mRunStepCount":0,"mSpeed":0.0,"mStartTime":1639285200000,"mStepCount":0,"mTimeUnit":600000,"mTotalActiveTime":0.0,"mWalkStepCount":0},{"mCalorie":0.0,"mDistance":0.0,"mNowHealthyStep":0,"mRunStepCount":0,"mSpeed":0.0,"mStartTime":1639285800000,"mStepCount":0,"mTimeUnit":600000,"mTotalActiveTime":0.0,"mWalkStepCount":0},{"mCalorie":0.0,"mDistance":0.0,"mNowHealthyStep":0,"mRunStepCount":0,"mSpeed":0.0,"mStartTime":1639286400000,"mStepCount":0,"mTimeUnit":600000,"mTotalActiveTime":0.0,"mWalkStepCount":0},{"mCalorie":0.7400000095367432,"mDistance":10.75,"mNowHealthyStep":0,"mRunStepCount":0,"mSpeed":4.299999713897705,"mStartTime":1639287000000,"mStepCount":15,"mTimeUnit":600000,"mTotalActiveTime":9000.000598818795,"mWalkStepCount":15},{"mCalorie":0.0,"mDistance":0.0,"mNowHealthyStep":0,"mRunStepCount":0,"mSpeed":0.0,"mStartTime":1639287600000,"mStepCount":0,"mTimeUnit":600000,"mTotalActiveTime":0.0,"mWalkStepCount":0},{"mCalorie":6.529999911785126,"mDistance":84.52999973297119,"mNowHealthyStep":0,"mRunStepCount":0,"mSpeed":4.709988117218018,"mStartTime":1639288200000,"mStepCount":122,"mTimeUnit":600000,"mTotalActiveTime":64609.079444945426,"mWalkStepCount":122},{"mCalorie":6.799999929964542,"mDistance":104.18999934196472,"mNowHealthyStep":0,"mRunStepCount":0,"mSpeed":4.645444869995117,"mStartTime":1639288800000,"mStepCount":139,"mTimeUnit":600000,"mTotalActiveTime":80742.319405237,"mWalkStepCount":139},{"mCalorie":1.75,"mDistance":26.78999900817871,"mNowHealthyStep":0,"mRunStepCount":0,"mSpeed":4.394354343414307,"mStartTime":1639289400000,"mStepCount":36,"mTimeUnit":600000,"mTotalActiveTime":21947.250697700612,"mWalkStepCount":36},{"mCalorie":0.0,"mDistance":0.0,"mNowHealthyStep":0,"mRunStepCount":0,"mSpeed":0.0,"mStartTime":1639290000000,"mStepCount":0,"mTimeUnit":600000,"mTotalActiveTime":0.0,"mWalkStepCount":0},{"mCalorie":0.0,"mDistance":0.0,"mNowHealthyStep":0,"mRunStepCount":0,"mSpeed":0.0,"mStartTime":1639290600000,"mStepCount":0,"mTimeUnit":600000,"mTotalActiveTime":0.0,"mWalkStepCount":0},{"mCalorie":0.0,"mDistance":0.0,"mNowHealthyStep":0,"mRunStepCount":0,"mSpeed":0.0,"mStartTime":1639291200000,"mStepCount":0,"mTimeUnit":600000,"mTotalActiveTime":0.0,"mWalkStepCount":0},{"mCalorie":0.0,"mDistance":0.0,"mNowHealthyStep":0,"mRunStepCount":0,"mSpeed":0.0,"mStartTime":1639291800000,"mStepCount":0,"mTimeUnit":600000,"mTotalActiveTime":0.0,"mWalkStepCount":0},{"mCalorie":0.0,"mDistance":0.0,"mNowHealthyStep":0,"mRunStepCount":0,"mSpeed":0.0,"mStartTime":1639292400000,"mStepCount":0,"mTimeUnit":600000,"mTotalActiveTime":0.0,"mWalkStepCount":0},{"mCalorie":0.0,"mDistance":0.0,"mNowHealthyStep":0,"mRunStepCount":0,"mSpeed":0.0,"mStartTime":1639293000000,"mStepCount":0,"mTimeUnit":600000,"mTotalActiveTime":0.0,"mWalkStepCount":0},{"mCalorie":0.0,"mDistance":0.0,"mNowHealthyStep":0,"mRunStepCount":0,"mSpeed":0.0,"mStartTime":1639293600000,"mStepCount":0,"mTimeUnit":600000,"mTotalActiveTime":0.0,"mWalkStepCount":0},{"mCalorie":0.0,"mDistance":0.0,"mNowHealthyStep":0,"mRunStepCount":0,"mSpeed":0.0,"mStartTime":1639294200000,"mStepCount":0,"mTimeUnit":600000,"mTotalActiveTime":0.0,"mWalkStepCount":0},{"mCalorie":0.0,"mDistance":0.0,"mNowHealthyStep":0,"mRunStepCount":0,"mSpeed":0.0,"mStartTime":1639294800000,"mStepCount":0,"mTimeUnit":600000,"mTotalActiveTime":0.0,"mWalkStepCount":0},{"mCalorie":0.0,"mDistance":0.0,"mNowHealthyStep":0,"mRunStepCount":0,"mSpeed":0.0,"mStartTime":1639295400000,"mStepCount":0,"mTimeUnit":600000,"mTotalActiveTime":0.0,"mWalkStepCount":0},{"mCalorie":0.0,"mDistance":0.0,"mNowHealthyStep":0,"mRunStepCount":0,"mSpeed":0.0,"mStartTime":1639296000000,"mStepCount":0,"mTimeUnit":600000,"mTotalActiveTime":0.0,"mWalkStepCount":0},{"mCalorie":0.0,"mDistance":0.0,"mNowHealthyStep":0,"mRunStepCount":0,"mSpeed":0.0,"mStartTime":1639296600000,"mStepCount":0,"mTimeUnit":600000,"mTotalActiveTime":0.0,"mWalkStepCount":0},{"mCalorie":0.0,"mDistance":0.0,"mNowHealthyStep":0,"mRunStepCount":0,"mSpeed":0.0,"mStartTime":1639297200000,"mStepCount":0,"mTimeUnit":600000,"mTotalActiveTime":0.0,"mWalkStepCount":0},{"mCalorie":0.0,"mDistance":0.0,"mNowHealthyStep":0,"mRunStepCount":0,"mSpeed":0.0,"mStartTime":1639297800000,"mStepCount":0,"mTimeUnit":600000,"mTotalActiveTime":0.0,"mWalkStepCount":0},{"mCalorie":0.0,"mDistance":0.0,"mNowHealthyStep":0,"mRunStepCount":0,"mSpeed":0.0,"mStartTime":1639298400000,"mStepCount":0,"mTimeUnit":600000,"mTotalActiveTime":0.0,"mWalkStepCount":0},{"mCalorie":0.0,"mDistance":0.0,"mNowHealthyStep":0,"mRunStepCount":0,"mSpeed":0.0,"mStartTime":1639299000000,"mStepCount":0,"mTimeUnit":600000,"mTotalActiveTime":0.0,"mWalkStepCount":0},{"mCalorie":0.0,"mDistance":0.0,"mNowHealthyStep":0,"mRunStepCount":0,"mSpeed":0.0,"mStartTime":1639299600000,"mStepCount":0,"mTimeUnit":600000,"mTotalActiveTime":0.0,"mWalkStepCount":0},{"mCalorie":0.0,"mDistance":0.0,"mNowHealthyStep":0,"mRunStepCount":0,"mSpeed":0.0,"mStartTime":1639300200000,"mStepCount":0,"mTimeUnit":600000,"mTotalActiveTime":0.0,"mWalkStepCount":0},{"mCalorie":0.0,"mDistance":0.0,"mNowHealthyStep":0,"mRunStepCount":0,"mSpeed":0.0,"mStartTime":1639300800000,"mStepCount":0,"mTimeUnit":600000,"mTotalActiveTime":0.0,"mWalkStepCount":0},{"mCalorie":0.0,"mDistance":0.0,"mNowHealthyStep":0,"mRunStepCount":0,"mSpeed":0.0,"mStartTime":1639301400000,"mStepCount":0,"mTimeUnit":600000,"mTotalActiveTime":0.0,"mWalkStepCount":0},{"mCalorie":0.0,"mDistance":0.0,"mNowHealthyStep":0,"mRunStepCount":0,"mSpeed":0.0,"mStartTime":1639302000000,"mStepCount":0,"mTimeUnit":600000,"mTotalActiveTime":0.0,"mWalkStepCount":0},{"mCalorie":0.0,"mDistance":0.0,"mNowHealthyStep":0,"mRunStepCount":0,"mSpeed":0.0,"mStartTime":1639302600000,"mStepCount":0,"mTimeUnit":600000,"mTotalActiveTime":0.0,"mWalkStepCount":0},{"mCalorie":0.0,"mDistance":0.0,"mNowHealthyStep":0,"mRunStepCount":0,"mSpeed":0.0,"mStartTime":1639303200000,"mStepCount":0,"mTimeUnit":600000,"mTotalActiveTime":0.0,"mWalkStepCount":0},{"mCalorie":0.0,"mDistance":0.0,"mNowHealthyStep":0,"mRunStepCount":0,"mSpeed":0.0,"mStartTime":1639303800000,"mStepCount":0,"mTimeUnit":600000,"mTotalActiveTime":0.0,"mWalkStepCount":0},{"mCalorie":0.0,"mDistance":0.0,"mNowHealthyStep":0,"mRunStepCount":0,"mSpeed":0.0,"mStartTime":1639304400000,"mStepCount":0,"mTimeUnit":600000,"mTotalActiveTime":0.0,"mWalkStepCount":0},{"mCalorie":0.0,"mDistance":0.0,"mNowHealthyStep":0,"mRunStepCount":0,"mSpeed":0.0,"mStartTime":1639305000000,"mStepCount":0,"mTimeUnit":600000,"mTotalActiveTime":0.0,"mWalkStepCount":0},{"mCalorie":0.0,"mDistance":0.0,"mNowHealthyStep":0,"mRunStepCount":0,"mSpeed":0.0,"mStartTime":1639305600000,"mStepCount":0,"mTimeUnit":600000,"mTotalActiveTime":0.0,"mWalkStepCount":0},{"mCalorie":0.0,"mDistance":0.0,"mNowHealthyStep":0,"mRunStepCount":0,"mSpeed":0.0,"mStartTime":1639306200000,"mStepCount":0,"mTimeUnit":600000,"mTotalActiveTime":0.0,"mWalkStepCount":0},{"mCalorie":0.0,"mDistance":0.0,"mNowHealthyStep":0,"mRunStepCount":0,"mSpeed":0.0,"mStartTime":1639306800000,"mStepCount":0,"mTimeUnit":600000,"mTotalActiveTime":0.0,"mWalkStepCount":0},{"mCalorie":0.0,"mDistance":0.0,"mNowHealthyStep":0,"mRunStepCount":0,"mSpeed":0.0,"mStartTime":1639307400000,"mStepCount":0,"mTimeUnit":600000,"mTotalActiveTime":0.0,"mWalkStepCount":0},{"mCalorie":0.0,"mDistance":0.0,"mNowHealthyStep":0,"mRunStepCount":0,"mSpeed":0.0,"mStartTime":1639308000000,"mStepCount":0,"mTimeUnit":600000,"mTotalActiveTime":0.0,"mWalkStepCount":0},{"mCalorie":0.0,"mDistance":0.0,"mNowHealthyStep":0,"mRunStepCount":0,"mSpeed":0.0,"mStartTime":1639308600000,"mStepCount":0,"mTimeUnit":600000,"mTotalActiveTime":0.0,"mWalkStepCount":0},{"mCalorie":0.0,"mDistance":0.0,"mNowHealthyStep":0,"mRunStepCount":0,"mSpeed":0.0,"mStartTime":1639309200000,"mStepCount":0,"mTimeUnit":600000,"mTotalActiveTime":0.0,"mWalkStepCount":0},{"mCalorie":0.0,"mDistance":0.0,"mNowHealthyStep":0,"mRunStepCount":0,"mSpeed":0.0,"mStartTime":1639309800000,"mStepCount":0,"mTimeUnit":600000,"mTotalActiveTime":0.0,"mWalkStepCount":0},{"mCalorie":0.0,"mDistance":0.0,"mNowHealthyStep":0,"mRunStepCount":0,"mSpeed":0.0,"mStartTime":1639310400000,"mStepCount":0,"mTimeUnit":600000,"mTotalActiveTime":0.0,"mWalkStepCount":0},{"mCalorie":0.0,"mDistance":0.0,"mNowHealthyStep":0,"mRunStepCount":0,"mSpeed":0.0,"mStartTime":1639311000000,"mStepCount":0,"mTimeUnit":600000,"mTotalActiveTime":0.0,"mWalkStepCount":0},{"mCalorie":0.0,"mDistance":0.0,"mNowHealthyStep":0,"mRunStepCount":0,"mSpeed":0.0,"mStartTime":1639311600000,"mStepCount":0,"mTimeUnit":600000,"mTotalActiveTime":0.0,"mWalkStepCount":0},{"mCalorie":0.0,"mDistance":0.0,"mNowHealthyStep":0,"mRunStepCount":0,"mSpeed":0.0,"mStartTime":1639312200000,"mStepCount":0,"mTimeUnit":600000,"mTotalActiveTime":0.0,"mWalkStepCount":0},{"mCalorie":0.0,"mDistance":0.0,"mNowHealthyStep":0,"mRunStepCount":0,"mSpeed":0.0,"mStartTime":1639312800000,"mStepCount":0,"mTimeUnit":600000,"mTotalActiveTime":0.0,"mWalkStepCount":0},{"mCalorie":0.0,"mDistance":0.0,"mNowHealthyStep":0,"mRunStepCount":0,"mSpeed":0.0,"mStartTime":1639313400000,"mStepCount":0,"mTimeUnit":600000,"mTotalActiveTime":0.0,"mWalkStepCount":0},{"mCalorie":0.9699999690055847,"mDistance":14.539999961853027,"mNowHealthyStep":0,"mRunStepCount":0,"mSpeed":4.243386745452881,"mStartTime":1639314000000,"mStepCount":20,"mTimeUnit":600000,"mTotalActiveTime":12335.429929586684,"mWalkStepCount":20},{"mCalorie":0.5,"mDistance":8.949999809265137,"mNowHealthyStep":0,"mRunStepCount":0,"mSpeed":4.600000381469727,"mStartTime":1639314600000,"mStepCount":12,"mTimeUnit":600000,"mTotalActiveTime":7004.347095958286,"mWalkStepCount":12},{"mCalorie":0.0,"mDistance":0.0,"mNowHealthyStep":0,"mRunStepCount":0,"mSpeed":0.0,"mStartTime":1639315200000,"mStepCount":0,"mTimeUnit":600000,"mTotalActiveTime":0.0,"mWalkStepCount":0},{"mCalorie":0.0,"mDistance":0.0,"mNowHealthyStep":0,"mRunStepCount":0,"mSpeed":0.0,"mStartTime":1639315800000,"mStepCount":0,"mTimeUnit":600000,"mTotalActiveTime":0.0,"mWalkStepCount":0},{"mCalorie":1.9900000393390656,"mDistance":30.119999885559082,"mNowHealthyStep":0,"mRunStepCount":0,"mSpeed":4.134753704071045,"mStartTime":1639316400000,"mStepCount":41,"mTimeUnit":600000,"mTotalActiveTime":26224.537619426606,"mWalkStepCount":41},{"mCalorie":2.869999945163727,"mDistance":44.42000102996826,"mNowHealthyStep":0,"mRunStepCount":0,"mSpeed":4.584202766418457,"mStartTime":1639317000000,"mStepCount":59,"mTimeUnit":600000,"mTotalActiveTime":34883.27583143365,"mWalkStepCount":59},{"mCalorie":10.040000081062317,"mDistance":153.63999795913696,"mNowHealthyStep":0,"mRunStepCount":0,"mSpeed":4.565319061279297,"mStartTime":1639317600000,"mStepCount":206,"mTimeUnit":600000,"mTotalActiveTime":121153.40907413008,"mWalkStepCount":206},{"mCalorie":8.81000018119812,"mDistance":131.92999744415283,"mNowHealthyStep":0,"mRunStepCount":0,"mSpeed":5.437253952026367,"mStartTime":1639318200000,"mStepCount":173,"mTimeUnit":600000,"mTotalActiveTime":87350.71023085955,"mWalkStepCount":173},{"mCalorie":2.990000009536743,"mDistance":41.35000038146973,"mNowHealthyStep":0,"mRunStepCount":0,"mSpeed":5.296303749084473,"mStartTime":1639318800000,"mStepCount":56,"mTimeUnit":600000,"mTotalActiveTime":28106.395211685052,"mWalkStepCount":56},{"mCalorie":0.0,"mDistance":0.0,"mNowHealthyStep":0,"mRunStepCount":0,"mSpeed":0.0,"mStartTime":1639319400000,"mStepCount":0,"mTimeUnit":600000,"mTotalActiveTime":0.0,"mWalkStepCount":0},{"mCalorie":0.0,"mDistance":0.0,"mNowHealthyStep":0,"mRunStepCount":0,"mSpeed":0.0,"mStartTime":1639320000000,"mStepCount":0,"mTimeUnit":600000,"mTotalActiveTime":0.0,"mWalkStepCount":0},{"mCalorie":0.0,"mDistance":0.0,"mNowHealthyStep":0,"mRunStepCount":0,"mSpeed":0.0,"mStartTime":1639320600000,"mStepCount":0,"mTimeUnit":600000,"mTotalActiveTime":0.0,"mWalkStepCount":0},{"mCalorie":0.0,"mDistance":0.0,"mNowHealthyStep":0,"mRunStepCount":0,"mSpeed":0.0,"mStartTime":1639321200000,"mStepCount":0,"mTimeUnit":600000,"mTotalActiveTime":0.0,"mWalkStepCount":0},{"mCalorie":0.0,"mDistance":0.0,"mNowHealthyStep":0,"mRunStepCount":0,"mSpeed":0.0,"mStartTime":1639321800000,"mStepCount":0,"mTimeUnit":600000,"mTotalActiveTime":0.0,"mWalkStepCount":0},{"mCalorie":2.5399999618530273,"mDistance":39.119998931884766,"mNowHealthyStep":0,"mRunStepCount":0,"mSpeed":5.299999713897705,"mStartTime":1639322400000,"mStepCount":51,"mTimeUnit":600000,"mTotalActiveTime":26572.076180588138,"mWalkStepCount":51},{"mCalorie":0.0,"mDistance":0.0,"mNowHealthyStep":0,"mRunStepCount":0,"mSpeed":0.0,"mStartTime":1639323000000,"mStepCount":0,"mTimeUnit":600000,"mTotalActiveTime":0.0,"mWalkStepCount":0},{"mCalorie":3.7999985218048096,"mDistance":59.23001480102539,"mNowHealthyStep":0,"mRunStepCount":0,"mSpeed":5.233081340789795,"mStartTime":1639323600000,"mStepCount":77,"mTimeUnit":600000,"mTotalActiveTime":40746.17599036026,"mWalkStepCount":77},{"mCalorie":4.860000133514404,"mDistance":56.55999946594238,"mNowHealthyStep":0,"mRunStepCount":0,"mSpeed":4.549299716949463,"mStartTime":1639324200000,"mStepCount":81,"mTimeUnit":600000,"mTotalActiveTime":44757.659188226535,"mWalkStepCount":81},{"mCalorie":5.430000185966492,"mDistance":88.07000160217285,"mNowHealthyStep":0,"mRunStepCount":0,"mSpeed":4.9989471435546875,"mStartTime":1639324800000,"mStepCount":116,"mTimeUnit":600000,"mTotalActiveTime":63423.75514821713,"mWalkStepCount":116},{"mCalorie":1.5399999618530273,"mDistance":23.969999313354492,"mNowHealthyStep":0,"mRunStepCount":0,"mSpeed":4.799999713897705,"mStartTime":1639325400000,"mStepCount":32,"mTimeUnit":600000,"mTotalActiveTime":17977.500556558403,"mWalkStepCount":32},{"mCalorie":0.0,"mDistance":0.0,"mNowHealthyStep":0,"mRunStepCount":0,"mSpeed":0.0,"mStartTime":1639326000000,"mStepCount":0,"mTimeUnit":600000,"mTotalActiveTime":0.0,"mWalkStepCount":0},{"mCalorie":3.540000081062317,"mDistance":55.32000160217285,"mNowHealthyStep":0,"mRunStepCount":0,"mSpeed":4.895415782928467,"mStartTime":1639326600000,"mStepCount":73,"mTimeUnit":600000,"mTotalActiveTime":40681.326629938834,"mWalkStepCount":73},{"mCalorie":0.0,"mDistance":0.0,"mNowHealthyStep":0,"mRunStepCount":0,"mSpeed":0.0,"mStartTime":1639327200000,"mStepCount":0,"mTimeUnit":600000,"mTotalActiveTime":0.0,"mWalkStepCount":0},{"mCalorie":4.759999871253967,"mDistance":73.38000106811523,"mNowHealthyStep":0,"mRunStepCount":0,"mSpeed":5.027846336364746,"mStartTime":1639327800000,"mStepCount":96,"mTimeUnit":600000,"mTotalActiveTime":52540.98538486064,"mWalkStepCount":96},{"mCalorie":2.9700000882148743,"mDistance":45.920000076293945,"mNowHealthyStep":0,"mRunStepCount":0,"mSpeed":4.741234302520752,"mStartTime":1639328400000,"mStepCount":61,"mTimeUnit":600000,"mTotalActiveTime":34866.86842597378,"mWalkStepCount":61},{"mCalorie":0.0,"mDistance":0.0,"mNowHealthyStep":0,"mRunStepCount":0,"mSpeed":0.0,"mStartTime":1639329000000,"mStepCount":0,"mTimeUnit":600000,"mTotalActiveTime":0.0,"mWalkStepCount":0},{"mCalorie":4.5500001311302185,"mDistance":69.61000061035156,"mNowHealthyStep":0,"mRunStepCount":0,"mSpeed":4.715339183807373,"mStartTime":1639329600000,"mStepCount":93,"mTimeUnit":600000,"mTotalActiveTime":53144.851268807935,"mWalkStepCount":93},{"mCalorie":0.0,"mDistance":0.0,"mNowHealthyStep":0,"mRunStepCount":0,"mSpeed":0.0,"mStartTime":1639330200000,"mStepCount":0,"mTimeUnit":600000,"mTotalActiveTime":0.0,"mWalkStepCount":0},{"mCalorie":0.0,"mDistance":0.0,"mNowHealthyStep":0,"mRunStepCount":0,"mSpeed":0.0,"mStartTime":1639330800000,"mStepCount":0,"mTimeUnit":600000,"mTotalActiveTime":0.0,"mWalkStepCount":0},{"mCalorie":7.439999759197235,"mDistance":108.89000034332275,"mNowHealthyStep":0,"mRunStepCount":0,"mSpeed":5.502142906188965,"mStartTime":1639331400000,"mStepCount":147,"mTimeUnit":600000,"mTotalActiveTime":71245.69740090905,"mWalkStepCount":147},{"mCalorie":3.259999990463257,"mDistance":51.75,"mNowHealthyStep":0,"mRunStepCount":0,"mSpeed":5.026604175567627,"mStartTime":1639332000000,"mStepCount":68,"mTimeUnit":600000,"mTotalActiveTime":37062.79518834194,"mWalkStepCount":68},{"mCalorie":4.379999995231628,"mDistance":67.93000030517578,"mNowHealthyStep":0,"mRunStepCount":0,"mSpeed":4.904318809509277,"mStartTime":1639332600000,"mStepCount":90,"mTimeUnit":600000,"mTotalActiveTime":49863.80593486777,"mWalkStepCount":90},{"mCalorie":2.1900000274181366,"mDistance":33.13999700546265,"mNowHealthyStep":0,"mRunStepCount":0,"mSpeed":4.39960241317749,"mStartTime":1639333200000,"mStepCount":45,"mTimeUnit":600000,"mTotalActiveTime":27116.992382011143,"mWalkStepCount":45},{"mCalorie":0.0,"mDistance":0.0,"mNowHealthyStep":0,"mRunStepCount":0,"mSpeed":0.0,"mStartTime":1639333800000,"mStepCount":0,"mTimeUnit":600000,"mTotalActiveTime":0.0,"mWalkStepCount":0},{"mCalorie":0.0,"mDistance":0.0,"mNowHealthyStep":0,"mRunStepCount":0,"mSpeed":0.0,"mStartTime":1639334400000,"mStepCount":0,"mTimeUnit":600000,"mTotalActiveTime":0.0,"mWalkStepCount":0},{"mCalorie":36.44999974966049,"mDistance":559.8199968338013,"mNowHealthyStep":0,"mRunStepCount":0,"mSpeed":5.021839618682861,"mStartTime":1639335000000,"mStepCount":733,"mTimeUnit":600000,"mTotalActiveTime":401317.49207491893,"mWalkStepCount":733},{"mCalorie":53.81000232696533,"mDistance":836.3800277709961,"mNowHealthyStep":0,"mRunStepCount":0,"mSpeed":5.445685386657715,"mStartTime":1639335600000,"mStepCount":1077,"mTimeUnit":600000,"mTotalActiveTime":552908.9141092111,"mWalkStepCount":1077},{"mCalorie":24.869999766349792,"mDistance":379.1100044250488,"mNowHealthyStep":0,"mRunStepCount":0,"mSpeed":4.826170444488525,"mStartTime":1639336200000,"mStepCount":499,"mTimeUnit":600000,"mTotalActiveTime":282790.6834225467,"mWalkStepCount":499},{"mCalorie":53.27000141143799,"mDistance":808.8499870300293,"mNowHealthyStep":0,"mRunStepCount":0,"mSpeed":5.078184127807617,"mStartTime":1639336800000,"mStepCount":1060,"mTimeUnit":600000,"mTotalActiveTime":573405.7699380476,"mWalkStepCount":1060},{"mCalorie":33.459999680519104,"mDistance":513.4199962615967,"mNowHealthyStep":0,"mRunStepCount":4,"mSpeed":5.223867416381836,"mStartTime":1639337400000,"mStepCount":667,"mTimeUnit":600000,"mTotalActiveTime":353820.59979665047,"mWalkStepCount":663},{"mCalorie":0.0,"mDistance":0.0,"mNowHealthyStep":0,"mRunStepCount":0,"mSpeed":0.0,"mStartTime":1639338000000,"mStepCount":0,"mTimeUnit":600000,"mTotalActiveTime":0.0,"mWalkStepCount":0},{"mCalorie":0.0,"mDistance":0.0,"mNowHealthyStep":0,"mRunStepCount":0,"mSpeed":0.0,"mStartTime":1639338600000,"mStepCount":0,"mTimeUnit":600000,"mTotalActiveTime":0.0,"mWalkStepCount":0},{"mCalorie":3.269999921321869,"mDistance":49.46000099182129,"mNowHealthyStep":0,"mRunStepCount":0,"mSpeed":4.311274528503418,"mStartTime":1639339200000,"mStepCount":68,"mTimeUnit":600000,"mTotalActiveTime":41300.08409133694,"mWalkStepCount":68},{"mCalorie":0.0,"mDistance":0.0,"mNowHealthyStep":0,"mRunStepCount":0,"mSpeed":0.0,"mStartTime":1639339800000,"mStepCount":0,"mTimeUnit":600000,"mTotalActiveTime":0.0,"mWalkStepCount":0},{"mCalorie":0.0,"mDistance":0.0,"mNowHealthyStep":0,"mRunStepCount":0,"mSpeed":0.0,"mStartTime":1639340400000,"mStepCount":0,"mTimeUnit":600000,"mTotalActiveTime":0.0,"mWalkStepCount":0},{"mCalorie":0.0,"mDistance":0.0,"mNowHealthyStep":0,"mRunStepCount":0,"mSpeed":0.0,"mStartTime":1639341000000,"mStepCount":0,"mTimeUnit":600000,"mTotalActiveTime":0.0,"mWalkStepCount":0},{"mCalorie":0.0,"mDistance":0.0,"mNowHealthyStep":0,"mRunStepCount":0,"mSpeed":0.0,"mStartTime":1639341600000,"mStepCount":0,"mTimeUnit":600000,"mTotalActiveTime":0.0,"mWalkStepCount":0},{"mCalorie":0.0,"mDistance":0.0,"mNowHealthyStep":0,"mRunStepCount":0,"mSpeed":0.0,"mStartTime":1639342200000,"mStepCount":0,"mTimeUnit":600000,"mTotalActiveTime":0.0,"mWalkStepCount":0},{"mCalorie":0.0,"mDistance":0.0,"mNowHealthyStep":0,"mRunStepCount":0,"mSpeed":0.0,"mStartTime":1639342800000,"mStepCount":0,"mTimeUnit":600000,"mTotalActiveTime":0.0,"mWalkStepCount":0},{"mCalorie":0.3400000035762787,"mDistance":5.019999980926514,"mNowHealthyStep":0,"mRunStepCount":0,"mSpeed":4.400000095367432,"mStartTime":1639343400000,"mStepCount":7,"mTimeUnit":600000,"mTotalActiveTime":4107.272622644411,"mWalkStepCount":7},{"mCalorie":0.0,"mDistance":0.0,"mNowHealthyStep":0,"mRunStepCount":0,"mSpeed":0.0,"mStartTime":1639344000000,"mStepCount":0,"mTimeUnit":600000,"mTotalActiveTime":0.0,"mWalkStepCount":0},{"mCalorie":0.0,"mDistance":0.0,"mNowHealthyStep":0,"mRunStepCount":0,"mSpeed":0.0,"mStartTime":1639344600000,"mStepCount":0,"mTimeUnit":600000,"mTotalActiveTime":0.0,"mWalkStepCount":0},{"mCalorie":0.0,"mDistance":0.0,"mNowHealthyStep":0,"mRunStepCount":0,"mSpeed":0.0,"mStartTime":1639345200000,"mStepCount":0,"mTimeUnit":600000,"mTotalActiveTime":0.0,"mWalkStepCount":0},{"mCalorie":6.289999961853027,"mDistance":95.20999956130981,"mNowHealthyStep":0,"mRunStepCount":0,"mSpeed":4.3266401290893555,"mStartTime":1639345800000,"mStepCount":128,"mTimeUnit":600000,"mTotalActiveTime":79219.8995652288,"mWalkStepCount":128},{"mCalorie":0.0,"mDistance":0.0,"mNowHealthyStep":0,"mRunStepCount":0,"mSpeed":0.0,"mStartTime":1639346400000,"mStepCount":0,"mTimeUnit":600000,"mTotalActiveTime":0.0,"mWalkStepCount":0},{"mCalorie":0.0,"mDistance":0.0,"mNowHealthyStep":0,"mRunStepCount":0,"mSpeed":0.0,"mStartTime":1639347000000,"mStepCount":0,"mTimeUnit":600000,"mTotalActiveTime":0.0,"mWalkStepCount":0},{"mCalorie":10.630000114440918,"mDistance":166.86000061035156,"mNowHealthyStep":0,"mRunStepCount":0,"mSpeed":5.751705646514893,"mStartTime":1639347600000,"mStepCount":214,"mTimeUnit":600000,"mTotalActiveTime":104437.89328714446,"mWalkStepCount":214},{"mCalorie":25.69999784231186,"mDistance":397.0200297832489,"mNowHealthyStep":0,"mRunStepCount":0,"mSpeed":5.227915287017822,"mStartTime":1639348200000,"mStepCount":516,"mTimeUnit":600000,"mTotalActiveTime":273392.363124347,"mWalkStepCount":516},{"mCalorie":26.510001052170992,"mDistance":404.58994126319885,"mNowHealthyStep":0,"mRunStepCount":0,"mSpeed":4.899084568023682,"mStartTime":1639348800000,"mStepCount":533,"mTimeUnit":600000,"mTotalActiveTime":297305.29643979867,"mWalkStepCount":533},{"mCalorie":31.409999907016754,"mDistance":477.899995803833,"mNowHealthyStep":0,"mRunStepCount":0,"mSpeed":4.8441081047058105,"mStartTime":1639349400000,"mStepCount":629,"mTimeUnit":600000,"mTotalActiveTime":355161.35660110845,"mWalkStepCount":629},{"mCalorie":23.849999964237213,"mDistance":365.2999949455261,"mNowHealthyStep":0,"mRunStepCount":0,"mSpeed":4.855688095092773,"mStartTime":1639350000000,"mStepCount":482,"mTimeUnit":600000,"mTotalActiveTime":270832.88255188125,"mWalkStepCount":482},{"mCalorie":31.710001170635223,"mDistance":484.73998832702637,"mNowHealthyStep":0,"mRunStepCount":0,"mSpeed":4.84739351272583,"mStartTime":1639350600000,"mStepCount":640,"mTimeUnit":600000,"mTotalActiveTime":360000.4828457034,"mWalkStepCount":640},{"mCalorie":5.139999866485596,"mDistance":79.1400032043457,"mNowHealthyStep":0,"mRunStepCount":0,"mSpeed":5.270886421203613,"mStartTime":1639351200000,"mStepCount":103,"mTimeUnit":600000,"mTotalActiveTime":54052.39177042112,"mWalkStepCount":103},{"mCalorie":0.0,"mDistance":0.0,"mNowHealthyStep":0,"mRunStepCount":0,"mSpeed":0.0,"mStartTime":1639351800000,"mStepCount":0,"mTimeUnit":600000,"mTotalActiveTime":0.0,"mWalkStepCount":0},{"mCalorie":4.989999890327454,"mDistance":75.63000106811523,"mNowHealthyStep":0,"mRunStepCount":0,"mSpeed":4.33065128326416,"mStartTime":1639352400000,"mStepCount":102,"mTimeUnit":600000,"mTotalActiveTime":62869.98863866396,"mWalkStepCount":102},{"mCalorie":1.3299999833106995,"mDistance":22.040000915527344,"mNowHealthyStep":0,"mRunStepCount":0,"mSpeed":4.286930561065674,"mStartTime":1639353000000,"mStepCount":29,"mTimeUnit":600000,"mTotalActiveTime":18508.348056332365,"mWalkStepCount":29},{"mCalorie":0.0,"mDistance":0.0,"mNowHealthyStep":0,"mRunStepCount":0,"mSpeed":0.0,"mStartTime":1639353600000,"mStepCount":0,"mTimeUnit":600000,"mTotalActiveTime":0.0,"mWalkStepCount":0},{"mCalorie":0.0,"mDistance":0.0,"mNowHealthyStep":0,"mRunStepCount":0,"mSpeed":0.0,"mStartTime":1639354200000,"mStepCount":0,"mTimeUnit":600000,"mTotalActiveTime":0.0,"mWalkStepCount":0},{"mCalorie":0.0,"mDistance":0.0,"mNowHealthyStep":0,"mRunStepCount":0,"mSpeed":0.0,"mStartTime":1639354800000,"mStepCount":0,"mTimeUnit":600000,"mTotalActiveTime":0.0,"mWalkStepCount":0},{"mCalorie":0.0,"mDistance":0.0,"mNowHealthyStep":0,"mRunStepCount":0,"mSpeed":0.0,"mStartTime":1639355400000,"mStepCount":0,"mTimeUnit":600000,"mTotalActiveTime":0.0,"mWalkStepCount":0},{"mCalorie":0.0,"mDistance":0.0,"mNowHealthyStep":0,"mRunStepCount":0,"mSpeed":0.0,"mStartTime":1639356000000,"mStepCount":0,"mTimeUnit":600000,"mTotalActiveTime":0.0,"mWalkStepCount":0},{"mCalorie":0.6000000238418579,"mDistance":8.430000305175781,"mNowHealthyStep":0,"mRunStepCount":0,"mSpeed":3.200000047683716,"mStartTime":1639356600000,"mStepCount":12,"mTimeUnit":600000,"mTotalActiveTime":9483.750202003863,"mWalkStepCount":12},{"mCalorie":0.0,"mDistance":0.0,"mNowHealthyStep":0,"mRunStepCount":0,"mSpeed":0.0,"mStartTime":1639357200000,"mStepCount":0,"mTimeUnit":600000,"mTotalActiveTime":0.0,"mWalkStepCount":0},{"mCalorie":0.0,"mDistance":0.0,"mNowHealthyStep":0,"mRunStepCount":0,"mSpeed":0.0,"mStartTime":1639357800000,"mStepCount":0,"mTimeUnit":600000,"mTotalActiveTime":0.0,"mWalkStepCount":0},{"mCalorie":0.0,"mDistance":0.0,"mNowHealthyStep":0,"mRunStepCount":0,"mSpeed":0.0,"mStartTime":1639358400000,"mStepCount":0,"mTimeUnit":600000,"mTotalActiveTime":0.0,"mWalkStepCount":0},{"mCalorie":0.0,"mDistance":0.0,"mNowHealthyStep":0,"mRunStepCount":0,"mSpeed":0.0,"mStartTime":1639359000000,"mStepCount":0,"mTimeUnit":600000,"mTotalActiveTime":0.0,"mWalkStepCount":0},{"mCalorie":0.0,"mDistance":0.0,"mNowHealthyStep":0,"mRunStepCount":0,"mSpeed":0.0,"mStartTime":1639359600000,"mStepCount":0,"mTimeUnit":600000,"mTotalActiveTime":0.0,"mWalkStepCount":0},{"mCalorie":0.0,"mDistance":0.0,"mNowHealthyStep":0,"mRunStepCount":0,"mSpeed":0.0,"mStartTime":1639360200000,"mStepCount":0,"mTimeUnit":600000,"mTotalActiveTime":0.0,"mWalkStepCount":0},{"mCalorie":1.9599998593330383,"mDistance":31.65000057220459,"mNowHealthyStep":0,"mRunStepCount":0,"mSpeed":5.252398490905762,"mStartTime":1639360800000,"mStepCount":41,"mTimeUnit":600000,"mTotalActiveTime":21692.946240999558,"mWalkStepCount":41},{"mCalorie":0.0,"mDistance":0.0,"mNowHealthyStep":0,"mRunStepCount":0,"mSpeed":0.0,"mStartTime":1639361400000,"mStepCount":0,"mTimeUnit":600000,"mTotalActiveTime":0.0,"mWalkStepCount":0},{"mCalorie":1.4599999785423279,"mDistance":22.5600004196167,"mNowHealthyStep":0,"mRunStepCount":0,"mSpeed":4.924957275390625,"mStartTime":1639362000000,"mStepCount":30,"mTimeUnit":600000,"mTotalActiveTime":16490.70165351763,"mWalkStepCount":30},{"mCalorie":1.149999976158142,"mDistance":18.43000030517578,"mNowHealthyStep":0,"mRunStepCount":0,"mSpeed":5.199999809265137,"mStartTime":1639362600000,"mStepCount":24,"mTimeUnit":600000,"mTotalActiveTime":12759.23144851213,"mWalkStepCount":24},{"mCalorie":0.0,"mDistance":0.0,"mNowHealthyStep":0,"mRunStepCount":0,"mSpeed":0.0,"mStartTime":1639363200000,"mStepCount":0,"mTimeUnit":600000,"mTotalActiveTime":0.0,"mWalkStepCount":0},{"mCalorie":6.339998871088028,"mDistance":94.44999170303345,"mNowHealthyStep":0,"mRunStepCount":0,"mSpeed":4.0962982177734375,"mStartTime":1639363800000,"mStepCount":129,"mTimeUnit":600000,"mTotalActiveTime":83006.64528471587,"mWalkStepCount":129},{"mCalorie":0.0,"mDistance":0.0,"mNowHealthyStep":0,"mRunStepCount":0,"mSpeed":0.0,"mStartTime":1639364400000,"mStepCount":0,"mTimeUnit":600000,"mTotalActiveTime":0.0,"mWalkStepCount":0},{"mCalorie":0.0,"mDistance":0.0,"mNowHealthyStep":0,"mRunStepCount":0,"mSpeed":0.0,"mStartTime":1639365000000,"mStepCount":0,"mTimeUnit":600000,"mTotalActiveTime":0.0,"mWalkStepCount":0},{"mCalorie":0.0,"mDistance":0.0,"mNowHealthyStep":0,"mRunStepCount":0,"mSpeed":0.0,"mStartTime":1639365600000,"mStepCount":0,"mTimeUnit":600000,"mTotalActiveTime":0.0,"mWalkStepCount":0},{"mCalorie":0.0,"mDistance":0.0,"mNowHealthyStep":0,"mRunStepCount":0,"mSpeed":0.0,"mStartTime":1639366200000,"mStepCount":0,"mTimeUnit":600000,"mTotalActiveTime":0.0,"mWalkStepCount":0},{"mCalorie":0.0,"mDistance":0.0,"mNowHealthyStep":0,"mRunStepCount":0,"mSpeed":0.0,"mStartTime":1639366800000,"mStepCount":0,"mTimeUnit":600000,"mTotalActiveTime":0.0,"mWalkStepCount":0},{"mCalorie":0.0,"mDistance":0.0,"mNowHealthyStep":0,"mRunStepCount":0,"mSpeed":0.0,"mStartTime":1639367400000,"mStepCount":0,"mTimeUnit":600000,"mTotalActiveTime":0.0,"mWalkStepCount":0},{"mCalorie":0.0,"mDistance":0.0,"mNowHealthyStep":0,"mRunStepCount":0,"mSpeed":0.0,"mStartTime":1639368000000,"mStepCount":0,"mTimeUnit":600000,"mTotalActiveTime":0.0,"mWalkStepCount":0},{"mCalorie":0.0,"mDistance":0.0,"mNowHealthyStep":0,"mRunStepCount":0,"mSpeed":0.0,"mStartTime":1639368600000,"mStepCount":0,"mTimeUnit":600000,"mTotalActiveTime":0.0,"mWalkStepCount":0},{"mCalorie":0.0,"mDistance":0.0,"mNowHealthyStep":0,"mRunStepCount":0,"mSpeed":0.0,"mStartTime":1639369200000,"mStepCount":0,"mTimeUnit":600000,"mTotalActiveTime":0.0,"mWalkStepCount":0},{"mCalorie":0.0,"mDistance":0.0,"mNowHealthyStep":0,"mRunStepCount":0,"mSpeed":0.0,"mStartTime":1639369800000,"mStepCount":0,"mTimeUnit":600000,"mTotalActiveTime":0.0,"mWalkStepCount":0},{"mCalorie":0.0,"mDistance":0.0,"mNowHealthyStep":0,"mRunStepCount":0,"mSpeed":0.0,"mStartTime":1639370400000,"mStepCount":0,"mTimeUnit":600000,"mTotalActiveTime":0.0,"mWalkStepCount":0},{"mCalorie":0.0,"mDistance":0.0,"mNowHealthyStep":0,"mRunStepCount":0,"mSpeed":0.0,"mStartTime":1639371000000,"mStepCount":0,"mTimeUnit":600000,"mTotalActiveTime":0.0,"mWalkStepCount":0}]