[{"mCalorie":0.0,"mDistance":0.0,"mNowHealthyStep":0,"mRunStepCount":0,"mSpeed":0.0,"mStartTime":0,"mStepCount":0,"mTimeUnit":600000,"mTotalActiveTime":0.0,"mWalkStepCount":0},{"mCalorie":1.7000000476837158,"mDistance":31.420000076293945,"mNowHealthyStep":0,"mRunStepCount":0,"mSpeed":5.199999809265137,"mStartTime":0,"mStepCount":41,"mTimeUnit":600000,"mTotalActiveTime":21752.3085429965,"mWalkStepCount":41},{"mCalorie":1.429999977350235,"mDistance":25.850000858306885,"mNowHealthyStep":0,"mRunStepCount":0,"mSpeed":5.083904266357422,"mStartTime":0,"mStepCount":34,"mTimeUnit":600000,"mTotalActiveTime":18304.829521830645,"mWalkStepCount":34},{"mCalorie":0.0,"mDistance":0.0,"mNowHealthyStep":0,"mRunStepCount":0,"mSpeed":0.0,"mStartTime":0,"mStepCount":0,"mTimeUnit":600000,"mTotalActiveTime":0.0,"mWalkStepCount":0},{"mCalorie":0.5699999928474426,"mDistance":9.8100004196167,"mNowHealthyStep":0,"mRunStepCount":0,"mSpeed":4.600000381469727,"mStartTime":0,"mStepCount":13,"mTimeUnit":600000,"mTotalActiveTime":7677.390996071277,"mWalkStepCount":13},{"mCalorie":4.180000007152557,"mDistance":73.31999969482422,"mNowHealthyStep":0,"mRunStepCount":0,"mSpeed":4.296669960021973,"mStartTime":0,"mStepCount":99,"mTimeUnit":600000,"mTotalActiveTime":61431.758098305196,"mWalkStepCount":99},{"mCalorie":6.720000147819519,"mDistance":120.93000221252441,"mNowHealthyStep":0,"mRunStepCount":0,"mSpeed":4.362798690795898,"mStartTime":0,"mStepCount":163,"mTimeUnit":600000,"mTotalActiveTime":99786.40240095738,"mWalkStepCount":163},{"mCalorie":2.830000340938568,"mDistance":49.55999755859375,"mNowHealthyStep":0,"mRunStepCount":0,"mSpeed":4.364536285400391,"mStartTime":0,"mStepCount":67,"mTimeUnit":600000,"mTotalActiveTime":40878.5694483515,"mWalkStepCount":67},{"mCalorie":0.0,"mDistance":0.0,"mNowHealthyStep":0,"mRunStepCount":0,"mSpeed":0.0,"mStartTime":0,"mStepCount":0,"mTimeUnit":600000,"mTotalActiveTime":0.0,"mWalkStepCount":0},{"mCalorie":0.0,"mDistance":0.0,"mNowHealthyStep":0,"mRunStepCount":0,"mSpeed":0.0,"mStartTime":0,"mStepCount":0,"mTimeUnit":600000,"mTotalActiveTime":0.0,"mWalkStepCount":0},{"mCalorie":1.5299999713897705,"mDistance":26.56999969482422,"mNowHealthyStep":0,"mRunStepCount":0,"mSpeed":4.700000286102295,"mStartTime":0,"mStepCount":36,"mTimeUnit":600000,"mTotalActiveTime":20351.48788909783,"mWalkStepCount":36},{"mCalorie":8.50000011920929,"mDistance":148.76999759674072,"mNowHealthyStep":0,"mRunStepCount":0,"mSpeed":4.435529708862305,"mStartTime":0,"mStepCount":200,"mTimeUnit":600000,"mTotalActiveTime":120745.88725969354,"mWalkStepCount":200},{"mCalorie":6.7499998807907104,"mDistance":116.96999740600586,"mNowHealthyStep":0,"mRunStepCount":0,"mSpeed":4.201359272003174,"mStartTime":0,"mStepCount":159,"mTimeUnit":600000,"mTotalActiveTime":100227.55794680348,"mWalkStepCount":159},{"mCalorie":1.980000078678131,"mDistance":35.38000011444092,"mNowHealthyStep":0,"mRunStepCount":0,"mSpeed":5.073108196258545,"mStartTime":0,"mStepCount":47,"mTimeUnit":600000,"mTotalActiveTime":25106.502663376596,"mWalkStepCount":47},{"mCalorie":0.0,"mDistance":0.0,"mNowHealthyStep":0,"mRunStepCount":0,"mSpeed":0.0,"mStartTime":0,"mStepCount":0,"mTimeUnit":600000,"mTotalActiveTime":0.0,"mWalkStepCount":0},{"mCalorie":3.4800000190734863,"mDistance":60.47999954223633,"mNowHealthyStep":0,"mRunStepCount":0,"mSpeed":4.232549667358398,"mStartTime":0,"mStepCount":82,"mTimeUnit":600000,"mTotalActiveTime":51441.331201070694,"mWalkStepCount":82},{"mCalorie":1.7600000500679016,"mDistance":29.520000457763672,"mNowHealthyStep":0,"mRunStepCount":0,"mSpeed":4.468465328216553,"mStartTime":0,"mStepCount":40,"mTimeUnit":600000,"mTotalActiveTime":23782.662060376264,"mWalkStepCount":40},{"mCalorie":0.0,"mDistance":0.0,"mNowHealthyStep":0,"mRunStepCount":0,"mSpeed":0.0,"mStartTime":0,"mStepCount":0,"mTimeUnit":600000,"mTotalActiveTime":0.0,"mWalkStepCount":0},{"mCalorie":0.0,"mDistance":0.0,"mNowHealthyStep":0,"mRunStepCount":0,"mSpeed":0.0,"mStartTime":0,"mStepCount":0,"mTimeUnit":600000,"mTotalActiveTime":0.0,"mWalkStepCount":0},{"mCalorie":0.0,"mDistance":0.0,"mNowHealthyStep":0,"mRunStepCount":0,"mSpeed":0.0,"mStartTime":0,"mStepCount":0,"mTimeUnit":600000,"mTotalActiveTime":0.0,"mWalkStepCount":0},{"mCalorie":0.0,"mDistance":0.0,"mNowHealthyStep":0,"mRunStepCount":0,"mSpeed":0.0,"mStartTime":0,"mStepCount":0,"mTimeUnit":600000,"mTotalActiveTime":0.0,"mWalkStepCount":0},{"mCalorie":0.0,"mDistance":0.0,"mNowHealthyStep":0,"mRunStepCount":0,"mSpeed":0.0,"mStartTime":0,"mStepCount":0,"mTimeUnit":600000,"mTotalActiveTime":0.0,"mWalkStepCount":0},{"mCalorie":0.0,"mDistance":0.0,"mNowHealthyStep":0,"mRunStepCount":0,"mSpeed":0.0,"mStartTime":0,"mStepCount":0,"mTimeUnit":600000,"mTotalActiveTime":0.0,"mWalkStepCount":0},{"mCalorie":0.0,"mDistance":0.0,"mNowHealthyStep":0,"mRunStepCount":0,"mSpeed":0.0,"mStartTime":0,"mStepCount":0,"mTimeUnit":600000,"mTotalActiveTime":0.0,"mWalkStepCount":0},{"mCalorie":0.0,"mDistance":0.0,"mNowHealthyStep":0,"mRunStepCount":0,"mSpeed":0.0,"mStartTime":0,"mStepCount":0,"mTimeUnit":600000,"mTotalActiveTime":0.0,"mWalkStepCount":0},{"mCalorie":0.0,"mDistance":0.0,"mNowHealthyStep":0,"mRunStepCount":0,"mSpeed":0.0,"mStartTime":0,"mStepCount":0,"mTimeUnit":600000,"mTotalActiveTime":0.0,"mWalkStepCount":0},{"mCalorie":0.0,"mDistance":0.0,"mNowHealthyStep":0,"mRunStepCount":0,"mSpeed":0.0,"mStartTime":0,"mStepCount":0,"mTimeUnit":600000,"mTotalActiveTime":0.0,"mWalkStepCount":0},{"mCalorie":0.0,"mDistance":0.0,"mNowHealthyStep":0,"mRunStepCount":0,"mSpeed":0.0,"mStartTime":0,"mStepCount":0,"mTimeUnit":600000,"mTotalActiveTime":0.0,"mWalkStepCount":0},{"mCalorie":0.0,"mDistance":0.0,"mNowHealthyStep":0,"mRunStepCount":0,"mSpeed":0.0,"mStartTime":0,"mStepCount":0,"mTimeUnit":600000,"mTotalActiveTime":0.0,"mWalkStepCount":0},{"mCalorie":0.0,"mDistance":0.0,"mNowHealthyStep":0,"mRunStepCount":0,"mSpeed":0.0,"mStartTime":0,"mStepCount":0,"mTimeUnit":600000,"mTotalActiveTime":0.0,"mWalkStepCount":0},{"mCalorie":0.0,"mDistance":0.0,"mNowHealthyStep":0,"mRunStepCount":0,"mSpeed":0.0,"mStartTime":0,"mStepCount":0,"mTimeUnit":600000,"mTotalActiveTime":0.0,"mWalkStepCount":0},{"mCalorie":0.0,"mDistance":0.0,"mNowHealthyStep":0,"mRunStepCount":0,"mSpeed":0.0,"mStartTime":0,"mStepCount":0,"mTimeUnit":600000,"mTotalActiveTime":0.0,"mWalkStepCount":0},{"mCalorie":0.0,"mDistance":0.0,"mNowHealthyStep":0,"mRunStepCount":0,"mSpeed":0.0,"mStartTime":0,"mStepCount":0,"mTimeUnit":600000,"mTotalActiveTime":0.0,"mWalkStepCount":0},{"mCalorie":0.0,"mDistance":0.0,"mNowHealthyStep":0,"mRunStepCount":0,"mSpeed":0.0,"mStartTime":0,"mStepCount":0,"mTimeUnit":600000,"mTotalActiveTime":0.0,"mWalkStepCount":0},{"mCalorie":0.0,"mDistance":0.0,"mNowHealthyStep":0,"mRunStepCount":0,"mSpeed":0.0,"mStartTime":0,"mStepCount":0,"mTimeUnit":600000,"mTotalActiveTime":0.0,"mWalkStepCount":0},{"mCalorie":0.0,"mDistance":0.0,"mNowHealthyStep":0,"mRunStepCount":0,"mSpeed":0.0,"mStartTime":0,"mStepCount":0,"mTimeUnit":600000,"mTotalActiveTime":0.0,"mWalkStepCount":0},{"mCalorie":0.0,"mDistance":0.0,"mNowHealthyStep":0,"mRunStepCount":0,"mSpeed":0.0,"mStartTime":0,"mStepCount":0,"mTimeUnit":600000,"mTotalActiveTime":0.0,"mWalkStepCount":0},{"mCalorie":0.0,"mDistance":0.0,"mNowHealthyStep":0,"mRunStepCount":0,"mSpeed":0.0,"mStartTime":0,"mStepCount":0,"mTimeUnit":600000,"mTotalActiveTime":0.0,"mWalkStepCount":0},{"mCalorie":0.0,"mDistance":0.0,"mNowHealthyStep":0,"mRunStepCount":0,"mSpeed":0.0,"mStartTime":0,"mStepCount":0,"mTimeUnit":600000,"mTotalActiveTime":0.0,"mWalkStepCount":0},{"mCalorie":0.0,"mDistance":0.0,"mNowHealthyStep":0,"mRunStepCount":0,"mSpeed":0.0,"mStartTime":0,"mStepCount":0,"mTimeUnit":600000,"mTotalActiveTime":0.0,"mWalkStepCount":0},{"mCalorie":0.0,"mDistance":0.0,"mNowHealthyStep":0,"mRunStepCount":0,"mSpeed":0.0,"mStartTime":0,"mStepCount":0,"mTimeUnit":600000,"mTotalActiveTime":0.0,"mWalkStepCount":0},{"mCalorie":0.0,"mDistance":0.0,"mNowHealthyStep":0,"mRunStepCount":0,"mSpeed":0.0,"mStartTime":0,"mStepCount":0,"mTimeUnit":600000,"mTotalActiveTime":0.0,"mWalkStepCount":0},{"mCalorie":0.0,"mDistance":0.0,"mNowHealthyStep":0,"mRunStepCount":0,"mSpeed":0.0,"mStartTime":0,"mStepCount":0,"mTimeUnit":600000,"mTotalActiveTime":0.0,"mWalkStepCount":0},{"mCalorie":0.0,"mDistance":0.0,"mNowHealthyStep":0,"mRunStepCount":0,"mSpeed":0.0,"mStartTime":0,"mStepCount":0,"mTimeUnit":600000,"mTotalActiveTime":0.0,"mWalkStepCount":0},{"mCalorie":0.0,"mDistance":0.0,"mNowHealthyStep":0,"mRunStepCount":0,"mSpeed":0.0,"mStartTime":0,"mStepCount":0,"mTimeUnit":600000,"mTotalActiveTime":0.0,"mWalkStepCount":0},{"mCalorie":0.0,"mDistance":0.0,"mNowHealthyStep":0,"mRunStepCount":0,"mSpeed":0.0,"mStartTime":0,"mStepCount":0,"mTimeUnit":600000,"mTotalActiveTime":0.0,"mWalkStepCount":0},{"mCalorie":0.0,"mDistance":0.0,"mNowHealthyStep":0,"mRunStepCount":0,"mSpeed":0.0,"mStartTime":0,"mStepCount":0,"mTimeUnit":600000,"mTotalActiveTime":0.0,"mWalkStepCount":0},{"mCalorie":0.0,"mDistance":0.0,"mNowHealthyStep":0,"mRunStepCount":0,"mSpeed":0.0,"mStartTime":0,"mStepCount":0,"mTimeUnit":600000,"mTotalActiveTime":0.0,"mWalkStepCount":0},{"mCalorie":0.0,"mDistance":0.0,"mNowHealthyStep":0,"mRunStepCount":0,"mSpeed":0.0,"mStartTime":0,"mStepCount":0,"mTimeUnit":600000,"mTotalActiveTime":0.0,"mWalkStepCount":0},{"mCalorie":0.0,"mDistance":0.0,"mNowHealthyStep":0,"mRunStepCount":0,"mSpeed":0.0,"mStartTime":0,"mStepCount":0,"mTimeUnit":600000,"mTotalActiveTime":0.0,"mWalkStepCount":0},{"mCalorie":0.0,"mDistance":0.0,"mNowHealthyStep":0,"mRunStepCount":0,"mSpeed":0.0,"mStartTime":0,"mStepCount":0,"mTimeUnit":600000,"mTotalActiveTime":0.0,"mWalkStepCount":0},{"mCalorie":0.0,"mDistance":0.0,"mNowHealthyStep":0,"mRunStepCount":0,"mSpeed":0.0,"mStartTime":0,"mStepCount":0,"mTimeUnit":600000,"mTotalActiveTime":0.0,"mWalkStepCount":0},{"mCalorie":0.0,"mDistance":0.0,"mNowHealthyStep":0,"mRunStepCount":0,"mSpeed":0.0,"mStartTime":0,"mStepCount":0,"mTimeUnit":600000,"mTotalActiveTime":0.0,"mWalkStepCount":0},{"mCalorie":0.0,"mDistance":0.0,"mNowHealthyStep":0,"mRunStepCount":0,"mSpeed":0.0,"mStartTime":0,"mStepCount":0,"mTimeUnit":600000,"mTotalActiveTime":0.0,"mWalkStepCount":0},{"mCalorie":0.0,"mDistance":0.0,"mNowHealthyStep":0,"mRunStepCount":0,"mSpeed":0.0,"mStartTime":0,"mStepCount":0,"mTimeUnit":600000,"mTotalActiveTime":0.0,"mWalkStepCount":0},{"mCalorie":0.0,"mDistance":0.0,"mNowHealthyStep":0,"mRunStepCount":0,"mSpeed":0.0,"mStartTime":0,"mStepCount":0,"mTimeUnit":600000,"mTotalActiveTime":0.0,"mWalkStepCount":0},{"mCalorie":0.0,"mDistance":0.0,"mNowHealthyStep":0,"mRunStepCount":0,"mSpeed":0.0,"mStartTime":0,"mStepCount":0,"mTimeUnit":600000,"mTotalActiveTime":0.0,"mWalkStepCount":0},{"mCalorie":0.0,"mDistance":0.0,"mNowHealthyStep":0,"mRunStepCount":0,"mSpeed":0.0,"mStartTime":0,"mStepCount":0,"mTimeUnit":600000,"mTotalActiveTime":0.0,"mWalkStepCount":0},{"mCalorie":0.0,"mDistance":0.0,"mNowHealthyStep":0,"mRunStepCount":0,"mSpeed":0.0,"mStartTime":0,"mStepCount":0,"mTimeUnit":600000,"mTotalActiveTime":0.0,"mWalkStepCount":0},{"mCalorie":0.0,"mDistance":0.0,"mNowHealthyStep":0,"mRunStepCount":0,"mSpeed":0.0,"mStartTime":0,"mStepCount":0,"mTimeUnit":600000,"mTotalActiveTime":0.0,"mWalkStepCount":0},{"mCalorie":0.0,"mDistance":0.0,"mNowHealthyStep":0,"mRunStepCount":0,"mSpeed":0.0,"mStartTime":0,"mStepCount":0,"mTimeUnit":600000,"mTotalActiveTime":0.0,"mWalkStepCount":0},{"mCalorie":0.0,"mDistance":0.0,"mNowHealthyStep":0,"mRunStepCount":0,"mSpeed":0.0,"mStartTime":0,"mStepCount":0,"mTimeUnit":600000,"mTotalActiveTime":0.0,"mWalkStepCount":0},{"mCalorie":0.0,"mDistance":0.0,"mNowHealthyStep":0,"mRunStepCount":0,"mSpeed":0.0,"mStartTime":0,"mStepCount":0,"mTimeUnit":600000,"mTotalActiveTime":0.0,"mWalkStepCount":0},{"mCalorie":0.0,"mDistance":0.0,"mNowHealthyStep":0,"mRunStepCount":0,"mSpeed":0.0,"mStartTime":0,"mStepCount":0,"mTimeUnit":600000,"mTotalActiveTime":0.0,"mWalkStepCount":0},{"mCalorie":0.0,"mDistance":0.0,"mNowHealthyStep":0,"mRunStepCount":0,"mSpeed":0.0,"mStartTime":0,"mStepCount":0,"mTimeUnit":600000,"mTotalActiveTime":0.0,"mWalkStepCount":0},{"mCalorie":2.0399999991059303,"mDistance":35.709999084472656,"mNowHealthyStep":0,"mRunStepCount":0,"mSpeed":4.4139790534973145,"mStartTime":0,"mStepCount":48,"mTimeUnit":600000,"mTotalActiveTime":29124.741718028046,"mWalkStepCount":48},{"mCalorie":0.0,"mDistance":0.0,"mNowHealthyStep":0,"mRunStepCount":0,"mSpeed":0.0,"mStartTime":0,"mStepCount":0,"mTimeUnit":600000,"mTotalActiveTime":0.0,"mWalkStepCount":0},{"mCalorie":0.0,"mDistance":0.0,"mNowHealthyStep":0,"mRunStepCount":0,"mSpeed":0.0,"mStartTime":0,"mStepCount":0,"mTimeUnit":600000,"mTotalActiveTime":0.0,"mWalkStepCount":0},{"mCalorie":0.0,"mDistance":0.0,"mNowHealthyStep":0,"mRunStepCount":0,"mSpeed":0.0,"mStartTime":0,"mStepCount":0,"mTimeUnit":600000,"mTotalActiveTime":0.0,"mWalkStepCount":0},{"mCalorie":1.2000000178813934,"mDistance":20.000000476837158,"mNowHealthyStep":0,"mRunStepCount":0,"mSpeed":4.360530376434326,"mStartTime":0,"mStepCount":27,"mTimeUnit":600000,"mTotalActiveTime":16511.752838143788,"mWalkStepCount":27},{"mCalorie":4.009999990463257,"mDistance":66.98000049591064,"mNowHealthyStep":0,"mRunStepCount":0,"mSpeed":4.282100677490234,"mStartTime":0,"mStepCount":90,"mTimeUnit":600000,"mTotalActiveTime":56310.68218640129,"mWalkStepCount":90},{"mCalorie":1.310000091791153,"mDistance":20.84000015258789,"mNowHealthyStep":0,"mRunStepCount":0,"mSpeed":3.652559757232666,"mStartTime":0,"mStepCount":29,"mTimeUnit":600000,"mTotalActiveTime":20540.115804608162,"mWalkStepCount":29},{"mCalorie":0.0,"mDistance":0.0,"mNowHealthyStep":0,"mRunStepCount":0,"mSpeed":0.0,"mStartTime":0,"mStepCount":0,"mTimeUnit":600000,"mTotalActiveTime":0.0,"mWalkStepCount":0},{"mCalorie":0.0,"mDistance":0.0,"mNowHealthyStep":0,"mRunStepCount":0,"mSpeed":0.0,"mStartTime":0,"mStepCount":0,"mTimeUnit":600000,"mTotalActiveTime":0.0,"mWalkStepCount":0},{"mCalorie":1.8399999737739563,"mDistance":30.34000062942505,"mNowHealthyStep":0,"mRunStepCount":0,"mSpeed":4.347043514251709,"mStartTime":0,"mStepCount":41,"mTimeUnit":600000,"mTotalActiveTime":25126.04315438233,"mWalkStepCount":41},{"mCalorie":4.239999979734421,"mDistance":67.30000114440918,"mNowHealthyStep":0,"mRunStepCount":0,"mSpeed":4.687098503112793,"mStartTime":0,"mStepCount":91,"mTimeUnit":600000,"mTotalActiveTime":51690.830812692824,"mWalkStepCount":91},{"mCalorie":6.089998960494995,"mDistance":106.89999008178711,"mNowHealthyStep":0,"mRunStepCount":7,"mSpeed":5.602386951446533,"mStartTime":0,"mStepCount":133,"mTimeUnit":600000,"mTotalActiveTime":68692.14480149766,"mWalkStepCount":126},{"mCalorie":0.0,"mDistance":0.0,"mNowHealthyStep":0,"mRunStepCount":0,"mSpeed":0.0,"mStartTime":0,"mStepCount":0,"mTimeUnit":600000,"mTotalActiveTime":0.0,"mWalkStepCount":0},{"mCalorie":0.0,"mDistance":0.0,"mNowHealthyStep":0,"mRunStepCount":0,"mSpeed":0.0,"mStartTime":0,"mStepCount":0,"mTimeUnit":600000,"mTotalActiveTime":0.0,"mWalkStepCount":0},{"mCalorie":8.20999950170517,"mDistance":113.6400032043457,"mNowHealthyStep":0,"mRunStepCount":0,"mSpeed":4.994136810302734,"mStartTime":0,"mStepCount":160,"mTimeUnit":600000,"mTotalActiveTime":81916.86155615473,"mWalkStepCount":160},{"mCalorie":7.189998745918274,"mDistance":118.14001941680908,"mNowHealthyStep":0,"mRunStepCount":0,"mSpeed":4.035965442657471,"mStartTime":0,"mStepCount":162,"mTimeUnit":600000,"mTotalActiveTime":105378.52654056762,"mWalkStepCount":162},{"mCalorie":13.349992275238037,"mDistance":190.9100685119629,"mNowHealthyStep":0,"mRunStepCount":0,"mSpeed":3.2970430850982666,"mStartTime":0,"mStepCount":272,"mTimeUnit":600000,"mTotalActiveTime":208452.31175680947,"mWalkStepCount":272},{"mCalorie":17.110000610351562,"mDistance":269.21000480651855,"mNowHealthyStep":0,"mRunStepCount":0,"mSpeed":3.9043843746185303,"mStartTime":0,"mStepCount":370,"mTimeUnit":600000,"mTotalActiveTime":248222.49130763763,"mWalkStepCount":370},{"mCalorie":1.149999976158142,"mDistance":19.839999198913574,"mNowHealthyStep":0,"mRunStepCount":0,"mSpeed":4.844823360443115,"mStartTime":0,"mStepCount":26,"mTimeUnit":600000,"mTotalActiveTime":14742.332302657587,"mWalkStepCount":26},{"mCalorie":1.059999942779541,"mDistance":18.5,"mNowHealthyStep":0,"mRunStepCount":0,"mSpeed":4.600000381469727,"mStartTime":0,"mStepCount":25,"mTimeUnit":600000,"mTotalActiveTime":14478.259668909184,"mWalkStepCount":25},{"mCalorie":10.930000185966492,"mDistance":192.56000137329102,"mNowHealthyStep":0,"mRunStepCount":0,"mSpeed":5.040589332580566,"mStartTime":0,"mStepCount":262,"mTimeUnit":600000,"mTotalActiveTime":137526.78169022885,"mWalkStepCount":262},{"mCalorie":0.0,"mDistance":0.0,"mNowHealthyStep":0,"mRunStepCount":0,"mSpeed":0.0,"mStartTime":0,"mStepCount":0,"mTimeUnit":600000,"mTotalActiveTime":0.0,"mWalkStepCount":0},{"mCalorie":0.0,"mDistance":0.0,"mNowHealthyStep":0,"mRunStepCount":0,"mSpeed":0.0,"mStartTime":0,"mStepCount":0,"mTimeUnit":600000,"mTotalActiveTime":0.0,"mWalkStepCount":0},{"mCalorie":0.0,"mDistance":0.0,"mNowHealthyStep":0,"mRunStepCount":0,"mSpeed":0.0,"mStartTime":0,"mStepCount":0,"mTimeUnit":600000,"mTotalActiveTime":0.0,"mWalkStepCount":0},{"mCalorie":8.450000047683716,"mDistance":113.09000015258789,"mNowHealthyStep":0,"mRunStepCount":0,"mSpeed":4.849273204803467,"mStartTime":0,"mStepCount":159,"mTimeUnit":600000,"mTotalActiveTime":83955.67810780706,"mWalkStepCount":159},{"mCalorie":0.0,"mDistance":0.0,"mNowHealthyStep":0,"mRunStepCount":0,"mSpeed":0.0,"mStartTime":0,"mStepCount":0,"mTimeUnit":600000,"mTotalActiveTime":0.0,"mWalkStepCount":0},{"mCalorie":5.43999969959259,"mDistance":91.58999824523926,"mNowHealthyStep":0,"mRunStepCount":0,"mSpeed":4.131791114807129,"mStartTime":0,"mStepCount":126,"mTimeUnit":600000,"mTotalActiveTime":79801.7061993451,"mWalkStepCount":126},{"mCalorie":0.0,"mDistance":0.0,"mNowHealthyStep":0,"mRunStepCount":0,"mSpeed":0.0,"mStartTime":0,"mStepCount":0,"mTimeUnit":600000,"mTotalActiveTime":0.0,"mWalkStepCount":0},{"mCalorie":0.0,"mDistance":0.0,"mNowHealthyStep":0,"mRunStepCount":0,"mSpeed":0.0,"mStartTime":0,"mStepCount":0,"mTimeUnit":600000,"mTotalActiveTime":0.0,"mWalkStepCount":0},{"mCalorie":0.0,"mDistance":0.0,"mNowHealthyStep":0,"mRunStepCount":0,"mSpeed":0.0,"mStartTime":0,"mStepCount":0,"mTimeUnit":600000,"mTotalActiveTime":0.0,"mWalkStepCount":0},{"mCalorie":0.0,"mDistance":0.0,"mNowHealthyStep":0,"mRunStepCount":0,"mSpeed":0.0,"mStartTime":0,"mStepCount":0,"mTimeUnit":600000,"mTotalActiveTime":0.0,"mWalkStepCount":0},{"mCalorie":0.0,"mDistance":0.0,"mNowHealthyStep":0,"mRunStepCount":0,"mSpeed":0.0,"mStartTime":0,"mStepCount":0,"mTimeUnit":600000,"mTotalActiveTime":0.0,"mWalkStepCount":0},{"mCalorie":0.0,"mDistance":0.0,"mNowHealthyStep":0,"mRunStepCount":0,"mSpeed":0.0,"mStartTime":0,"mStepCount":0,"mTimeUnit":600000,"mTotalActiveTime":0.0,"mWalkStepCount":0},{"mCalorie":0.0,"mDistance":0.0,"mNowHealthyStep":0,"mRunStepCount":0,"mSpeed":0.0,"mStartTime":0,"mStepCount":0,"mTimeUnit":600000,"mTotalActiveTime":0.0,"mWalkStepCount":0},{"mCalorie":0.0,"mDistance":0.0,"mNowHealthyStep":0,"mRunStepCount":0,"mSpeed":0.0,"mStartTime":0,"mStepCount":0,"mTimeUnit":600000,"mTotalActiveTime":0.0,"mWalkStepCount":0},{"mCalorie":0.0,"mDistance":0.0,"mNowHealthyStep":0,"mRunStepCount":0,"mSpeed":0.0,"mStartTime":0,"mStepCount":0,"mTimeUnit":600000,"mTotalActiveTime":0.0,"mWalkStepCount":0},{"mCalorie":0.0,"mDistance":0.0,"mNowHealthyStep":0,"mRunStepCount":0,"mSpeed":0.0,"mStartTime":0,"mStepCount":0,"mTimeUnit":600000,"mTotalActiveTime":0.0,"mWalkStepCount":0},{"mCalorie":0.0,"mDistance":0.0,"mNowHealthyStep":0,"mRunStepCount":0,"mSpeed":0.0,"mStartTime":0,"mStepCount":0,"mTimeUnit":600000,"mTotalActiveTime":0.0,"mWalkStepCount":0},{"mCalorie":0.0,"mDistance":0.0,"mNowHealthyStep":0,"mRunStepCount":0,"mSpeed":0.0,"mStartTime":0,"mStepCount":0,"mTimeUnit":600000,"mTotalActiveTime":0.0,"mWalkStepCount":0},{"mCalorie":0.0,"mDistance":0.0,"mNowHealthyStep":0,"mRunStepCount":0,"mSpeed":0.0,"mStartTime":0,"mStepCount":0,"mTimeUnit":600000,"mTotalActiveTime":0.0,"mWalkStepCount":0},{"mCalorie":0.0,"mDistance":0.0,"mNowHealthyStep":0,"mRunStepCount":0,"mSpeed":0.0,"mStartTime":0,"mStepCount":0,"mTimeUnit":600000,"mTotalActiveTime":0.0,"mWalkStepCount":0},{"mCalorie":0.0,"mDistance":0.0,"mNowHealthyStep":0,"mRunStepCount":0,"mSpeed":0.0,"mStartTime":0,"mStepCount":0,"mTimeUnit":600000,"mTotalActiveTime":0.0,"mWalkStepCount":0},{"mCalorie":0.0,"mDistance":0.0,"mNowHealthyStep":0,"mRunStepCount":0,"mSpeed":0.0,"mStartTime":0,"mStepCount":0,"mTimeUnit":600000,"mTotalActiveTime":0.0,"mWalkStepCount":0},{"mCalorie":0.0,"mDistance":0.0,"mNowHealthyStep":0,"mRunStepCount":0,"mSpeed":0.0,"mStartTime":0,"mStepCount":0,"mTimeUnit":600000,"mTotalActiveTime":0.0,"mWalkStepCount":0},{"mCalorie":0.0,"mDistance":0.0,"mNowHealthyStep":0,"mRunStepCount":0,"mSpeed":0.0,"mStartTime":0,"mStepCount":0,"mTimeUnit":600000,"mTotalActiveTime":0.0,"mWalkStepCount":0},{"mCalorie":1.03000009059906,"mDistance":16.40999984741211,"mNowHealthyStep":0,"mRunStepCount":0,"mSpeed":3.7041661739349365,"mStartTime":0,"mStepCount":23,"mTimeUnit":600000,"mTotalActiveTime":15948.528407387066,"mWalkStepCount":23},{"mCalorie":3.9400001168251038,"mDistance":66.43000030517578,"mNowHealthyStep":0,"mRunStepCount":0,"mSpeed":4.521590709686279,"mStartTime":0,"mStepCount":89,"mTimeUnit":600000,"mTotalActiveTime":52890.23639121851,"mWalkStepCount":89},{"mCalorie":0.0,"mDistance":0.0,"mNowHealthyStep":0,"mRunStepCount":0,"mSpeed":0.0,"mStartTime":0,"mStepCount":0,"mTimeUnit":600000,"mTotalActiveTime":0.0,"mWalkStepCount":0},{"mCalorie":12.700000256299973,"mDistance":226.56999969482422,"mNowHealthyStep":0,"mRunStepCount":0,"mSpeed":4.5754570960998535,"mStartTime":0,"mStepCount":302,"mTimeUnit":600000,"mTotalActiveTime":178266.78186399868,"mWalkStepCount":302},{"mCalorie":6.960000038146973,"mDistance":115.76999855041504,"mNowHealthyStep":0,"mRunStepCount":2,"mSpeed":4.989314079284668,"mStartTime":0,"mStepCount":150,"mTimeUnit":600000,"mTotalActiveTime":83532.92716049988,"mWalkStepCount":148},{"mCalorie":10.750000059604645,"mDistance":162.98000240325928,"mNowHealthyStep":0,"mRunStepCount":0,"mSpeed":3.7722184658050537,"mStartTime":0,"mStepCount":226,"mTimeUnit":600000,"mTotalActiveTime":155539.24473355382,"mWalkStepCount":226},{"mCalorie":20.070000112056732,"mDistance":357.61000299453735,"mNowHealthyStep":0,"mRunStepCount":0,"mSpeed":4.727139472961426,"mStartTime":0,"mStepCount":475,"mTimeUnit":600000,"mTotalActiveTime":272341.4565980525,"mWalkStepCount":475},{"mCalorie":9.559999972581863,"mDistance":156.66999912261963,"mNowHealthyStep":0,"mRunStepCount":0,"mSpeed":4.14774751663208,"mStartTime":0,"mStepCount":214,"mTimeUnit":600000,"mTotalActiveTime":135980.31758874306,"mWalkStepCount":214},{"mCalorie":8.649999856948853,"mDistance":162.3300018310547,"mNowHealthyStep":0,"mRunStepCount":0,"mSpeed":4.945762634277344,"mStartTime":0,"mStepCount":213,"mTimeUnit":600000,"mTotalActiveTime":118159.33159970693,"mWalkStepCount":213},{"mCalorie":1.1399999856948853,"mDistance":18.93000030517578,"mNowHealthyStep":0,"mRunStepCount":0,"mSpeed":5.400000095367432,"mStartTime":0,"mStepCount":25,"mTimeUnit":600000,"mTotalActiveTime":12619.9999805733,"mWalkStepCount":25},{"mCalorie":4.5,"mDistance":78.06999969482422,"mNowHealthyStep":0,"mRunStepCount":0,"mSpeed":4.803201675415039,"mStartTime":0,"mStepCount":104,"mTimeUnit":600000,"mTotalActiveTime":58513.471185528724,"mWalkStepCount":104},{"mCalorie":0.7200000286102295,"mDistance":12.100000381469727,"mNowHealthyStep":0,"mRunStepCount":0,"mSpeed":5.099999904632568,"mStartTime":0,"mStepCount":16,"mTimeUnit":600000,"mTotalActiveTime":8541.176899576689,"mWalkStepCount":16},{"mCalorie":4.809999942779541,"mDistance":79.0500020980835,"mNowHealthyStep":0,"mRunStepCount":0,"mSpeed":4.134838104248047,"mStartTime":0,"mStepCount":108,"mTimeUnit":600000,"mTotalActiveTime":68824.94739155837,"mWalkStepCount":108},{"mCalorie":0.0,"mDistance":0.0,"mNowHealthyStep":0,"mRunStepCount":0,"mSpeed":0.0,"mStartTime":0,"mStepCount":0,"mTimeUnit":600000,"mTotalActiveTime":0.0,"mWalkStepCount":0},{"mCalorie":4.28999999165535,"mDistance":72.70999908447266,"mNowHealthyStep":0,"mRunStepCount":0,"mSpeed":4.415482044219971,"mStartTime":0,"mStepCount":97,"mTimeUnit":600000,"mTotalActiveTime":59281.40652597578,"mWalkStepCount":97},{"mCalorie":0.27000001072883606,"mDistance":4.420000076293945,"mNowHealthyStep":0,"mRunStepCount":0,"mSpeed":5.299999713897705,"mStartTime":0,"mStepCount":6,"mTimeUnit":600000,"mTotalActiveTime":3002.264364832628,"mWalkStepCount":6},{"mCalorie":0.0,"mDistance":0.0,"mNowHealthyStep":0,"mRunStepCount":0,"mSpeed":0.0,"mStartTime":0,"mStepCount":0,"mTimeUnit":600000,"mTotalActiveTime":0.0,"mWalkStepCount":0},{"mCalorie":2.25,"mDistance":37.529998779296875,"mNowHealthyStep":0,"mRunStepCount":0,"mSpeed":4.20711088180542,"mStartTime":0,"mStepCount":51,"mTimeUnit":600000,"mTotalActiveTime":32114.197279106433,"mWalkStepCount":51},{"mCalorie":0.0,"mDistance":0.0,"mNowHealthyStep":0,"mRunStepCount":0,"mSpeed":0.0,"mStartTime":0,"mStepCount":0,"mTimeUnit":600000,"mTotalActiveTime":0.0,"mWalkStepCount":0},{"mCalorie":0.0,"mDistance":0.0,"mNowHealthyStep":0,"mRunStepCount":0,"mSpeed":0.0,"mStartTime":0,"mStepCount":0,"mTimeUnit":600000,"mTotalActiveTime":0.0,"mWalkStepCount":0},{"mCalorie":3.9899998903274536,"mDistance":65.89999961853027,"mNowHealthyStep":0,"mRunStepCount":0,"mSpeed":4.281447410583496,"mStartTime":0,"mStepCount":89,"mTimeUnit":600000,"mTotalActiveTime":55411.16950969877,"mWalkStepCount":89},{"mCalorie":0.0,"mDistance":0.0,"mNowHealthyStep":0,"mRunStepCount":0,"mSpeed":0.0,"mStartTime":0,"mStepCount":0,"mTimeUnit":600000,"mTotalActiveTime":0.0,"mWalkStepCount":0},{"mCalorie":0.0,"mDistance":0.0,"mNowHealthyStep":0,"mRunStepCount":0,"mSpeed":0.0,"mStartTime":0,"mStepCount":0,"mTimeUnit":600000,"mTotalActiveTime":0.0,"mWalkStepCount":0},{"mCalorie":0.0,"mDistance":0.0,"mNowHealthyStep":0,"mRunStepCount":0,"mSpeed":0.0,"mStartTime":0,"mStepCount":0,"mTimeUnit":600000,"mTotalActiveTime":0.0,"mWalkStepCount":0},{"mCalorie":0.0,"mDistance":0.0,"mNowHealthyStep":0,"mRunStepCount":0,"mSpeed":0.0,"mStartTime":0,"mStepCount":0,"mTimeUnit":600000,"mTotalActiveTime":0.0,"mWalkStepCount":0},{"mCalorie":0.0,"mDistance":0.0,"mNowHealthyStep":0,"mRunStepCount":0,"mSpeed":0.0,"mStartTime":0,"mStepCount":0,"mTimeUnit":600000,"mTotalActiveTime":0.0,"mWalkStepCount":0},{"mCalorie":0.0,"mDistance":0.0,"mNowHealthyStep":0,"mRunStepCount":0,"mSpeed":0.0,"mStartTime":0,"mStepCount":0,"mTimeUnit":600000,"mTotalActiveTime":0.0,"mWalkStepCount":0},{"mCalorie":2.31000018119812,"mDistance":38.95000076293945,"mNowHealthyStep":0,"mRunStepCount":0,"mSpeed":4.357028007507324,"mStartTime":0,"mStepCount":54,"mTimeUnit":600000,"mTotalActiveTime":32182.486726100542,"mWalkStepCount":54},{"mCalorie":0.0,"mDistance":0.0,"mNowHealthyStep":0,"mRunStepCount":0,"mSpeed":0.0,"mStartTime":0,"mStepCount":0,"mTimeUnit":600000,"mTotalActiveTime":0.0,"mWalkStepCount":0},{"mCalorie":0.0,"mDistance":0.0,"mNowHealthyStep":0,"mRunStepCount":0,"mSpeed":0.0,"mStartTime":0,"mStepCount":0,"mTimeUnit":600000,"mTotalActiveTime":0.0,"mWalkStepCount":0},{"mCalorie":0.0,"mDistance":0.0,"mNowHealthyStep":0,"mRunStepCount":0,"mSpeed":0.0,"mStartTime":0,"mStepCount":0,"mTimeUnit":600000,"mTotalActiveTime":0.0,"mWalkStepCount":0},{"mCalorie":2.1999998837709427,"mDistance":38.38000154495239,"mNowHealthyStep":0,"mRunStepCount":0,"mSpeed":4.783231735229492,"mStartTime":0,"mStepCount":51,"mTimeUnit":600000,"mTotalActiveTime":28885.911874236815,"mWalkStepCount":51},{"mCalorie":0.0,"mDistance":0.0,"mNowHealthyStep":0,"mRunStepCount":0,"mSpeed":0.0,"mStartTime":0,"mStepCount":0,"mTimeUnit":600000,"mTotalActiveTime":0.0,"mWalkStepCount":0},{"mCalorie":0.0,"mDistance":0.0,"mNowHealthyStep":0,"mRunStepCount":0,"mSpeed":0.0,"mStartTime":0,"mStepCount":0,"mTimeUnit":600000,"mTotalActiveTime":0.0,"mWalkStepCount":0}]