[{"mCalorie":1.4000000357627869,"mDistance":22.1899995803833,"mNowHealthyStep":0,"mRunStepCount":0,"mSpeed":4.8980302810668945,"mStartTime":0,"mStepCount":29,"mTimeUnit":600000,"mTotalActiveTime":16309.41272631213,"mWalkStepCount":29},{"mCalorie":2.2299999594688416,"mDistance":33.14000082015991,"mNowHealthyStep":0,"mRunStepCount":0,"mSpeed":4.6294121742248535,"mStartTime":0,"mStepCount":44,"mTimeUnit":600000,"mTotalActiveTime":25770.87639069315,"mWalkStepCount":44},{"mCalorie":0.0,"mDistance":0.0,"mNowHealthyStep":0,"mRunStepCount":0,"mSpeed":0.0,"mStartTime":0,"mStepCount":0,"mTimeUnit":600000,"mTotalActiveTime":0.0,"mWalkStepCount":0},{"mCalorie":1.0600000023841858,"mDistance":15.34999942779541,"mNowHealthyStep":0,"mRunStepCount":0,"mSpeed":4.199999809265137,"mStartTime":0,"mStepCount":21,"mTimeUnit":600000,"mTotalActiveTime":13157.142964187939,"mWalkStepCount":21},{"mCalorie":0.0,"mDistance":0.0,"mNowHealthyStep":0,"mRunStepCount":0,"mSpeed":0.0,"mStartTime":0,"mStepCount":0,"mTimeUnit":600000,"mTotalActiveTime":0.0,"mWalkStepCount":0},{"mCalorie":0.0,"mDistance":0.0,"mNowHealthyStep":0,"mRunStepCount":0,"mSpeed":0.0,"mStartTime":0,"mStepCount":0,"mTimeUnit":600000,"mTotalActiveTime":0.0,"mWalkStepCount":0},{"mCalorie":0.0,"mDistance":0.0,"mNowHealthyStep":0,"mRunStepCount":0,"mSpeed":0.0,"mStartTime":0,"mStepCount":0,"mTimeUnit":600000,"mTotalActiveTime":0.0,"mWalkStepCount":0},{"mCalorie":0.0,"mDistance":0.0,"mNowHealthyStep":0,"mRunStepCount":0,"mSpeed":0.0,"mStartTime":0,"mStepCount":0,"mTimeUnit":600000,"mTotalActiveTime":0.0,"mWalkStepCount":0},{"mCalorie":0.0,"mDistance":0.0,"mNowHealthyStep":0,"mRunStepCount":0,"mSpeed":0.0,"mStartTime":0,"mStepCount":0,"mTimeUnit":600000,"mTotalActiveTime":0.0,"mWalkStepCount":0},{"mCalorie":0.0,"mDistance":0.0,"mNowHealthyStep":0,"mRunStepCount":0,"mSpeed":0.0,"mStartTime":0,"mStepCount":0,"mTimeUnit":600000,"mTotalActiveTime":0.0,"mWalkStepCount":0},{"mCalorie":0.0,"mDistance":0.0,"mNowHealthyStep":0,"mRunStepCount":0,"mSpeed":0.0,"mStartTime":0,"mStepCount":0,"mTimeUnit":600000,"mTotalActiveTime":0.0,"mWalkStepCount":0},{"mCalorie":0.0,"mDistance":0.0,"mNowHealthyStep":0,"mRunStepCount":0,"mSpeed":0.0,"mStartTime":0,"mStepCount":0,"mTimeUnit":600000,"mTotalActiveTime":0.0,"mWalkStepCount":0},{"mCalorie":0.0,"mDistance":0.0,"mNowHealthyStep":0,"mRunStepCount":0,"mSpeed":0.0,"mStartTime":0,"mStepCount":0,"mTimeUnit":600000,"mTotalActiveTime":0.0,"mWalkStepCount":0},{"mCalorie":0.0,"mDistance":0.0,"mNowHealthyStep":0,"mRunStepCount":0,"mSpeed":0.0,"mStartTime":0,"mStepCount":0,"mTimeUnit":600000,"mTotalActiveTime":0.0,"mWalkStepCount":0},{"mCalorie":0.0,"mDistance":0.0,"mNowHealthyStep":0,"mRunStepCount":0,"mSpeed":0.0,"mStartTime":0,"mStepCount":0,"mTimeUnit":600000,"mTotalActiveTime":0.0,"mWalkStepCount":0},{"mCalorie":0.0,"mDistance":0.0,"mNowHealthyStep":0,"mRunStepCount":0,"mSpeed":0.0,"mStartTime":0,"mStepCount":0,"mTimeUnit":600000,"mTotalActiveTime":0.0,"mWalkStepCount":0},{"mCalorie":0.0,"mDistance":0.0,"mNowHealthyStep":0,"mRunStepCount":0,"mSpeed":0.0,"mStartTime":0,"mStepCount":0,"mTimeUnit":600000,"mTotalActiveTime":0.0,"mWalkStepCount":0},{"mCalorie":0.0,"mDistance":0.0,"mNowHealthyStep":0,"mRunStepCount":0,"mSpeed":0.0,"mStartTime":0,"mStepCount":0,"mTimeUnit":600000,"mTotalActiveTime":0.0,"mWalkStepCount":0},{"mCalorie":0.0,"mDistance":0.0,"mNowHealthyStep":0,"mRunStepCount":0,"mSpeed":0.0,"mStartTime":0,"mStepCount":0,"mTimeUnit":600000,"mTotalActiveTime":0.0,"mWalkStepCount":0},{"mCalorie":0.0,"mDistance":0.0,"mNowHealthyStep":0,"mRunStepCount":0,"mSpeed":0.0,"mStartTime":0,"mStepCount":0,"mTimeUnit":600000,"mTotalActiveTime":0.0,"mWalkStepCount":0},{"mCalorie":0.0,"mDistance":0.0,"mNowHealthyStep":0,"mRunStepCount":0,"mSpeed":0.0,"mStartTime":0,"mStepCount":0,"mTimeUnit":600000,"mTotalActiveTime":0.0,"mWalkStepCount":0},{"mCalorie":0.0,"mDistance":0.0,"mNowHealthyStep":0,"mRunStepCount":0,"mSpeed":0.0,"mStartTime":0,"mStepCount":0,"mTimeUnit":600000,"mTotalActiveTime":0.0,"mWalkStepCount":0},{"mCalorie":0.0,"mDistance":0.0,"mNowHealthyStep":0,"mRunStepCount":0,"mSpeed":0.0,"mStartTime":0,"mStepCount":0,"mTimeUnit":600000,"mTotalActiveTime":0.0,"mWalkStepCount":0},{"mCalorie":0.0,"mDistance":0.0,"mNowHealthyStep":0,"mRunStepCount":0,"mSpeed":0.0,"mStartTime":0,"mStepCount":0,"mTimeUnit":600000,"mTotalActiveTime":0.0,"mWalkStepCount":0},{"mCalorie":0.0,"mDistance":0.0,"mNowHealthyStep":0,"mRunStepCount":0,"mSpeed":0.0,"mStartTime":0,"mStepCount":0,"mTimeUnit":600000,"mTotalActiveTime":0.0,"mWalkStepCount":0},{"mCalorie":0.0,"mDistance":0.0,"mNowHealthyStep":0,"mRunStepCount":0,"mSpeed":0.0,"mStartTime":0,"mStepCount":0,"mTimeUnit":600000,"mTotalActiveTime":0.0,"mWalkStepCount":0},{"mCalorie":0.0,"mDistance":0.0,"mNowHealthyStep":0,"mRunStepCount":0,"mSpeed":0.0,"mStartTime":0,"mStepCount":0,"mTimeUnit":600000,"mTotalActiveTime":0.0,"mWalkStepCount":0},{"mCalorie":0.0,"mDistance":0.0,"mNowHealthyStep":0,"mRunStepCount":0,"mSpeed":0.0,"mStartTime":0,"mStepCount":0,"mTimeUnit":600000,"mTotalActiveTime":0.0,"mWalkStepCount":0},{"mCalorie":0.0,"mDistance":0.0,"mNowHealthyStep":0,"mRunStepCount":0,"mSpeed":0.0,"mStartTime":0,"mStepCount":0,"mTimeUnit":600000,"mTotalActiveTime":0.0,"mWalkStepCount":0},{"mCalorie":0.0,"mDistance":0.0,"mNowHealthyStep":0,"mRunStepCount":0,"mSpeed":0.0,"mStartTime":0,"mStepCount":0,"mTimeUnit":600000,"mTotalActiveTime":0.0,"mWalkStepCount":0},{"mCalorie":0.0,"mDistance":0.0,"mNowHealthyStep":0,"mRunStepCount":0,"mSpeed":0.0,"mStartTime":0,"mStepCount":0,"mTimeUnit":600000,"mTotalActiveTime":0.0,"mWalkStepCount":0},{"mCalorie":0.0,"mDistance":0.0,"mNowHealthyStep":0,"mRunStepCount":0,"mSpeed":0.0,"mStartTime":0,"mStepCount":0,"mTimeUnit":600000,"mTotalActiveTime":0.0,"mWalkStepCount":0},{"mCalorie":0.0,"mDistance":0.0,"mNowHealthyStep":0,"mRunStepCount":0,"mSpeed":0.0,"mStartTime":0,"mStepCount":0,"mTimeUnit":600000,"mTotalActiveTime":0.0,"mWalkStepCount":0},{"mCalorie":0.0,"mDistance":0.0,"mNowHealthyStep":0,"mRunStepCount":0,"mSpeed":0.0,"mStartTime":0,"mStepCount":0,"mTimeUnit":600000,"mTotalActiveTime":0.0,"mWalkStepCount":0},{"mCalorie":0.0,"mDistance":0.0,"mNowHealthyStep":0,"mRunStepCount":0,"mSpeed":0.0,"mStartTime":0,"mStepCount":0,"mTimeUnit":600000,"mTotalActiveTime":0.0,"mWalkStepCount":0},{"mCalorie":0.0,"mDistance":0.0,"mNowHealthyStep":0,"mRunStepCount":0,"mSpeed":0.0,"mStartTime":0,"mStepCount":0,"mTimeUnit":600000,"mTotalActiveTime":0.0,"mWalkStepCount":0},{"mCalorie":0.0,"mDistance":0.0,"mNowHealthyStep":0,"mRunStepCount":0,"mSpeed":0.0,"mStartTime":0,"mStepCount":0,"mTimeUnit":600000,"mTotalActiveTime":0.0,"mWalkStepCount":0},{"mCalorie":0.0,"mDistance":0.0,"mNowHealthyStep":0,"mRunStepCount":0,"mSpeed":0.0,"mStartTime":0,"mStepCount":0,"mTimeUnit":600000,"mTotalActiveTime":0.0,"mWalkStepCount":0},{"mCalorie":0.0,"mDistance":0.0,"mNowHealthyStep":0,"mRunStepCount":0,"mSpeed":0.0,"mStartTime":0,"mStepCount":0,"mTimeUnit":600000,"mTotalActiveTime":0.0,"mWalkStepCount":0},{"mCalorie":0.0,"mDistance":0.0,"mNowHealthyStep":0,"mRunStepCount":0,"mSpeed":0.0,"mStartTime":0,"mStepCount":0,"mTimeUnit":600000,"mTotalActiveTime":0.0,"mWalkStepCount":0},{"mCalorie":0.0,"mDistance":0.0,"mNowHealthyStep":0,"mRunStepCount":0,"mSpeed":0.0,"mStartTime":0,"mStepCount":0,"mTimeUnit":600000,"mTotalActiveTime":0.0,"mWalkStepCount":0},{"mCalorie":0.0,"mDistance":0.0,"mNowHealthyStep":0,"mRunStepCount":0,"mSpeed":0.0,"mStartTime":0,"mStepCount":0,"mTimeUnit":600000,"mTotalActiveTime":0.0,"mWalkStepCount":0},{"mCalorie":3.820000022649765,"mDistance":55.37999963760376,"mNowHealthyStep":0,"mRunStepCount":0,"mSpeed":4.17336368560791,"mStartTime":0,"mStepCount":75,"mTimeUnit":600000,"mTotalActiveTime":47771.53647483905,"mWalkStepCount":75},{"mCalorie":0.0,"mDistance":0.0,"mNowHealthyStep":0,"mRunStepCount":0,"mSpeed":0.0,"mStartTime":0,"mStepCount":0,"mTimeUnit":600000,"mTotalActiveTime":0.0,"mWalkStepCount":0},{"mCalorie":1.7900000214576721,"mDistance":25.480000019073486,"mNowHealthyStep":0,"mRunStepCount":0,"mSpeed":3.9165828227996826,"mStartTime":0,"mStepCount":35,"mTimeUnit":600000,"mTotalActiveTime":23420.41698348632,"mWalkStepCount":35},{"mCalorie":1.600000023841858,"mDistance":22.449999809265137,"mNowHealthyStep":0,"mRunStepCount":0,"mSpeed":3.939790964126587,"mStartTime":0,"mStepCount":31,"mTimeUnit":600000,"mTotalActiveTime":20513.778681415715,"mWalkStepCount":31},{"mCalorie":4.770000100135803,"mDistance":62.45000076293945,"mNowHealthyStep":0,"mRunStepCount":0,"mSpeed":4.9579057693481445,"mStartTime":0,"mStepCount":84,"mTimeUnit":600000,"mTotalActiveTime":45345.75782691022,"mWalkStepCount":84},{"mCalorie":0.0,"mDistance":0.0,"mNowHealthyStep":0,"mRunStepCount":0,"mSpeed":0.0,"mStartTime":0,"mStepCount":0,"mTimeUnit":600000,"mTotalActiveTime":0.0,"mWalkStepCount":0},{"mCalorie":0.0,"mDistance":0.0,"mNowHealthyStep":0,"mRunStepCount":0,"mSpeed":0.0,"mStartTime":0,"mStepCount":0,"mTimeUnit":600000,"mTotalActiveTime":0.0,"mWalkStepCount":0},{"mCalorie":2.7199995517730713,"mDistance":39.189998626708984,"mNowHealthyStep":0,"mRunStepCount":0,"mSpeed":4.105614185333252,"mStartTime":0,"mStepCount":54,"mTimeUnit":600000,"mTotalActiveTime":34363.67617752396,"mWalkStepCount":54},{"mCalorie":6.719999551773071,"mDistance":98.96999835968018,"mNowHealthyStep":0,"mRunStepCount":0,"mSpeed":4.438500881195068,"mStartTime":0,"mStepCount":133,"mTimeUnit":600000,"mTotalActiveTime":80273.04790111189,"mWalkStepCount":133},{"mCalorie":0.0,"mDistance":0.0,"mNowHealthyStep":0,"mRunStepCount":0,"mSpeed":0.0,"mStartTime":0,"mStepCount":0,"mTimeUnit":600000,"mTotalActiveTime":0.0,"mWalkStepCount":0},{"mCalorie":0.6000000238418579,"mDistance":9.640000343322754,"mNowHealthyStep":0,"mRunStepCount":0,"mSpeed":5.600000381469727,"mStartTime":0,"mStepCount":12,"mTimeUnit":600000,"mTotalActiveTime":6197.1426557035,"mWalkStepCount":12},{"mCalorie":37.329999923706055,"mDistance":570.7799017429352,"mNowHealthyStep":0,"mRunStepCount":0,"mSpeed":5.30392599105835,"mStartTime":0,"mStepCount":746,"mTimeUnit":600000,"mTotalActiveTime":387412.59602000215,"mWalkStepCount":746},{"mCalorie":56.89000082015991,"mDistance":820.650016784668,"mNowHealthyStep":0,"mRunStepCount":0,"mSpeed":5.646470546722412,"mStartTime":0,"mStepCount":1096,"mTimeUnit":600000,"mTotalActiveTime":523218.8763689614,"mWalkStepCount":1096},{"mCalorie":54.85999846458435,"mDistance":843.3900032043457,"mNowHealthyStep":0,"mRunStepCount":0,"mSpeed":5.361484050750732,"mStartTime":0,"mStepCount":1097,"mTimeUnit":600000,"mTotalActiveTime":566299.1575679511,"mWalkStepCount":1097},{"mCalorie":55.78000593185425,"mDistance":835.9598617553711,"mNowHealthyStep":0,"mRunStepCount":0,"mSpeed":5.292234897613525,"mStartTime":0,"mStepCount":1100,"mTimeUnit":600000,"mTotalActiveTime":568654.9499160987,"mWalkStepCount":1100},{"mCalorie":53.940001487731934,"mDistance":828.0499877929688,"mNowHealthyStep":0,"mRunStepCount":0,"mSpeed":5.239366054534912,"mStartTime":0,"mStepCount":1078,"mTimeUnit":600000,"mTotalActiveTime":568958.1364731278,"mWalkStepCount":1078},{"mCalorie":56.87999963760376,"mDistance":872.2000122070312,"mNowHealthyStep":0,"mRunStepCount":0,"mSpeed":5.3225860595703125,"mStartTime":0,"mStepCount":1135,"mTimeUnit":600000,"mTotalActiveTime":589923.7770321282,"mWalkStepCount":1135},{"mCalorie":58.88001585006714,"mDistance":851.7298812866211,"mNowHealthyStep":0,"mRunStepCount":0,"mSpeed":5.259430885314941,"mStartTime":0,"mStepCount":1137,"mTimeUnit":600000,"mTotalActiveTime":582996.081420764,"mWalkStepCount":1137},{"mCalorie":22.700000166893005,"mDistance":342.59000396728516,"mNowHealthyStep":0,"mRunStepCount":0,"mSpeed":5.316516399383545,"mStartTime":0,"mStepCount":447,"mTimeUnit":600000,"mTotalActiveTime":231979.71654016906,"mWalkStepCount":447},{"mCalorie":0.0,"mDistance":0.0,"mNowHealthyStep":0,"mRunStepCount":0,"mSpeed":0.0,"mStartTime":0,"mStepCount":0,"mTimeUnit":600000,"mTotalActiveTime":0.0,"mWalkStepCount":0},{"mCalorie":0.0,"mDistance":0.0,"mNowHealthyStep":0,"mRunStepCount":0,"mSpeed":0.0,"mStartTime":0,"mStepCount":0,"mTimeUnit":600000,"mTotalActiveTime":0.0,"mWalkStepCount":0},{"mCalorie":0.0,"mDistance":0.0,"mNowHealthyStep":0,"mRunStepCount":0,"mSpeed":0.0,"mStartTime":0,"mStepCount":0,"mTimeUnit":600000,"mTotalActiveTime":0.0,"mWalkStepCount":0},{"mCalorie":1.25,"mDistance":19.18000030517578,"mNowHealthyStep":0,"mRunStepCount":0,"mSpeed":5.199999809265137,"mStartTime":0,"mStepCount":25,"mTimeUnit":600000,"mTotalActiveTime":13278.462236788171,"mWalkStepCount":25},{"mCalorie":0.0,"mDistance":0.0,"mNowHealthyStep":0,"mRunStepCount":0,"mSpeed":0.0,"mStartTime":0,"mStepCount":0,"mTimeUnit":600000,"mTotalActiveTime":0.0,"mWalkStepCount":0},{"mCalorie":0.0,"mDistance":0.0,"mNowHealthyStep":0,"mRunStepCount":0,"mSpeed":0.0,"mStartTime":0,"mStepCount":0,"mTimeUnit":600000,"mTotalActiveTime":0.0,"mWalkStepCount":0},{"mCalorie":0.0,"mDistance":0.0,"mNowHealthyStep":0,"mRunStepCount":0,"mSpeed":0.0,"mStartTime":0,"mStepCount":0,"mTimeUnit":600000,"mTotalActiveTime":0.0,"mWalkStepCount":0},{"mCalorie":0.0,"mDistance":0.0,"mNowHealthyStep":0,"mRunStepCount":0,"mSpeed":0.0,"mStartTime":0,"mStepCount":0,"mTimeUnit":600000,"mTotalActiveTime":0.0,"mWalkStepCount":0},{"mCalorie":0.0,"mDistance":0.0,"mNowHealthyStep":0,"mRunStepCount":0,"mSpeed":0.0,"mStartTime":0,"mStepCount":0,"mTimeUnit":600000,"mTotalActiveTime":0.0,"mWalkStepCount":0},{"mCalorie":0.0,"mDistance":0.0,"mNowHealthyStep":0,"mRunStepCount":0,"mSpeed":0.0,"mStartTime":0,"mStepCount":0,"mTimeUnit":600000,"mTotalActiveTime":0.0,"mWalkStepCount":0},{"mCalorie":2.4399999380111694,"mDistance":34.88999938964844,"mNowHealthyStep":0,"mRunStepCount":0,"mSpeed":3.967778444290161,"mStartTime":0,"mStepCount":48,"mTimeUnit":600000,"mTotalActiveTime":31656.00046757291,"mWalkStepCount":48},{"mCalorie":0.0,"mDistance":0.0,"mNowHealthyStep":0,"mRunStepCount":0,"mSpeed":0.0,"mStartTime":0,"mStepCount":0,"mTimeUnit":600000,"mTotalActiveTime":0.0,"mWalkStepCount":0},{"mCalorie":0.0,"mDistance":0.0,"mNowHealthyStep":0,"mRunStepCount":0,"mSpeed":0.0,"mStartTime":0,"mStepCount":0,"mTimeUnit":600000,"mTotalActiveTime":0.0,"mWalkStepCount":0},{"mCalorie":4.180000126361847,"mDistance":60.69000053405762,"mNowHealthyStep":0,"mRunStepCount":0,"mSpeed":4.1805949211120605,"mStartTime":0,"mStepCount":83,"mTimeUnit":600000,"mTotalActiveTime":52261.4640521051,"mWalkStepCount":83},{"mCalorie":1.4800000190734863,"mDistance":20.55999994277954,"mNowHealthyStep":0,"mRunStepCount":0,"mSpeed":3.5708250999450684,"mStartTime":0,"mStepCount":29,"mTimeUnit":600000,"mTotalActiveTime":20727.98298910393,"mWalkStepCount":29},{"mCalorie":2.3500001430511475,"mDistance":32.929999351501465,"mNowHealthyStep":0,"mRunStepCount":0,"mSpeed":3.546029567718506,"mStartTime":0,"mStepCount":46,"mTimeUnit":600000,"mTotalActiveTime":33431.19203790421,"mWalkStepCount":46},{"mCalorie":0.0,"mDistance":0.0,"mNowHealthyStep":0,"mRunStepCount":0,"mSpeed":0.0,"mStartTime":0,"mStepCount":0,"mTimeUnit":600000,"mTotalActiveTime":0.0,"mWalkStepCount":0},{"mCalorie":0.0,"mDistance":0.0,"mNowHealthyStep":0,"mRunStepCount":0,"mSpeed":0.0,"mStartTime":0,"mStepCount":0,"mTimeUnit":600000,"mTotalActiveTime":0.0,"mWalkStepCount":0},{"mCalorie":0.0,"mDistance":0.0,"mNowHealthyStep":0,"mRunStepCount":0,"mSpeed":0.0,"mStartTime":0,"mStepCount":0,"mTimeUnit":600000,"mTotalActiveTime":0.0,"mWalkStepCount":0},{"mCalorie":3.360000193119049,"mDistance":51.30999755859375,"mNowHealthyStep":0,"mRunStepCount":0,"mSpeed":4.699265003204346,"mStartTime":0,"mStepCount":68,"mTimeUnit":600000,"mTotalActiveTime":39307.42057241694,"mWalkStepCount":68},{"mCalorie":1.5100000500679016,"mDistance":23.3700008392334,"mNowHealthyStep":0,"mRunStepCount":0,"mSpeed":5.162466049194336,"mStartTime":0,"mStepCount":30,"mTimeUnit":600000,"mTotalActiveTime":16296.863512875338,"mWalkStepCount":30},{"mCalorie":0.0,"mDistance":0.0,"mNowHealthyStep":0,"mRunStepCount":0,"mSpeed":0.0,"mStartTime":0,"mStepCount":0,"mTimeUnit":600000,"mTotalActiveTime":0.0,"mWalkStepCount":0},{"mCalorie":0.0,"mDistance":0.0,"mNowHealthyStep":0,"mRunStepCount":0,"mSpeed":0.0,"mStartTime":0,"mStepCount":0,"mTimeUnit":600000,"mTotalActiveTime":0.0,"mWalkStepCount":0},{"mCalorie":0.0,"mDistance":0.0,"mNowHealthyStep":0,"mRunStepCount":0,"mSpeed":0.0,"mStartTime":0,"mStepCount":0,"mTimeUnit":600000,"mTotalActiveTime":0.0,"mWalkStepCount":0},{"mCalorie":3.709999978542328,"mDistance":52.04999923706055,"mNowHealthyStep":0,"mRunStepCount":0,"mSpeed":4.508273124694824,"mStartTime":0,"mStepCount":68,"mTimeUnit":600000,"mTotalActiveTime":41563.58438567411,"mWalkStepCount":68},{"mCalorie":1.4599999785423279,"mDistance":20.360000133514404,"mNowHealthyStep":0,"mRunStepCount":0,"mSpeed":3.7854859828948975,"mStartTime":0,"mStepCount":28,"mTimeUnit":600000,"mTotalActiveTime":19362.375020939908,"mWalkStepCount":28},{"mCalorie":1.480000078678131,"mDistance":21.770000457763672,"mNowHealthyStep":0,"mRunStepCount":0,"mSpeed":4.809709548950195,"mStartTime":0,"mStepCount":29,"mTimeUnit":600000,"mTotalActiveTime":16294.539014992526,"mWalkStepCount":29},{"mCalorie":0.0,"mDistance":0.0,"mNowHealthyStep":0,"mRunStepCount":0,"mSpeed":0.0,"mStartTime":0,"mStepCount":0,"mTimeUnit":600000,"mTotalActiveTime":0.0,"mWalkStepCount":0},{"mCalorie":0.0,"mDistance":0.0,"mNowHealthyStep":0,"mRunStepCount":0,"mSpeed":0.0,"mStartTime":0,"mStepCount":0,"mTimeUnit":600000,"mTotalActiveTime":0.0,"mWalkStepCount":0},{"mCalorie":1.309999942779541,"mDistance":19.6200008392334,"mNowHealthyStep":0,"mRunStepCount":0,"mSpeed":4.900000095367432,"mStartTime":0,"mStepCount":26,"mTimeUnit":600000,"mTotalActiveTime":14414.694213581199,"mWalkStepCount":26},{"mCalorie":0.0,"mDistance":0.0,"mNowHealthyStep":0,"mRunStepCount":0,"mSpeed":0.0,"mStartTime":0,"mStepCount":0,"mTimeUnit":600000,"mTotalActiveTime":0.0,"mWalkStepCount":0},{"mCalorie":0.36000001430511475,"mDistance":5.090000152587891,"mNowHealthyStep":0,"mRunStepCount":0,"mSpeed":4.628416061401367,"mStartTime":0,"mStepCount":7,"mTimeUnit":600000,"mTotalActiveTime":3959.021899981991,"mWalkStepCount":7},{"mCalorie":0.0,"mDistance":0.0,"mNowHealthyStep":0,"mRunStepCount":0,"mSpeed":0.0,"mStartTime":0,"mStepCount":0,"mTimeUnit":600000,"mTotalActiveTime":0.0,"mWalkStepCount":0},{"mCalorie":0.0,"mDistance":0.0,"mNowHealthyStep":0,"mRunStepCount":0,"mSpeed":0.0,"mStartTime":0,"mStepCount":0,"mTimeUnit":600000,"mTotalActiveTime":0.0,"mWalkStepCount":0},{"mCalorie":0.0,"mDistance":0.0,"mNowHealthyStep":0,"mRunStepCount":0,"mSpeed":0.0,"mStartTime":0,"mStepCount":0,"mTimeUnit":600000,"mTotalActiveTime":0.0,"mWalkStepCount":0},{"mCalorie":0.0,"mDistance":0.0,"mNowHealthyStep":0,"mRunStepCount":0,"mSpeed":0.0,"mStartTime":0,"mStepCount":0,"mTimeUnit":600000,"mTotalActiveTime":0.0,"mWalkStepCount":0},{"mCalorie":0.0,"mDistance":0.0,"mNowHealthyStep":0,"mRunStepCount":0,"mSpeed":0.0,"mStartTime":0,"mStepCount":0,"mTimeUnit":600000,"mTotalActiveTime":0.0,"mWalkStepCount":0},{"mCalorie":0.0,"mDistance":0.0,"mNowHealthyStep":0,"mRunStepCount":0,"mSpeed":0.0,"mStartTime":0,"mStepCount":0,"mTimeUnit":600000,"mTotalActiveTime":0.0,"mWalkStepCount":0},{"mCalorie":0.0,"mDistance":0.0,"mNowHealthyStep":0,"mRunStepCount":0,"mSpeed":0.0,"mStartTime":0,"mStepCount":0,"mTimeUnit":600000,"mTotalActiveTime":0.0,"mWalkStepCount":0},{"mCalorie":0.0,"mDistance":0.0,"mNowHealthyStep":0,"mRunStepCount":0,"mSpeed":0.0,"mStartTime":0,"mStepCount":0,"mTimeUnit":600000,"mTotalActiveTime":0.0,"mWalkStepCount":0},{"mCalorie":0.0,"mDistance":0.0,"mNowHealthyStep":0,"mRunStepCount":0,"mSpeed":0.0,"mStartTime":0,"mStepCount":0,"mTimeUnit":600000,"mTotalActiveTime":0.0,"mWalkStepCount":0},{"mCalorie":0.0,"mDistance":0.0,"mNowHealthyStep":0,"mRunStepCount":0,"mSpeed":0.0,"mStartTime":0,"mStepCount":0,"mTimeUnit":600000,"mTotalActiveTime":0.0,"mWalkStepCount":0},{"mCalorie":0.0,"mDistance":0.0,"mNowHealthyStep":0,"mRunStepCount":0,"mSpeed":0.0,"mStartTime":0,"mStepCount":0,"mTimeUnit":600000,"mTotalActiveTime":0.0,"mWalkStepCount":0},{"mCalorie":0.0,"mDistance":0.0,"mNowHealthyStep":0,"mRunStepCount":0,"mSpeed":0.0,"mStartTime":0,"mStepCount":0,"mTimeUnit":600000,"mTotalActiveTime":0.0,"mWalkStepCount":0},{"mCalorie":0.0,"mDistance":0.0,"mNowHealthyStep":0,"mRunStepCount":0,"mSpeed":0.0,"mStartTime":0,"mStepCount":0,"mTimeUnit":600000,"mTotalActiveTime":0.0,"mWalkStepCount":0},{"mCalorie":0.0,"mDistance":0.0,"mNowHealthyStep":0,"mRunStepCount":0,"mSpeed":0.0,"mStartTime":0,"mStepCount":0,"mTimeUnit":600000,"mTotalActiveTime":0.0,"mWalkStepCount":0},{"mCalorie":0.0,"mDistance":0.0,"mNowHealthyStep":0,"mRunStepCount":0,"mSpeed":0.0,"mStartTime":0,"mStepCount":0,"mTimeUnit":600000,"mTotalActiveTime":0.0,"mWalkStepCount":0},{"mCalorie":0.7799999713897705,"mDistance":10.850000381469727,"mNowHealthyStep":0,"mRunStepCount":0,"mSpeed":4.0,"mStartTime":0,"mStepCount":15,"mTimeUnit":600000,"mTotalActiveTime":9765.000343322754,"mWalkStepCount":15},{"mCalorie":9.080000072717667,"mDistance":132.729998588562,"mNowHealthyStep":0,"mRunStepCount":0,"mSpeed":4.282397270202637,"mStartTime":0,"mStepCount":179,"mTimeUnit":600000,"mTotalActiveTime":111579.55519813203,"mWalkStepCount":179},{"mCalorie":2.009999990463257,"mDistance":30.270000457763672,"mNowHealthyStep":0,"mRunStepCount":0,"mSpeed":4.978159427642822,"mStartTime":0,"mStepCount":40,"mTimeUnit":600000,"mTotalActiveTime":21890.01843589969,"mWalkStepCount":40},{"mCalorie":0.0,"mDistance":0.0,"mNowHealthyStep":0,"mRunStepCount":0,"mSpeed":0.0,"mStartTime":0,"mStepCount":0,"mTimeUnit":600000,"mTotalActiveTime":0.0,"mWalkStepCount":0},{"mCalorie":2.1000001430511475,"mDistance":26.979999542236328,"mNowHealthyStep":0,"mRunStepCount":10,"mSpeed":8.49278450012207,"mStartTime":0,"mStepCount":30,"mTimeUnit":600000,"mTotalActiveTime":11436.531605229677,"mWalkStepCount":20},{"mCalorie":16.169999957084656,"mDistance":234.87999820709229,"mNowHealthyStep":0,"mRunStepCount":0,"mSpeed":4.109163761138916,"mStartTime":0,"mStepCount":320,"mTimeUnit":600000,"mTotalActiveTime":205776.1680011595,"mWalkStepCount":320},{"mCalorie":18.63999968767166,"mDistance":270.6399965286255,"mNowHealthyStep":0,"mRunStepCount":0,"mSpeed":4.058827877044678,"mStartTime":0,"mStepCount":369,"mTimeUnit":600000,"mTotalActiveTime":240045.66499544465,"mWalkStepCount":369},{"mCalorie":19.889999985694885,"mDistance":287.10999965667725,"mNowHealthyStep":0,"mRunStepCount":0,"mSpeed":4.15981388092041,"mStartTime":0,"mStepCount":387,"mTimeUnit":600000,"mTotalActiveTime":248471.70134971524,"mWalkStepCount":387},{"mCalorie":9.930000096559525,"mDistance":148.1599998474121,"mNowHealthyStep":0,"mRunStepCount":0,"mSpeed":4.5467047691345215,"mStartTime":0,"mStepCount":198,"mTimeUnit":600000,"mTotalActiveTime":117310.45465025035,"mWalkStepCount":198},{"mCalorie":0.8999999761581421,"mDistance":13.699999809265137,"mNowHealthyStep":0,"mRunStepCount":0,"mSpeed":4.799999713897705,"mStartTime":0,"mStepCount":18,"mTimeUnit":600000,"mTotalActiveTime":10275.000469386607,"mWalkStepCount":18},{"mCalorie":2.3100000619888306,"mDistance":35.410000801086426,"mNowHealthyStep":0,"mRunStepCount":0,"mSpeed":5.0189924240112305,"mStartTime":0,"mStepCount":46,"mTimeUnit":600000,"mTotalActiveTime":25398.724180719106,"mWalkStepCount":46},{"mCalorie":1.1000001430511475,"mDistance":16.439998626708984,"mNowHealthyStep":0,"mRunStepCount":0,"mSpeed":4.489383220672607,"mStartTime":0,"mStepCount":22,"mTimeUnit":600000,"mTotalActiveTime":13183.10158589787,"mWalkStepCount":22},{"mCalorie":1.5499999821186066,"mDistance":23.600000858306885,"mNowHealthyStep":0,"mRunStepCount":0,"mSpeed":5.027856349945068,"mStartTime":0,"mStepCount":31,"mTimeUnit":600000,"mTotalActiveTime":16897.858770655166,"mWalkStepCount":31},{"mCalorie":0.0,"mDistance":0.0,"mNowHealthyStep":0,"mRunStepCount":0,"mSpeed":0.0,"mStartTime":0,"mStepCount":0,"mTimeUnit":600000,"mTotalActiveTime":0.0,"mWalkStepCount":0},{"mCalorie":0.0,"mDistance":0.0,"mNowHealthyStep":0,"mRunStepCount":0,"mSpeed":0.0,"mStartTime":0,"mStepCount":0,"mTimeUnit":600000,"mTotalActiveTime":0.0,"mWalkStepCount":0},{"mCalorie":2.240000009536743,"mDistance":32.95000076293945,"mNowHealthyStep":0,"mRunStepCount":0,"mSpeed":5.099999904632568,"mStartTime":0,"mStepCount":44,"mTimeUnit":600000,"mTotalActiveTime":23258.824502885564,"mWalkStepCount":44},{"mCalorie":2.109999895095825,"mDistance":32.099998474121094,"mNowHealthyStep":0,"mRunStepCount":0,"mSpeed":5.199999809265137,"mStartTime":0,"mStepCount":42,"mTimeUnit":600000,"mTotalActiveTime":22223.07668183681,"mWalkStepCount":42},{"mCalorie":3.9700000286102295,"mDistance":57.86000061035156,"mNowHealthyStep":0,"mRunStepCount":0,"mSpeed":4.099999904632568,"mStartTime":0,"mStepCount":79,"mTimeUnit":600000,"mTotalActiveTime":50803.90415665939,"mWalkStepCount":79},{"mCalorie":0.0,"mDistance":0.0,"mNowHealthyStep":0,"mRunStepCount":0,"mSpeed":0.0,"mStartTime":0,"mStepCount":0,"mTimeUnit":600000,"mTotalActiveTime":0.0,"mWalkStepCount":0},{"mCalorie":0.0,"mDistance":0.0,"mNowHealthyStep":0,"mRunStepCount":0,"mSpeed":0.0,"mStartTime":0,"mStepCount":0,"mTimeUnit":600000,"mTotalActiveTime":0.0,"mWalkStepCount":0},{"mCalorie":5.779999494552612,"mDistance":87.40999603271484,"mNowHealthyStep":0,"mRunStepCount":0,"mSpeed":5.124924182891846,"mStartTime":0,"mStepCount":115,"mTimeUnit":600000,"mTotalActiveTime":61401.09876518801,"mWalkStepCount":115},{"mCalorie":0.8299999833106995,"mDistance":11.210000038146973,"mNowHealthyStep":0,"mRunStepCount":0,"mSpeed":3.200000047683716,"mStartTime":0,"mStepCount":16,"mTimeUnit":600000,"mTotalActiveTime":12611.249854993077,"mWalkStepCount":16},{"mCalorie":0.0,"mDistance":0.0,"mNowHealthyStep":0,"mRunStepCount":0,"mSpeed":0.0,"mStartTime":0,"mStepCount":0,"mTimeUnit":600000,"mTotalActiveTime":0.0,"mWalkStepCount":0},{"mCalorie":0.0,"mDistance":0.0,"mNowHealthyStep":0,"mRunStepCount":0,"mSpeed":0.0,"mStartTime":0,"mStepCount":0,"mTimeUnit":600000,"mTotalActiveTime":0.0,"mWalkStepCount":0},{"mCalorie":0.0,"mDistance":0.0,"mNowHealthyStep":0,"mRunStepCount":0,"mSpeed":0.0,"mStartTime":0,"mStepCount":0,"mTimeUnit":600000,"mTotalActiveTime":0.0,"mWalkStepCount":0},{"mCalorie":0.0,"mDistance":0.0,"mNowHealthyStep":0,"mRunStepCount":0,"mSpeed":0.0,"mStartTime":0,"mStepCount":0,"mTimeUnit":600000,"mTotalActiveTime":0.0,"mWalkStepCount":0},{"mCalorie":0.30000001192092896,"mDistance":4.539999961853027,"mNowHealthyStep":0,"mRunStepCount":0,"mSpeed":4.400000095367432,"mStartTime":0,"mStepCount":6,"mTimeUnit":600000,"mTotalActiveTime":3714.545342823693,"mWalkStepCount":6},{"mCalorie":0.0,"mDistance":0.0,"mNowHealthyStep":0,"mRunStepCount":0,"mSpeed":0.0,"mStartTime":0,"mStepCount":0,"mTimeUnit":600000,"mTotalActiveTime":0.0,"mWalkStepCount":0},{"mCalorie":0.0,"mDistance":0.0,"mNowHealthyStep":0,"mRunStepCount":0,"mSpeed":0.0,"mStartTime":0,"mStepCount":0,"mTimeUnit":600000,"mTotalActiveTime":0.0,"mWalkStepCount":0},{"mCalorie":0.0,"mDistance":0.0,"mNowHealthyStep":0,"mRunStepCount":0,"mSpeed":0.0,"mStartTime":0,"mStepCount":0,"mTimeUnit":600000,"mTotalActiveTime":0.0,"mWalkStepCount":0},{"mCalorie":0.0,"mDistance":0.0,"mNowHealthyStep":0,"mRunStepCount":0,"mSpeed":0.0,"mStartTime":0,"mStepCount":0,"mTimeUnit":600000,"mTotalActiveTime":0.0,"mWalkStepCount":0},{"mCalorie":0.0,"mDistance":0.0,"mNowHealthyStep":0,"mRunStepCount":0,"mSpeed":0.0,"mStartTime":0,"mStepCount":0,"mTimeUnit":600000,"mTotalActiveTime":0.0,"mWalkStepCount":0},{"mCalorie":0.6800000071525574,"mDistance":9.199999809265137,"mNowHealthyStep":0,"mRunStepCount":0,"mSpeed":3.2220559120178223,"mStartTime":0,"mStepCount":13,"mTimeUnit":600000,"mTotalActiveTime":10279.151019639816,"mWalkStepCount":13},{"mCalorie":2.130000054836273,"mDistance":27.25,"mNowHealthyStep":0,"mRunStepCount":0,"mSpeed":4.3889288902282715,"mStartTime":0,"mStepCount":38,"mTimeUnit":600000,"mTotalActiveTime":22351.694987290604,"mWalkStepCount":38},{"mCalorie":7.909999966621399,"mDistance":116.36000156402588,"mNowHealthyStep":0,"mRunStepCount":0,"mSpeed":4.285400867462158,"mStartTime":0,"mStepCount":157,"mTimeUnit":600000,"mTotalActiveTime":97749.54475558257,"mWalkStepCount":157},{"mCalorie":1.7999999523162842,"mDistance":19.270000457763672,"mNowHealthyStep":0,"mRunStepCount":3,"mSpeed":12.200000762939453,"mStartTime":0,"mStepCount":18,"mTimeUnit":600000,"mTotalActiveTime":5686.229287680373,"mWalkStepCount":15}]