[{"mCalorie":0.0,"mDistance":0.0,"mNowHealthyStep":0,"mRunStepCount":0,"mSpeed":0.0,"mStartTime":0,"mStepCount":0,"mTimeUnit":600000,"mTotalActiveTime":0.0,"mWalkStepCount":0},{"mCalorie":0.0,"mDistance":0.0,"mNowHealthyStep":0,"mRunStepCount":0,"mSpeed":0.0,"mStartTime":0,"mStepCount":0,"mTimeUnit":600000,"mTotalActiveTime":0.0,"mWalkStepCount":0},{"mCalorie":0.0,"mDistance":0.0,"mNowHealthyStep":0,"mRunStepCount":0,"mSpeed":0.0,"mStartTime":0,"mStepCount":0,"mTimeUnit":600000,"mTotalActiveTime":0.0,"mWalkStepCount":0},{"mCalorie":0.0,"mDistance":0.0,"mNowHealthyStep":0,"mRunStepCount":0,"mSpeed":0.0,"mStartTime":0,"mStepCount":0,"mTimeUnit":600000,"mTotalActiveTime":0.0,"mWalkStepCount":0},{"mCalorie":0.0,"mDistance":0.0,"mNowHealthyStep":0,"mRunStepCount":0,"mSpeed":0.0,"mStartTime":0,"mStepCount":0,"mTimeUnit":600000,"mTotalActiveTime":0.0,"mWalkStepCount":0},{"mCalorie":0.0,"mDistance":0.0,"mNowHealthyStep":0,"mRunStepCount":0,"mSpeed":0.0,"mStartTime":0,"mStepCount":0,"mTimeUnit":600000,"mTotalActiveTime":0.0,"mWalkStepCount":0},{"mCalorie":0.0,"mDistance":0.0,"mNowHealthyStep":0,"mRunStepCount":0,"mSpeed":0.0,"mStartTime":0,"mStepCount":0,"mTimeUnit":600000,"mTotalActiveTime":0.0,"mWalkStepCount":0},{"mCalorie":0.0,"mDistance":0.0,"mNowHealthyStep":0,"mRunStepCount":0,"mSpeed":0.0,"mStartTime":0,"mStepCount":0,"mTimeUnit":600000,"mTotalActiveTime":0.0,"mWalkStepCount":0},{"mCalorie":0.0,"mDistance":0.0,"mNowHealthyStep":0,"mRunStepCount":0,"mSpeed":0.0,"mStartTime":0,"mStepCount":0,"mTimeUnit":600000,"mTotalActiveTime":0.0,"mWalkStepCount":0},{"mCalorie":0.0,"mDistance":0.0,"mNowHealthyStep":0,"mRunStepCount":0,"mSpeed":0.0,"mStartTime":0,"mStepCount":0,"mTimeUnit":600000,"mTotalActiveTime":0.0,"mWalkStepCount":0},{"mCalorie":0.0,"mDistance":0.0,"mNowHealthyStep":0,"mRunStepCount":0,"mSpeed":0.0,"mStartTime":0,"mStepCount":0,"mTimeUnit":600000,"mTotalActiveTime":0.0,"mWalkStepCount":0},{"mCalorie":0.0,"mDistance":0.0,"mNowHealthyStep":0,"mRunStepCount":0,"mSpeed":0.0,"mStartTime":0,"mStepCount":0,"mTimeUnit":600000,"mTotalActiveTime":0.0,"mWalkStepCount":0},{"mCalorie":0.0,"mDistance":0.0,"mNowHealthyStep":0,"mRunStepCount":0,"mSpeed":0.0,"mStartTime":0,"mStepCount":0,"mTimeUnit":600000,"mTotalActiveTime":0.0,"mWalkStepCount":0},{"mCalorie":0.0,"mDistance":0.0,"mNowHealthyStep":0,"mRunStepCount":0,"mSpeed":0.0,"mStartTime":0,"mStepCount":0,"mTimeUnit":600000,"mTotalActiveTime":0.0,"mWalkStepCount":0},{"mCalorie":0.0,"mDistance":0.0,"mNowHealthyStep":0,"mRunStepCount":0,"mSpeed":0.0,"mStartTime":0,"mStepCount":0,"mTimeUnit":600000,"mTotalActiveTime":0.0,"mWalkStepCount":0},{"mCalorie":0.0,"mDistance":0.0,"mNowHealthyStep":0,"mRunStepCount":0,"mSpeed":0.0,"mStartTime":0,"mStepCount":0,"mTimeUnit":600000,"mTotalActiveTime":0.0,"mWalkStepCount":0},{"mCalorie":0.0,"mDistance":0.0,"mNowHealthyStep":0,"mRunStepCount":0,"mSpeed":0.0,"mStartTime":0,"mStepCount":0,"mTimeUnit":600000,"mTotalActiveTime":0.0,"mWalkStepCount":0},{"mCalorie":0.0,"mDistance":0.0,"mNowHealthyStep":0,"mRunStepCount":0,"mSpeed":0.0,"mStartTime":0,"mStepCount":0,"mTimeUnit":600000,"mTotalActiveTime":0.0,"mWalkStepCount":0},{"mCalorie":0.0,"mDistance":0.0,"mNowHealthyStep":0,"mRunStepCount":0,"mSpeed":0.0,"mStartTime":0,"mStepCount":0,"mTimeUnit":600000,"mTotalActiveTime":0.0,"mWalkStepCount":0},{"mCalorie":0.0,"mDistance":0.0,"mNowHealthyStep":0,"mRunStepCount":0,"mSpeed":0.0,"mStartTime":0,"mStepCount":0,"mTimeUnit":600000,"mTotalActiveTime":0.0,"mWalkStepCount":0},{"mCalorie":0.0,"mDistance":0.0,"mNowHealthyStep":0,"mRunStepCount":0,"mSpeed":0.0,"mStartTime":0,"mStepCount":0,"mTimeUnit":600000,"mTotalActiveTime":0.0,"mWalkStepCount":0},{"mCalorie":0.0,"mDistance":0.0,"mNowHealthyStep":0,"mRunStepCount":0,"mSpeed":0.0,"mStartTime":0,"mStepCount":0,"mTimeUnit":600000,"mTotalActiveTime":0.0,"mWalkStepCount":0},{"mCalorie":0.0,"mDistance":0.0,"mNowHealthyStep":0,"mRunStepCount":0,"mSpeed":0.0,"mStartTime":0,"mStepCount":0,"mTimeUnit":600000,"mTotalActiveTime":0.0,"mWalkStepCount":0},{"mCalorie":0.0,"mDistance":0.0,"mNowHealthyStep":0,"mRunStepCount":0,"mSpeed":0.0,"mStartTime":0,"mStepCount":0,"mTimeUnit":600000,"mTotalActiveTime":0.0,"mWalkStepCount":0},{"mCalorie":0.0,"mDistance":0.0,"mNowHealthyStep":0,"mRunStepCount":0,"mSpeed":0.0,"mStartTime":0,"mStepCount":0,"mTimeUnit":600000,"mTotalActiveTime":0.0,"mWalkStepCount":0},{"mCalorie":0.0,"mDistance":0.0,"mNowHealthyStep":0,"mRunStepCount":0,"mSpeed":0.0,"mStartTime":0,"mStepCount":0,"mTimeUnit":600000,"mTotalActiveTime":0.0,"mWalkStepCount":0},{"mCalorie":0.0,"mDistance":0.0,"mNowHealthyStep":0,"mRunStepCount":0,"mSpeed":0.0,"mStartTime":0,"mStepCount":0,"mTimeUnit":600000,"mTotalActiveTime":0.0,"mWalkStepCount":0},{"mCalorie":0.0,"mDistance":0.0,"mNowHealthyStep":0,"mRunStepCount":0,"mSpeed":0.0,"mStartTime":0,"mStepCount":0,"mTimeUnit":600000,"mTotalActiveTime":0.0,"mWalkStepCount":0},{"mCalorie":0.0,"mDistance":0.0,"mNowHealthyStep":0,"mRunStepCount":0,"mSpeed":0.0,"mStartTime":0,"mStepCount":0,"mTimeUnit":600000,"mTotalActiveTime":0.0,"mWalkStepCount":0},{"mCalorie":0.0,"mDistance":0.0,"mNowHealthyStep":0,"mRunStepCount":0,"mSpeed":0.0,"mStartTime":0,"mStepCount":0,"mTimeUnit":600000,"mTotalActiveTime":0.0,"mWalkStepCount":0},{"mCalorie":0.0,"mDistance":0.0,"mNowHealthyStep":0,"mRunStepCount":0,"mSpeed":0.0,"mStartTime":0,"mStepCount":0,"mTimeUnit":600000,"mTotalActiveTime":0.0,"mWalkStepCount":0},{"mCalorie":0.0,"mDistance":0.0,"mNowHealthyStep":0,"mRunStepCount":0,"mSpeed":0.0,"mStartTime":0,"mStepCount":0,"mTimeUnit":600000,"mTotalActiveTime":0.0,"mWalkStepCount":0},{"mCalorie":0.0,"mDistance":0.0,"mNowHealthyStep":0,"mRunStepCount":0,"mSpeed":0.0,"mStartTime":0,"mStepCount":0,"mTimeUnit":600000,"mTotalActiveTime":0.0,"mWalkStepCount":0},{"mCalorie":0.0,"mDistance":0.0,"mNowHealthyStep":0,"mRunStepCount":0,"mSpeed":0.0,"mStartTime":0,"mStepCount":0,"mTimeUnit":600000,"mTotalActiveTime":0.0,"mWalkStepCount":0},{"mCalorie":0.0,"mDistance":0.0,"mNowHealthyStep":0,"mRunStepCount":0,"mSpeed":0.0,"mStartTime":0,"mStepCount":0,"mTimeUnit":600000,"mTotalActiveTime":0.0,"mWalkStepCount":0},{"mCalorie":0.0,"mDistance":0.0,"mNowHealthyStep":0,"mRunStepCount":0,"mSpeed":0.0,"mStartTime":0,"mStepCount":0,"mTimeUnit":600000,"mTotalActiveTime":0.0,"mWalkStepCount":0},{"mCalorie":0.0,"mDistance":0.0,"mNowHealthyStep":0,"mRunStepCount":0,"mSpeed":0.0,"mStartTime":0,"mStepCount":0,"mTimeUnit":600000,"mTotalActiveTime":0.0,"mWalkStepCount":0},{"mCalorie":0.0,"mDistance":0.0,"mNowHealthyStep":0,"mRunStepCount":0,"mSpeed":0.0,"mStartTime":0,"mStepCount":0,"mTimeUnit":600000,"mTotalActiveTime":0.0,"mWalkStepCount":0},{"mCalorie":0.0,"mDistance":0.0,"mNowHealthyStep":0,"mRunStepCount":0,"mSpeed":0.0,"mStartTime":0,"mStepCount":0,"mTimeUnit":600000,"mTotalActiveTime":0.0,"mWalkStepCount":0},{"mCalorie":0.0,"mDistance":0.0,"mNowHealthyStep":0,"mRunStepCount":0,"mSpeed":0.0,"mStartTime":0,"mStepCount":0,"mTimeUnit":600000,"mTotalActiveTime":0.0,"mWalkStepCount":0},{"mCalorie":0.0,"mDistance":0.0,"mNowHealthyStep":0,"mRunStepCount":0,"mSpeed":0.0,"mStartTime":0,"mStepCount":0,"mTimeUnit":600000,"mTotalActiveTime":0.0,"mWalkStepCount":0},{"mCalorie":0.0,"mDistance":0.0,"mNowHealthyStep":0,"mRunStepCount":0,"mSpeed":0.0,"mStartTime":0,"mStepCount":0,"mTimeUnit":600000,"mTotalActiveTime":0.0,"mWalkStepCount":0},{"mCalorie":0.0,"mDistance":0.0,"mNowHealthyStep":0,"mRunStepCount":0,"mSpeed":0.0,"mStartTime":0,"mStepCount":0,"mTimeUnit":600000,"mTotalActiveTime":0.0,"mWalkStepCount":0},{"mCalorie":0.0,"mDistance":0.0,"mNowHealthyStep":0,"mRunStepCount":0,"mSpeed":0.0,"mStartTime":0,"mStepCount":0,"mTimeUnit":600000,"mTotalActiveTime":0.0,"mWalkStepCount":0},{"mCalorie":0.0,"mDistance":0.0,"mNowHealthyStep":0,"mRunStepCount":0,"mSpeed":0.0,"mStartTime":0,"mStepCount":0,"mTimeUnit":600000,"mTotalActiveTime":0.0,"mWalkStepCount":0},{"mCalorie":0.0,"mDistance":0.0,"mNowHealthyStep":0,"mRunStepCount":0,"mSpeed":0.0,"mStartTime":0,"mStepCount":0,"mTimeUnit":600000,"mTotalActiveTime":0.0,"mWalkStepCount":0},{"mCalorie":0.0,"mDistance":0.0,"mNowHealthyStep":0,"mRunStepCount":0,"mSpeed":0.0,"mStartTime":0,"mStepCount":0,"mTimeUnit":600000,"mTotalActiveTime":0.0,"mWalkStepCount":0},{"mCalorie":0.0,"mDistance":0.0,"mNowHealthyStep":0,"mRunStepCount":0,"mSpeed":0.0,"mStartTime":0,"mStepCount":0,"mTimeUnit":600000,"mTotalActiveTime":0.0,"mWalkStepCount":0},{"mCalorie":0.0,"mDistance":0.0,"mNowHealthyStep":0,"mRunStepCount":0,"mSpeed":0.0,"mStartTime":0,"mStepCount":0,"mTimeUnit":600000,"mTotalActiveTime":0.0,"mWalkStepCount":0},{"mCalorie":0.0,"mDistance":0.0,"mNowHealthyStep":0,"mRunStepCount":0,"mSpeed":0.0,"mStartTime":0,"mStepCount":0,"mTimeUnit":600000,"mTotalActiveTime":0.0,"mWalkStepCount":0},{"mCalorie":0.8500000238418579,"mDistance":14.539999961853027,"mNowHealthyStep":0,"mRunStepCount":0,"mSpeed":4.199999809265137,"mStartTime":0,"mStepCount":20,"mTimeUnit":600000,"mTotalActiveTime":12462.857676136275,"mWalkStepCount":20},{"mCalorie":1.719999998807907,"mDistance":32.90999889373779,"mNowHealthyStep":0,"mRunStepCount":0,"mSpeed":5.641960620880127,"mStartTime":0,"mStepCount":42,"mTimeUnit":600000,"mTotalActiveTime":20999.082109931256,"mWalkStepCount":42},{"mCalorie":0.47999995946884155,"mDistance":9.929999351501465,"mNowHealthyStep":0,"mRunStepCount":0,"mSpeed":9.046866416931152,"mStartTime":0,"mStepCount":12,"mTimeUnit":600000,"mTotalActiveTime":3951.4231799093577,"mWalkStepCount":12},{"mCalorie":0.0,"mDistance":0.0,"mNowHealthyStep":0,"mRunStepCount":0,"mSpeed":0.0,"mStartTime":0,"mStepCount":0,"mTimeUnit":600000,"mTotalActiveTime":0.0,"mWalkStepCount":0},{"mCalorie":0.25999999046325684,"mDistance":4.460000038146973,"mNowHealthyStep":0,"mRunStepCount":0,"mSpeed":4.600000381469727,"mStartTime":0,"mStepCount":6,"mTimeUnit":600000,"mTotalActiveTime":3490.434523007391,"mWalkStepCount":6},{"mCalorie":1.3199999034404755,"mDistance":22.339998722076416,"mNowHealthyStep":0,"mRunStepCount":0,"mSpeed":3.899336099624634,"mStartTime":0,"mStepCount":31,"mTimeUnit":600000,"mTotalActiveTime":20625.04853644834,"mWalkStepCount":31},{"mCalorie":0.3499999940395355,"mDistance":5.680000305175781,"mNowHealthyStep":0,"mRunStepCount":0,"mSpeed":3.4178662300109863,"mStartTime":0,"mStepCount":8,"mTimeUnit":600000,"mTotalActiveTime":5982.6803398818465,"mWalkStepCount":8},{"mCalorie":0.0,"mDistance":0.0,"mNowHealthyStep":0,"mRunStepCount":0,"mSpeed":0.0,"mStartTime":0,"mStepCount":0,"mTimeUnit":600000,"mTotalActiveTime":0.0,"mWalkStepCount":0},{"mCalorie":0.0,"mDistance":0.0,"mNowHealthyStep":0,"mRunStepCount":0,"mSpeed":0.0,"mStartTime":0,"mStepCount":0,"mTimeUnit":600000,"mTotalActiveTime":0.0,"mWalkStepCount":0},{"mCalorie":0.0,"mDistance":0.0,"mNowHealthyStep":0,"mRunStepCount":0,"mSpeed":0.0,"mStartTime":0,"mStepCount":0,"mTimeUnit":600000,"mTotalActiveTime":0.0,"mWalkStepCount":0},{"mCalorie":0.0,"mDistance":0.0,"mNowHealthyStep":0,"mRunStepCount":0,"mSpeed":0.0,"mStartTime":0,"mStepCount":0,"mTimeUnit":600000,"mTotalActiveTime":0.0,"mWalkStepCount":0},{"mCalorie":0.0,"mDistance":0.0,"mNowHealthyStep":0,"mRunStepCount":0,"mSpeed":0.0,"mStartTime":0,"mStepCount":0,"mTimeUnit":600000,"mTotalActiveTime":0.0,"mWalkStepCount":0},{"mCalorie":0.0,"mDistance":0.0,"mNowHealthyStep":0,"mRunStepCount":0,"mSpeed":0.0,"mStartTime":0,"mStepCount":0,"mTimeUnit":600000,"mTotalActiveTime":0.0,"mWalkStepCount":0},{"mCalorie":0.0,"mDistance":0.0,"mNowHealthyStep":0,"mRunStepCount":0,"mSpeed":0.0,"mStartTime":0,"mStepCount":0,"mTimeUnit":600000,"mTotalActiveTime":0.0,"mWalkStepCount":0},{"mCalorie":0.0,"mDistance":0.0,"mNowHealthyStep":0,"mRunStepCount":0,"mSpeed":0.0,"mStartTime":0,"mStepCount":0,"mTimeUnit":600000,"mTotalActiveTime":0.0,"mWalkStepCount":0},{"mCalorie":0.0,"mDistance":0.0,"mNowHealthyStep":0,"mRunStepCount":0,"mSpeed":0.0,"mStartTime":0,"mStepCount":0,"mTimeUnit":600000,"mTotalActiveTime":0.0,"mWalkStepCount":0},{"mCalorie":0.0,"mDistance":0.0,"mNowHealthyStep":0,"mRunStepCount":0,"mSpeed":0.0,"mStartTime":0,"mStepCount":0,"mTimeUnit":600000,"mTotalActiveTime":0.0,"mWalkStepCount":0},{"mCalorie":0.0,"mDistance":0.0,"mNowHealthyStep":0,"mRunStepCount":0,"mSpeed":0.0,"mStartTime":0,"mStepCount":0,"mTimeUnit":600000,"mTotalActiveTime":0.0,"mWalkStepCount":0},{"mCalorie":0.0,"mDistance":0.0,"mNowHealthyStep":0,"mRunStepCount":0,"mSpeed":0.0,"mStartTime":0,"mStepCount":0,"mTimeUnit":600000,"mTotalActiveTime":0.0,"mWalkStepCount":0},{"mCalorie":5.710000038146973,"mDistance":91.47000122070312,"mNowHealthyStep":0,"mRunStepCount":0,"mSpeed":4.45418643951416,"mStartTime":0,"mStepCount":126,"mTimeUnit":600000,"mTotalActiveTime":73928.65132909916,"mWalkStepCount":126},{"mCalorie":0.7800001502037048,"mDistance":15.009998321533203,"mNowHealthyStep":0,"mRunStepCount":0,"mSpeed":4.5785675048828125,"mStartTime":0,"mStepCount":20,"mTimeUnit":600000,"mTotalActiveTime":11801.943271534787,"mWalkStepCount":20},{"mCalorie":3.6099991500377655,"mDistance":64.760000705719,"mNowHealthyStep":0,"mRunStepCount":0,"mSpeed":4.5076375007629395,"mStartTime":0,"mStepCount":87,"mTimeUnit":600000,"mTotalActiveTime":51720.220757469884,"mWalkStepCount":87},{"mCalorie":1.4000000357627869,"mDistance":25.589999198913574,"mNowHealthyStep":0,"mRunStepCount":0,"mSpeed":4.642704963684082,"mStartTime":0,"mStepCount":34,"mTimeUnit":600000,"mTotalActiveTime":19842.742303785217,"mWalkStepCount":34},{"mCalorie":1.4799998998641968,"mDistance":26.380000591278076,"mNowHealthyStep":0,"mRunStepCount":0,"mSpeed":5.123019695281982,"mStartTime":0,"mStepCount":35,"mTimeUnit":600000,"mTotalActiveTime":18537.50432992643,"mWalkStepCount":35},{"mCalorie":0.0,"mDistance":0.0,"mNowHealthyStep":0,"mRunStepCount":0,"mSpeed":0.0,"mStartTime":0,"mStepCount":0,"mTimeUnit":600000,"mTotalActiveTime":0.0,"mWalkStepCount":0},{"mCalorie":0.8800000548362732,"mDistance":15.409996032714844,"mNowHealthyStep":0,"mRunStepCount":0,"mSpeed":4.322322845458984,"mStartTime":0,"mStepCount":21,"mTimeUnit":600000,"mTotalActiveTime":12834.762164065623,"mWalkStepCount":21},{"mCalorie":0.0,"mDistance":0.0,"mNowHealthyStep":0,"mRunStepCount":0,"mSpeed":0.0,"mStartTime":0,"mStepCount":0,"mTimeUnit":600000,"mTotalActiveTime":0.0,"mWalkStepCount":0},{"mCalorie":2.1900001168251038,"mDistance":37.910000801086426,"mNowHealthyStep":0,"mRunStepCount":0,"mSpeed":4.094194412231445,"mStartTime":0,"mStepCount":52,"mTimeUnit":600000,"mTotalActiveTime":33334.029326871634,"mWalkStepCount":52},{"mCalorie":6.800000190734863,"mDistance":123.0699987411499,"mNowHealthyStep":0,"mRunStepCount":0,"mSpeed":4.597786903381348,"mStartTime":0,"mStepCount":164,"mTimeUnit":600000,"mTotalActiveTime":96362.01312435511,"mWalkStepCount":164},{"mCalorie":4.320000052452087,"mDistance":80.04999923706055,"mNowHealthyStep":0,"mRunStepCount":0,"mSpeed":5.042636394500732,"mStartTime":0,"mStepCount":105,"mTimeUnit":600000,"mTotalActiveTime":57148.6743356271,"mWalkStepCount":105},{"mCalorie":4.839999884366989,"mDistance":87.63000106811523,"mNowHealthyStep":0,"mRunStepCount":0,"mSpeed":4.543935298919678,"mStartTime":0,"mStepCount":117,"mTimeUnit":600000,"mTotalActiveTime":69426.16858924263,"mWalkStepCount":117},{"mCalorie":1.5899999737739563,"mDistance":26.779998779296875,"mNowHealthyStep":0,"mRunStepCount":0,"mSpeed":3.717477321624756,"mStartTime":0,"mStepCount":37,"mTimeUnit":600000,"mTotalActiveTime":25933.714679173085,"mWalkStepCount":37},{"mCalorie":3.140000104904175,"mDistance":58.97999954223633,"mNowHealthyStep":0,"mRunStepCount":0,"mSpeed":4.776556968688965,"mStartTime":0,"mStepCount":78,"mTimeUnit":600000,"mTotalActiveTime":44452.10216142969,"mWalkStepCount":78},{"mCalorie":13.189998388290405,"mDistance":249.42001724243164,"mNowHealthyStep":0,"mRunStepCount":0,"mSpeed":5.078068733215332,"mStartTime":0,"mStepCount":327,"mTimeUnit":600000,"mTotalActiveTime":176821.57253423842,"mWalkStepCount":327},{"mCalorie":0.0,"mDistance":0.0,"mNowHealthyStep":0,"mRunStepCount":0,"mSpeed":0.0,"mStartTime":0,"mStepCount":0,"mTimeUnit":600000,"mTotalActiveTime":0.0,"mWalkStepCount":0},{"mCalorie":3.7200000286102295,"mDistance":67.96999931335449,"mNowHealthyStep":0,"mRunStepCount":0,"mSpeed":4.5240607261657715,"mStartTime":0,"mStepCount":91,"mTimeUnit":600000,"mTotalActiveTime":54086.80752560427,"mWalkStepCount":91},{"mCalorie":0.0,"mDistance":0.0,"mNowHealthyStep":0,"mRunStepCount":0,"mSpeed":0.0,"mStartTime":0,"mStepCount":0,"mTimeUnit":600000,"mTotalActiveTime":0.0,"mWalkStepCount":0},{"mCalorie":15.579999804496765,"mDistance":290.43999671936035,"mNowHealthyStep":0,"mRunStepCount":0,"mSpeed":4.807318687438965,"mStartTime":0,"mStepCount":385,"mTimeUnit":600000,"mTotalActiveTime":217498.3702331953,"mWalkStepCount":385},{"mCalorie":2.5500000715255737,"mDistance":43.6299991607666,"mNowHealthyStep":0,"mRunStepCount":0,"mSpeed":4.070680618286133,"mStartTime":0,"mStepCount":60,"mTimeUnit":600000,"mTotalActiveTime":38585.19501272516,"mWalkStepCount":60},{"mCalorie":4.190000012516975,"mDistance":76.75999855995178,"mNowHealthyStep":0,"mRunStepCount":0,"mSpeed":5.05178689956665,"mStartTime":0,"mStepCount":101,"mTimeUnit":600000,"mTotalActiveTime":54700.641505489395,"mWalkStepCount":101},{"mCalorie":0.0,"mDistance":0.0,"mNowHealthyStep":0,"mRunStepCount":0,"mSpeed":0.0,"mStartTime":0,"mStepCount":0,"mTimeUnit":600000,"mTotalActiveTime":0.0,"mWalkStepCount":0},{"mCalorie":0.0,"mDistance":0.0,"mNowHealthyStep":0,"mRunStepCount":0,"mSpeed":0.0,"mStartTime":0,"mStepCount":0,"mTimeUnit":600000,"mTotalActiveTime":0.0,"mWalkStepCount":0},{"mCalorie":1.4200000166893005,"mDistance":25.15999984741211,"mNowHealthyStep":0,"mRunStepCount":0,"mSpeed":4.392093181610107,"mStartTime":0,"mStepCount":34,"mTimeUnit":600000,"mTotalActiveTime":20622.512244724385,"mWalkStepCount":34},{"mCalorie":0.0,"mDistance":0.0,"mNowHealthyStep":0,"mRunStepCount":0,"mSpeed":0.0,"mStartTime":0,"mStepCount":0,"mTimeUnit":600000,"mTotalActiveTime":0.0,"mWalkStepCount":0},{"mCalorie":0.0,"mDistance":0.0,"mNowHealthyStep":0,"mRunStepCount":0,"mSpeed":0.0,"mStartTime":0,"mStepCount":0,"mTimeUnit":600000,"mTotalActiveTime":0.0,"mWalkStepCount":0},{"mCalorie":0.6399999856948853,"mDistance":11.180000305175781,"mNowHealthyStep":0,"mRunStepCount":0,"mSpeed":4.900000095367432,"mStartTime":0,"mStepCount":15,"mTimeUnit":600000,"mTotalActiveTime":8213.877615366613,"mWalkStepCount":15},{"mCalorie":0.0,"mDistance":0.0,"mNowHealthyStep":0,"mRunStepCount":0,"mSpeed":0.0,"mStartTime":0,"mStepCount":0,"mTimeUnit":600000,"mTotalActiveTime":0.0,"mWalkStepCount":0},{"mCalorie":0.0,"mDistance":0.0,"mNowHealthyStep":0,"mRunStepCount":0,"mSpeed":0.0,"mStartTime":0,"mStepCount":0,"mTimeUnit":600000,"mTotalActiveTime":0.0,"mWalkStepCount":0},{"mCalorie":0.0,"mDistance":0.0,"mNowHealthyStep":0,"mRunStepCount":0,"mSpeed":0.0,"mStartTime":0,"mStepCount":0,"mTimeUnit":600000,"mTotalActiveTime":0.0,"mWalkStepCount":0},{"mCalorie":5.340000033378601,"mDistance":96.46000099182129,"mNowHealthyStep":0,"mRunStepCount":0,"mSpeed":4.642727851867676,"mStartTime":0,"mStepCount":129,"mTimeUnit":600000,"mTotalActiveTime":74795.68501060372,"mWalkStepCount":129},{"mCalorie":0.0,"mDistance":0.0,"mNowHealthyStep":0,"mRunStepCount":0,"mSpeed":0.0,"mStartTime":0,"mStepCount":0,"mTimeUnit":600000,"mTotalActiveTime":0.0,"mWalkStepCount":0},{"mCalorie":9.730000108480453,"mDistance":162.54999828338623,"mNowHealthyStep":0,"mRunStepCount":0,"mSpeed":4.794718265533447,"mStartTime":0,"mStepCount":219,"mTimeUnit":600000,"mTotalActiveTime":122046.79462752084,"mWalkStepCount":219},{"mCalorie":7.820000141859055,"mDistance":140.22999954223633,"mNowHealthyStep":0,"mRunStepCount":4,"mSpeed":5.527807235717773,"mStartTime":0,"mStepCount":178,"mTimeUnit":600000,"mTotalActiveTime":91325.17990896759,"mWalkStepCount":174},{"mCalorie":8.810000158846378,"mDistance":152.2699990272522,"mNowHealthyStep":0,"mRunStepCount":0,"mSpeed":4.75145149230957,"mStartTime":0,"mStepCount":204,"mTimeUnit":600000,"mTotalActiveTime":115369.37713548506,"mWalkStepCount":204},{"mCalorie":10.469999969005585,"mDistance":195.45999908447266,"mNowHealthyStep":0,"mRunStepCount":0,"mSpeed":5.016671657562256,"mStartTime":0,"mStepCount":254,"mTimeUnit":600000,"mTotalActiveTime":140263.5081145772,"mWalkStepCount":254},{"mCalorie":7.730000078678131,"mDistance":136.35000038146973,"mNowHealthyStep":0,"mRunStepCount":0,"mSpeed":4.728749752044678,"mStartTime":0,"mStepCount":181,"mTimeUnit":600000,"mTotalActiveTime":103803.34083780505,"mWalkStepCount":181},{"mCalorie":3.9499999582767487,"mDistance":68.50000143051147,"mNowHealthyStep":0,"mRunStepCount":0,"mSpeed":4.331289768218994,"mStartTime":0,"mStepCount":93,"mTimeUnit":600000,"mTotalActiveTime":56934.54538584883,"mWalkStepCount":93},{"mCalorie":0.7799999713897705,"mDistance":12.809999942779541,"mNowHealthyStep":0,"mRunStepCount":0,"mSpeed":3.5977683067321777,"mStartTime":0,"mStepCount":18,"mTimeUnit":600000,"mTotalActiveTime":12817.946249476528,"mWalkStepCount":18},{"mCalorie":5.539999783039093,"mDistance":96.01999616622925,"mNowHealthyStep":0,"mRunStepCount":0,"mSpeed":3.993718385696411,"mStartTime":0,"mStepCount":132,"mTimeUnit":600000,"mTotalActiveTime":86553.91956598224,"mWalkStepCount":132},{"mCalorie":0.5999999940395355,"mDistance":10.600000381469727,"mNowHealthyStep":0,"mRunStepCount":0,"mSpeed":5.021420955657959,"mStartTime":0,"mStepCount":14,"mTimeUnit":600000,"mTotalActiveTime":7599.442797394113,"mWalkStepCount":14},{"mCalorie":0.0,"mDistance":0.0,"mNowHealthyStep":0,"mRunStepCount":0,"mSpeed":0.0,"mStartTime":0,"mStepCount":0,"mTimeUnit":600000,"mTotalActiveTime":0.0,"mWalkStepCount":0},{"mCalorie":3.199999988079071,"mDistance":58.46000051498413,"mNowHealthyStep":0,"mRunStepCount":0,"mSpeed":5.057424068450928,"mStartTime":0,"mStepCount":77,"mTimeUnit":600000,"mTotalActiveTime":41613.27875021241,"mWalkStepCount":77},{"mCalorie":1.2699999883770943,"mDistance":22.330000400543213,"mNowHealthyStep":0,"mRunStepCount":0,"mSpeed":4.585330486297607,"mStartTime":0,"mStepCount":30,"mTimeUnit":600000,"mTotalActiveTime":17531.560365361485,"mWalkStepCount":30},{"mCalorie":1.1200000047683716,"mDistance":20.419999599456787,"mNowHealthyStep":0,"mRunStepCount":0,"mSpeed":4.42981481552124,"mStartTime":0,"mStepCount":27,"mTimeUnit":600000,"mTotalActiveTime":16594.824789891056,"mWalkStepCount":27},{"mCalorie":0.0,"mDistance":0.0,"mNowHealthyStep":0,"mRunStepCount":0,"mSpeed":0.0,"mStartTime":0,"mStepCount":0,"mTimeUnit":600000,"mTotalActiveTime":0.0,"mWalkStepCount":0},{"mCalorie":0.5600000023841858,"mDistance":9.579999923706055,"mNowHealthyStep":0,"mRunStepCount":0,"mSpeed":3.941782236099243,"mStartTime":0,"mStepCount":13,"mTimeUnit":600000,"mTotalActiveTime":8749.341657962315,"mWalkStepCount":13},{"mCalorie":0.0,"mDistance":0.0,"mNowHealthyStep":0,"mRunStepCount":0,"mSpeed":0.0,"mStartTime":0,"mStepCount":0,"mTimeUnit":600000,"mTotalActiveTime":0.0,"mWalkStepCount":0},{"mCalorie":0.0,"mDistance":0.0,"mNowHealthyStep":0,"mRunStepCount":0,"mSpeed":0.0,"mStartTime":0,"mStepCount":0,"mTimeUnit":600000,"mTotalActiveTime":0.0,"mWalkStepCount":0},{"mCalorie":0.0,"mDistance":0.0,"mNowHealthyStep":0,"mRunStepCount":0,"mSpeed":0.0,"mStartTime":0,"mStepCount":0,"mTimeUnit":600000,"mTotalActiveTime":0.0,"mWalkStepCount":0},{"mCalorie":0.0,"mDistance":0.0,"mNowHealthyStep":0,"mRunStepCount":0,"mSpeed":0.0,"mStartTime":0,"mStepCount":0,"mTimeUnit":600000,"mTotalActiveTime":0.0,"mWalkStepCount":0},{"mCalorie":0.0,"mDistance":0.0,"mNowHealthyStep":0,"mRunStepCount":0,"mSpeed":0.0,"mStartTime":0,"mStepCount":0,"mTimeUnit":600000,"mTotalActiveTime":0.0,"mWalkStepCount":0},{"mCalorie":0.9599999785423279,"mDistance":16.43000030517578,"mNowHealthyStep":0,"mRunStepCount":0,"mSpeed":4.999999523162842,"mStartTime":0,"mStepCount":23,"mTimeUnit":600000,"mTotalActiveTime":11829.60134788526,"mWalkStepCount":23},{"mCalorie":0.0,"mDistance":0.0,"mNowHealthyStep":0,"mRunStepCount":0,"mSpeed":0.0,"mStartTime":0,"mStepCount":0,"mTimeUnit":600000,"mTotalActiveTime":0.0,"mWalkStepCount":0},{"mCalorie":4.100000023841858,"mDistance":74.14000129699707,"mNowHealthyStep":0,"mRunStepCount":0,"mSpeed":4.799999713897705,"mStartTime":0,"mStepCount":98,"mTimeUnit":600000,"mTotalActiveTime":55605.00428706433,"mWalkStepCount":98},{"mCalorie":0.0,"mDistance":0.0,"mNowHealthyStep":0,"mRunStepCount":0,"mSpeed":0.0,"mStartTime":0,"mStepCount":0,"mTimeUnit":600000,"mTotalActiveTime":0.0,"mWalkStepCount":0},{"mCalorie":1.809999942779541,"mDistance":21.280000686645508,"mNowHealthyStep":0,"mRunStepCount":12,"mSpeed":11.300000190734863,"mStartTime":0,"mStepCount":19,"mTimeUnit":600000,"mTotalActiveTime":6779.469130871036,"mWalkStepCount":7},{"mCalorie":0.0,"mDistance":0.0,"mNowHealthyStep":0,"mRunStepCount":0,"mSpeed":0.0,"mStartTime":0,"mStepCount":0,"mTimeUnit":600000,"mTotalActiveTime":0.0,"mWalkStepCount":0},{"mCalorie":0.0,"mDistance":0.0,"mNowHealthyStep":0,"mRunStepCount":0,"mSpeed":0.0,"mStartTime":0,"mStepCount":0,"mTimeUnit":600000,"mTotalActiveTime":0.0,"mWalkStepCount":0},{"mCalorie":0.0,"mDistance":0.0,"mNowHealthyStep":0,"mRunStepCount":0,"mSpeed":0.0,"mStartTime":0,"mStepCount":0,"mTimeUnit":600000,"mTotalActiveTime":0.0,"mWalkStepCount":0},{"mCalorie":0.0,"mDistance":0.0,"mNowHealthyStep":0,"mRunStepCount":0,"mSpeed":0.0,"mStartTime":0,"mStepCount":0,"mTimeUnit":600000,"mTotalActiveTime":0.0,"mWalkStepCount":0},{"mCalorie":0.0,"mDistance":0.0,"mNowHealthyStep":0,"mRunStepCount":0,"mSpeed":0.0,"mStartTime":0,"mStepCount":0,"mTimeUnit":600000,"mTotalActiveTime":0.0,"mWalkStepCount":0},{"mCalorie":0.0,"mDistance":0.0,"mNowHealthyStep":0,"mRunStepCount":0,"mSpeed":0.0,"mStartTime":0,"mStepCount":0,"mTimeUnit":600000,"mTotalActiveTime":0.0,"mWalkStepCount":0},{"mCalorie":1.050000011920929,"mDistance":18.670000553131104,"mNowHealthyStep":0,"mRunStepCount":0,"mSpeed":4.626974582672119,"mStartTime":0,"mStepCount":25,"mTimeUnit":600000,"mTotalActiveTime":14526.122956559953,"mWalkStepCount":25},{"mCalorie":0.9099999964237213,"mDistance":16.710000038146973,"mNowHealthyStep":0,"mRunStepCount":0,"mSpeed":4.631906986236572,"mStartTime":0,"mStepCount":22,"mTimeUnit":600000,"mTotalActiveTime":12987.30751528927,"mWalkStepCount":22},{"mCalorie":2.059999942779541,"mDistance":36.53999996185303,"mNowHealthyStep":0,"mRunStepCount":0,"mSpeed":4.126615524291992,"mStartTime":0,"mStepCount":50,"mTimeUnit":600000,"mTotalActiveTime":31876.9704938065,"mWalkStepCount":50},{"mCalorie":0.0,"mDistance":0.0,"mNowHealthyStep":0,"mRunStepCount":0,"mSpeed":0.0,"mStartTime":0,"mStepCount":0,"mTimeUnit":600000,"mTotalActiveTime":0.0,"mWalkStepCount":0},{"mCalorie":1.0199999809265137,"mDistance":18.229999542236328,"mNowHealthyStep":0,"mRunStepCount":0,"mSpeed":5.199999809265137,"mStartTime":0,"mStepCount":24,"mTimeUnit":600000,"mTotalActiveTime":12620.76937678298,"mWalkStepCount":24},{"mCalorie":2.2699995040893555,"mDistance":36.05000305175781,"mNowHealthyStep":0,"mRunStepCount":7,"mSpeed":6.2271552085876465,"mStartTime":0,"mStepCount":40,"mTimeUnit":600000,"mTotalActiveTime":20840.979008737915,"mWalkStepCount":33},{"mCalorie":5.579999625682831,"mDistance":97.39999389648438,"mNowHealthyStep":0,"mRunStepCount":16,"mSpeed":6.576905727386475,"mStartTime":0,"mStepCount":117,"mTimeUnit":600000,"mTotalActiveTime":53313.82088419639,"mWalkStepCount":101},{"mCalorie":0.0,"mDistance":0.0,"mNowHealthyStep":0,"mRunStepCount":0,"mSpeed":0.0,"mStartTime":0,"mStepCount":0,"mTimeUnit":600000,"mTotalActiveTime":0.0,"mWalkStepCount":0},{"mCalorie":3.740000009536743,"mDistance":68.00000095367432,"mNowHealthyStep":0,"mRunStepCount":0,"mSpeed":4.892892837524414,"mStartTime":0,"mStepCount":90,"mTimeUnit":600000,"mTotalActiveTime":50031.75224068113,"mWalkStepCount":90},{"mCalorie":0.3400000035762787,"mDistance":5.909999847412109,"mNowHealthyStep":0,"mRunStepCount":0,"mSpeed":4.099999904632568,"mStartTime":0,"mStepCount":8,"mTimeUnit":600000,"mTotalActiveTime":5189.268279407508,"mWalkStepCount":8},{"mCalorie":0.0,"mDistance":0.0,"mNowHealthyStep":0,"mRunStepCount":0,"mSpeed":0.0,"mStartTime":0,"mStepCount":0,"mTimeUnit":600000,"mTotalActiveTime":0.0,"mWalkStepCount":0},{"mCalorie":1.1500000953674316,"mDistance":19.87999963760376,"mNowHealthyStep":0,"mRunStepCount":0,"mSpeed":4.278314590454102,"mStartTime":0,"mStepCount":27,"mTimeUnit":600000,"mTotalActiveTime":16728.082116522353,"mWalkStepCount":27}]