[{"mCalorie":1.5699999928474426,"mDistance":21.539999961853027,"mNowHealthyStep":0,"mRunStepCount":0,"mSpeed":3.592966318130493,"mStartTime":1630641600000,"mStepCount":30,"mTimeUnit":600000,"mTotalActiveTime":21582.166985103217,"mWalkStepCount":30},{"mCalorie":0.0,"mDistance":0.0,"mNowHealthyStep":0,"mRunStepCount":0,"mSpeed":0.0,"mStartTime":1630642200000,"mStepCount":0,"mTimeUnit":600000,"mTotalActiveTime":0.0,"mWalkStepCount":0},{"mCalorie":0.0,"mDistance":0.0,"mNowHealthyStep":0,"mRunStepCount":0,"mSpeed":0.0,"mStartTime":1630642800000,"mStepCount":0,"mTimeUnit":600000,"mTotalActiveTime":0.0,"mWalkStepCount":0},{"mCalorie":0.0,"mDistance":0.0,"mNowHealthyStep":0,"mRunStepCount":0,"mSpeed":0.0,"mStartTime":1630643400000,"mStepCount":0,"mTimeUnit":600000,"mTotalActiveTime":0.0,"mWalkStepCount":0},{"mCalorie":0.0,"mDistance":0.0,"mNowHealthyStep":0,"mRunStepCount":0,"mSpeed":0.0,"mStartTime":1630644000000,"mStepCount":0,"mTimeUnit":600000,"mTotalActiveTime":0.0,"mWalkStepCount":0},{"mCalorie":0.0,"mDistance":0.0,"mNowHealthyStep":0,"mRunStepCount":0,"mSpeed":0.0,"mStartTime":1630644600000,"mStepCount":0,"mTimeUnit":600000,"mTotalActiveTime":0.0,"mWalkStepCount":0},{"mCalorie":0.0,"mDistance":0.0,"mNowHealthyStep":0,"mRunStepCount":0,"mSpeed":0.0,"mStartTime":1630645200000,"mStepCount":0,"mTimeUnit":600000,"mTotalActiveTime":0.0,"mWalkStepCount":0},{"mCalorie":0.0,"mDistance":0.0,"mNowHealthyStep":0,"mRunStepCount":0,"mSpeed":0.0,"mStartTime":1630645800000,"mStepCount":0,"mTimeUnit":600000,"mTotalActiveTime":0.0,"mWalkStepCount":0},{"mCalorie":0.0,"mDistance":0.0,"mNowHealthyStep":0,"mRunStepCount":0,"mSpeed":0.0,"mStartTime":1630646400000,"mStepCount":0,"mTimeUnit":600000,"mTotalActiveTime":0.0,"mWalkStepCount":0},{"mCalorie":0.0,"mDistance":0.0,"mNowHealthyStep":0,"mRunStepCount":0,"mSpeed":0.0,"mStartTime":1630647000000,"mStepCount":0,"mTimeUnit":600000,"mTotalActiveTime":0.0,"mWalkStepCount":0},{"mCalorie":0.0,"mDistance":0.0,"mNowHealthyStep":0,"mRunStepCount":0,"mSpeed":0.0,"mStartTime":1630647600000,"mStepCount":0,"mTimeUnit":600000,"mTotalActiveTime":0.0,"mWalkStepCount":0},{"mCalorie":0.0,"mDistance":0.0,"mNowHealthyStep":0,"mRunStepCount":0,"mSpeed":0.0,"mStartTime":1630648200000,"mStepCount":0,"mTimeUnit":600000,"mTotalActiveTime":0.0,"mWalkStepCount":0},{"mCalorie":0.0,"mDistance":0.0,"mNowHealthyStep":0,"mRunStepCount":0,"mSpeed":0.0,"mStartTime":1630648800000,"mStepCount":0,"mTimeUnit":600000,"mTotalActiveTime":0.0,"mWalkStepCount":0},{"mCalorie":0.0,"mDistance":0.0,"mNowHealthyStep":0,"mRunStepCount":0,"mSpeed":0.0,"mStartTime":1630649400000,"mStepCount":0,"mTimeUnit":600000,"mTotalActiveTime":0.0,"mWalkStepCount":0},{"mCalorie":0.0,"mDistance":0.0,"mNowHealthyStep":0,"mRunStepCount":0,"mSpeed":0.0,"mStartTime":1630650000000,"mStepCount":0,"mTimeUnit":600000,"mTotalActiveTime":0.0,"mWalkStepCount":0},{"mCalorie":0.0,"mDistance":0.0,"mNowHealthyStep":0,"mRunStepCount":0,"mSpeed":0.0,"mStartTime":1630650600000,"mStepCount":0,"mTimeUnit":600000,"mTotalActiveTime":0.0,"mWalkStepCount":0},{"mCalorie":0.0,"mDistance":0.0,"mNowHealthyStep":0,"mRunStepCount":0,"mSpeed":0.0,"mStartTime":1630651200000,"mStepCount":0,"mTimeUnit":600000,"mTotalActiveTime":0.0,"mWalkStepCount":0},{"mCalorie":0.0,"mDistance":0.0,"mNowHealthyStep":0,"mRunStepCount":0,"mSpeed":0.0,"mStartTime":1630651800000,"mStepCount":0,"mTimeUnit":600000,"mTotalActiveTime":0.0,"mWalkStepCount":0},{"mCalorie":0.0,"mDistance":0.0,"mNowHealthyStep":0,"mRunStepCount":0,"mSpeed":0.0,"mStartTime":1630652400000,"mStepCount":0,"mTimeUnit":600000,"mTotalActiveTime":0.0,"mWalkStepCount":0},{"mCalorie":0.0,"mDistance":0.0,"mNowHealthyStep":0,"mRunStepCount":0,"mSpeed":0.0,"mStartTime":1630653000000,"mStepCount":0,"mTimeUnit":600000,"mTotalActiveTime":0.0,"mWalkStepCount":0},{"mCalorie":0.0,"mDistance":0.0,"mNowHealthyStep":0,"mRunStepCount":0,"mSpeed":0.0,"mStartTime":1630653600000,"mStepCount":0,"mTimeUnit":600000,"mTotalActiveTime":0.0,"mWalkStepCount":0},{"mCalorie":0.0,"mDistance":0.0,"mNowHealthyStep":0,"mRunStepCount":0,"mSpeed":0.0,"mStartTime":1630654200000,"mStepCount":0,"mTimeUnit":600000,"mTotalActiveTime":0.0,"mWalkStepCount":0},{"mCalorie":0.0,"mDistance":0.0,"mNowHealthyStep":0,"mRunStepCount":0,"mSpeed":0.0,"mStartTime":1630654800000,"mStepCount":0,"mTimeUnit":600000,"mTotalActiveTime":0.0,"mWalkStepCount":0},{"mCalorie":0.0,"mDistance":0.0,"mNowHealthyStep":0,"mRunStepCount":0,"mSpeed":0.0,"mStartTime":1630655400000,"mStepCount":0,"mTimeUnit":600000,"mTotalActiveTime":0.0,"mWalkStepCount":0},{"mCalorie":0.0,"mDistance":0.0,"mNowHealthyStep":0,"mRunStepCount":0,"mSpeed":0.0,"mStartTime":1630656000000,"mStepCount":0,"mTimeUnit":600000,"mTotalActiveTime":0.0,"mWalkStepCount":0},{"mCalorie":0.0,"mDistance":0.0,"mNowHealthyStep":0,"mRunStepCount":0,"mSpeed":0.0,"mStartTime":1630656600000,"mStepCount":0,"mTimeUnit":600000,"mTotalActiveTime":0.0,"mWalkStepCount":0},{"mCalorie":0.0,"mDistance":0.0,"mNowHealthyStep":0,"mRunStepCount":0,"mSpeed":0.0,"mStartTime":1630657200000,"mStepCount":0,"mTimeUnit":600000,"mTotalActiveTime":0.0,"mWalkStepCount":0},{"mCalorie":0.0,"mDistance":0.0,"mNowHealthyStep":0,"mRunStepCount":0,"mSpeed":0.0,"mStartTime":1630657800000,"mStepCount":0,"mTimeUnit":600000,"mTotalActiveTime":0.0,"mWalkStepCount":0},{"mCalorie":0.0,"mDistance":0.0,"mNowHealthyStep":0,"mRunStepCount":0,"mSpeed":0.0,"mStartTime":1630658400000,"mStepCount":0,"mTimeUnit":600000,"mTotalActiveTime":0.0,"mWalkStepCount":0},{"mCalorie":0.0,"mDistance":0.0,"mNowHealthyStep":0,"mRunStepCount":0,"mSpeed":0.0,"mStartTime":1630659000000,"mStepCount":0,"mTimeUnit":600000,"mTotalActiveTime":0.0,"mWalkStepCount":0},{"mCalorie":0.0,"mDistance":0.0,"mNowHealthyStep":0,"mRunStepCount":0,"mSpeed":0.0,"mStartTime":1630659600000,"mStepCount":0,"mTimeUnit":600000,"mTotalActiveTime":0.0,"mWalkStepCount":0},{"mCalorie":0.0,"mDistance":0.0,"mNowHealthyStep":0,"mRunStepCount":0,"mSpeed":0.0,"mStartTime":1630660200000,"mStepCount":0,"mTimeUnit":600000,"mTotalActiveTime":0.0,"mWalkStepCount":0},{"mCalorie":0.0,"mDistance":0.0,"mNowHealthyStep":0,"mRunStepCount":0,"mSpeed":0.0,"mStartTime":1630660800000,"mStepCount":0,"mTimeUnit":600000,"mTotalActiveTime":0.0,"mWalkStepCount":0},{"mCalorie":0.0,"mDistance":0.0,"mNowHealthyStep":0,"mRunStepCount":0,"mSpeed":0.0,"mStartTime":1630661400000,"mStepCount":0,"mTimeUnit":600000,"mTotalActiveTime":0.0,"mWalkStepCount":0},{"mCalorie":0.0,"mDistance":0.0,"mNowHealthyStep":0,"mRunStepCount":0,"mSpeed":0.0,"mStartTime":1630662000000,"mStepCount":0,"mTimeUnit":600000,"mTotalActiveTime":0.0,"mWalkStepCount":0},{"mCalorie":0.0,"mDistance":0.0,"mNowHealthyStep":0,"mRunStepCount":0,"mSpeed":0.0,"mStartTime":1630662600000,"mStepCount":0,"mTimeUnit":600000,"mTotalActiveTime":0.0,"mWalkStepCount":0},{"mCalorie":0.0,"mDistance":0.0,"mNowHealthyStep":0,"mRunStepCount":0,"mSpeed":0.0,"mStartTime":1630663200000,"mStepCount":0,"mTimeUnit":600000,"mTotalActiveTime":0.0,"mWalkStepCount":0},{"mCalorie":0.0,"mDistance":0.0,"mNowHealthyStep":0,"mRunStepCount":0,"mSpeed":0.0,"mStartTime":1630663800000,"mStepCount":0,"mTimeUnit":600000,"mTotalActiveTime":0.0,"mWalkStepCount":0},{"mCalorie":0.0,"mDistance":0.0,"mNowHealthyStep":0,"mRunStepCount":0,"mSpeed":0.0,"mStartTime":1630664400000,"mStepCount":0,"mTimeUnit":600000,"mTotalActiveTime":0.0,"mWalkStepCount":0},{"mCalorie":0.0,"mDistance":0.0,"mNowHealthyStep":0,"mRunStepCount":0,"mSpeed":0.0,"mStartTime":1630665000000,"mStepCount":0,"mTimeUnit":600000,"mTotalActiveTime":0.0,"mWalkStepCount":0},{"mCalorie":2.599999964237213,"mDistance":37.71000003814697,"mNowHealthyStep":0,"mRunStepCount":0,"mSpeed":4.201671600341797,"mStartTime":1630665600000,"mStepCount":51,"mTimeUnit":600000,"mTotalActiveTime":32309.99788144375,"mWalkStepCount":51},{"mCalorie":0.0,"mDistance":0.0,"mNowHealthyStep":0,"mRunStepCount":0,"mSpeed":0.0,"mStartTime":1630666200000,"mStepCount":0,"mTimeUnit":600000,"mTotalActiveTime":0.0,"mWalkStepCount":0},{"mCalorie":9.940000057220459,"mDistance":101.81999588012695,"mNowHealthyStep":0,"mRunStepCount":0,"mSpeed":4.59856653213501,"mStartTime":1630666800000,"mStepCount":149,"mTimeUnit":600000,"mTotalActiveTime":79710.0510039691,"mWalkStepCount":149},{"mCalorie":14.09999942779541,"mDistance":211.57999801635742,"mNowHealthyStep":0,"mRunStepCount":0,"mSpeed":5.048293113708496,"mStartTime":1630667400000,"mStepCount":279,"mTimeUnit":600000,"mTotalActiveTime":150880.30365244832,"mWalkStepCount":279},{"mCalorie":6.060000017285347,"mDistance":94.06999945640564,"mNowHealthyStep":0,"mRunStepCount":0,"mSpeed":5.475114345550537,"mStartTime":1630668000000,"mStepCount":121,"mTimeUnit":600000,"mTotalActiveTime":61852.955249216095,"mWalkStepCount":121},{"mCalorie":1.090000033378601,"mDistance":15.819999694824219,"mNowHealthyStep":0,"mRunStepCount":0,"mSpeed":4.5,"mStartTime":1630668600000,"mStepCount":22,"mTimeUnit":600000,"mTotalActiveTime":12655.999755859375,"mWalkStepCount":22},{"mCalorie":2.2799999713897705,"mDistance":33.38999938964844,"mNowHealthyStep":0,"mRunStepCount":0,"mSpeed":4.5,"mStartTime":1630669200000,"mStepCount":45,"mTimeUnit":600000,"mTotalActiveTime":26711.99951171875,"mWalkStepCount":45},{"mCalorie":2.130000114440918,"mDistance":30.949999809265137,"mNowHealthyStep":0,"mRunStepCount":0,"mSpeed":4.373962879180908,"mStartTime":1630669800000,"mStepCount":42,"mTimeUnit":600000,"mTotalActiveTime":25473.465764347573,"mWalkStepCount":42},{"mCalorie":2.9200000055134296,"mDistance":43.24999976158142,"mNowHealthyStep":0,"mRunStepCount":0,"mSpeed":4.647102355957031,"mStartTime":1630670400000,"mStepCount":58,"mTimeUnit":600000,"mTotalActiveTime":33504.75064615774,"mWalkStepCount":58},{"mCalorie":1.0699999816715717,"mDistance":15.40999984741211,"mNowHealthyStep":0,"mRunStepCount":0,"mSpeed":4.409330368041992,"mStartTime":1630671000000,"mStepCount":21,"mTimeUnit":600000,"mTotalActiveTime":12581.501542789938,"mWalkStepCount":21},{"mCalorie":8.380000054836273,"mDistance":127.69000053405762,"mNowHealthyStep":0,"mRunStepCount":0,"mSpeed":5.195957660675049,"mStartTime":1630671600000,"mStepCount":167,"mTimeUnit":600000,"mTotalActiveTime":88469.54152006755,"mWalkStepCount":167},{"mCalorie":8.78000020980835,"mDistance":115.22999572753906,"mNowHealthyStep":0,"mRunStepCount":16,"mSpeed":6.0323309898376465,"mStartTime":1630672200000,"mStepCount":155,"mTimeUnit":600000,"mTotalActiveTime":68767.44417432188,"mWalkStepCount":139},{"mCalorie":0.0,"mDistance":0.0,"mNowHealthyStep":0,"mRunStepCount":0,"mSpeed":0.0,"mStartTime":1630672800000,"mStepCount":0,"mTimeUnit":600000,"mTotalActiveTime":0.0,"mWalkStepCount":0},{"mCalorie":2.5199999809265137,"mDistance":37.45000076293945,"mNowHealthyStep":0,"mRunStepCount":0,"mSpeed":4.700000286102295,"mStartTime":1630673400000,"mStepCount":50,"mTimeUnit":600000,"mTotalActiveTime":28685.10522121438,"mWalkStepCount":50},{"mCalorie":1.5000000298023224,"mDistance":22.809999465942383,"mNowHealthyStep":0,"mRunStepCount":0,"mSpeed":4.999999523162842,"mStartTime":1630674000000,"mStepCount":30,"mTimeUnit":600000,"mTotalActiveTime":16423.20118171703,"mWalkStepCount":30},{"mCalorie":2.4700000286102295,"mDistance":35.84000110626221,"mNowHealthyStep":0,"mRunStepCount":0,"mSpeed":4.264974117279053,"mStartTime":1630674600000,"mStepCount":49,"mTimeUnit":600000,"mTotalActiveTime":30252.000904083252,"mWalkStepCount":49},{"mCalorie":0.0,"mDistance":0.0,"mNowHealthyStep":0,"mRunStepCount":0,"mSpeed":0.0,"mStartTime":1630675200000,"mStepCount":0,"mTimeUnit":600000,"mTotalActiveTime":0.0,"mWalkStepCount":0},{"mCalorie":1.4500000476837158,"mDistance":21.56999969482422,"mNowHealthyStep":0,"mRunStepCount":0,"mSpeed":4.408633232116699,"mStartTime":1630675800000,"mStepCount":29,"mTimeUnit":600000,"mTotalActiveTime":17613.621912495644,"mWalkStepCount":29},{"mCalorie":6.070000231266022,"mDistance":88.88000202178955,"mNowHealthyStep":0,"mRunStepCount":0,"mSpeed":4.410478591918945,"mStartTime":1630676400000,"mStepCount":120,"mTimeUnit":600000,"mTotalActiveTime":72547.23435723595,"mWalkStepCount":120},{"mCalorie":0.0,"mDistance":0.0,"mNowHealthyStep":0,"mRunStepCount":0,"mSpeed":0.0,"mStartTime":1630677000000,"mStepCount":0,"mTimeUnit":600000,"mTotalActiveTime":0.0,"mWalkStepCount":0},{"mCalorie":0.0,"mDistance":0.0,"mNowHealthyStep":0,"mRunStepCount":0,"mSpeed":0.0,"mStartTime":1630677600000,"mStepCount":0,"mTimeUnit":600000,"mTotalActiveTime":0.0,"mWalkStepCount":0},{"mCalorie":0.0,"mDistance":0.0,"mNowHealthyStep":0,"mRunStepCount":0,"mSpeed":0.0,"mStartTime":1630678200000,"mStepCount":0,"mTimeUnit":600000,"mTotalActiveTime":0.0,"mWalkStepCount":0},{"mCalorie":2.190000057220459,"mDistance":30.6200008392334,"mNowHealthyStep":0,"mRunStepCount":0,"mSpeed":4.3968353271484375,"mStartTime":1630678800000,"mStepCount":42,"mTimeUnit":600000,"mTotalActiveTime":25070.758928316936,"mWalkStepCount":42},{"mCalorie":0.0,"mDistance":0.0,"mNowHealthyStep":0,"mRunStepCount":0,"mSpeed":0.0,"mStartTime":1630679400000,"mStepCount":0,"mTimeUnit":600000,"mTotalActiveTime":0.0,"mWalkStepCount":0},{"mCalorie":0.0,"mDistance":0.0,"mNowHealthyStep":0,"mRunStepCount":0,"mSpeed":0.0,"mStartTime":1630680000000,"mStepCount":0,"mTimeUnit":600000,"mTotalActiveTime":0.0,"mWalkStepCount":0},{"mCalorie":0.0,"mDistance":0.0,"mNowHealthyStep":0,"mRunStepCount":0,"mSpeed":0.0,"mStartTime":1630680600000,"mStepCount":0,"mTimeUnit":600000,"mTotalActiveTime":0.0,"mWalkStepCount":0},{"mCalorie":1.1100000143051147,"mDistance":16.510000228881836,"mNowHealthyStep":0,"mRunStepCount":0,"mSpeed":4.900000095367432,"mStartTime":1630681200000,"mStepCount":22,"mTimeUnit":600000,"mTotalActiveTime":12129.795850446353,"mWalkStepCount":22},{"mCalorie":1.0499999523162842,"mDistance":15.800000190734863,"mNowHealthyStep":0,"mRunStepCount":0,"mSpeed":4.700000286102295,"mStartTime":1630681800000,"mStepCount":21,"mTimeUnit":600000,"mTotalActiveTime":12102.127068978549,"mWalkStepCount":21},{"mCalorie":0.0,"mDistance":0.0,"mNowHealthyStep":0,"mRunStepCount":0,"mSpeed":0.0,"mStartTime":1630682400000,"mStepCount":0,"mTimeUnit":600000,"mTotalActiveTime":0.0,"mWalkStepCount":0},{"mCalorie":0.0,"mDistance":0.0,"mNowHealthyStep":0,"mRunStepCount":0,"mSpeed":0.0,"mStartTime":1630683000000,"mStepCount":0,"mTimeUnit":600000,"mTotalActiveTime":0.0,"mWalkStepCount":0},{"mCalorie":0.0,"mDistance":0.0,"mNowHealthyStep":0,"mRunStepCount":0,"mSpeed":0.0,"mStartTime":1630683600000,"mStepCount":0,"mTimeUnit":600000,"mTotalActiveTime":0.0,"mWalkStepCount":0},{"mCalorie":0.0,"mDistance":0.0,"mNowHealthyStep":0,"mRunStepCount":0,"mSpeed":0.0,"mStartTime":1630684200000,"mStepCount":0,"mTimeUnit":600000,"mTotalActiveTime":0.0,"mWalkStepCount":0},{"mCalorie":0.0,"mDistance":0.0,"mNowHealthyStep":0,"mRunStepCount":0,"mSpeed":0.0,"mStartTime":1630684800000,"mStepCount":0,"mTimeUnit":600000,"mTotalActiveTime":0.0,"mWalkStepCount":0},{"mCalorie":0.0,"mDistance":0.0,"mNowHealthyStep":0,"mRunStepCount":0,"mSpeed":0.0,"mStartTime":1630685400000,"mStepCount":0,"mTimeUnit":600000,"mTotalActiveTime":0.0,"mWalkStepCount":0},{"mCalorie":0.0,"mDistance":0.0,"mNowHealthyStep":0,"mRunStepCount":0,"mSpeed":0.0,"mStartTime":1630686000000,"mStepCount":0,"mTimeUnit":600000,"mTotalActiveTime":0.0,"mWalkStepCount":0},{"mCalorie":2.25,"mDistance":34.579999923706055,"mNowHealthyStep":0,"mRunStepCount":0,"mSpeed":5.3960676193237305,"mStartTime":1630686600000,"mStepCount":45,"mTimeUnit":600000,"mTotalActiveTime":23070.134378545165,"mWalkStepCount":45},{"mCalorie":0.0,"mDistance":0.0,"mNowHealthyStep":0,"mRunStepCount":0,"mSpeed":0.0,"mStartTime":1630687200000,"mStepCount":0,"mTimeUnit":600000,"mTotalActiveTime":0.0,"mWalkStepCount":0},{"mCalorie":0.0,"mDistance":0.0,"mNowHealthyStep":0,"mRunStepCount":0,"mSpeed":0.0,"mStartTime":1630687800000,"mStepCount":0,"mTimeUnit":600000,"mTotalActiveTime":0.0,"mWalkStepCount":0},{"mCalorie":0.0,"mDistance":0.0,"mNowHealthyStep":0,"mRunStepCount":0,"mSpeed":0.0,"mStartTime":1630688400000,"mStepCount":0,"mTimeUnit":600000,"mTotalActiveTime":0.0,"mWalkStepCount":0},{"mCalorie":0.0,"mDistance":0.0,"mNowHealthyStep":0,"mRunStepCount":0,"mSpeed":0.0,"mStartTime":1630689000000,"mStepCount":0,"mTimeUnit":600000,"mTotalActiveTime":0.0,"mWalkStepCount":0},{"mCalorie":2.1200001128017902,"mDistance":30.64000129699707,"mNowHealthyStep":0,"mRunStepCount":0,"mSpeed":4.084702968597412,"mStartTime":1630689600000,"mStepCount":42,"mTimeUnit":600000,"mTotalActiveTime":27004.168231710963,"mWalkStepCount":42},{"mCalorie":0.0,"mDistance":0.0,"mNowHealthyStep":0,"mRunStepCount":0,"mSpeed":0.0,"mStartTime":1630690200000,"mStepCount":0,"mTimeUnit":600000,"mTotalActiveTime":0.0,"mWalkStepCount":0},{"mCalorie":0.0,"mDistance":0.0,"mNowHealthyStep":0,"mRunStepCount":0,"mSpeed":0.0,"mStartTime":1630690800000,"mStepCount":0,"mTimeUnit":600000,"mTotalActiveTime":0.0,"mWalkStepCount":0},{"mCalorie":0.0,"mDistance":0.0,"mNowHealthyStep":0,"mRunStepCount":0,"mSpeed":0.0,"mStartTime":1630691400000,"mStepCount":0,"mTimeUnit":600000,"mTotalActiveTime":0.0,"mWalkStepCount":0},{"mCalorie":0.0,"mDistance":0.0,"mNowHealthyStep":0,"mRunStepCount":0,"mSpeed":0.0,"mStartTime":1630692000000,"mStepCount":0,"mTimeUnit":600000,"mTotalActiveTime":0.0,"mWalkStepCount":0},{"mCalorie":1.5699999332427979,"mDistance":22.599990844726562,"mNowHealthyStep":0,"mRunStepCount":0,"mSpeed":3.864159107208252,"mStartTime":1630692600000,"mStepCount":31,"mTimeUnit":600000,"mTotalActiveTime":21055.025112513016,"mWalkStepCount":31},{"mCalorie":1.6999996900558472,"mDistance":25.359996795654297,"mNowHealthyStep":0,"mRunStepCount":0,"mSpeed":4.264215469360352,"mStartTime":1630693200000,"mStepCount":34,"mTimeUnit":600000,"mTotalActiveTime":21409.797211314515,"mWalkStepCount":34},{"mCalorie":0.0,"mDistance":0.0,"mNowHealthyStep":0,"mRunStepCount":0,"mSpeed":0.0,"mStartTime":1630693800000,"mStepCount":0,"mTimeUnit":600000,"mTotalActiveTime":0.0,"mWalkStepCount":0},{"mCalorie":0.0,"mDistance":0.0,"mNowHealthyStep":0,"mRunStepCount":0,"mSpeed":0.0,"mStartTime":1630694400000,"mStepCount":0,"mTimeUnit":600000,"mTotalActiveTime":0.0,"mWalkStepCount":0},{"mCalorie":0.0,"mDistance":0.0,"mNowHealthyStep":0,"mRunStepCount":0,"mSpeed":0.0,"mStartTime":1630695000000,"mStepCount":0,"mTimeUnit":600000,"mTotalActiveTime":0.0,"mWalkStepCount":0},{"mCalorie":0.0,"mDistance":0.0,"mNowHealthyStep":0,"mRunStepCount":0,"mSpeed":0.0,"mStartTime":1630695600000,"mStepCount":0,"mTimeUnit":600000,"mTotalActiveTime":0.0,"mWalkStepCount":0},{"mCalorie":0.0,"mDistance":0.0,"mNowHealthyStep":0,"mRunStepCount":0,"mSpeed":0.0,"mStartTime":1630696200000,"mStepCount":0,"mTimeUnit":600000,"mTotalActiveTime":0.0,"mWalkStepCount":0},{"mCalorie":0.0,"mDistance":0.0,"mNowHealthyStep":0,"mRunStepCount":0,"mSpeed":0.0,"mStartTime":1630696800000,"mStepCount":0,"mTimeUnit":600000,"mTotalActiveTime":0.0,"mWalkStepCount":0},{"mCalorie":0.0,"mDistance":0.0,"mNowHealthyStep":0,"mRunStepCount":0,"mSpeed":0.0,"mStartTime":1630697400000,"mStepCount":0,"mTimeUnit":600000,"mTotalActiveTime":0.0,"mWalkStepCount":0},{"mCalorie":0.0,"mDistance":0.0,"mNowHealthyStep":0,"mRunStepCount":0,"mSpeed":0.0,"mStartTime":1630698000000,"mStepCount":0,"mTimeUnit":600000,"mTotalActiveTime":0.0,"mWalkStepCount":0},{"mCalorie":2.219999611377716,"mDistance":32.3000054359436,"mNowHealthyStep":0,"mRunStepCount":0,"mSpeed":4.18215274810791,"mStartTime":1630698600000,"mStepCount":44,"mTimeUnit":600000,"mTotalActiveTime":27803.866961323653,"mWalkStepCount":44},{"mCalorie":4.490000009536743,"mDistance":64.67000007629395,"mNowHealthyStep":0,"mRunStepCount":0,"mSpeed":4.300461292266846,"mStartTime":1630699200000,"mStepCount":88,"mTimeUnit":600000,"mTotalActiveTime":54136.518730163516,"mWalkStepCount":88},{"mCalorie":1.6100000143051147,"mDistance":23.8700008392334,"mNowHealthyStep":0,"mRunStepCount":0,"mSpeed":4.600000381469727,"mStartTime":1630699800000,"mStepCount":32,"mTimeUnit":600000,"mTotalActiveTime":18680.868672837907,"mWalkStepCount":32},{"mCalorie":0.0,"mDistance":0.0,"mNowHealthyStep":0,"mRunStepCount":0,"mSpeed":0.0,"mStartTime":1630700400000,"mStepCount":0,"mTimeUnit":600000,"mTotalActiveTime":0.0,"mWalkStepCount":0},{"mCalorie":0.0,"mDistance":0.0,"mNowHealthyStep":0,"mRunStepCount":0,"mSpeed":0.0,"mStartTime":1630701000000,"mStepCount":0,"mTimeUnit":600000,"mTotalActiveTime":0.0,"mWalkStepCount":0},{"mCalorie":0.0,"mDistance":0.0,"mNowHealthyStep":0,"mRunStepCount":0,"mSpeed":0.0,"mStartTime":1630701600000,"mStepCount":0,"mTimeUnit":600000,"mTotalActiveTime":0.0,"mWalkStepCount":0},{"mCalorie":0.0,"mDistance":0.0,"mNowHealthyStep":0,"mRunStepCount":0,"mSpeed":0.0,"mStartTime":1630702200000,"mStepCount":0,"mTimeUnit":600000,"mTotalActiveTime":0.0,"mWalkStepCount":0},{"mCalorie":0.0,"mDistance":0.0,"mNowHealthyStep":0,"mRunStepCount":0,"mSpeed":0.0,"mStartTime":1630702800000,"mStepCount":0,"mTimeUnit":600000,"mTotalActiveTime":0.0,"mWalkStepCount":0},{"mCalorie":0.0,"mDistance":0.0,"mNowHealthyStep":0,"mRunStepCount":0,"mSpeed":0.0,"mStartTime":1630703400000,"mStepCount":0,"mTimeUnit":600000,"mTotalActiveTime":0.0,"mWalkStepCount":0},{"mCalorie":10.489999771118164,"mDistance":161.01000595092773,"mNowHealthyStep":0,"mRunStepCount":0,"mSpeed":5.056143283843994,"mStartTime":1630704000000,"mStepCount":210,"mTimeUnit":600000,"mTotalActiveTime":114639.95022956227,"mWalkStepCount":210},{"mCalorie":20.519998788833618,"mDistance":302.0100088119507,"mNowHealthyStep":0,"mRunStepCount":0,"mSpeed":4.312763214111328,"mStartTime":1630704600000,"mStepCount":408,"mTimeUnit":600000,"mTotalActiveTime":252097.3215675618,"mWalkStepCount":408},{"mCalorie":29.780000299215317,"mDistance":439.5700030326843,"mNowHealthyStep":0,"mRunStepCount":0,"mSpeed":4.369932174682617,"mStartTime":1630705200000,"mStepCount":594,"mTimeUnit":600000,"mTotalActiveTime":362122.80172209523,"mWalkStepCount":594},{"mCalorie":13.779999926686287,"mDistance":204.93999767303467,"mNowHealthyStep":0,"mRunStepCount":0,"mSpeed":4.398833274841309,"mStartTime":1630705800000,"mStepCount":275,"mTimeUnit":600000,"mTotalActiveTime":167722.65452356468,"mWalkStepCount":275},{"mCalorie":8.979999542236328,"mDistance":135.75,"mNowHealthyStep":0,"mRunStepCount":0,"mSpeed":5.016233921051025,"mStartTime":1630706400000,"mStepCount":179,"mTimeUnit":600000,"mTotalActiveTime":97423.68900033779,"mWalkStepCount":179},{"mCalorie":0.0,"mDistance":0.0,"mNowHealthyStep":0,"mRunStepCount":0,"mSpeed":0.0,"mStartTime":1630707000000,"mStepCount":0,"mTimeUnit":600000,"mTotalActiveTime":0.0,"mWalkStepCount":0},{"mCalorie":18.43000030517578,"mDistance":279.1199975013733,"mNowHealthyStep":0,"mRunStepCount":0,"mSpeed":4.908740043640137,"mStartTime":1630707600000,"mStepCount":367,"mTimeUnit":600000,"mTotalActiveTime":204702.63179261505,"mWalkStepCount":367},{"mCalorie":5.700000002980232,"mDistance":86.38999843597412,"mNowHealthyStep":0,"mRunStepCount":0,"mSpeed":4.997375011444092,"mStartTime":1630708200000,"mStepCount":114,"mTimeUnit":600000,"mTotalActiveTime":62233.46908742325,"mWalkStepCount":114},{"mCalorie":3.2800000309944153,"mDistance":49.41000032424927,"mNowHealthyStep":0,"mRunStepCount":0,"mSpeed":5.006584644317627,"mStartTime":1630708800000,"mStepCount":65,"mTimeUnit":600000,"mTotalActiveTime":35528.4105986188,"mWalkStepCount":65},{"mCalorie":0.41999998688697815,"mDistance":5.619999885559082,"mNowHealthyStep":0,"mRunStepCount":0,"mSpeed":3.200000047683716,"mStartTime":1630709400000,"mStepCount":8,"mTimeUnit":600000,"mTotalActiveTime":6322.499777041378,"mWalkStepCount":8},{"mCalorie":0.0,"mDistance":0.0,"mNowHealthyStep":0,"mRunStepCount":0,"mSpeed":0.0,"mStartTime":1630710000000,"mStepCount":0,"mTimeUnit":600000,"mTotalActiveTime":0.0,"mWalkStepCount":0},{"mCalorie":0.5100000500679016,"mDistance":7.279999732971191,"mNowHealthyStep":0,"mRunStepCount":0,"mSpeed":4.3693695068359375,"mStartTime":1630710600000,"mStepCount":10,"mTimeUnit":600000,"mTotalActiveTime":5998.1191789098,"mWalkStepCount":10},{"mCalorie":0.7699999809265137,"mDistance":7.53000020980835,"mNowHealthyStep":0,"mRunStepCount":1,"mSpeed":8.130104064941406,"mStartTime":1630711200000,"mStepCount":7,"mTimeUnit":600000,"mTotalActiveTime":3334.2747569745193,"mWalkStepCount":6},{"mCalorie":0.0,"mDistance":0.0,"mNowHealthyStep":0,"mRunStepCount":0,"mSpeed":0.0,"mStartTime":1630711800000,"mStepCount":0,"mTimeUnit":600000,"mTotalActiveTime":0.0,"mWalkStepCount":0},{"mCalorie":0.7700000107288361,"mDistance":10.910000324249268,"mNowHealthyStep":0,"mRunStepCount":0,"mSpeed":4.540247917175293,"mStartTime":1630712400000,"mStepCount":15,"mTimeUnit":600000,"mTotalActiveTime":8650.629407689681,"mWalkStepCount":15},{"mCalorie":9.899999886751175,"mDistance":147.09000205993652,"mNowHealthyStep":0,"mRunStepCount":0,"mSpeed":4.5460968017578125,"mStartTime":1630713000000,"mStepCount":196,"mTimeUnit":600000,"mTotalActiveTime":116478.82602130907,"mWalkStepCount":196},{"mCalorie":0.0,"mDistance":0.0,"mNowHealthyStep":0,"mRunStepCount":0,"mSpeed":0.0,"mStartTime":1630713600000,"mStepCount":0,"mTimeUnit":600000,"mTotalActiveTime":0.0,"mWalkStepCount":0},{"mCalorie":0.0,"mDistance":0.0,"mNowHealthyStep":0,"mRunStepCount":0,"mSpeed":0.0,"mStartTime":1630714200000,"mStepCount":0,"mTimeUnit":600000,"mTotalActiveTime":0.0,"mWalkStepCount":0},{"mCalorie":0.0,"mDistance":0.0,"mNowHealthyStep":0,"mRunStepCount":0,"mSpeed":0.0,"mStartTime":1630714800000,"mStepCount":0,"mTimeUnit":600000,"mTotalActiveTime":0.0,"mWalkStepCount":0},{"mCalorie":6.419999957084656,"mDistance":92.04999828338623,"mNowHealthyStep":0,"mRunStepCount":0,"mSpeed":4.248260498046875,"mStartTime":1630715400000,"mStepCount":126,"mTimeUnit":600000,"mTotalActiveTime":78003.6862524584,"mWalkStepCount":126},{"mCalorie":4.020000100135803,"mDistance":59.68999910354614,"mNowHealthyStep":0,"mRunStepCount":0,"mSpeed":4.600000381469727,"mStartTime":1630716000000,"mStepCount":80,"mTimeUnit":600000,"mTotalActiveTime":46713.90846800527,"mWalkStepCount":80},{"mCalorie":1.2000000476837158,"mDistance":17.809999465942383,"mNowHealthyStep":0,"mRunStepCount":0,"mSpeed":4.49873161315918,"mStartTime":1630716600000,"mStepCount":24,"mTimeUnit":600000,"mTotalActiveTime":14252.016699517644,"mWalkStepCount":24},{"mCalorie":5.299999952316284,"mDistance":78.21000099182129,"mNowHealthyStep":0,"mRunStepCount":0,"mSpeed":4.527045249938965,"mStartTime":1630717200000,"mStepCount":105,"mTimeUnit":600000,"mTotalActiveTime":62194.210994054534,"mWalkStepCount":105},{"mCalorie":0.0,"mDistance":0.0,"mNowHealthyStep":0,"mRunStepCount":0,"mSpeed":0.0,"mStartTime":1630717800000,"mStepCount":0,"mTimeUnit":600000,"mTotalActiveTime":0.0,"mWalkStepCount":0},{"mCalorie":0.0,"mDistance":0.0,"mNowHealthyStep":0,"mRunStepCount":0,"mSpeed":0.0,"mStartTime":1630718400000,"mStepCount":0,"mTimeUnit":600000,"mTotalActiveTime":0.0,"mWalkStepCount":0},{"mCalorie":0.0,"mDistance":0.0,"mNowHealthyStep":0,"mRunStepCount":0,"mSpeed":0.0,"mStartTime":1630719000000,"mStepCount":0,"mTimeUnit":600000,"mTotalActiveTime":0.0,"mWalkStepCount":0},{"mCalorie":0.0,"mDistance":0.0,"mNowHealthyStep":0,"mRunStepCount":0,"mSpeed":0.0,"mStartTime":1630719600000,"mStepCount":0,"mTimeUnit":600000,"mTotalActiveTime":0.0,"mWalkStepCount":0},{"mCalorie":0.0,"mDistance":0.0,"mNowHealthyStep":0,"mRunStepCount":0,"mSpeed":0.0,"mStartTime":1630720200000,"mStepCount":0,"mTimeUnit":600000,"mTotalActiveTime":0.0,"mWalkStepCount":0},{"mCalorie":0.0,"mDistance":0.0,"mNowHealthyStep":0,"mRunStepCount":0,"mSpeed":0.0,"mStartTime":1630720800000,"mStepCount":0,"mTimeUnit":600000,"mTotalActiveTime":0.0,"mWalkStepCount":0},{"mCalorie":0.0,"mDistance":0.0,"mNowHealthyStep":0,"mRunStepCount":0,"mSpeed":0.0,"mStartTime":1630721400000,"mStepCount":0,"mTimeUnit":600000,"mTotalActiveTime":0.0,"mWalkStepCount":0},{"mCalorie":0.0,"mDistance":0.0,"mNowHealthyStep":0,"mRunStepCount":0,"mSpeed":0.0,"mStartTime":1630722000000,"mStepCount":0,"mTimeUnit":600000,"mTotalActiveTime":0.0,"mWalkStepCount":0},{"mCalorie":0.0,"mDistance":0.0,"mNowHealthyStep":0,"mRunStepCount":0,"mSpeed":0.0,"mStartTime":1630722600000,"mStepCount":0,"mTimeUnit":600000,"mTotalActiveTime":0.0,"mWalkStepCount":0},{"mCalorie":0.0,"mDistance":0.0,"mNowHealthyStep":0,"mRunStepCount":0,"mSpeed":0.0,"mStartTime":1630723200000,"mStepCount":0,"mTimeUnit":600000,"mTotalActiveTime":0.0,"mWalkStepCount":0},{"mCalorie":0.0,"mDistance":0.0,"mNowHealthyStep":0,"mRunStepCount":0,"mSpeed":0.0,"mStartTime":1630723800000,"mStepCount":0,"mTimeUnit":600000,"mTotalActiveTime":0.0,"mWalkStepCount":0},{"mCalorie":0.0,"mDistance":0.0,"mNowHealthyStep":0,"mRunStepCount":0,"mSpeed":0.0,"mStartTime":1630724400000,"mStepCount":0,"mTimeUnit":600000,"mTotalActiveTime":0.0,"mWalkStepCount":0},{"mCalorie":0.0,"mDistance":0.0,"mNowHealthyStep":0,"mRunStepCount":0,"mSpeed":0.0,"mStartTime":1630725000000,"mStepCount":0,"mTimeUnit":600000,"mTotalActiveTime":0.0,"mWalkStepCount":0},{"mCalorie":0.0,"mDistance":0.0,"mNowHealthyStep":0,"mRunStepCount":0,"mSpeed":0.0,"mStartTime":1630725600000,"mStepCount":0,"mTimeUnit":600000,"mTotalActiveTime":0.0,"mWalkStepCount":0},{"mCalorie":0.0,"mDistance":0.0,"mNowHealthyStep":0,"mRunStepCount":0,"mSpeed":0.0,"mStartTime":1630726200000,"mStepCount":0,"mTimeUnit":600000,"mTotalActiveTime":0.0,"mWalkStepCount":0},{"mCalorie":0.0,"mDistance":0.0,"mNowHealthyStep":0,"mRunStepCount":0,"mSpeed":0.0,"mStartTime":1630726800000,"mStepCount":0,"mTimeUnit":600000,"mTotalActiveTime":0.0,"mWalkStepCount":0},{"mCalorie":0.0,"mDistance":0.0,"mNowHealthyStep":0,"mRunStepCount":0,"mSpeed":0.0,"mStartTime":1630727400000,"mStepCount":0,"mTimeUnit":600000,"mTotalActiveTime":0.0,"mWalkStepCount":0}]