[{"mCalorie":0.0,"mDistance":0.0,"mNowHealthyStep":0,"mRunStepCount":0,"mSpeed":0.0,"mStartTime":1581483600000,"mStepCount":0,"mTimeUnit":600000,"mTotalActiveTime":0.0,"mWalkStepCount":0},{"mCalorie":0.0,"mDistance":0.0,"mNowHealthyStep":0,"mRunStepCount":0,"mSpeed":0.0,"mStartTime":1581484200000,"mStepCount":0,"mTimeUnit":600000,"mTotalActiveTime":0.0,"mWalkStepCount":0},{"mCalorie":0.0,"mDistance":0.0,"mNowHealthyStep":0,"mRunStepCount":0,"mSpeed":0.0,"mStartTime":1581484800000,"mStepCount":0,"mTimeUnit":600000,"mTotalActiveTime":0.0,"mWalkStepCount":0},{"mCalorie":0.0,"mDistance":0.0,"mNowHealthyStep":0,"mRunStepCount":0,"mSpeed":0.0,"mStartTime":1581485400000,"mStepCount":0,"mTimeUnit":600000,"mTotalActiveTime":0.0,"mWalkStepCount":0},{"mCalorie":0.0,"mDistance":0.0,"mNowHealthyStep":0,"mRunStepCount":0,"mSpeed":0.0,"mStartTime":1581486000000,"mStepCount":0,"mTimeUnit":600000,"mTotalActiveTime":0.0,"mWalkStepCount":0},{"mCalorie":0.0,"mDistance":0.0,"mNowHealthyStep":0,"mRunStepCount":0,"mSpeed":0.0,"mStartTime":1581486600000,"mStepCount":0,"mTimeUnit":600000,"mTotalActiveTime":0.0,"mWalkStepCount":0},{"mCalorie":0.0,"mDistance":0.0,"mNowHealthyStep":0,"mRunStepCount":0,"mSpeed":0.0,"mStartTime":1581487200000,"mStepCount":0,"mTimeUnit":600000,"mTotalActiveTime":0.0,"mWalkStepCount":0},{"mCalorie":0.0,"mDistance":0.0,"mNowHealthyStep":0,"mRunStepCount":0,"mSpeed":0.0,"mStartTime":1581487800000,"mStepCount":0,"mTimeUnit":600000,"mTotalActiveTime":0.0,"mWalkStepCount":0},{"mCalorie":0.0,"mDistance":0.0,"mNowHealthyStep":0,"mRunStepCount":0,"mSpeed":0.0,"mStartTime":1581488400000,"mStepCount":0,"mTimeUnit":600000,"mTotalActiveTime":0.0,"mWalkStepCount":0},{"mCalorie":0.0,"mDistance":0.0,"mNowHealthyStep":0,"mRunStepCount":0,"mSpeed":0.0,"mStartTime":1581489000000,"mStepCount":0,"mTimeUnit":600000,"mTotalActiveTime":0.0,"mWalkStepCount":0},{"mCalorie":0.0,"mDistance":0.0,"mNowHealthyStep":0,"mRunStepCount":0,"mSpeed":0.0,"mStartTime":1581489600000,"mStepCount":0,"mTimeUnit":600000,"mTotalActiveTime":0.0,"mWalkStepCount":0},{"mCalorie":0.0,"mDistance":0.0,"mNowHealthyStep":0,"mRunStepCount":0,"mSpeed":0.0,"mStartTime":1581490200000,"mStepCount":0,"mTimeUnit":600000,"mTotalActiveTime":0.0,"mWalkStepCount":0},{"mCalorie":0.0,"mDistance":0.0,"mNowHealthyStep":0,"mRunStepCount":0,"mSpeed":0.0,"mStartTime":1581490800000,"mStepCount":0,"mTimeUnit":600000,"mTotalActiveTime":0.0,"mWalkStepCount":0},{"mCalorie":0.0,"mDistance":0.0,"mNowHealthyStep":0,"mRunStepCount":0,"mSpeed":0.0,"mStartTime":1581491400000,"mStepCount":0,"mTimeUnit":600000,"mTotalActiveTime":0.0,"mWalkStepCount":0},{"mCalorie":0.0,"mDistance":0.0,"mNowHealthyStep":0,"mRunStepCount":0,"mSpeed":0.0,"mStartTime":1581492000000,"mStepCount":0,"mTimeUnit":600000,"mTotalActiveTime":0.0,"mWalkStepCount":0},{"mCalorie":0.0,"mDistance":0.0,"mNowHealthyStep":0,"mRunStepCount":0,"mSpeed":0.0,"mStartTime":1581492600000,"mStepCount":0,"mTimeUnit":600000,"mTotalActiveTime":0.0,"mWalkStepCount":0},{"mCalorie":0.0,"mDistance":0.0,"mNowHealthyStep":0,"mRunStepCount":0,"mSpeed":0.0,"mStartTime":1581493200000,"mStepCount":0,"mTimeUnit":600000,"mTotalActiveTime":0.0,"mWalkStepCount":0},{"mCalorie":0.0,"mDistance":0.0,"mNowHealthyStep":0,"mRunStepCount":0,"mSpeed":0.0,"mStartTime":1581493800000,"mStepCount":0,"mTimeUnit":600000,"mTotalActiveTime":0.0,"mWalkStepCount":0},{"mCalorie":0.0,"mDistance":0.0,"mNowHealthyStep":0,"mRunStepCount":0,"mSpeed":0.0,"mStartTime":1581494400000,"mStepCount":0,"mTimeUnit":600000,"mTotalActiveTime":0.0,"mWalkStepCount":0},{"mCalorie":0.0,"mDistance":0.0,"mNowHealthyStep":0,"mRunStepCount":0,"mSpeed":0.0,"mStartTime":1581495000000,"mStepCount":0,"mTimeUnit":600000,"mTotalActiveTime":0.0,"mWalkStepCount":0},{"mCalorie":0.0,"mDistance":0.0,"mNowHealthyStep":0,"mRunStepCount":0,"mSpeed":0.0,"mStartTime":1581495600000,"mStepCount":0,"mTimeUnit":600000,"mTotalActiveTime":0.0,"mWalkStepCount":0},{"mCalorie":0.0,"mDistance":0.0,"mNowHealthyStep":0,"mRunStepCount":0,"mSpeed":0.0,"mStartTime":1581496200000,"mStepCount":0,"mTimeUnit":600000,"mTotalActiveTime":0.0,"mWalkStepCount":0},{"mCalorie":0.0,"mDistance":0.0,"mNowHealthyStep":0,"mRunStepCount":0,"mSpeed":0.0,"mStartTime":1581496800000,"mStepCount":0,"mTimeUnit":600000,"mTotalActiveTime":0.0,"mWalkStepCount":0},{"mCalorie":0.0,"mDistance":0.0,"mNowHealthyStep":0,"mRunStepCount":0,"mSpeed":0.0,"mStartTime":1581497400000,"mStepCount":0,"mTimeUnit":600000,"mTotalActiveTime":0.0,"mWalkStepCount":0},{"mCalorie":0.0,"mDistance":0.0,"mNowHealthyStep":0,"mRunStepCount":0,"mSpeed":0.0,"mStartTime":1581498000000,"mStepCount":0,"mTimeUnit":600000,"mTotalActiveTime":0.0,"mWalkStepCount":0},{"mCalorie":0.0,"mDistance":0.0,"mNowHealthyStep":0,"mRunStepCount":0,"mSpeed":0.0,"mStartTime":1581498600000,"mStepCount":0,"mTimeUnit":600000,"mTotalActiveTime":0.0,"mWalkStepCount":0},{"mCalorie":0.0,"mDistance":0.0,"mNowHealthyStep":0,"mRunStepCount":0,"mSpeed":0.0,"mStartTime":1581499200000,"mStepCount":0,"mTimeUnit":600000,"mTotalActiveTime":0.0,"mWalkStepCount":0},{"mCalorie":0.0,"mDistance":0.0,"mNowHealthyStep":0,"mRunStepCount":0,"mSpeed":0.0,"mStartTime":1581499800000,"mStepCount":0,"mTimeUnit":600000,"mTotalActiveTime":0.0,"mWalkStepCount":0},{"mCalorie":0.0,"mDistance":0.0,"mNowHealthyStep":0,"mRunStepCount":0,"mSpeed":0.0,"mStartTime":1581500400000,"mStepCount":0,"mTimeUnit":600000,"mTotalActiveTime":0.0,"mWalkStepCount":0},{"mCalorie":0.0,"mDistance":0.0,"mNowHealthyStep":0,"mRunStepCount":0,"mSpeed":0.0,"mStartTime":1581501000000,"mStepCount":0,"mTimeUnit":600000,"mTotalActiveTime":0.0,"mWalkStepCount":0},{"mCalorie":0.0,"mDistance":0.0,"mNowHealthyStep":0,"mRunStepCount":0,"mSpeed":0.0,"mStartTime":1581501600000,"mStepCount":0,"mTimeUnit":600000,"mTotalActiveTime":0.0,"mWalkStepCount":0},{"mCalorie":2.059999942779541,"mDistance":35.570000648498535,"mNowHealthyStep":0,"mRunStepCount":0,"mSpeed":3.8128459453582764,"mStartTime":1581502200000,"mStepCount":49,"mTimeUnit":600000,"mTotalActiveTime":33584.36256739209,"mWalkStepCount":49},{"mCalorie":0.0,"mDistance":0.0,"mNowHealthyStep":0,"mRunStepCount":0,"mSpeed":0.0,"mStartTime":1581502800000,"mStepCount":0,"mTimeUnit":600000,"mTotalActiveTime":0.0,"mWalkStepCount":0},{"mCalorie":0.0,"mDistance":0.0,"mNowHealthyStep":0,"mRunStepCount":0,"mSpeed":0.0,"mStartTime":1581503400000,"mStepCount":0,"mTimeUnit":600000,"mTotalActiveTime":0.0,"mWalkStepCount":0},{"mCalorie":1.1899999976158142,"mDistance":20.59999990463257,"mNowHealthyStep":0,"mRunStepCount":0,"mSpeed":4.797605514526367,"mStartTime":1581504000000,"mStepCount":28,"mTimeUnit":600000,"mTotalActiveTime":15457.711505126468,"mWalkStepCount":28},{"mCalorie":2.279999941587448,"mDistance":41.41999959945679,"mNowHealthyStep":0,"mRunStepCount":0,"mSpeed":4.829767227172852,"mStartTime":1581504600000,"mStepCount":55,"mTimeUnit":600000,"mTotalActiveTime":30873.538518352194,"mWalkStepCount":55},{"mCalorie":0.0,"mDistance":0.0,"mNowHealthyStep":0,"mRunStepCount":0,"mSpeed":0.0,"mStartTime":1581505200000,"mStepCount":0,"mTimeUnit":600000,"mTotalActiveTime":0.0,"mWalkStepCount":0},{"mCalorie":4.919999927282333,"mDistance":89.76999855041504,"mNowHealthyStep":0,"mRunStepCount":0,"mSpeed":4.741138935089111,"mStartTime":1581505800000,"mStepCount":119,"mTimeUnit":600000,"mTotalActiveTime":68163.36896943426,"mWalkStepCount":119},{"mCalorie":0.0,"mDistance":0.0,"mNowHealthyStep":0,"mRunStepCount":0,"mSpeed":0.0,"mStartTime":1581506400000,"mStepCount":0,"mTimeUnit":600000,"mTotalActiveTime":0.0,"mWalkStepCount":0},{"mCalorie":0.0,"mDistance":0.0,"mNowHealthyStep":0,"mRunStepCount":0,"mSpeed":0.0,"mStartTime":1581507000000,"mStepCount":0,"mTimeUnit":600000,"mTotalActiveTime":0.0,"mWalkStepCount":0},{"mCalorie":9.5,"mDistance":175.68000411987305,"mNowHealthyStep":0,"mRunStepCount":0,"mSpeed":5.316899299621582,"mStartTime":1581507600000,"mStepCount":229,"mTimeUnit":600000,"mTotalActiveTime":118950.53705756662,"mWalkStepCount":229},{"mCalorie":2.07000008225441,"mDistance":37.560001373291016,"mNowHealthyStep":0,"mRunStepCount":0,"mSpeed":4.5524749755859375,"mStartTime":1581508200000,"mStepCount":50,"mTimeUnit":600000,"mTotalActiveTime":29701.648252482028,"mWalkStepCount":50},{"mCalorie":0.0,"mDistance":0.0,"mNowHealthyStep":0,"mRunStepCount":0,"mSpeed":0.0,"mStartTime":1581508800000,"mStepCount":0,"mTimeUnit":600000,"mTotalActiveTime":0.0,"mWalkStepCount":0},{"mCalorie":0.0,"mDistance":0.0,"mNowHealthyStep":0,"mRunStepCount":0,"mSpeed":0.0,"mStartTime":1581509400000,"mStepCount":0,"mTimeUnit":600000,"mTotalActiveTime":0.0,"mWalkStepCount":0},{"mCalorie":0.0,"mDistance":0.0,"mNowHealthyStep":0,"mRunStepCount":0,"mSpeed":0.0,"mStartTime":1581510000000,"mStepCount":0,"mTimeUnit":600000,"mTotalActiveTime":0.0,"mWalkStepCount":0},{"mCalorie":0.0,"mDistance":0.0,"mNowHealthyStep":0,"mRunStepCount":0,"mSpeed":0.0,"mStartTime":1581510600000,"mStepCount":0,"mTimeUnit":600000,"mTotalActiveTime":0.0,"mWalkStepCount":0},{"mCalorie":0.0,"mDistance":0.0,"mNowHealthyStep":0,"mRunStepCount":0,"mSpeed":0.0,"mStartTime":1581511200000,"mStepCount":0,"mTimeUnit":600000,"mTotalActiveTime":0.0,"mWalkStepCount":0},{"mCalorie":0.0,"mDistance":0.0,"mNowHealthyStep":0,"mRunStepCount":0,"mSpeed":0.0,"mStartTime":1581511800000,"mStepCount":0,"mTimeUnit":600000,"mTotalActiveTime":0.0,"mWalkStepCount":0},{"mCalorie":0.0,"mDistance":0.0,"mNowHealthyStep":0,"mRunStepCount":0,"mSpeed":0.0,"mStartTime":1581512400000,"mStepCount":0,"mTimeUnit":600000,"mTotalActiveTime":0.0,"mWalkStepCount":0},{"mCalorie":0.0,"mDistance":0.0,"mNowHealthyStep":0,"mRunStepCount":0,"mSpeed":0.0,"mStartTime":1581513000000,"mStepCount":0,"mTimeUnit":600000,"mTotalActiveTime":0.0,"mWalkStepCount":0},{"mCalorie":0.0,"mDistance":0.0,"mNowHealthyStep":0,"mRunStepCount":0,"mSpeed":0.0,"mStartTime":1581513600000,"mStepCount":0,"mTimeUnit":600000,"mTotalActiveTime":0.0,"mWalkStepCount":0},{"mCalorie":0.0,"mDistance":0.0,"mNowHealthyStep":0,"mRunStepCount":0,"mSpeed":0.0,"mStartTime":1581514200000,"mStepCount":0,"mTimeUnit":600000,"mTotalActiveTime":0.0,"mWalkStepCount":0},{"mCalorie":0.0,"mDistance":0.0,"mNowHealthyStep":0,"mRunStepCount":0,"mSpeed":0.0,"mStartTime":1581514800000,"mStepCount":0,"mTimeUnit":600000,"mTotalActiveTime":0.0,"mWalkStepCount":0},{"mCalorie":0.0,"mDistance":0.0,"mNowHealthyStep":0,"mRunStepCount":0,"mSpeed":0.0,"mStartTime":1581515400000,"mStepCount":0,"mTimeUnit":600000,"mTotalActiveTime":0.0,"mWalkStepCount":0},{"mCalorie":0.0,"mDistance":0.0,"mNowHealthyStep":0,"mRunStepCount":0,"mSpeed":0.0,"mStartTime":1581516000000,"mStepCount":0,"mTimeUnit":600000,"mTotalActiveTime":0.0,"mWalkStepCount":0},{"mCalorie":0.0,"mDistance":0.0,"mNowHealthyStep":0,"mRunStepCount":0,"mSpeed":0.0,"mStartTime":1581516600000,"mStepCount":0,"mTimeUnit":600000,"mTotalActiveTime":0.0,"mWalkStepCount":0},{"mCalorie":7.329999893903732,"mDistance":143.68000411987305,"mNowHealthyStep":0,"mRunStepCount":0,"mSpeed":5.81383752822876,"mStartTime":1581517200000,"mStepCount":182,"mTimeUnit":600000,"mTotalActiveTime":88968.43157747069,"mWalkStepCount":182},{"mCalorie":4.050000071525574,"mDistance":78.36000061035156,"mNowHealthyStep":0,"mRunStepCount":0,"mSpeed":5.946671485900879,"mStartTime":1581517800000,"mStepCount":100,"mTimeUnit":600000,"mTotalActiveTime":47437.62911118512,"mWalkStepCount":100},{"mCalorie":0.0,"mDistance":0.0,"mNowHealthyStep":0,"mRunStepCount":0,"mSpeed":0.0,"mStartTime":1581518400000,"mStepCount":0,"mTimeUnit":600000,"mTotalActiveTime":0.0,"mWalkStepCount":0},{"mCalorie":0.0,"mDistance":0.0,"mNowHealthyStep":0,"mRunStepCount":0,"mSpeed":0.0,"mStartTime":1581519000000,"mStepCount":0,"mTimeUnit":600000,"mTotalActiveTime":0.0,"mWalkStepCount":0},{"mCalorie":0.0,"mDistance":0.0,"mNowHealthyStep":0,"mRunStepCount":0,"mSpeed":0.0,"mStartTime":1581519600000,"mStepCount":0,"mTimeUnit":600000,"mTotalActiveTime":0.0,"mWalkStepCount":0},{"mCalorie":8.019997358322144,"mDistance":153.98004150390625,"mNowHealthyStep":0,"mRunStepCount":0,"mSpeed":5.305221080780029,"mStartTime":1581520200000,"mStepCount":200,"mTimeUnit":600000,"mTotalActiveTime":104487.28864619129,"mWalkStepCount":200},{"mCalorie":0.0,"mDistance":0.0,"mNowHealthyStep":0,"mRunStepCount":0,"mSpeed":0.0,"mStartTime":1581520800000,"mStepCount":0,"mTimeUnit":600000,"mTotalActiveTime":0.0,"mWalkStepCount":0},{"mCalorie":5.6600000858306885,"mDistance":107.9799976348877,"mNowHealthyStep":0,"mRunStepCount":0,"mSpeed":5.498272895812988,"mStartTime":1581521400000,"mStepCount":140,"mTimeUnit":600000,"mTotalActiveTime":70700.01636178978,"mWalkStepCount":140},{"mCalorie":0.0,"mDistance":0.0,"mNowHealthyStep":0,"mRunStepCount":0,"mSpeed":0.0,"mStartTime":1581522000000,"mStepCount":0,"mTimeUnit":600000,"mTotalActiveTime":0.0,"mWalkStepCount":0},{"mCalorie":0.0,"mDistance":0.0,"mNowHealthyStep":0,"mRunStepCount":0,"mSpeed":0.0,"mStartTime":1581522600000,"mStepCount":0,"mTimeUnit":600000,"mTotalActiveTime":0.0,"mWalkStepCount":0},{"mCalorie":11.970000267028809,"mDistance":231.17999839782715,"mNowHealthyStep":0,"mRunStepCount":0,"mSpeed":5.558907508850098,"mStartTime":1581523200000,"mStepCount":297,"mTimeUnit":600000,"mTotalActiveTime":149714.30717334882,"mWalkStepCount":297},{"mCalorie":0.6500000059604645,"mDistance":11.119999885559082,"mNowHealthyStep":0,"mRunStepCount":0,"mSpeed":4.395545959472656,"mStartTime":1581523800000,"mStepCount":15,"mTimeUnit":600000,"mTotalActiveTime":9107.401254774513,"mWalkStepCount":15},{"mCalorie":4.619999885559082,"mDistance":87.16000270843506,"mNowHealthyStep":0,"mRunStepCount":0,"mSpeed":5.131694793701172,"mStartTime":1581524400000,"mStepCount":114,"mTimeUnit":600000,"mTotalActiveTime":61144.71523670307,"mWalkStepCount":114},{"mCalorie":1.1699999570846558,"mDistance":22.43000030517578,"mNowHealthyStep":0,"mRunStepCount":0,"mSpeed":5.5,"mStartTime":1581525000000,"mStepCount":29,"mTimeUnit":600000,"mTotalActiveTime":14681.454745205967,"mWalkStepCount":29},{"mCalorie":0.0,"mDistance":0.0,"mNowHealthyStep":0,"mRunStepCount":0,"mSpeed":0.0,"mStartTime":1581525600000,"mStepCount":0,"mTimeUnit":600000,"mTotalActiveTime":0.0,"mWalkStepCount":0},{"mCalorie":0.0,"mDistance":0.0,"mNowHealthyStep":0,"mRunStepCount":0,"mSpeed":0.0,"mStartTime":1581526200000,"mStepCount":0,"mTimeUnit":600000,"mTotalActiveTime":0.0,"mWalkStepCount":0},{"mCalorie":0.0,"mDistance":0.0,"mNowHealthyStep":0,"mRunStepCount":0,"mSpeed":0.0,"mStartTime":1581526800000,"mStepCount":0,"mTimeUnit":600000,"mTotalActiveTime":0.0,"mWalkStepCount":0},{"mCalorie":0.0,"mDistance":0.0,"mNowHealthyStep":0,"mRunStepCount":0,"mSpeed":0.0,"mStartTime":1581527400000,"mStepCount":0,"mTimeUnit":600000,"mTotalActiveTime":0.0,"mWalkStepCount":0},{"mCalorie":3.4199999570846558,"mDistance":65.11999893188477,"mNowHealthyStep":0,"mRunStepCount":0,"mSpeed":5.543399333953857,"mStartTime":1581528000000,"mStepCount":84,"mTimeUnit":600000,"mTotalActiveTime":42290.29519805158,"mWalkStepCount":84},{"mCalorie":7.78999961912632,"mDistance":150.31001687049866,"mNowHealthyStep":0,"mRunStepCount":0,"mSpeed":5.55563497543335,"mStartTime":1581528600000,"mStepCount":193,"mTimeUnit":600000,"mTotalActiveTime":97399.49864085426,"mWalkStepCount":193},{"mCalorie":0.0,"mDistance":0.0,"mNowHealthyStep":0,"mRunStepCount":0,"mSpeed":0.0,"mStartTime":1581529200000,"mStepCount":0,"mTimeUnit":600000,"mTotalActiveTime":0.0,"mWalkStepCount":0},{"mCalorie":0.0,"mDistance":0.0,"mNowHealthyStep":0,"mRunStepCount":0,"mSpeed":0.0,"mStartTime":1581529800000,"mStepCount":0,"mTimeUnit":600000,"mTotalActiveTime":0.0,"mWalkStepCount":0},{"mCalorie":0.0,"mDistance":0.0,"mNowHealthyStep":0,"mRunStepCount":0,"mSpeed":0.0,"mStartTime":1581530400000,"mStepCount":0,"mTimeUnit":600000,"mTotalActiveTime":0.0,"mWalkStepCount":0},{"mCalorie":0.0,"mDistance":0.0,"mNowHealthyStep":0,"mRunStepCount":0,"mSpeed":0.0,"mStartTime":1581531000000,"mStepCount":0,"mTimeUnit":600000,"mTotalActiveTime":0.0,"mWalkStepCount":0},{"mCalorie":0.0,"mDistance":0.0,"mNowHealthyStep":0,"mRunStepCount":0,"mSpeed":0.0,"mStartTime":1581531600000,"mStepCount":0,"mTimeUnit":600000,"mTotalActiveTime":0.0,"mWalkStepCount":0},{"mCalorie":0.0,"mDistance":0.0,"mNowHealthyStep":0,"mRunStepCount":0,"mSpeed":0.0,"mStartTime":1581532200000,"mStepCount":0,"mTimeUnit":600000,"mTotalActiveTime":0.0,"mWalkStepCount":0},{"mCalorie":0.0,"mDistance":0.0,"mNowHealthyStep":0,"mRunStepCount":0,"mSpeed":0.0,"mStartTime":1581532800000,"mStepCount":0,"mTimeUnit":600000,"mTotalActiveTime":0.0,"mWalkStepCount":0},{"mCalorie":7.599999904632568,"mDistance":146.34000396728516,"mNowHealthyStep":0,"mRunStepCount":0,"mSpeed":5.4614152908325195,"mStartTime":1581533400000,"mStepCount":189,"mTimeUnit":600000,"mTotalActiveTime":96462.9110525433,"mWalkStepCount":189},{"mCalorie":2.940000057220459,"mDistance":57.18000030517578,"mNowHealthyStep":0,"mRunStepCount":0,"mSpeed":5.699999809265137,"mStartTime":1581534000000,"mStepCount":73,"mTimeUnit":600000,"mTotalActiveTime":36113.68561171433,"mWalkStepCount":73},{"mCalorie":1.6799999475479126,"mDistance":33.099998474121094,"mNowHealthyStep":0,"mRunStepCount":0,"mSpeed":5.800000190734863,"mStartTime":1581534600000,"mStepCount":42,"mTimeUnit":600000,"mTotalActiveTime":20544.82596348644,"mWalkStepCount":42},{"mCalorie":0.0,"mDistance":0.0,"mNowHealthyStep":0,"mRunStepCount":0,"mSpeed":0.0,"mStartTime":1581535200000,"mStepCount":0,"mTimeUnit":600000,"mTotalActiveTime":0.0,"mWalkStepCount":0},{"mCalorie":0.0,"mDistance":0.0,"mNowHealthyStep":0,"mRunStepCount":0,"mSpeed":0.0,"mStartTime":1581535800000,"mStepCount":0,"mTimeUnit":600000,"mTotalActiveTime":0.0,"mWalkStepCount":0},{"mCalorie":0.0,"mDistance":0.0,"mNowHealthyStep":0,"mRunStepCount":0,"mSpeed":0.0,"mStartTime":1581536400000,"mStepCount":0,"mTimeUnit":600000,"mTotalActiveTime":0.0,"mWalkStepCount":0},{"mCalorie":0.0,"mDistance":0.0,"mNowHealthyStep":0,"mRunStepCount":0,"mSpeed":0.0,"mStartTime":1581537000000,"mStepCount":0,"mTimeUnit":600000,"mTotalActiveTime":0.0,"mWalkStepCount":0},{"mCalorie":12.37000024318695,"mDistance":235.97999668121338,"mNowHealthyStep":0,"mRunStepCount":0,"mSpeed":5.278017997741699,"mStartTime":1581537600000,"mStepCount":306,"mTimeUnit":600000,"mTotalActiveTime":160955.86819016683,"mWalkStepCount":306},{"mCalorie":0.0,"mDistance":0.0,"mNowHealthyStep":0,"mRunStepCount":0,"mSpeed":0.0,"mStartTime":1581538200000,"mStepCount":0,"mTimeUnit":600000,"mTotalActiveTime":0.0,"mWalkStepCount":0},{"mCalorie":0.0,"mDistance":0.0,"mNowHealthyStep":0,"mRunStepCount":0,"mSpeed":0.0,"mStartTime":1581538800000,"mStepCount":0,"mTimeUnit":600000,"mTotalActiveTime":0.0,"mWalkStepCount":0},{"mCalorie":7.070000171661377,"mDistance":132.90999603271484,"mNowHealthyStep":0,"mRunStepCount":0,"mSpeed":4.959529399871826,"mStartTime":1581539400000,"mStepCount":175,"mTimeUnit":600000,"mTotalActiveTime":96476.0822716203,"mWalkStepCount":175},{"mCalorie":0.6199999451637268,"mDistance":11.25,"mNowHealthyStep":0,"mRunStepCount":0,"mSpeed":4.706155776977539,"mStartTime":1581540000000,"mStepCount":15,"mTimeUnit":600000,"mTotalActiveTime":8605.749983484513,"mWalkStepCount":15},{"mCalorie":0.0,"mDistance":0.0,"mNowHealthyStep":0,"mRunStepCount":0,"mSpeed":0.0,"mStartTime":1581540600000,"mStepCount":0,"mTimeUnit":600000,"mTotalActiveTime":0.0,"mWalkStepCount":0},{"mCalorie":0.0,"mDistance":0.0,"mNowHealthyStep":0,"mRunStepCount":0,"mSpeed":0.0,"mStartTime":1581541200000,"mStepCount":0,"mTimeUnit":600000,"mTotalActiveTime":0.0,"mWalkStepCount":0},{"mCalorie":0.0,"mDistance":0.0,"mNowHealthyStep":0,"mRunStepCount":0,"mSpeed":0.0,"mStartTime":1581541800000,"mStepCount":0,"mTimeUnit":600000,"mTotalActiveTime":0.0,"mWalkStepCount":0},{"mCalorie":3.859999895095825,"mDistance":73.04000091552734,"mNowHealthyStep":0,"mRunStepCount":0,"mSpeed":4.999999523162842,"mStartTime":1581542400000,"mStepCount":96,"mTimeUnit":600000,"mTotalActiveTime":52588.80567443901,"mWalkStepCount":96},{"mCalorie":0.0,"mDistance":0.0,"mNowHealthyStep":0,"mRunStepCount":0,"mSpeed":0.0,"mStartTime":1581543000000,"mStepCount":0,"mTimeUnit":600000,"mTotalActiveTime":0.0,"mWalkStepCount":0},{"mCalorie":0.0,"mDistance":0.0,"mNowHealthyStep":0,"mRunStepCount":0,"mSpeed":0.0,"mStartTime":1581543600000,"mStepCount":0,"mTimeUnit":600000,"mTotalActiveTime":0.0,"mWalkStepCount":0},{"mCalorie":0.0,"mDistance":0.0,"mNowHealthyStep":0,"mRunStepCount":0,"mSpeed":0.0,"mStartTime":1581544200000,"mStepCount":0,"mTimeUnit":600000,"mTotalActiveTime":0.0,"mWalkStepCount":0},{"mCalorie":0.0,"mDistance":0.0,"mNowHealthyStep":0,"mRunStepCount":0,"mSpeed":0.0,"mStartTime":1581544800000,"mStepCount":0,"mTimeUnit":600000,"mTotalActiveTime":0.0,"mWalkStepCount":0},{"mCalorie":0.0,"mDistance":0.0,"mNowHealthyStep":0,"mRunStepCount":0,"mSpeed":0.0,"mStartTime":1581545400000,"mStepCount":0,"mTimeUnit":600000,"mTotalActiveTime":0.0,"mWalkStepCount":0},{"mCalorie":9.249999701976776,"mDistance":177.73000240325928,"mNowHealthyStep":0,"mRunStepCount":0,"mSpeed":5.529739856719971,"mStartTime":1581546000000,"mStepCount":229,"mTimeUnit":600000,"mTotalActiveTime":115706.7107716255,"mWalkStepCount":229},{"mCalorie":4.019999980926514,"mDistance":78.05000305175781,"mNowHealthyStep":0,"mRunStepCount":0,"mSpeed":5.600000381469727,"mStartTime":1581546600000,"mStepCount":100,"mTimeUnit":600000,"mTotalActiveTime":50174.99854394378,"mWalkStepCount":100},{"mCalorie":3.740000009536743,"mDistance":67.99000072479248,"mNowHealthyStep":0,"mRunStepCount":0,"mSpeed":4.828911781311035,"mStartTime":1581547200000,"mStepCount":90,"mTimeUnit":600000,"mTotalActiveTime":50687.19494829119,"mWalkStepCount":90},{"mCalorie":0.41999998688697815,"mDistance":7.5,"mNowHealthyStep":0,"mRunStepCount":0,"mSpeed":4.299999713897705,"mStartTime":1581547800000,"mStepCount":10,"mTimeUnit":600000,"mTotalActiveTime":6279.070185222416,"mWalkStepCount":10},{"mCalorie":0.0,"mDistance":0.0,"mNowHealthyStep":0,"mRunStepCount":0,"mSpeed":0.0,"mStartTime":1581548400000,"mStepCount":0,"mTimeUnit":600000,"mTotalActiveTime":0.0,"mWalkStepCount":0},{"mCalorie":0.0,"mDistance":0.0,"mNowHealthyStep":0,"mRunStepCount":0,"mSpeed":0.0,"mStartTime":1581549000000,"mStepCount":0,"mTimeUnit":600000,"mTotalActiveTime":0.0,"mWalkStepCount":0},{"mCalorie":0.0,"mDistance":0.0,"mNowHealthyStep":0,"mRunStepCount":0,"mSpeed":0.0,"mStartTime":1581549600000,"mStepCount":0,"mTimeUnit":600000,"mTotalActiveTime":0.0,"mWalkStepCount":0},{"mCalorie":3.940000057220459,"mDistance":74.15999794006348,"mNowHealthyStep":0,"mRunStepCount":0,"mSpeed":5.061601161956787,"mStartTime":1581550200000,"mStepCount":97,"mTimeUnit":600000,"mTotalActiveTime":52745.36577907507,"mWalkStepCount":97},{"mCalorie":0.0,"mDistance":0.0,"mNowHealthyStep":0,"mRunStepCount":0,"mSpeed":0.0,"mStartTime":1581550800000,"mStepCount":0,"mTimeUnit":600000,"mTotalActiveTime":0.0,"mWalkStepCount":0},{"mCalorie":1.9800000190734863,"mDistance":36.1200008392334,"mNowHealthyStep":0,"mRunStepCount":0,"mSpeed":5.033458232879639,"mStartTime":1581551400000,"mStepCount":48,"mTimeUnit":600000,"mTotalActiveTime":25833.53292493002,"mWalkStepCount":48},{"mCalorie":1.149999976158142,"mDistance":20.90999984741211,"mNowHealthyStep":0,"mRunStepCount":0,"mSpeed":4.284657955169678,"mStartTime":1581552000000,"mStepCount":28,"mTimeUnit":600000,"mTotalActiveTime":17568.730161962852,"mWalkStepCount":28},{"mCalorie":0.0,"mDistance":0.0,"mNowHealthyStep":0,"mRunStepCount":0,"mSpeed":0.0,"mStartTime":1581552600000,"mStepCount":0,"mTimeUnit":600000,"mTotalActiveTime":0.0,"mWalkStepCount":0},{"mCalorie":0.0,"mDistance":0.0,"mNowHealthyStep":0,"mRunStepCount":0,"mSpeed":0.0,"mStartTime":1581553200000,"mStepCount":0,"mTimeUnit":600000,"mTotalActiveTime":0.0,"mWalkStepCount":0},{"mCalorie":0.0,"mDistance":0.0,"mNowHealthyStep":0,"mRunStepCount":0,"mSpeed":0.0,"mStartTime":1581553800000,"mStepCount":0,"mTimeUnit":600000,"mTotalActiveTime":0.0,"mWalkStepCount":0},{"mCalorie":0.0,"mDistance":0.0,"mNowHealthyStep":0,"mRunStepCount":0,"mSpeed":0.0,"mStartTime":1581554400000,"mStepCount":0,"mTimeUnit":600000,"mTotalActiveTime":0.0,"mWalkStepCount":0},{"mCalorie":1.1699999570846558,"mDistance":21.359999656677246,"mNowHealthyStep":0,"mRunStepCount":0,"mSpeed":5.1436238288879395,"mStartTime":1581555000000,"mStepCount":28,"mTimeUnit":600000,"mTotalActiveTime":14949.770399215111,"mWalkStepCount":28},{"mCalorie":5.439999520778656,"mDistance":98.5899920463562,"mNowHealthyStep":0,"mRunStepCount":0,"mSpeed":4.4666643142700195,"mStartTime":1581555600000,"mStepCount":132,"mTimeUnit":600000,"mTotalActiveTime":79460.6341439202,"mWalkStepCount":132},{"mCalorie":0.0,"mDistance":0.0,"mNowHealthyStep":0,"mRunStepCount":0,"mSpeed":0.0,"mStartTime":1581556200000,"mStepCount":0,"mTimeUnit":600000,"mTotalActiveTime":0.0,"mWalkStepCount":0},{"mCalorie":5.699999809265137,"mDistance":105.8899974822998,"mNowHealthyStep":0,"mRunStepCount":0,"mSpeed":4.63378381729126,"mStartTime":1581556800000,"mStepCount":141,"mTimeUnit":600000,"mTotalActiveTime":82266.24700221836,"mWalkStepCount":141},{"mCalorie":3.8099999129772186,"mDistance":65.26999950408936,"mNowHealthyStep":0,"mRunStepCount":0,"mSpeed":3.8087387084960938,"mStartTime":1581557400000,"mStepCount":90,"mTimeUnit":600000,"mTotalActiveTime":61692.86261292434,"mWalkStepCount":90},{"mCalorie":0.0,"mDistance":0.0,"mNowHealthyStep":0,"mRunStepCount":0,"mSpeed":0.0,"mStartTime":1581558000000,"mStepCount":0,"mTimeUnit":600000,"mTotalActiveTime":0.0,"mWalkStepCount":0},{"mCalorie":0.0,"mDistance":0.0,"mNowHealthyStep":0,"mRunStepCount":0,"mSpeed":0.0,"mStartTime":1581558600000,"mStepCount":0,"mTimeUnit":600000,"mTotalActiveTime":0.0,"mWalkStepCount":0},{"mCalorie":0.0,"mDistance":0.0,"mNowHealthyStep":0,"mRunStepCount":0,"mSpeed":0.0,"mStartTime":1581559200000,"mStepCount":0,"mTimeUnit":600000,"mTotalActiveTime":0.0,"mWalkStepCount":0},{"mCalorie":0.0,"mDistance":0.0,"mNowHealthyStep":0,"mRunStepCount":0,"mSpeed":0.0,"mStartTime":1581559800000,"mStepCount":0,"mTimeUnit":600000,"mTotalActiveTime":0.0,"mWalkStepCount":0},{"mCalorie":0.7599999904632568,"mDistance":13.329999923706055,"mNowHealthyStep":0,"mRunStepCount":0,"mSpeed":4.5,"mStartTime":1581560400000,"mStepCount":18,"mTimeUnit":600000,"mTotalActiveTime":10663.999938964844,"mWalkStepCount":18},{"mCalorie":0.0,"mDistance":0.0,"mNowHealthyStep":0,"mRunStepCount":0,"mSpeed":0.0,"mStartTime":1581561000000,"mStepCount":0,"mTimeUnit":600000,"mTotalActiveTime":0.0,"mWalkStepCount":0},{"mCalorie":0.32999998331069946,"mDistance":6.010000228881836,"mNowHealthyStep":0,"mRunStepCount":0,"mSpeed":4.074619293212891,"mStartTime":1581561600000,"mStepCount":8,"mTimeUnit":600000,"mTotalActiveTime":5309.9441363795095,"mWalkStepCount":8},{"mCalorie":0.6599999666213989,"mDistance":10.629999160766602,"mNowHealthyStep":0,"mRunStepCount":0,"mSpeed":3.5967111587524414,"mStartTime":1581562200000,"mStepCount":15,"mTimeUnit":600000,"mTotalActiveTime":10639.719257309902,"mWalkStepCount":15},{"mCalorie":0.0,"mDistance":0.0,"mNowHealthyStep":0,"mRunStepCount":0,"mSpeed":0.0,"mStartTime":1581562800000,"mStepCount":0,"mTimeUnit":600000,"mTotalActiveTime":0.0,"mWalkStepCount":0},{"mCalorie":0.0,"mDistance":0.0,"mNowHealthyStep":0,"mRunStepCount":0,"mSpeed":0.0,"mStartTime":1581563400000,"mStepCount":0,"mTimeUnit":600000,"mTotalActiveTime":0.0,"mWalkStepCount":0},{"mCalorie":0.0,"mDistance":0.0,"mNowHealthyStep":0,"mRunStepCount":0,"mSpeed":0.0,"mStartTime":1581564000000,"mStepCount":0,"mTimeUnit":600000,"mTotalActiveTime":0.0,"mWalkStepCount":0},{"mCalorie":0.6800000071525574,"mDistance":11.779999732971191,"mNowHealthyStep":0,"mRunStepCount":0,"mSpeed":4.299999713897705,"mStartTime":1581564600000,"mStepCount":16,"mTimeUnit":600000,"mTotalActiveTime":9862.326014030325,"mWalkStepCount":16},{"mCalorie":0.0,"mDistance":0.0,"mNowHealthyStep":0,"mRunStepCount":0,"mSpeed":0.0,"mStartTime":1581565200000,"mStepCount":0,"mTimeUnit":600000,"mTotalActiveTime":0.0,"mWalkStepCount":0},{"mCalorie":0.5799999833106995,"mDistance":11.049999237060547,"mNowHealthyStep":0,"mRunStepCount":0,"mSpeed":4.137786865234375,"mStartTime":1581565800000,"mStepCount":15,"mTimeUnit":600000,"mTotalActiveTime":9613.834290898096,"mWalkStepCount":15},{"mCalorie":9.149999856948853,"mDistance":165.2199993133545,"mNowHealthyStep":0,"mRunStepCount":0,"mSpeed":4.638598442077637,"mStartTime":1581566400000,"mStepCount":224,"mTimeUnit":600000,"mTotalActiveTime":128226.66075322864,"mWalkStepCount":224},{"mCalorie":1.7199993133544922,"mDistance":30.130002975463867,"mNowHealthyStep":0,"mRunStepCount":0,"mSpeed":4.284393787384033,"mStartTime":1581567000000,"mStepCount":41,"mTimeUnit":600000,"mTotalActiveTime":25317.003080124985,"mWalkStepCount":41},{"mCalorie":0.0,"mDistance":0.0,"mNowHealthyStep":0,"mRunStepCount":0,"mSpeed":0.0,"mStartTime":1581567600000,"mStepCount":0,"mTimeUnit":600000,"mTotalActiveTime":0.0,"mWalkStepCount":0},{"mCalorie":3.7300000190734863,"mDistance":66.02000141143799,"mNowHealthyStep":0,"mRunStepCount":0,"mSpeed":4.270386219024658,"mStartTime":1581568200000,"mStepCount":90,"mTimeUnit":600000,"mTotalActiveTime":55655.85710030027,"mWalkStepCount":90},{"mCalorie":4.439999923110008,"mDistance":79.01999998092651,"mNowHealthyStep":0,"mRunStepCount":0,"mSpeed":4.580341815948486,"mStartTime":1581568800000,"mStepCount":106,"mTimeUnit":600000,"mTotalActiveTime":62107.15760787479,"mWalkStepCount":106},{"mCalorie":0.3799999952316284,"mDistance":6.639999866485596,"mNowHealthyStep":0,"mRunStepCount":0,"mSpeed":4.299999713897705,"mStartTime":1581569400000,"mStepCount":9,"mTimeUnit":600000,"mTotalActiveTime":5559.070025537403,"mWalkStepCount":9}]