[{"mCalorie":0.0,"mDistance":0.0,"mNowHealthyStep":0,"mRunStepCount":0,"mSpeed":0.0,"mStartTime":0,"mStepCount":0,"mTimeUnit":600000,"mTotalActiveTime":0.0,"mWalkStepCount":0},{"mCalorie":0.0,"mDistance":0.0,"mNowHealthyStep":0,"mRunStepCount":0,"mSpeed":0.0,"mStartTime":0,"mStepCount":0,"mTimeUnit":600000,"mTotalActiveTime":0.0,"mWalkStepCount":0},{"mCalorie":0.0,"mDistance":0.0,"mNowHealthyStep":0,"mRunStepCount":0,"mSpeed":0.0,"mStartTime":0,"mStepCount":0,"mTimeUnit":600000,"mTotalActiveTime":0.0,"mWalkStepCount":0},{"mCalorie":0.0,"mDistance":0.0,"mNowHealthyStep":0,"mRunStepCount":0,"mSpeed":0.0,"mStartTime":0,"mStepCount":0,"mTimeUnit":600000,"mTotalActiveTime":0.0,"mWalkStepCount":0},{"mCalorie":0.0,"mDistance":0.0,"mNowHealthyStep":0,"mRunStepCount":0,"mSpeed":0.0,"mStartTime":0,"mStepCount":0,"mTimeUnit":600000,"mTotalActiveTime":0.0,"mWalkStepCount":0},{"mCalorie":0.0,"mDistance":0.0,"mNowHealthyStep":0,"mRunStepCount":0,"mSpeed":0.0,"mStartTime":0,"mStepCount":0,"mTimeUnit":600000,"mTotalActiveTime":0.0,"mWalkStepCount":0},{"mCalorie":0.0,"mDistance":0.0,"mNowHealthyStep":0,"mRunStepCount":0,"mSpeed":0.0,"mStartTime":0,"mStepCount":0,"mTimeUnit":600000,"mTotalActiveTime":0.0,"mWalkStepCount":0},{"mCalorie":0.0,"mDistance":0.0,"mNowHealthyStep":0,"mRunStepCount":0,"mSpeed":0.0,"mStartTime":0,"mStepCount":0,"mTimeUnit":600000,"mTotalActiveTime":0.0,"mWalkStepCount":0},{"mCalorie":0.0,"mDistance":0.0,"mNowHealthyStep":0,"mRunStepCount":0,"mSpeed":0.0,"mStartTime":0,"mStepCount":0,"mTimeUnit":600000,"mTotalActiveTime":0.0,"mWalkStepCount":0},{"mCalorie":0.0,"mDistance":0.0,"mNowHealthyStep":0,"mRunStepCount":0,"mSpeed":0.0,"mStartTime":0,"mStepCount":0,"mTimeUnit":600000,"mTotalActiveTime":0.0,"mWalkStepCount":0},{"mCalorie":0.0,"mDistance":0.0,"mNowHealthyStep":0,"mRunStepCount":0,"mSpeed":0.0,"mStartTime":0,"mStepCount":0,"mTimeUnit":600000,"mTotalActiveTime":0.0,"mWalkStepCount":0},{"mCalorie":0.0,"mDistance":0.0,"mNowHealthyStep":0,"mRunStepCount":0,"mSpeed":0.0,"mStartTime":0,"mStepCount":0,"mTimeUnit":600000,"mTotalActiveTime":0.0,"mWalkStepCount":0},{"mCalorie":0.0,"mDistance":0.0,"mNowHealthyStep":0,"mRunStepCount":0,"mSpeed":0.0,"mStartTime":0,"mStepCount":0,"mTimeUnit":600000,"mTotalActiveTime":0.0,"mWalkStepCount":0},{"mCalorie":0.0,"mDistance":0.0,"mNowHealthyStep":0,"mRunStepCount":0,"mSpeed":0.0,"mStartTime":0,"mStepCount":0,"mTimeUnit":600000,"mTotalActiveTime":0.0,"mWalkStepCount":0},{"mCalorie":0.0,"mDistance":0.0,"mNowHealthyStep":0,"mRunStepCount":0,"mSpeed":0.0,"mStartTime":0,"mStepCount":0,"mTimeUnit":600000,"mTotalActiveTime":0.0,"mWalkStepCount":0},{"mCalorie":0.0,"mDistance":0.0,"mNowHealthyStep":0,"mRunStepCount":0,"mSpeed":0.0,"mStartTime":0,"mStepCount":0,"mTimeUnit":600000,"mTotalActiveTime":0.0,"mWalkStepCount":0},{"mCalorie":0.0,"mDistance":0.0,"mNowHealthyStep":0,"mRunStepCount":0,"mSpeed":0.0,"mStartTime":0,"mStepCount":0,"mTimeUnit":600000,"mTotalActiveTime":0.0,"mWalkStepCount":0},{"mCalorie":0.0,"mDistance":0.0,"mNowHealthyStep":0,"mRunStepCount":0,"mSpeed":0.0,"mStartTime":0,"mStepCount":0,"mTimeUnit":600000,"mTotalActiveTime":0.0,"mWalkStepCount":0},{"mCalorie":0.0,"mDistance":0.0,"mNowHealthyStep":0,"mRunStepCount":0,"mSpeed":0.0,"mStartTime":0,"mStepCount":0,"mTimeUnit":600000,"mTotalActiveTime":0.0,"mWalkStepCount":0},{"mCalorie":0.0,"mDistance":0.0,"mNowHealthyStep":0,"mRunStepCount":0,"mSpeed":0.0,"mStartTime":0,"mStepCount":0,"mTimeUnit":600000,"mTotalActiveTime":0.0,"mWalkStepCount":0},{"mCalorie":0.0,"mDistance":0.0,"mNowHealthyStep":0,"mRunStepCount":0,"mSpeed":0.0,"mStartTime":0,"mStepCount":0,"mTimeUnit":600000,"mTotalActiveTime":0.0,"mWalkStepCount":0},{"mCalorie":0.0,"mDistance":0.0,"mNowHealthyStep":0,"mRunStepCount":0,"mSpeed":0.0,"mStartTime":0,"mStepCount":0,"mTimeUnit":600000,"mTotalActiveTime":0.0,"mWalkStepCount":0},{"mCalorie":0.0,"mDistance":0.0,"mNowHealthyStep":0,"mRunStepCount":0,"mSpeed":0.0,"mStartTime":0,"mStepCount":0,"mTimeUnit":600000,"mTotalActiveTime":0.0,"mWalkStepCount":0},{"mCalorie":0.0,"mDistance":0.0,"mNowHealthyStep":0,"mRunStepCount":0,"mSpeed":0.0,"mStartTime":0,"mStepCount":0,"mTimeUnit":600000,"mTotalActiveTime":0.0,"mWalkStepCount":0},{"mCalorie":0.0,"mDistance":0.0,"mNowHealthyStep":0,"mRunStepCount":0,"mSpeed":0.0,"mStartTime":0,"mStepCount":0,"mTimeUnit":600000,"mTotalActiveTime":0.0,"mWalkStepCount":0},{"mCalorie":0.0,"mDistance":0.0,"mNowHealthyStep":0,"mRunStepCount":0,"mSpeed":0.0,"mStartTime":0,"mStepCount":0,"mTimeUnit":600000,"mTotalActiveTime":0.0,"mWalkStepCount":0},{"mCalorie":0.0,"mDistance":0.0,"mNowHealthyStep":0,"mRunStepCount":0,"mSpeed":0.0,"mStartTime":0,"mStepCount":0,"mTimeUnit":600000,"mTotalActiveTime":0.0,"mWalkStepCount":0},{"mCalorie":0.0,"mDistance":0.0,"mNowHealthyStep":0,"mRunStepCount":0,"mSpeed":0.0,"mStartTime":0,"mStepCount":0,"mTimeUnit":600000,"mTotalActiveTime":0.0,"mWalkStepCount":0},{"mCalorie":0.0,"mDistance":0.0,"mNowHealthyStep":0,"mRunStepCount":0,"mSpeed":0.0,"mStartTime":0,"mStepCount":0,"mTimeUnit":600000,"mTotalActiveTime":0.0,"mWalkStepCount":0},{"mCalorie":0.0,"mDistance":0.0,"mNowHealthyStep":0,"mRunStepCount":0,"mSpeed":0.0,"mStartTime":0,"mStepCount":0,"mTimeUnit":600000,"mTotalActiveTime":0.0,"mWalkStepCount":0},{"mCalorie":0.0,"mDistance":0.0,"mNowHealthyStep":0,"mRunStepCount":0,"mSpeed":0.0,"mStartTime":0,"mStepCount":0,"mTimeUnit":600000,"mTotalActiveTime":0.0,"mWalkStepCount":0},{"mCalorie":0.0,"mDistance":0.0,"mNowHealthyStep":0,"mRunStepCount":0,"mSpeed":0.0,"mStartTime":0,"mStepCount":0,"mTimeUnit":600000,"mTotalActiveTime":0.0,"mWalkStepCount":0},{"mCalorie":0.0,"mDistance":0.0,"mNowHealthyStep":0,"mRunStepCount":0,"mSpeed":0.0,"mStartTime":0,"mStepCount":0,"mTimeUnit":600000,"mTotalActiveTime":0.0,"mWalkStepCount":0},{"mCalorie":0.0,"mDistance":0.0,"mNowHealthyStep":0,"mRunStepCount":0,"mSpeed":0.0,"mStartTime":0,"mStepCount":0,"mTimeUnit":600000,"mTotalActiveTime":0.0,"mWalkStepCount":0},{"mCalorie":1.090000033378601,"mDistance":18.969999313354492,"mNowHealthyStep":0,"mRunStepCount":0,"mSpeed":4.108520984649658,"mStartTime":0,"mStepCount":26,"mTimeUnit":600000,"mTotalActiveTime":16622.0393623959,"mWalkStepCount":26},{"mCalorie":0.0,"mDistance":0.0,"mNowHealthyStep":0,"mRunStepCount":0,"mSpeed":0.0,"mStartTime":0,"mStepCount":0,"mTimeUnit":600000,"mTotalActiveTime":0.0,"mWalkStepCount":0},{"mCalorie":0.0,"mDistance":0.0,"mNowHealthyStep":0,"mRunStepCount":0,"mSpeed":0.0,"mStartTime":0,"mStepCount":0,"mTimeUnit":600000,"mTotalActiveTime":0.0,"mWalkStepCount":0},{"mCalorie":0.0,"mDistance":0.0,"mNowHealthyStep":0,"mRunStepCount":0,"mSpeed":0.0,"mStartTime":0,"mStepCount":0,"mTimeUnit":600000,"mTotalActiveTime":0.0,"mWalkStepCount":0},{"mCalorie":2.5400000512599945,"mDistance":43.97999954223633,"mNowHealthyStep":0,"mRunStepCount":0,"mSpeed":4.259919166564941,"mStartTime":0,"mStepCount":60,"mTimeUnit":600000,"mTotalActiveTime":37166.90030150254,"mWalkStepCount":60},{"mCalorie":1.7899999618530273,"mDistance":32.08000183105469,"mNowHealthyStep":0,"mRunStepCount":0,"mSpeed":4.600000381469727,"mStartTime":0,"mStepCount":43,"mTimeUnit":600000,"mTotalActiveTime":25106.08630751848,"mWalkStepCount":43},{"mCalorie":2.0699999928474426,"mDistance":37.77000045776367,"mNowHealthyStep":0,"mRunStepCount":0,"mSpeed":4.677629470825195,"mStartTime":0,"mStepCount":50,"mTimeUnit":600000,"mTotalActiveTime":29068.571563476034,"mWalkStepCount":50},{"mCalorie":0.0,"mDistance":0.0,"mNowHealthyStep":0,"mRunStepCount":0,"mSpeed":0.0,"mStartTime":0,"mStepCount":0,"mTimeUnit":600000,"mTotalActiveTime":0.0,"mWalkStepCount":0},{"mCalorie":0.0,"mDistance":0.0,"mNowHealthyStep":0,"mRunStepCount":0,"mSpeed":0.0,"mStartTime":0,"mStepCount":0,"mTimeUnit":600000,"mTotalActiveTime":0.0,"mWalkStepCount":0},{"mCalorie":6.940000057220459,"mDistance":133.59000396728516,"mNowHealthyStep":0,"mRunStepCount":0,"mSpeed":5.809609413146973,"mStartTime":0,"mStepCount":171,"mTimeUnit":600000,"mTotalActiveTime":82780.78158672378,"mWalkStepCount":171},{"mCalorie":2.619999945163727,"mDistance":48.40999984741211,"mNowHealthyStep":0,"mRunStepCount":0,"mSpeed":4.800819396972656,"mStartTime":0,"mStepCount":64,"mTimeUnit":600000,"mTotalActiveTime":36301.302740138904,"mWalkStepCount":64},{"mCalorie":3.4200000762939453,"mDistance":62.22000074386597,"mNowHealthyStep":0,"mRunStepCount":0,"mSpeed":4.621941566467285,"mStartTime":0,"mStepCount":83,"mTimeUnit":600000,"mTotalActiveTime":48462.75295647852,"mWalkStepCount":83},{"mCalorie":0.0,"mDistance":0.0,"mNowHealthyStep":0,"mRunStepCount":0,"mSpeed":0.0,"mStartTime":0,"mStepCount":0,"mTimeUnit":600000,"mTotalActiveTime":0.0,"mWalkStepCount":0},{"mCalorie":0.0,"mDistance":0.0,"mNowHealthyStep":0,"mRunStepCount":0,"mSpeed":0.0,"mStartTime":0,"mStepCount":0,"mTimeUnit":600000,"mTotalActiveTime":0.0,"mWalkStepCount":0},{"mCalorie":9.889999985694885,"mDistance":185.73999786376953,"mNowHealthyStep":0,"mRunStepCount":0,"mSpeed":5.071661472320557,"mStartTime":0,"mStepCount":243,"mTimeUnit":600000,"mTotalActiveTime":131843.18419926928,"mWalkStepCount":243},{"mCalorie":1.4100001454353333,"mDistance":18.469999313354492,"mNowHealthyStep":0,"mRunStepCount":5,"mSpeed":6.556240081787109,"mStartTime":0,"mStepCount":20,"mTimeUnit":600000,"mTotalActiveTime":10141.78835977168,"mWalkStepCount":15},{"mCalorie":2.7600001096725464,"mDistance":47.36999797821045,"mNowHealthyStep":0,"mRunStepCount":0,"mSpeed":4.028356075286865,"mStartTime":0,"mStepCount":66,"mTimeUnit":600000,"mTotalActiveTime":42332.900496616305,"mWalkStepCount":66},{"mCalorie":9.869999945163727,"mDistance":177.44999980926514,"mNowHealthyStep":0,"mRunStepCount":0,"mSpeed":4.521104335784912,"mStartTime":0,"mStepCount":239,"mTimeUnit":600000,"mTotalActiveTime":141297.32948432822,"mWalkStepCount":239},{"mCalorie":6.900000154972076,"mDistance":125.77000045776367,"mNowHealthyStep":0,"mRunStepCount":0,"mSpeed":4.425810813903809,"mStartTime":0,"mStepCount":169,"mTimeUnit":600000,"mTotalActiveTime":102302.61400032628,"mWalkStepCount":169},{"mCalorie":0.0,"mDistance":0.0,"mNowHealthyStep":0,"mRunStepCount":0,"mSpeed":0.0,"mStartTime":0,"mStepCount":0,"mTimeUnit":600000,"mTotalActiveTime":0.0,"mWalkStepCount":0},{"mCalorie":4.070000112056732,"mDistance":76.5999984741211,"mNowHealthyStep":0,"mRunStepCount":0,"mSpeed":5.177891731262207,"mStartTime":0,"mStepCount":100,"mTimeUnit":600000,"mTotalActiveTime":53257.19525966098,"mWalkStepCount":100},{"mCalorie":0.41999998688697815,"mDistance":7.429999828338623,"mNowHealthyStep":0,"mRunStepCount":0,"mSpeed":5.099999904632568,"mStartTime":0,"mStepCount":10,"mTimeUnit":600000,"mTotalActiveTime":5244.705859253562,"mWalkStepCount":10},{"mCalorie":7.710000157356262,"mDistance":148.31999921798706,"mNowHealthyStep":0,"mRunStepCount":0,"mSpeed":5.459929466247559,"mStartTime":0,"mStepCount":191,"mTimeUnit":600000,"mTotalActiveTime":97794.66705615826,"mWalkStepCount":191},{"mCalorie":9.670000076293945,"mDistance":187.82000255584717,"mNowHealthyStep":0,"mRunStepCount":0,"mSpeed":5.639664649963379,"mStartTime":0,"mStepCount":240,"mTimeUnit":600000,"mTotalActiveTime":119892.23506119907,"mWalkStepCount":240},{"mCalorie":0.0,"mDistance":0.0,"mNowHealthyStep":0,"mRunStepCount":0,"mSpeed":0.0,"mStartTime":0,"mStepCount":0,"mTimeUnit":600000,"mTotalActiveTime":0.0,"mWalkStepCount":0},{"mCalorie":0.0,"mDistance":0.0,"mNowHealthyStep":0,"mRunStepCount":0,"mSpeed":0.0,"mStartTime":0,"mStepCount":0,"mTimeUnit":600000,"mTotalActiveTime":0.0,"mWalkStepCount":0},{"mCalorie":3.3699997663497925,"mDistance":63.24000835418701,"mNowHealthyStep":0,"mRunStepCount":0,"mSpeed":5.182620048522949,"mStartTime":0,"mStepCount":83,"mTimeUnit":600000,"mTotalActiveTime":43928.36756337273,"mWalkStepCount":83},{"mCalorie":7.2799994349479675,"mDistance":139.40999794006348,"mNowHealthyStep":0,"mRunStepCount":0,"mSpeed":5.380766868591309,"mStartTime":0,"mStepCount":181,"mTimeUnit":600000,"mTotalActiveTime":93272.20570952482,"mWalkStepCount":181},{"mCalorie":3.2099999487400055,"mDistance":62.39999961853027,"mNowHealthyStep":0,"mRunStepCount":0,"mSpeed":5.547547340393066,"mStartTime":0,"mStepCount":80,"mTimeUnit":600000,"mTotalActiveTime":40493.568985192906,"mWalkStepCount":80},{"mCalorie":0.0,"mDistance":0.0,"mNowHealthyStep":0,"mRunStepCount":0,"mSpeed":0.0,"mStartTime":0,"mStepCount":0,"mTimeUnit":600000,"mTotalActiveTime":0.0,"mWalkStepCount":0},{"mCalorie":4.369998812675476,"mDistance":85.24998474121094,"mNowHealthyStep":0,"mRunStepCount":0,"mSpeed":5.6805739402771,"mStartTime":0,"mStepCount":109,"mTimeUnit":600000,"mTotalActiveTime":54026.2200869853,"mWalkStepCount":109},{"mCalorie":0.0,"mDistance":0.0,"mNowHealthyStep":0,"mRunStepCount":0,"mSpeed":0.0,"mStartTime":0,"mStepCount":0,"mTimeUnit":600000,"mTotalActiveTime":0.0,"mWalkStepCount":0},{"mCalorie":0.0,"mDistance":0.0,"mNowHealthyStep":0,"mRunStepCount":0,"mSpeed":0.0,"mStartTime":0,"mStepCount":0,"mTimeUnit":600000,"mTotalActiveTime":0.0,"mWalkStepCount":0},{"mCalorie":0.0,"mDistance":0.0,"mNowHealthyStep":0,"mRunStepCount":0,"mSpeed":0.0,"mStartTime":0,"mStepCount":0,"mTimeUnit":600000,"mTotalActiveTime":0.0,"mWalkStepCount":0},{"mCalorie":9.569999814033508,"mDistance":184.1800079345703,"mNowHealthyStep":0,"mRunStepCount":7,"mSpeed":6.030271053314209,"mStartTime":0,"mStepCount":230,"mTimeUnit":600000,"mTotalActiveTime":109953.27123047807,"mWalkStepCount":223},{"mCalorie":5.010000094771385,"mDistance":98.57999992370605,"mNowHealthyStep":0,"mRunStepCount":0,"mSpeed":5.859640121459961,"mStartTime":0,"mStepCount":125,"mTimeUnit":600000,"mTotalActiveTime":60564.81150759498,"mWalkStepCount":125},{"mCalorie":0.0,"mDistance":0.0,"mNowHealthyStep":0,"mRunStepCount":0,"mSpeed":0.0,"mStartTime":0,"mStepCount":0,"mTimeUnit":600000,"mTotalActiveTime":0.0,"mWalkStepCount":0},{"mCalorie":0.0,"mDistance":0.0,"mNowHealthyStep":0,"mRunStepCount":0,"mSpeed":0.0,"mStartTime":0,"mStepCount":0,"mTimeUnit":600000,"mTotalActiveTime":0.0,"mWalkStepCount":0},{"mCalorie":12.169999957084656,"mDistance":232.68999862670898,"mNowHealthyStep":0,"mRunStepCount":0,"mSpeed":5.282474040985107,"mStartTime":0,"mStepCount":302,"mTimeUnit":600000,"mTotalActiveTime":158577.96318817898,"mWalkStepCount":302},{"mCalorie":9.499999582767487,"mDistance":184.1300172805786,"mNowHealthyStep":0,"mRunStepCount":0,"mSpeed":5.492923736572266,"mStartTime":0,"mStepCount":237,"mTimeUnit":600000,"mTotalActiveTime":120676.72836137455,"mWalkStepCount":237},{"mCalorie":0.0,"mDistance":0.0,"mNowHealthyStep":0,"mRunStepCount":0,"mSpeed":0.0,"mStartTime":0,"mStepCount":0,"mTimeUnit":600000,"mTotalActiveTime":0.0,"mWalkStepCount":0},{"mCalorie":0.0,"mDistance":0.0,"mNowHealthyStep":0,"mRunStepCount":0,"mSpeed":0.0,"mStartTime":0,"mStepCount":0,"mTimeUnit":600000,"mTotalActiveTime":0.0,"mWalkStepCount":0},{"mCalorie":0.0,"mDistance":0.0,"mNowHealthyStep":0,"mRunStepCount":0,"mSpeed":0.0,"mStartTime":0,"mStepCount":0,"mTimeUnit":600000,"mTotalActiveTime":0.0,"mWalkStepCount":0},{"mCalorie":0.0,"mDistance":0.0,"mNowHealthyStep":0,"mRunStepCount":0,"mSpeed":0.0,"mStartTime":0,"mStepCount":0,"mTimeUnit":600000,"mTotalActiveTime":0.0,"mWalkStepCount":0},{"mCalorie":0.0,"mDistance":0.0,"mNowHealthyStep":0,"mRunStepCount":0,"mSpeed":0.0,"mStartTime":0,"mStepCount":0,"mTimeUnit":600000,"mTotalActiveTime":0.0,"mWalkStepCount":0},{"mCalorie":0.0,"mDistance":0.0,"mNowHealthyStep":0,"mRunStepCount":0,"mSpeed":0.0,"mStartTime":0,"mStepCount":0,"mTimeUnit":600000,"mTotalActiveTime":0.0,"mWalkStepCount":0},{"mCalorie":0.0,"mDistance":0.0,"mNowHealthyStep":0,"mRunStepCount":0,"mSpeed":0.0,"mStartTime":0,"mStepCount":0,"mTimeUnit":600000,"mTotalActiveTime":0.0,"mWalkStepCount":0},{"mCalorie":0.0,"mDistance":0.0,"mNowHealthyStep":0,"mRunStepCount":0,"mSpeed":0.0,"mStartTime":0,"mStepCount":0,"mTimeUnit":600000,"mTotalActiveTime":0.0,"mWalkStepCount":0},{"mCalorie":0.0,"mDistance":0.0,"mNowHealthyStep":0,"mRunStepCount":0,"mSpeed":0.0,"mStartTime":0,"mStepCount":0,"mTimeUnit":600000,"mTotalActiveTime":0.0,"mWalkStepCount":0},{"mCalorie":6.419999599456787,"mDistance":121.75998878479004,"mNowHealthyStep":0,"mRunStepCount":0,"mSpeed":5.1012492179870605,"mStartTime":0,"mStepCount":159,"mTimeUnit":600000,"mTotalActiveTime":85927.1767008221,"mWalkStepCount":159},{"mCalorie":0.8999999761581421,"mDistance":16.6200008392334,"mNowHealthyStep":0,"mRunStepCount":0,"mSpeed":4.700000286102295,"mStartTime":0,"mStepCount":22,"mTimeUnit":600000,"mTotalActiveTime":12730.212633850466,"mWalkStepCount":22},{"mCalorie":0.0,"mDistance":0.0,"mNowHealthyStep":0,"mRunStepCount":0,"mSpeed":0.0,"mStartTime":0,"mStepCount":0,"mTimeUnit":600000,"mTotalActiveTime":0.0,"mWalkStepCount":0},{"mCalorie":0.0,"mDistance":0.0,"mNowHealthyStep":0,"mRunStepCount":0,"mSpeed":0.0,"mStartTime":0,"mStepCount":0,"mTimeUnit":600000,"mTotalActiveTime":0.0,"mWalkStepCount":0},{"mCalorie":1.229999989271164,"mDistance":21.570000171661377,"mNowHealthyStep":0,"mRunStepCount":0,"mSpeed":4.480114459991455,"mStartTime":0,"mStepCount":29,"mTimeUnit":600000,"mTotalActiveTime":17332.59301369653,"mWalkStepCount":29},{"mCalorie":0.0,"mDistance":0.0,"mNowHealthyStep":0,"mRunStepCount":0,"mSpeed":0.0,"mStartTime":0,"mStepCount":0,"mTimeUnit":600000,"mTotalActiveTime":0.0,"mWalkStepCount":0},{"mCalorie":5.989999890327454,"mDistance":111.36999988555908,"mNowHealthyStep":0,"mRunStepCount":0,"mSpeed":4.882195472717285,"mStartTime":0,"mStepCount":147,"mTimeUnit":600000,"mTotalActiveTime":82121.24948213802,"mWalkStepCount":147},{"mCalorie":0.0,"mDistance":0.0,"mNowHealthyStep":0,"mRunStepCount":0,"mSpeed":0.0,"mStartTime":0,"mStepCount":0,"mTimeUnit":600000,"mTotalActiveTime":0.0,"mWalkStepCount":0},{"mCalorie":0.0,"mDistance":0.0,"mNowHealthyStep":0,"mRunStepCount":0,"mSpeed":0.0,"mStartTime":0,"mStepCount":0,"mTimeUnit":600000,"mTotalActiveTime":0.0,"mWalkStepCount":0},{"mCalorie":0.0,"mDistance":0.0,"mNowHealthyStep":0,"mRunStepCount":0,"mSpeed":0.0,"mStartTime":0,"mStepCount":0,"mTimeUnit":600000,"mTotalActiveTime":0.0,"mWalkStepCount":0},{"mCalorie":0.0,"mDistance":0.0,"mNowHealthyStep":0,"mRunStepCount":0,"mSpeed":0.0,"mStartTime":0,"mStepCount":0,"mTimeUnit":600000,"mTotalActiveTime":0.0,"mWalkStepCount":0},{"mCalorie":3.3799999952316284,"mDistance":65.59999942779541,"mNowHealthyStep":0,"mRunStepCount":0,"mSpeed":5.382012844085693,"mStartTime":0,"mStepCount":84,"mTimeUnit":600000,"mTotalActiveTime":43879.49308522004,"mWalkStepCount":84},{"mCalorie":3.879998654127121,"mDistance":74.22997570037842,"mNowHealthyStep":0,"mRunStepCount":0,"mSpeed":5.3656511306762695,"mStartTime":0,"mStepCount":96,"mTimeUnit":600000,"mTotalActiveTime":49803.44721482388,"mWalkStepCount":96},{"mCalorie":0.0,"mDistance":0.0,"mNowHealthyStep":0,"mRunStepCount":0,"mSpeed":0.0,"mStartTime":0,"mStepCount":0,"mTimeUnit":600000,"mTotalActiveTime":0.0,"mWalkStepCount":0},{"mCalorie":0.0,"mDistance":0.0,"mNowHealthyStep":0,"mRunStepCount":0,"mSpeed":0.0,"mStartTime":0,"mStepCount":0,"mTimeUnit":600000,"mTotalActiveTime":0.0,"mWalkStepCount":0},{"mCalorie":0.0,"mDistance":0.0,"mNowHealthyStep":0,"mRunStepCount":0,"mSpeed":0.0,"mStartTime":0,"mStepCount":0,"mTimeUnit":600000,"mTotalActiveTime":0.0,"mWalkStepCount":0},{"mCalorie":13.329999923706055,"mDistance":259.1500015258789,"mNowHealthyStep":0,"mRunStepCount":0,"mSpeed":5.566906929016113,"mStartTime":0,"mStepCount":332,"mTimeUnit":600000,"mTotalActiveTime":167586.7726028834,"mWalkStepCount":332},{"mCalorie":8.359999537467957,"mDistance":160.54999923706055,"mNowHealthyStep":0,"mRunStepCount":0,"mSpeed":5.301093578338623,"mStartTime":0,"mStepCount":208,"mTimeUnit":600000,"mTotalActiveTime":109030.33494622391,"mWalkStepCount":208},{"mCalorie":0.0,"mDistance":0.0,"mNowHealthyStep":0,"mRunStepCount":0,"mSpeed":0.0,"mStartTime":0,"mStepCount":0,"mTimeUnit":600000,"mTotalActiveTime":0.0,"mWalkStepCount":0},{"mCalorie":0.0,"mDistance":0.0,"mNowHealthyStep":0,"mRunStepCount":0,"mSpeed":0.0,"mStartTime":0,"mStepCount":0,"mTimeUnit":600000,"mTotalActiveTime":0.0,"mWalkStepCount":0},{"mCalorie":1.75,"mDistance":32.189998626708984,"mNowHealthyStep":0,"mRunStepCount":0,"mSpeed":4.5,"mStartTime":0,"mStepCount":43,"mTimeUnit":600000,"mTotalActiveTime":25751.998901367188,"mWalkStepCount":43},{"mCalorie":6.669999718666077,"mDistance":124.3799991607666,"mNowHealthyStep":0,"mRunStepCount":0,"mSpeed":4.665858745574951,"mStartTime":0,"mStepCount":165,"mTimeUnit":600000,"mTotalActiveTime":95966.90079661226,"mWalkStepCount":165},{"mCalorie":0.0,"mDistance":0.0,"mNowHealthyStep":0,"mRunStepCount":0,"mSpeed":0.0,"mStartTime":0,"mStepCount":0,"mTimeUnit":600000,"mTotalActiveTime":0.0,"mWalkStepCount":0},{"mCalorie":0.0,"mDistance":0.0,"mNowHealthyStep":0,"mRunStepCount":0,"mSpeed":0.0,"mStartTime":0,"mStepCount":0,"mTimeUnit":600000,"mTotalActiveTime":0.0,"mWalkStepCount":0},{"mCalorie":3.569999933242798,"mDistance":67.66999912261963,"mNowHealthyStep":0,"mRunStepCount":0,"mSpeed":5.118904113769531,"mStartTime":0,"mStepCount":88,"mTimeUnit":600000,"mTotalActiveTime":47590.65572651448,"mWalkStepCount":88},{"mCalorie":0.0,"mDistance":0.0,"mNowHealthyStep":0,"mRunStepCount":0,"mSpeed":0.0,"mStartTime":0,"mStepCount":0,"mTimeUnit":600000,"mTotalActiveTime":0.0,"mWalkStepCount":0},{"mCalorie":0.0,"mDistance":0.0,"mNowHealthyStep":0,"mRunStepCount":0,"mSpeed":0.0,"mStartTime":0,"mStepCount":0,"mTimeUnit":600000,"mTotalActiveTime":0.0,"mWalkStepCount":0},{"mCalorie":0.0,"mDistance":0.0,"mNowHealthyStep":0,"mRunStepCount":0,"mSpeed":0.0,"mStartTime":0,"mStepCount":0,"mTimeUnit":600000,"mTotalActiveTime":0.0,"mWalkStepCount":0},{"mCalorie":3.2600000500679016,"mDistance":61.65999984741211,"mNowHealthyStep":0,"mRunStepCount":0,"mSpeed":5.1996684074401855,"mStartTime":0,"mStepCount":80,"mTimeUnit":600000,"mTotalActiveTime":42690.412598202965,"mWalkStepCount":80},{"mCalorie":2.4600000381469727,"mDistance":44.939998626708984,"mNowHealthyStep":0,"mRunStepCount":0,"mSpeed":4.610541343688965,"mStartTime":0,"mStepCount":60,"mTimeUnit":600000,"mTotalActiveTime":35090.021026749135,"mWalkStepCount":60},{"mCalorie":1.5200000405311584,"mDistance":27.760001182556152,"mNowHealthyStep":0,"mRunStepCount":0,"mSpeed":4.780214309692383,"mStartTime":0,"mStepCount":37,"mTimeUnit":600000,"mTotalActiveTime":20906.17684437491,"mWalkStepCount":37},{"mCalorie":0.0,"mDistance":0.0,"mNowHealthyStep":0,"mRunStepCount":0,"mSpeed":0.0,"mStartTime":0,"mStepCount":0,"mTimeUnit":600000,"mTotalActiveTime":0.0,"mWalkStepCount":0},{"mCalorie":0.0,"mDistance":0.0,"mNowHealthyStep":0,"mRunStepCount":0,"mSpeed":0.0,"mStartTime":0,"mStepCount":0,"mTimeUnit":600000,"mTotalActiveTime":0.0,"mWalkStepCount":0},{"mCalorie":0.0,"mDistance":0.0,"mNowHealthyStep":0,"mRunStepCount":0,"mSpeed":0.0,"mStartTime":0,"mStepCount":0,"mTimeUnit":600000,"mTotalActiveTime":0.0,"mWalkStepCount":0},{"mCalorie":0.0,"mDistance":0.0,"mNowHealthyStep":0,"mRunStepCount":0,"mSpeed":0.0,"mStartTime":0,"mStepCount":0,"mTimeUnit":600000,"mTotalActiveTime":0.0,"mWalkStepCount":0},{"mCalorie":0.0,"mDistance":0.0,"mNowHealthyStep":0,"mRunStepCount":0,"mSpeed":0.0,"mStartTime":0,"mStepCount":0,"mTimeUnit":600000,"mTotalActiveTime":0.0,"mWalkStepCount":0},{"mCalorie":0.0,"mDistance":0.0,"mNowHealthyStep":0,"mRunStepCount":0,"mSpeed":0.0,"mStartTime":0,"mStepCount":0,"mTimeUnit":600000,"mTotalActiveTime":0.0,"mWalkStepCount":0},{"mCalorie":3.8799998462200165,"mDistance":71.72999858856201,"mNowHealthyStep":0,"mRunStepCount":0,"mSpeed":4.6839118003845215,"mStartTime":0,"mStepCount":95,"mTimeUnit":600000,"mTotalActiveTime":55130.838839308555,"mWalkStepCount":95},{"mCalorie":0.0,"mDistance":0.0,"mNowHealthyStep":0,"mRunStepCount":0,"mSpeed":0.0,"mStartTime":0,"mStepCount":0,"mTimeUnit":600000,"mTotalActiveTime":0.0,"mWalkStepCount":0},{"mCalorie":2.950000047683716,"mDistance":54.9300012588501,"mNowHealthyStep":0,"mRunStepCount":0,"mSpeed":4.9040703773498535,"mStartTime":0,"mStepCount":73,"mTimeUnit":600000,"mTotalActiveTime":40323.24072720464,"mWalkStepCount":73},{"mCalorie":0.0,"mDistance":0.0,"mNowHealthyStep":0,"mRunStepCount":0,"mSpeed":0.0,"mStartTime":0,"mStepCount":0,"mTimeUnit":600000,"mTotalActiveTime":0.0,"mWalkStepCount":0},{"mCalorie":1.440000057220459,"mDistance":25.729999542236328,"mNowHealthyStep":0,"mRunStepCount":0,"mSpeed":4.799999713897705,"mStartTime":0,"mStepCount":34,"mTimeUnit":600000,"mTotalActiveTime":19297.500806897926,"mWalkStepCount":34},{"mCalorie":0.3400000035762787,"mDistance":6.039999961853027,"mNowHealthyStep":0,"mRunStepCount":0,"mSpeed":4.700000286102295,"mStartTime":0,"mStepCount":8,"mTimeUnit":600000,"mTotalActiveTime":4626.382667883447,"mWalkStepCount":8},{"mCalorie":0.4099999964237213,"mDistance":7.909999847412109,"mNowHealthyStep":0,"mRunStepCount":0,"mSpeed":5.800000190734863,"mStartTime":0,"mStepCount":10,"mTimeUnit":600000,"mTotalActiveTime":4909.654916248488,"mWalkStepCount":10},{"mCalorie":2.270000070333481,"mDistance":39.21999979019165,"mNowHealthyStep":0,"mRunStepCount":0,"mSpeed":4.326139450073242,"mStartTime":0,"mStepCount":53,"mTimeUnit":600000,"mTotalActiveTime":32636.94891789184,"mWalkStepCount":53},{"mCalorie":0.0,"mDistance":0.0,"mNowHealthyStep":0,"mRunStepCount":0,"mSpeed":0.0,"mStartTime":0,"mStepCount":0,"mTimeUnit":600000,"mTotalActiveTime":0.0,"mWalkStepCount":0},{"mCalorie":0.3400000035762787,"mDistance":5.900000095367432,"mNowHealthyStep":0,"mRunStepCount":0,"mSpeed":4.299999713897705,"mStartTime":0,"mStepCount":8,"mTimeUnit":600000,"mTotalActiveTime":4939.535292217473,"mWalkStepCount":8},{"mCalorie":3.3300000429153442,"mDistance":58.43000030517578,"mNowHealthyStep":0,"mRunStepCount":0,"mSpeed":4.251197814941406,"mStartTime":0,"mStepCount":79,"mTimeUnit":600000,"mTotalActiveTime":49479.702507156355,"mWalkStepCount":79},{"mCalorie":0.0,"mDistance":0.0,"mNowHealthyStep":0,"mRunStepCount":0,"mSpeed":0.0,"mStartTime":0,"mStepCount":0,"mTimeUnit":600000,"mTotalActiveTime":0.0,"mWalkStepCount":0},{"mCalorie":0.0,"mDistance":0.0,"mNowHealthyStep":0,"mRunStepCount":0,"mSpeed":0.0,"mStartTime":0,"mStepCount":0,"mTimeUnit":600000,"mTotalActiveTime":0.0,"mWalkStepCount":0},{"mCalorie":0.6299999952316284,"mDistance":11.300000190734863,"mNowHealthyStep":0,"mRunStepCount":0,"mSpeed":4.479100227355957,"mStartTime":0,"mStepCount":15,"mTimeUnit":600000,"mTotalActiveTime":9082.181831494752,"mWalkStepCount":15},{"mCalorie":0.0,"mDistance":0.0,"mNowHealthyStep":0,"mRunStepCount":0,"mSpeed":0.0,"mStartTime":0,"mStepCount":0,"mTimeUnit":600000,"mTotalActiveTime":0.0,"mWalkStepCount":0},{"mCalorie":0.0,"mDistance":0.0,"mNowHealthyStep":0,"mRunStepCount":0,"mSpeed":0.0,"mStartTime":0,"mStepCount":0,"mTimeUnit":600000,"mTotalActiveTime":0.0,"mWalkStepCount":0},{"mCalorie":0.0,"mDistance":0.0,"mNowHealthyStep":0,"mRunStepCount":0,"mSpeed":0.0,"mStartTime":0,"mStepCount":0,"mTimeUnit":600000,"mTotalActiveTime":0.0,"mWalkStepCount":0},{"mCalorie":0.0,"mDistance":0.0,"mNowHealthyStep":0,"mRunStepCount":0,"mSpeed":0.0,"mStartTime":0,"mStepCount":0,"mTimeUnit":600000,"mTotalActiveTime":0.0,"mWalkStepCount":0},{"mCalorie":0.0,"mDistance":0.0,"mNowHealthyStep":0,"mRunStepCount":0,"mSpeed":0.0,"mStartTime":0,"mStepCount":0,"mTimeUnit":600000,"mTotalActiveTime":0.0,"mWalkStepCount":0},{"mCalorie":0.0,"mDistance":0.0,"mNowHealthyStep":0,"mRunStepCount":0,"mSpeed":0.0,"mStartTime":0,"mStepCount":0,"mTimeUnit":600000,"mTotalActiveTime":0.0,"mWalkStepCount":0},{"mCalorie":0.0,"mDistance":0.0,"mNowHealthyStep":0,"mRunStepCount":0,"mSpeed":0.0,"mStartTime":0,"mStepCount":0,"mTimeUnit":600000,"mTotalActiveTime":0.0,"mWalkStepCount":0},{"mCalorie":0.0,"mDistance":0.0,"mNowHealthyStep":0,"mRunStepCount":0,"mSpeed":0.0,"mStartTime":0,"mStepCount":0,"mTimeUnit":600000,"mTotalActiveTime":0.0,"mWalkStepCount":0},{"mCalorie":0.0,"mDistance":0.0,"mNowHealthyStep":0,"mRunStepCount":0,"mSpeed":0.0,"mStartTime":0,"mStepCount":0,"mTimeUnit":600000,"mTotalActiveTime":0.0,"mWalkStepCount":0},{"mCalorie":0.0,"mDistance":0.0,"mNowHealthyStep":0,"mRunStepCount":0,"mSpeed":0.0,"mStartTime":0,"mStepCount":0,"mTimeUnit":600000,"mTotalActiveTime":0.0,"mWalkStepCount":0}]