[{"mCalorie":0.0,"mDistance":0.0,"mNowHealthyStep":0,"mRunStepCount":0,"mSpeed":0.0,"mStartTime":1618027200000,"mStepCount":0,"mTimeUnit":600000,"mTotalActiveTime":0.0,"mWalkStepCount":0},{"mCalorie":0.0,"mDistance":0.0,"mNowHealthyStep":0,"mRunStepCount":0,"mSpeed":0.0,"mStartTime":1618027800000,"mStepCount":0,"mTimeUnit":600000,"mTotalActiveTime":0.0,"mWalkStepCount":0},{"mCalorie":0.0,"mDistance":0.0,"mNowHealthyStep":0,"mRunStepCount":0,"mSpeed":0.0,"mStartTime":1618028400000,"mStepCount":0,"mTimeUnit":600000,"mTotalActiveTime":0.0,"mWalkStepCount":0},{"mCalorie":0.0,"mDistance":0.0,"mNowHealthyStep":0,"mRunStepCount":0,"mSpeed":0.0,"mStartTime":1618029000000,"mStepCount":0,"mTimeUnit":600000,"mTotalActiveTime":0.0,"mWalkStepCount":0},{"mCalorie":0.0,"mDistance":0.0,"mNowHealthyStep":0,"mRunStepCount":0,"mSpeed":0.0,"mStartTime":1618029600000,"mStepCount":0,"mTimeUnit":600000,"mTotalActiveTime":0.0,"mWalkStepCount":0},{"mCalorie":1.3300000429153442,"mDistance":21.340002059936523,"mNowHealthyStep":0,"mRunStepCount":0,"mSpeed":3.9740993976593018,"mStartTime":1618030200000,"mStepCount":29,"mTimeUnit":600000,"mTotalActiveTime":19331.174452369283,"mWalkStepCount":29},{"mCalorie":0.0,"mDistance":0.0,"mNowHealthyStep":0,"mRunStepCount":0,"mSpeed":0.0,"mStartTime":1618030800000,"mStepCount":0,"mTimeUnit":600000,"mTotalActiveTime":0.0,"mWalkStepCount":0},{"mCalorie":0.0,"mDistance":0.0,"mNowHealthyStep":0,"mRunStepCount":0,"mSpeed":0.0,"mStartTime":1618031400000,"mStepCount":0,"mTimeUnit":600000,"mTotalActiveTime":0.0,"mWalkStepCount":0},{"mCalorie":0.0,"mDistance":0.0,"mNowHealthyStep":0,"mRunStepCount":0,"mSpeed":0.0,"mStartTime":1618032000000,"mStepCount":0,"mTimeUnit":600000,"mTotalActiveTime":0.0,"mWalkStepCount":0},{"mCalorie":0.0,"mDistance":0.0,"mNowHealthyStep":0,"mRunStepCount":0,"mSpeed":0.0,"mStartTime":1618032600000,"mStepCount":0,"mTimeUnit":600000,"mTotalActiveTime":0.0,"mWalkStepCount":0},{"mCalorie":0.0,"mDistance":0.0,"mNowHealthyStep":0,"mRunStepCount":0,"mSpeed":0.0,"mStartTime":1618033200000,"mStepCount":0,"mTimeUnit":600000,"mTotalActiveTime":0.0,"mWalkStepCount":0},{"mCalorie":0.0,"mDistance":0.0,"mNowHealthyStep":0,"mRunStepCount":0,"mSpeed":0.0,"mStartTime":1618033800000,"mStepCount":0,"mTimeUnit":600000,"mTotalActiveTime":0.0,"mWalkStepCount":0},{"mCalorie":0.0,"mDistance":0.0,"mNowHealthyStep":0,"mRunStepCount":0,"mSpeed":0.0,"mStartTime":1618034400000,"mStepCount":0,"mTimeUnit":600000,"mTotalActiveTime":0.0,"mWalkStepCount":0},{"mCalorie":0.0,"mDistance":0.0,"mNowHealthyStep":0,"mRunStepCount":0,"mSpeed":0.0,"mStartTime":1618035000000,"mStepCount":0,"mTimeUnit":600000,"mTotalActiveTime":0.0,"mWalkStepCount":0},{"mCalorie":0.0,"mDistance":0.0,"mNowHealthyStep":0,"mRunStepCount":0,"mSpeed":0.0,"mStartTime":1618035600000,"mStepCount":0,"mTimeUnit":600000,"mTotalActiveTime":0.0,"mWalkStepCount":0},{"mCalorie":0.0,"mDistance":0.0,"mNowHealthyStep":0,"mRunStepCount":0,"mSpeed":0.0,"mStartTime":1618036200000,"mStepCount":0,"mTimeUnit":600000,"mTotalActiveTime":0.0,"mWalkStepCount":0},{"mCalorie":0.0,"mDistance":0.0,"mNowHealthyStep":0,"mRunStepCount":0,"mSpeed":0.0,"mStartTime":1618036800000,"mStepCount":0,"mTimeUnit":600000,"mTotalActiveTime":0.0,"mWalkStepCount":0},{"mCalorie":0.0,"mDistance":0.0,"mNowHealthyStep":0,"mRunStepCount":0,"mSpeed":0.0,"mStartTime":1618037400000,"mStepCount":0,"mTimeUnit":600000,"mTotalActiveTime":0.0,"mWalkStepCount":0},{"mCalorie":0.0,"mDistance":0.0,"mNowHealthyStep":0,"mRunStepCount":0,"mSpeed":0.0,"mStartTime":1618038000000,"mStepCount":0,"mTimeUnit":600000,"mTotalActiveTime":0.0,"mWalkStepCount":0},{"mCalorie":0.0,"mDistance":0.0,"mNowHealthyStep":0,"mRunStepCount":0,"mSpeed":0.0,"mStartTime":1618038600000,"mStepCount":0,"mTimeUnit":600000,"mTotalActiveTime":0.0,"mWalkStepCount":0},{"mCalorie":0.0,"mDistance":0.0,"mNowHealthyStep":0,"mRunStepCount":0,"mSpeed":0.0,"mStartTime":1618039200000,"mStepCount":0,"mTimeUnit":600000,"mTotalActiveTime":0.0,"mWalkStepCount":0},{"mCalorie":0.0,"mDistance":0.0,"mNowHealthyStep":0,"mRunStepCount":0,"mSpeed":0.0,"mStartTime":1618039800000,"mStepCount":0,"mTimeUnit":600000,"mTotalActiveTime":0.0,"mWalkStepCount":0},{"mCalorie":0.0,"mDistance":0.0,"mNowHealthyStep":0,"mRunStepCount":0,"mSpeed":0.0,"mStartTime":1618040400000,"mStepCount":0,"mTimeUnit":600000,"mTotalActiveTime":0.0,"mWalkStepCount":0},{"mCalorie":0.0,"mDistance":0.0,"mNowHealthyStep":0,"mRunStepCount":0,"mSpeed":0.0,"mStartTime":1618041000000,"mStepCount":0,"mTimeUnit":600000,"mTotalActiveTime":0.0,"mWalkStepCount":0},{"mCalorie":0.0,"mDistance":0.0,"mNowHealthyStep":0,"mRunStepCount":0,"mSpeed":0.0,"mStartTime":1618041600000,"mStepCount":0,"mTimeUnit":600000,"mTotalActiveTime":0.0,"mWalkStepCount":0},{"mCalorie":0.0,"mDistance":0.0,"mNowHealthyStep":0,"mRunStepCount":0,"mSpeed":0.0,"mStartTime":1618042200000,"mStepCount":0,"mTimeUnit":600000,"mTotalActiveTime":0.0,"mWalkStepCount":0},{"mCalorie":0.0,"mDistance":0.0,"mNowHealthyStep":0,"mRunStepCount":0,"mSpeed":0.0,"mStartTime":1618042800000,"mStepCount":0,"mTimeUnit":600000,"mTotalActiveTime":0.0,"mWalkStepCount":0},{"mCalorie":0.0,"mDistance":0.0,"mNowHealthyStep":0,"mRunStepCount":0,"mSpeed":0.0,"mStartTime":1618043400000,"mStepCount":0,"mTimeUnit":600000,"mTotalActiveTime":0.0,"mWalkStepCount":0},{"mCalorie":0.0,"mDistance":0.0,"mNowHealthyStep":0,"mRunStepCount":0,"mSpeed":0.0,"mStartTime":1618044000000,"mStepCount":0,"mTimeUnit":600000,"mTotalActiveTime":0.0,"mWalkStepCount":0},{"mCalorie":0.0,"mDistance":0.0,"mNowHealthyStep":0,"mRunStepCount":0,"mSpeed":0.0,"mStartTime":1618044600000,"mStepCount":0,"mTimeUnit":600000,"mTotalActiveTime":0.0,"mWalkStepCount":0},{"mCalorie":0.0,"mDistance":0.0,"mNowHealthyStep":0,"mRunStepCount":0,"mSpeed":0.0,"mStartTime":1618045200000,"mStepCount":0,"mTimeUnit":600000,"mTotalActiveTime":0.0,"mWalkStepCount":0},{"mCalorie":0.0,"mDistance":0.0,"mNowHealthyStep":0,"mRunStepCount":0,"mSpeed":0.0,"mStartTime":1618045800000,"mStepCount":0,"mTimeUnit":600000,"mTotalActiveTime":0.0,"mWalkStepCount":0},{"mCalorie":0.0,"mDistance":0.0,"mNowHealthyStep":0,"mRunStepCount":0,"mSpeed":0.0,"mStartTime":1618046400000,"mStepCount":0,"mTimeUnit":600000,"mTotalActiveTime":0.0,"mWalkStepCount":0},{"mCalorie":0.0,"mDistance":0.0,"mNowHealthyStep":0,"mRunStepCount":0,"mSpeed":0.0,"mStartTime":1618047000000,"mStepCount":0,"mTimeUnit":600000,"mTotalActiveTime":0.0,"mWalkStepCount":0},{"mCalorie":0.0,"mDistance":0.0,"mNowHealthyStep":0,"mRunStepCount":0,"mSpeed":0.0,"mStartTime":1618047600000,"mStepCount":0,"mTimeUnit":600000,"mTotalActiveTime":0.0,"mWalkStepCount":0},{"mCalorie":0.0,"mDistance":0.0,"mNowHealthyStep":0,"mRunStepCount":0,"mSpeed":0.0,"mStartTime":1618048200000,"mStepCount":0,"mTimeUnit":600000,"mTotalActiveTime":0.0,"mWalkStepCount":0},{"mCalorie":0.0,"mDistance":0.0,"mNowHealthyStep":0,"mRunStepCount":0,"mSpeed":0.0,"mStartTime":1618048800000,"mStepCount":0,"mTimeUnit":600000,"mTotalActiveTime":0.0,"mWalkStepCount":0},{"mCalorie":0.0,"mDistance":0.0,"mNowHealthyStep":0,"mRunStepCount":0,"mSpeed":0.0,"mStartTime":1618049400000,"mStepCount":0,"mTimeUnit":600000,"mTotalActiveTime":0.0,"mWalkStepCount":0},{"mCalorie":0.0,"mDistance":0.0,"mNowHealthyStep":0,"mRunStepCount":0,"mSpeed":0.0,"mStartTime":1618050000000,"mStepCount":0,"mTimeUnit":600000,"mTotalActiveTime":0.0,"mWalkStepCount":0},{"mCalorie":0.0,"mDistance":0.0,"mNowHealthyStep":0,"mRunStepCount":0,"mSpeed":0.0,"mStartTime":1618050600000,"mStepCount":0,"mTimeUnit":600000,"mTotalActiveTime":0.0,"mWalkStepCount":0},{"mCalorie":0.0,"mDistance":0.0,"mNowHealthyStep":0,"mRunStepCount":0,"mSpeed":0.0,"mStartTime":1618051200000,"mStepCount":0,"mTimeUnit":600000,"mTotalActiveTime":0.0,"mWalkStepCount":0},{"mCalorie":0.0,"mDistance":0.0,"mNowHealthyStep":0,"mRunStepCount":0,"mSpeed":0.0,"mStartTime":1618051800000,"mStepCount":0,"mTimeUnit":600000,"mTotalActiveTime":0.0,"mWalkStepCount":0},{"mCalorie":0.0,"mDistance":0.0,"mNowHealthyStep":0,"mRunStepCount":0,"mSpeed":0.0,"mStartTime":1618052400000,"mStepCount":0,"mTimeUnit":600000,"mTotalActiveTime":0.0,"mWalkStepCount":0},{"mCalorie":0.0,"mDistance":0.0,"mNowHealthyStep":0,"mRunStepCount":0,"mSpeed":0.0,"mStartTime":1618053000000,"mStepCount":0,"mTimeUnit":600000,"mTotalActiveTime":0.0,"mWalkStepCount":0},{"mCalorie":0.0,"mDistance":0.0,"mNowHealthyStep":0,"mRunStepCount":0,"mSpeed":0.0,"mStartTime":1618053600000,"mStepCount":0,"mTimeUnit":600000,"mTotalActiveTime":0.0,"mWalkStepCount":0},{"mCalorie":0.0,"mDistance":0.0,"mNowHealthyStep":0,"mRunStepCount":0,"mSpeed":0.0,"mStartTime":1618054200000,"mStepCount":0,"mTimeUnit":600000,"mTotalActiveTime":0.0,"mWalkStepCount":0},{"mCalorie":0.0,"mDistance":0.0,"mNowHealthyStep":0,"mRunStepCount":0,"mSpeed":0.0,"mStartTime":1618054800000,"mStepCount":0,"mTimeUnit":600000,"mTotalActiveTime":0.0,"mWalkStepCount":0},{"mCalorie":0.0,"mDistance":0.0,"mNowHealthyStep":0,"mRunStepCount":0,"mSpeed":0.0,"mStartTime":1618055400000,"mStepCount":0,"mTimeUnit":600000,"mTotalActiveTime":0.0,"mWalkStepCount":0},{"mCalorie":0.0,"mDistance":0.0,"mNowHealthyStep":0,"mRunStepCount":0,"mSpeed":0.0,"mStartTime":1618056000000,"mStepCount":0,"mTimeUnit":600000,"mTotalActiveTime":0.0,"mWalkStepCount":0},{"mCalorie":0.0,"mDistance":0.0,"mNowHealthyStep":0,"mRunStepCount":0,"mSpeed":0.0,"mStartTime":1618056600000,"mStepCount":0,"mTimeUnit":600000,"mTotalActiveTime":0.0,"mWalkStepCount":0},{"mCalorie":0.0,"mDistance":0.0,"mNowHealthyStep":0,"mRunStepCount":0,"mSpeed":0.0,"mStartTime":1618057200000,"mStepCount":0,"mTimeUnit":600000,"mTotalActiveTime":0.0,"mWalkStepCount":0},{"mCalorie":0.0,"mDistance":0.0,"mNowHealthyStep":0,"mRunStepCount":0,"mSpeed":0.0,"mStartTime":1618057800000,"mStepCount":0,"mTimeUnit":600000,"mTotalActiveTime":0.0,"mWalkStepCount":0},{"mCalorie":0.0,"mDistance":0.0,"mNowHealthyStep":0,"mRunStepCount":0,"mSpeed":0.0,"mStartTime":1618058400000,"mStepCount":0,"mTimeUnit":600000,"mTotalActiveTime":0.0,"mWalkStepCount":0},{"mCalorie":0.0,"mDistance":0.0,"mNowHealthyStep":0,"mRunStepCount":0,"mSpeed":0.0,"mStartTime":1618059000000,"mStepCount":0,"mTimeUnit":600000,"mTotalActiveTime":0.0,"mWalkStepCount":0},{"mCalorie":0.0,"mDistance":0.0,"mNowHealthyStep":0,"mRunStepCount":0,"mSpeed":0.0,"mStartTime":1618059600000,"mStepCount":0,"mTimeUnit":600000,"mTotalActiveTime":0.0,"mWalkStepCount":0},{"mCalorie":2.2899999618530273,"mDistance":34.720001220703125,"mNowHealthyStep":0,"mRunStepCount":0,"mSpeed":4.299999713897705,"mStartTime":1618060200000,"mStepCount":47,"mTimeUnit":600000,"mTotalActiveTime":29067.909932773717,"mWalkStepCount":47},{"mCalorie":0.0,"mDistance":0.0,"mNowHealthyStep":0,"mRunStepCount":0,"mSpeed":0.0,"mStartTime":1618060800000,"mStepCount":0,"mTimeUnit":600000,"mTotalActiveTime":0.0,"mWalkStepCount":0},{"mCalorie":0.0,"mDistance":0.0,"mNowHealthyStep":0,"mRunStepCount":0,"mSpeed":0.0,"mStartTime":1618061400000,"mStepCount":0,"mTimeUnit":600000,"mTotalActiveTime":0.0,"mWalkStepCount":0},{"mCalorie":0.0,"mDistance":0.0,"mNowHealthyStep":0,"mRunStepCount":0,"mSpeed":0.0,"mStartTime":1618062000000,"mStepCount":0,"mTimeUnit":600000,"mTotalActiveTime":0.0,"mWalkStepCount":0},{"mCalorie":0.0,"mDistance":0.0,"mNowHealthyStep":0,"mRunStepCount":0,"mSpeed":0.0,"mStartTime":1618062600000,"mStepCount":0,"mTimeUnit":600000,"mTotalActiveTime":0.0,"mWalkStepCount":0},{"mCalorie":0.7000000476837158,"mDistance":11.300000190734863,"mNowHealthyStep":0,"mRunStepCount":0,"mSpeed":4.799999713897705,"mStartTime":1618063200000,"mStepCount":15,"mTimeUnit":600000,"mTotalActiveTime":8475.00064820055,"mWalkStepCount":15},{"mCalorie":2.169999897480011,"mDistance":32.400001525878906,"mNowHealthyStep":0,"mRunStepCount":0,"mSpeed":4.31326961517334,"mStartTime":1618063800000,"mStepCount":44,"mTimeUnit":600000,"mTotalActiveTime":27042.130902435227,"mWalkStepCount":44},{"mCalorie":0.0,"mDistance":0.0,"mNowHealthyStep":0,"mRunStepCount":0,"mSpeed":0.0,"mStartTime":1618064400000,"mStepCount":0,"mTimeUnit":600000,"mTotalActiveTime":0.0,"mWalkStepCount":0},{"mCalorie":0.0,"mDistance":0.0,"mNowHealthyStep":0,"mRunStepCount":0,"mSpeed":0.0,"mStartTime":1618065000000,"mStepCount":0,"mTimeUnit":600000,"mTotalActiveTime":0.0,"mWalkStepCount":0},{"mCalorie":0.0,"mDistance":0.0,"mNowHealthyStep":0,"mRunStepCount":0,"mSpeed":0.0,"mStartTime":1618065600000,"mStepCount":0,"mTimeUnit":600000,"mTotalActiveTime":0.0,"mWalkStepCount":0},{"mCalorie":0.550000011920929,"mDistance":9.699999809265137,"mNowHealthyStep":0,"mRunStepCount":0,"mSpeed":4.48408842086792,"mStartTime":1618066200000,"mStepCount":13,"mTimeUnit":600000,"mTotalActiveTime":7787.535845824274,"mWalkStepCount":13},{"mCalorie":5.149999976158142,"mDistance":78.41999912261963,"mNowHealthyStep":0,"mRunStepCount":0,"mSpeed":5.035594463348389,"mStartTime":1618066800000,"mStepCount":104,"mTimeUnit":600000,"mTotalActiveTime":56063.28900070823,"mWalkStepCount":104},{"mCalorie":0.0,"mDistance":0.0,"mNowHealthyStep":0,"mRunStepCount":0,"mSpeed":0.0,"mStartTime":1618067400000,"mStepCount":0,"mTimeUnit":600000,"mTotalActiveTime":0.0,"mWalkStepCount":0},{"mCalorie":0.0,"mDistance":0.0,"mNowHealthyStep":0,"mRunStepCount":0,"mSpeed":0.0,"mStartTime":1618068000000,"mStepCount":0,"mTimeUnit":600000,"mTotalActiveTime":0.0,"mWalkStepCount":0},{"mCalorie":0.0,"mDistance":0.0,"mNowHealthyStep":0,"mRunStepCount":0,"mSpeed":0.0,"mStartTime":1618068600000,"mStepCount":0,"mTimeUnit":600000,"mTotalActiveTime":0.0,"mWalkStepCount":0},{"mCalorie":0.9399999976158142,"mDistance":15.710000038146973,"mNowHealthyStep":0,"mRunStepCount":0,"mSpeed":4.541857719421387,"mStartTime":1618069200000,"mStepCount":21,"mTimeUnit":600000,"mTotalActiveTime":12452.173456577168,"mWalkStepCount":21},{"mCalorie":0.0,"mDistance":0.0,"mNowHealthyStep":0,"mRunStepCount":0,"mSpeed":0.0,"mStartTime":1618069800000,"mStepCount":0,"mTimeUnit":600000,"mTotalActiveTime":0.0,"mWalkStepCount":0},{"mCalorie":0.0,"mDistance":0.0,"mNowHealthyStep":0,"mRunStepCount":0,"mSpeed":0.0,"mStartTime":1618070400000,"mStepCount":0,"mTimeUnit":600000,"mTotalActiveTime":0.0,"mWalkStepCount":0},{"mCalorie":0.0,"mDistance":0.0,"mNowHealthyStep":0,"mRunStepCount":0,"mSpeed":0.0,"mStartTime":1618071000000,"mStepCount":0,"mTimeUnit":600000,"mTotalActiveTime":0.0,"mWalkStepCount":0},{"mCalorie":0.0,"mDistance":0.0,"mNowHealthyStep":0,"mRunStepCount":0,"mSpeed":0.0,"mStartTime":1618071600000,"mStepCount":0,"mTimeUnit":600000,"mTotalActiveTime":0.0,"mWalkStepCount":0},{"mCalorie":2.740000069141388,"mDistance":41.19999980926514,"mNowHealthyStep":0,"mRunStepCount":0,"mSpeed":4.142636299133301,"mStartTime":1618072200000,"mStepCount":56,"mTimeUnit":600000,"mTotalActiveTime":35803.28972033908,"mWalkStepCount":56},{"mCalorie":0.6399999856948853,"mDistance":9.720000267028809,"mNowHealthyStep":0,"mRunStepCount":0,"mSpeed":4.900000095367432,"mStartTime":1618072800000,"mStepCount":13,"mTimeUnit":600000,"mTotalActiveTime":7141.224546992544,"mWalkStepCount":13},{"mCalorie":0.0,"mDistance":0.0,"mNowHealthyStep":0,"mRunStepCount":0,"mSpeed":0.0,"mStartTime":1618073400000,"mStepCount":0,"mTimeUnit":600000,"mTotalActiveTime":0.0,"mWalkStepCount":0},{"mCalorie":0.0,"mDistance":0.0,"mNowHealthyStep":0,"mRunStepCount":0,"mSpeed":0.0,"mStartTime":1618074000000,"mStepCount":0,"mTimeUnit":600000,"mTotalActiveTime":0.0,"mWalkStepCount":0},{"mCalorie":1.530000001192093,"mDistance":22.799999237060547,"mNowHealthyStep":0,"mRunStepCount":0,"mSpeed":4.320277214050293,"mStartTime":1618074600000,"mStepCount":31,"mTimeUnit":600000,"mTotalActiveTime":18998.77967866,"mWalkStepCount":31},{"mCalorie":3.0100001096725464,"mDistance":46.98999786376953,"mNowHealthyStep":0,"mRunStepCount":0,"mSpeed":4.696125507354736,"mStartTime":1618075200000,"mStepCount":63,"mTimeUnit":600000,"mTotalActiveTime":36022.032565711444,"mWalkStepCount":63},{"mCalorie":0.0,"mDistance":0.0,"mNowHealthyStep":0,"mRunStepCount":0,"mSpeed":0.0,"mStartTime":1618075800000,"mStepCount":0,"mTimeUnit":600000,"mTotalActiveTime":0.0,"mWalkStepCount":0},{"mCalorie":0.0,"mDistance":0.0,"mNowHealthyStep":0,"mRunStepCount":0,"mSpeed":0.0,"mStartTime":1618076400000,"mStepCount":0,"mTimeUnit":600000,"mTotalActiveTime":0.0,"mWalkStepCount":0},{"mCalorie":0.0,"mDistance":0.0,"mNowHealthyStep":0,"mRunStepCount":0,"mSpeed":0.0,"mStartTime":1618077000000,"mStepCount":0,"mTimeUnit":600000,"mTotalActiveTime":0.0,"mWalkStepCount":0},{"mCalorie":0.0,"mDistance":0.0,"mNowHealthyStep":0,"mRunStepCount":0,"mSpeed":0.0,"mStartTime":1618077600000,"mStepCount":0,"mTimeUnit":600000,"mTotalActiveTime":0.0,"mWalkStepCount":0},{"mCalorie":7.189999997615814,"mDistance":95.73000192642212,"mNowHealthyStep":0,"mRunStepCount":0,"mSpeed":3.923200845718384,"mStartTime":1618078200000,"mStepCount":135,"mTimeUnit":600000,"mTotalActiveTime":87843.57869347962,"mWalkStepCount":135},{"mCalorie":0.0,"mDistance":0.0,"mNowHealthyStep":0,"mRunStepCount":0,"mSpeed":0.0,"mStartTime":1618078800000,"mStepCount":0,"mTimeUnit":600000,"mTotalActiveTime":0.0,"mWalkStepCount":0},{"mCalorie":8.810000211000443,"mDistance":105.92999744415283,"mNowHealthyStep":0,"mRunStepCount":36,"mSpeed":10.166990280151367,"mStartTime":1618079400000,"mStepCount":104,"mTimeUnit":600000,"mTotalActiveTime":37508.44613346521,"mWalkStepCount":68},{"mCalorie":0.5400000214576721,"mDistance":8.269999504089355,"mNowHealthyStep":0,"mRunStepCount":0,"mSpeed":4.7446770668029785,"mStartTime":1618080000000,"mStepCount":11,"mTimeUnit":600000,"mTotalActiveTime":6274.820771897637,"mWalkStepCount":11},{"mCalorie":0.0,"mDistance":0.0,"mNowHealthyStep":0,"mRunStepCount":0,"mSpeed":0.0,"mStartTime":1618080600000,"mStepCount":0,"mTimeUnit":600000,"mTotalActiveTime":0.0,"mWalkStepCount":0},{"mCalorie":0.0,"mDistance":0.0,"mNowHealthyStep":0,"mRunStepCount":0,"mSpeed":0.0,"mStartTime":1618081200000,"mStepCount":0,"mTimeUnit":600000,"mTotalActiveTime":0.0,"mWalkStepCount":0},{"mCalorie":0.5000000596046448,"mDistance":7.200000762939453,"mNowHealthyStep":0,"mRunStepCount":0,"mSpeed":3.7385573387145996,"mStartTime":1618081800000,"mStepCount":10,"mTimeUnit":600000,"mTotalActiveTime":6933.15640184722,"mWalkStepCount":10},{"mCalorie":0.0,"mDistance":0.0,"mNowHealthyStep":0,"mRunStepCount":0,"mSpeed":0.0,"mStartTime":1618082400000,"mStepCount":0,"mTimeUnit":600000,"mTotalActiveTime":0.0,"mWalkStepCount":0},{"mCalorie":0.0,"mDistance":0.0,"mNowHealthyStep":0,"mRunStepCount":0,"mSpeed":0.0,"mStartTime":1618083000000,"mStepCount":0,"mTimeUnit":600000,"mTotalActiveTime":0.0,"mWalkStepCount":0},{"mCalorie":0.0,"mDistance":0.0,"mNowHealthyStep":0,"mRunStepCount":0,"mSpeed":0.0,"mStartTime":1618083600000,"mStepCount":0,"mTimeUnit":600000,"mTotalActiveTime":0.0,"mWalkStepCount":0},{"mCalorie":0.49000003933906555,"mDistance":7.369999885559082,"mNowHealthyStep":0,"mRunStepCount":0,"mSpeed":4.427324295043945,"mStartTime":1618084200000,"mStepCount":10,"mTimeUnit":600000,"mTotalActiveTime":5992.784313928225,"mWalkStepCount":10},{"mCalorie":0.0,"mDistance":0.0,"mNowHealthyStep":0,"mRunStepCount":0,"mSpeed":0.0,"mStartTime":1618084800000,"mStepCount":0,"mTimeUnit":600000,"mTotalActiveTime":0.0,"mWalkStepCount":0},{"mCalorie":2.809999942779541,"mDistance":41.94999933242798,"mNowHealthyStep":0,"mRunStepCount":0,"mSpeed":4.269591808319092,"mStartTime":1618085400000,"mStepCount":57,"mTimeUnit":600000,"mTotalActiveTime":35371.063540403746,"mWalkStepCount":57},{"mCalorie":0.6499999761581421,"mDistance":9.350000381469727,"mNowHealthyStep":0,"mRunStepCount":0,"mSpeed":3.9000003337860107,"mStartTime":1618086000000,"mStepCount":13,"mTimeUnit":600000,"mTotalActiveTime":8630.768844220798,"mWalkStepCount":13},{"mCalorie":0.0,"mDistance":0.0,"mNowHealthyStep":0,"mRunStepCount":0,"mSpeed":0.0,"mStartTime":1618086600000,"mStepCount":0,"mTimeUnit":600000,"mTotalActiveTime":0.0,"mWalkStepCount":0},{"mCalorie":4.289999961853027,"mDistance":64.14000034332275,"mNowHealthyStep":0,"mRunStepCount":0,"mSpeed":4.354724884033203,"mStartTime":1618087200000,"mStepCount":87,"mTimeUnit":600000,"mTotalActiveTime":53023.78698272434,"mWalkStepCount":87},{"mCalorie":0.0,"mDistance":0.0,"mNowHealthyStep":0,"mRunStepCount":0,"mSpeed":0.0,"mStartTime":1618087800000,"mStepCount":0,"mTimeUnit":600000,"mTotalActiveTime":0.0,"mWalkStepCount":0},{"mCalorie":0.0,"mDistance":0.0,"mNowHealthyStep":0,"mRunStepCount":0,"mSpeed":0.0,"mStartTime":1618088400000,"mStepCount":0,"mTimeUnit":600000,"mTotalActiveTime":0.0,"mWalkStepCount":0},{"mCalorie":0.0,"mDistance":0.0,"mNowHealthyStep":0,"mRunStepCount":0,"mSpeed":0.0,"mStartTime":1618089000000,"mStepCount":0,"mTimeUnit":600000,"mTotalActiveTime":0.0,"mWalkStepCount":0},{"mCalorie":0.6000000238418579,"mDistance":8.40999984741211,"mNowHealthyStep":0,"mRunStepCount":0,"mSpeed":3.200000047683716,"mStartTime":1618089600000,"mStepCount":12,"mTimeUnit":600000,"mTotalActiveTime":9461.249687355015,"mWalkStepCount":12},{"mCalorie":0.0,"mDistance":0.0,"mNowHealthyStep":0,"mRunStepCount":0,"mSpeed":0.0,"mStartTime":1618090200000,"mStepCount":0,"mTimeUnit":600000,"mTotalActiveTime":0.0,"mWalkStepCount":0},{"mCalorie":4.319998502731323,"mDistance":68.50998592376709,"mNowHealthyStep":0,"mRunStepCount":0,"mSpeed":4.835944652557373,"mStartTime":1618090800000,"mStepCount":91,"mTimeUnit":600000,"mTotalActiveTime":51000.575319599244,"mWalkStepCount":91},{"mCalorie":4.280000030994415,"mDistance":55.640000343322754,"mNowHealthyStep":0,"mRunStepCount":0,"mSpeed":4.507421016693115,"mStartTime":1618091400000,"mStepCount":77,"mTimeUnit":600000,"mTotalActiveTime":44438.71574344085,"mWalkStepCount":77},{"mCalorie":0.5400000214576721,"mDistance":8.110000610351562,"mNowHealthyStep":0,"mRunStepCount":0,"mSpeed":3.997910976409912,"mStartTime":1618092000000,"mStepCount":11,"mTimeUnit":600000,"mTotalActiveTime":7302.814487250882,"mWalkStepCount":11},{"mCalorie":8.209999918937683,"mDistance":122.35000133514404,"mNowHealthyStep":0,"mRunStepCount":0,"mSpeed":4.1551055908203125,"mStartTime":1618092600000,"mStepCount":167,"mTimeUnit":600000,"mTotalActiveTime":106004.52965662307,"mWalkStepCount":167},{"mCalorie":2.9199999570846558,"mDistance":46.61999988555908,"mNowHealthyStep":0,"mRunStepCount":0,"mSpeed":4.670090675354004,"mStartTime":1618093200000,"mStepCount":63,"mTimeUnit":600000,"mTotalActiveTime":35937.63119499704,"mWalkStepCount":63},{"mCalorie":0.0,"mDistance":0.0,"mNowHealthyStep":0,"mRunStepCount":0,"mSpeed":0.0,"mStartTime":1618093800000,"mStepCount":0,"mTimeUnit":600000,"mTotalActiveTime":0.0,"mWalkStepCount":0},{"mCalorie":8.510000109672546,"mDistance":113.98000144958496,"mNowHealthyStep":0,"mRunStepCount":37,"mSpeed":9.362804412841797,"mStartTime":1618094400000,"mStepCount":119,"mTimeUnit":600000,"mTotalActiveTime":43825.330867316894,"mWalkStepCount":82},{"mCalorie":0.0,"mDistance":0.0,"mNowHealthyStep":0,"mRunStepCount":0,"mSpeed":0.0,"mStartTime":1618095000000,"mStepCount":0,"mTimeUnit":600000,"mTotalActiveTime":0.0,"mWalkStepCount":0},{"mCalorie":0.9000000953674316,"mDistance":14.749999046325684,"mNowHealthyStep":0,"mRunStepCount":0,"mSpeed":4.434121608734131,"mStartTime":1618095600000,"mStepCount":20,"mTimeUnit":600000,"mTotalActiveTime":11975.313546245214,"mWalkStepCount":20},{"mCalorie":0.7699999809265137,"mDistance":11.84000015258789,"mNowHealthyStep":0,"mRunStepCount":0,"mSpeed":4.099999904632568,"mStartTime":1618096200000,"mStepCount":16,"mTimeUnit":600000,"mTotalActiveTime":10396.09793677209,"mWalkStepCount":16},{"mCalorie":4.490000009536743,"mDistance":69.07000064849854,"mNowHealthyStep":0,"mRunStepCount":0,"mSpeed":4.992162704467773,"mStartTime":1618096800000,"mStepCount":91,"mTimeUnit":600000,"mTotalActiveTime":49808.47177050108,"mWalkStepCount":91},{"mCalorie":6.509998321533203,"mDistance":98.25001049041748,"mNowHealthyStep":0,"mRunStepCount":0,"mSpeed":4.287338733673096,"mStartTime":1618097400000,"mStepCount":132,"mTimeUnit":600000,"mTotalActiveTime":82498.7369824597,"mWalkStepCount":132},{"mCalorie":15.490000367164612,"mDistance":242.50000476837158,"mNowHealthyStep":0,"mRunStepCount":0,"mSpeed":5.306516647338867,"mStartTime":1618098000000,"mStepCount":315,"mTimeUnit":600000,"mTotalActiveTime":164514.7085054221,"mWalkStepCount":315},{"mCalorie":3.6700000762939453,"mDistance":54.51999855041504,"mNowHealthyStep":0,"mRunStepCount":0,"mSpeed":4.763637542724609,"mStartTime":1618098600000,"mStepCount":74,"mTimeUnit":600000,"mTotalActiveTime":41202.12721469298,"mWalkStepCount":74},{"mCalorie":0.0,"mDistance":0.0,"mNowHealthyStep":0,"mRunStepCount":0,"mSpeed":0.0,"mStartTime":1618099200000,"mStepCount":0,"mTimeUnit":600000,"mTotalActiveTime":0.0,"mWalkStepCount":0},{"mCalorie":0.0,"mDistance":0.0,"mNowHealthyStep":0,"mRunStepCount":0,"mSpeed":0.0,"mStartTime":1618099800000,"mStepCount":0,"mTimeUnit":600000,"mTotalActiveTime":0.0,"mWalkStepCount":0},{"mCalorie":0.0,"mDistance":0.0,"mNowHealthyStep":0,"mRunStepCount":0,"mSpeed":0.0,"mStartTime":1618100400000,"mStepCount":0,"mTimeUnit":600000,"mTotalActiveTime":0.0,"mWalkStepCount":0},{"mCalorie":0.9000000357627869,"mDistance":14.610000610351562,"mNowHealthyStep":0,"mRunStepCount":0,"mSpeed":3.647839069366455,"mStartTime":1618101000000,"mStepCount":20,"mTimeUnit":600000,"mTotalActiveTime":14418.400197919822,"mWalkStepCount":20},{"mCalorie":0.0,"mDistance":0.0,"mNowHealthyStep":0,"mRunStepCount":0,"mSpeed":0.0,"mStartTime":1618101600000,"mStepCount":0,"mTimeUnit":600000,"mTotalActiveTime":0.0,"mWalkStepCount":0},{"mCalorie":0.0,"mDistance":0.0,"mNowHealthyStep":0,"mRunStepCount":0,"mSpeed":0.0,"mStartTime":1618102200000,"mStepCount":0,"mTimeUnit":600000,"mTotalActiveTime":0.0,"mWalkStepCount":0},{"mCalorie":3.330000102519989,"mDistance":48.350003242492676,"mNowHealthyStep":0,"mRunStepCount":0,"mSpeed":4.309078693389893,"mStartTime":1618102800000,"mStepCount":65,"mTimeUnit":600000,"mTotalActiveTime":40393.788581181,"mWalkStepCount":65},{"mCalorie":1.2699999809265137,"mDistance":20.1899995803833,"mNowHealthyStep":0,"mRunStepCount":0,"mSpeed":5.439418315887451,"mStartTime":1618103400000,"mStepCount":26,"mTimeUnit":600000,"mTotalActiveTime":13362.458212115323,"mWalkStepCount":26},{"mCalorie":4.489999908953905,"mDistance":70.02000188827515,"mNowHealthyStep":0,"mRunStepCount":0,"mSpeed":5.00892448425293,"mStartTime":1618104000000,"mStepCount":92,"mTimeUnit":600000,"mTotalActiveTime":50324.57526821292,"mWalkStepCount":92},{"mCalorie":12.279999941587448,"mDistance":164.62000179290771,"mNowHealthyStep":0,"mRunStepCount":28,"mSpeed":6.274282455444336,"mStartTime":1618104600000,"mStepCount":191,"mTimeUnit":600000,"mTotalActiveTime":94454.15008180388,"mWalkStepCount":163},{"mCalorie":3.67999991774559,"mDistance":55.809998989105225,"mNowHealthyStep":0,"mRunStepCount":0,"mSpeed":4.579700946807861,"mStartTime":1618105200000,"mStepCount":75,"mTimeUnit":600000,"mTotalActiveTime":43870.98676630993,"mWalkStepCount":75},{"mCalorie":9.469999551773071,"mDistance":144.89999389648438,"mNowHealthyStep":0,"mRunStepCount":0,"mSpeed":4.821974754333496,"mStartTime":1618105800000,"mStepCount":192,"mTimeUnit":600000,"mTotalActiveTime":108179.74589095711,"mWalkStepCount":192},{"mCalorie":6.650000125169754,"mDistance":97.90000057220459,"mNowHealthyStep":0,"mRunStepCount":0,"mSpeed":4.88481330871582,"mStartTime":1618106400000,"mStepCount":132,"mTimeUnit":600000,"mTotalActiveTime":72150.14445868037,"mWalkStepCount":132},{"mCalorie":4.809999585151672,"mDistance":75.78999710083008,"mNowHealthyStep":0,"mRunStepCount":4,"mSpeed":6.344727993011475,"mStartTime":1618107000000,"mStepCount":94,"mTimeUnit":600000,"mTotalActiveTime":43003.25921698405,"mWalkStepCount":90},{"mCalorie":0.0,"mDistance":0.0,"mNowHealthyStep":0,"mRunStepCount":0,"mSpeed":0.0,"mStartTime":1618107600000,"mStepCount":0,"mTimeUnit":600000,"mTotalActiveTime":0.0,"mWalkStepCount":0},{"mCalorie":0.0,"mDistance":0.0,"mNowHealthyStep":0,"mRunStepCount":0,"mSpeed":0.0,"mStartTime":1618108200000,"mStepCount":0,"mTimeUnit":600000,"mTotalActiveTime":0.0,"mWalkStepCount":0},{"mCalorie":0.0,"mDistance":0.0,"mNowHealthyStep":0,"mRunStepCount":0,"mSpeed":0.0,"mStartTime":1618108800000,"mStepCount":0,"mTimeUnit":600000,"mTotalActiveTime":0.0,"mWalkStepCount":0},{"mCalorie":5.510000109672546,"mDistance":87.17000007629395,"mNowHealthyStep":0,"mRunStepCount":0,"mSpeed":5.39393424987793,"mStartTime":1618109400000,"mStepCount":112,"mTimeUnit":600000,"mTotalActiveTime":58178.68341149809,"mWalkStepCount":112},{"mCalorie":13.999999791383743,"mDistance":204.4000039100647,"mNowHealthyStep":0,"mRunStepCount":12,"mSpeed":5.491004467010498,"mStartTime":1618110000000,"mStepCount":255,"mTimeUnit":600000,"mTotalActiveTime":134008.26624627944,"mWalkStepCount":243},{"mCalorie":0.0,"mDistance":0.0,"mNowHealthyStep":0,"mRunStepCount":0,"mSpeed":0.0,"mStartTime":1618110600000,"mStepCount":0,"mTimeUnit":600000,"mTotalActiveTime":0.0,"mWalkStepCount":0},{"mCalorie":0.49000003933906555,"mDistance":7.479999542236328,"mNowHealthyStep":0,"mRunStepCount":0,"mSpeed":4.507596015930176,"mStartTime":1618111200000,"mStepCount":10,"mTimeUnit":600000,"mTotalActiveTime":5973.915643035723,"mWalkStepCount":10},{"mCalorie":0.0,"mDistance":0.0,"mNowHealthyStep":0,"mRunStepCount":0,"mSpeed":0.0,"mStartTime":1618111800000,"mStepCount":0,"mTimeUnit":600000,"mTotalActiveTime":0.0,"mWalkStepCount":0},{"mCalorie":0.0,"mDistance":0.0,"mNowHealthyStep":0,"mRunStepCount":0,"mSpeed":0.0,"mStartTime":1618112400000,"mStepCount":0,"mTimeUnit":600000,"mTotalActiveTime":0.0,"mWalkStepCount":0},{"mCalorie":1.6999997198581696,"mDistance":26.339998245239258,"mNowHealthyStep":0,"mRunStepCount":0,"mSpeed":4.826858043670654,"mStartTime":1618113000000,"mStepCount":35,"mTimeUnit":600000,"mTotalActiveTime":19645.07577149175,"mWalkStepCount":35}]