[{"workoutList":[{"workoutId":180707280,"ownerId":82576128,"workoutName":"Benchmark Run","description":"Warm up, run and walk with strong effort, cool down.","updatedDate":"2020-01-04T23:41:41.0","createdDate":"2020-01-04T23:41:41.0","sportType":{"sportTypeId":1,"sportTypeKey":"running","displayOrder":1},"author":{"userPro":false,"vivokidUser":false},"estimatedDurationInSecs":540,"workoutSteps":[{"type":"ExecutableStepDTO","stepId":1101065721,"stepOrder":1,"stepType":{"stepTypeId":1,"stepTypeKey":"warmup","displayOrder":1},"description":"Walk or jog lightly.","endCondition":{"conditionTypeId":2,"conditionTypeKey":"time","displayOrder":2,"displayable":true},"endConditionValue":120.0,"targetType":{"workoutTargetTypeId":1,"workoutTargetTypeKey":"no.target","displayOrder":1},"strokeType":{},"equipmentType":{}},{"type":"ExecutableStepDTO","stepId":1101065722,"stepOrder":2,"stepType":{"stepTypeId":3,"stepTypeKey":"interval","displayOrder":3},"description":"Run strong. Walk if you need to.","endCondition":{"conditionTypeId":2,"conditionTypeKey":"time","displayOrder":2,"displayable":true},"endConditionValue":300.0,"targetType":{"workoutTargetTypeId":1,"workoutTargetTypeKey":"no.target","displayOrder":1},"strokeType":{},"equipmentType":{},"category":"RUN","exerciseName":"RUN"},{"type":"ExecutableStepDTO","stepId":1101065723,"stepOrder":3,"stepType":{"stepTypeId":2,"stepTypeKey":"cooldown","displayOrder":2},"description":"Walk or jog lightly.","endCondition":{"conditionTypeId":2,"conditionTypeKey":"time","displayOrder":2,"displayable":true},"endConditionValue":120.0,"targetType":{"workoutTargetTypeId":1,"workoutTargetTypeKey":"no.target","displayOrder":1},"strokeType":{},"equipmentType":{}}],"atpPlanId":1578181301,"avgTrainingSpeed":0.0,"estimatedDistanceUnit":{},"shared":false,"atp":false}]}]