[{"mCalorie":0.0,"mDistance":0.0,"mNowHealthyStep":0,"mRunStepCount":0,"mSpeed":0.0,"mStartTime":1644814800000,"mStepCount":0,"mTimeUnit":600000,"mTotalActiveTime":0.0,"mWalkStepCount":0},{"mCalorie":0.0,"mDistance":0.0,"mNowHealthyStep":0,"mRunStepCount":0,"mSpeed":0.0,"mStartTime":1644815400000,"mStepCount":0,"mTimeUnit":600000,"mTotalActiveTime":0.0,"mWalkStepCount":0},{"mCalorie":0.0,"mDistance":0.0,"mNowHealthyStep":0,"mRunStepCount":0,"mSpeed":0.0,"mStartTime":1644816000000,"mStepCount":0,"mTimeUnit":600000,"mTotalActiveTime":0.0,"mWalkStepCount":0},{"mCalorie":0.0,"mDistance":0.0,"mNowHealthyStep":0,"mRunStepCount":0,"mSpeed":0.0,"mStartTime":1644816600000,"mStepCount":0,"mTimeUnit":600000,"mTotalActiveTime":0.0,"mWalkStepCount":0},{"mCalorie":0.0,"mDistance":0.0,"mNowHealthyStep":0,"mRunStepCount":0,"mSpeed":0.0,"mStartTime":1644817200000,"mStepCount":0,"mTimeUnit":600000,"mTotalActiveTime":0.0,"mWalkStepCount":0},{"mCalorie":0.0,"mDistance":0.0,"mNowHealthyStep":0,"mRunStepCount":0,"mSpeed":0.0,"mStartTime":1644817800000,"mStepCount":0,"mTimeUnit":600000,"mTotalActiveTime":0.0,"mWalkStepCount":0},{"mCalorie":0.0,"mDistance":0.0,"mNowHealthyStep":0,"mRunStepCount":0,"mSpeed":0.0,"mStartTime":1644818400000,"mStepCount":0,"mTimeUnit":600000,"mTotalActiveTime":0.0,"mWalkStepCount":0},{"mCalorie":0.0,"mDistance":0.0,"mNowHealthyStep":0,"mRunStepCount":0,"mSpeed":0.0,"mStartTime":1644819000000,"mStepCount":0,"mTimeUnit":600000,"mTotalActiveTime":0.0,"mWalkStepCount":0},{"mCalorie":0.0,"mDistance":0.0,"mNowHealthyStep":0,"mRunStepCount":0,"mSpeed":0.0,"mStartTime":1644819600000,"mStepCount":0,"mTimeUnit":600000,"mTotalActiveTime":0.0,"mWalkStepCount":0},{"mCalorie":0.0,"mDistance":0.0,"mNowHealthyStep":0,"mRunStepCount":0,"mSpeed":0.0,"mStartTime":1644820200000,"mStepCount":0,"mTimeUnit":600000,"mTotalActiveTime":0.0,"mWalkStepCount":0},{"mCalorie":0.0,"mDistance":0.0,"mNowHealthyStep":0,"mRunStepCount":0,"mSpeed":0.0,"mStartTime":1644820800000,"mStepCount":0,"mTimeUnit":600000,"mTotalActiveTime":0.0,"mWalkStepCount":0},{"mCalorie":0.0,"mDistance":0.0,"mNowHealthyStep":0,"mRunStepCount":0,"mSpeed":0.0,"mStartTime":1644821400000,"mStepCount":0,"mTimeUnit":600000,"mTotalActiveTime":0.0,"mWalkStepCount":0},{"mCalorie":0.0,"mDistance":0.0,"mNowHealthyStep":0,"mRunStepCount":0,"mSpeed":0.0,"mStartTime":1644822000000,"mStepCount":0,"mTimeUnit":600000,"mTotalActiveTime":0.0,"mWalkStepCount":0},{"mCalorie":0.0,"mDistance":0.0,"mNowHealthyStep":0,"mRunStepCount":0,"mSpeed":0.0,"mStartTime":1644822600000,"mStepCount":0,"mTimeUnit":600000,"mTotalActiveTime":0.0,"mWalkStepCount":0},{"mCalorie":0.0,"mDistance":0.0,"mNowHealthyStep":0,"mRunStepCount":0,"mSpeed":0.0,"mStartTime":1644823200000,"mStepCount":0,"mTimeUnit":600000,"mTotalActiveTime":0.0,"mWalkStepCount":0},{"mCalorie":0.0,"mDistance":0.0,"mNowHealthyStep":0,"mRunStepCount":0,"mSpeed":0.0,"mStartTime":1644823800000,"mStepCount":0,"mTimeUnit":600000,"mTotalActiveTime":0.0,"mWalkStepCount":0},{"mCalorie":0.0,"mDistance":0.0,"mNowHealthyStep":0,"mRunStepCount":0,"mSpeed":0.0,"mStartTime":1644824400000,"mStepCount":0,"mTimeUnit":600000,"mTotalActiveTime":0.0,"mWalkStepCount":0},{"mCalorie":0.0,"mDistance":0.0,"mNowHealthyStep":0,"mRunStepCount":0,"mSpeed":0.0,"mStartTime":1644825000000,"mStepCount":0,"mTimeUnit":600000,"mTotalActiveTime":0.0,"mWalkStepCount":0},{"mCalorie":0.0,"mDistance":0.0,"mNowHealthyStep":0,"mRunStepCount":0,"mSpeed":0.0,"mStartTime":1644825600000,"mStepCount":0,"mTimeUnit":600000,"mTotalActiveTime":0.0,"mWalkStepCount":0},{"mCalorie":0.0,"mDistance":0.0,"mNowHealthyStep":0,"mRunStepCount":0,"mSpeed":0.0,"mStartTime":1644826200000,"mStepCount":0,"mTimeUnit":600000,"mTotalActiveTime":0.0,"mWalkStepCount":0},{"mCalorie":0.0,"mDistance":0.0,"mNowHealthyStep":0,"mRunStepCount":0,"mSpeed":0.0,"mStartTime":1644826800000,"mStepCount":0,"mTimeUnit":600000,"mTotalActiveTime":0.0,"mWalkStepCount":0},{"mCalorie":0.0,"mDistance":0.0,"mNowHealthyStep":0,"mRunStepCount":0,"mSpeed":0.0,"mStartTime":1644827400000,"mStepCount":0,"mTimeUnit":600000,"mTotalActiveTime":0.0,"mWalkStepCount":0},{"mCalorie":0.0,"mDistance":0.0,"mNowHealthyStep":0,"mRunStepCount":0,"mSpeed":0.0,"mStartTime":1644828000000,"mStepCount":0,"mTimeUnit":600000,"mTotalActiveTime":0.0,"mWalkStepCount":0},{"mCalorie":0.0,"mDistance":0.0,"mNowHealthyStep":0,"mRunStepCount":0,"mSpeed":0.0,"mStartTime":1644828600000,"mStepCount":0,"mTimeUnit":600000,"mTotalActiveTime":0.0,"mWalkStepCount":0},{"mCalorie":0.0,"mDistance":0.0,"mNowHealthyStep":0,"mRunStepCount":0,"mSpeed":0.0,"mStartTime":1644829200000,"mStepCount":0,"mTimeUnit":600000,"mTotalActiveTime":0.0,"mWalkStepCount":0},{"mCalorie":0.0,"mDistance":0.0,"mNowHealthyStep":0,"mRunStepCount":0,"mSpeed":0.0,"mStartTime":1644829800000,"mStepCount":0,"mTimeUnit":600000,"mTotalActiveTime":0.0,"mWalkStepCount":0},{"mCalorie":0.0,"mDistance":0.0,"mNowHealthyStep":0,"mRunStepCount":0,"mSpeed":0.0,"mStartTime":1644830400000,"mStepCount":0,"mTimeUnit":600000,"mTotalActiveTime":0.0,"mWalkStepCount":0},{"mCalorie":0.0,"mDistance":0.0,"mNowHealthyStep":0,"mRunStepCount":0,"mSpeed":0.0,"mStartTime":1644831000000,"mStepCount":0,"mTimeUnit":600000,"mTotalActiveTime":0.0,"mWalkStepCount":0},{"mCalorie":0.0,"mDistance":0.0,"mNowHealthyStep":0,"mRunStepCount":0,"mSpeed":0.0,"mStartTime":1644831600000,"mStepCount":0,"mTimeUnit":600000,"mTotalActiveTime":0.0,"mWalkStepCount":0},{"mCalorie":0.0,"mDistance":0.0,"mNowHealthyStep":0,"mRunStepCount":0,"mSpeed":0.0,"mStartTime":1644832200000,"mStepCount":0,"mTimeUnit":600000,"mTotalActiveTime":0.0,"mWalkStepCount":0},{"mCalorie":0.0,"mDistance":0.0,"mNowHealthyStep":0,"mRunStepCount":0,"mSpeed":0.0,"mStartTime":1644832800000,"mStepCount":0,"mTimeUnit":600000,"mTotalActiveTime":0.0,"mWalkStepCount":0},{"mCalorie":0.0,"mDistance":0.0,"mNowHealthyStep":0,"mRunStepCount":0,"mSpeed":0.0,"mStartTime":1644833400000,"mStepCount":0,"mTimeUnit":600000,"mTotalActiveTime":0.0,"mWalkStepCount":0},{"mCalorie":0.0,"mDistance":0.0,"mNowHealthyStep":0,"mRunStepCount":0,"mSpeed":0.0,"mStartTime":1644834000000,"mStepCount":0,"mTimeUnit":600000,"mTotalActiveTime":0.0,"mWalkStepCount":0},{"mCalorie":0.0,"mDistance":0.0,"mNowHealthyStep":0,"mRunStepCount":0,"mSpeed":0.0,"mStartTime":1644834600000,"mStepCount":0,"mTimeUnit":600000,"mTotalActiveTime":0.0,"mWalkStepCount":0},{"mCalorie":0.0,"mDistance":0.0,"mNowHealthyStep":0,"mRunStepCount":0,"mSpeed":0.0,"mStartTime":1644835200000,"mStepCount":0,"mTimeUnit":600000,"mTotalActiveTime":0.0,"mWalkStepCount":0},{"mCalorie":0.0,"mDistance":0.0,"mNowHealthyStep":0,"mRunStepCount":0,"mSpeed":0.0,"mStartTime":1644835800000,"mStepCount":0,"mTimeUnit":600000,"mTotalActiveTime":0.0,"mWalkStepCount":0},{"mCalorie":0.0,"mDistance":0.0,"mNowHealthyStep":0,"mRunStepCount":0,"mSpeed":0.0,"mStartTime":1644836400000,"mStepCount":0,"mTimeUnit":600000,"mTotalActiveTime":0.0,"mWalkStepCount":0},{"mCalorie":1.480000078678131,"mDistance":21.94999885559082,"mNowHealthyStep":0,"mRunStepCount":0,"mSpeed":3.4262616634368896,"mStartTime":1644837000000,"mStepCount":31,"mTimeUnit":600000,"mTotalActiveTime":23063.035461890504,"mWalkStepCount":31},{"mCalorie":0.0,"mDistance":0.0,"mNowHealthyStep":0,"mRunStepCount":0,"mSpeed":0.0,"mStartTime":1644837600000,"mStepCount":0,"mTimeUnit":600000,"mTotalActiveTime":0.0,"mWalkStepCount":0},{"mCalorie":0.0,"mDistance":0.0,"mNowHealthyStep":0,"mRunStepCount":0,"mSpeed":0.0,"mStartTime":1644838200000,"mStepCount":0,"mTimeUnit":600000,"mTotalActiveTime":0.0,"mWalkStepCount":0},{"mCalorie":0.0,"mDistance":0.0,"mNowHealthyStep":0,"mRunStepCount":0,"mSpeed":0.0,"mStartTime":1644838800000,"mStepCount":0,"mTimeUnit":600000,"mTotalActiveTime":0.0,"mWalkStepCount":0},{"mCalorie":0.27000001072883606,"mDistance":4.489999771118164,"mNowHealthyStep":0,"mRunStepCount":0,"mSpeed":5.099999904632568,"mStartTime":1644839400000,"mStepCount":6,"mTimeUnit":600000,"mTotalActiveTime":3169.411662408635,"mWalkStepCount":6},{"mCalorie":1.059999980032444,"mDistance":16.949999690055847,"mNowHealthyStep":0,"mRunStepCount":0,"mSpeed":4.582691669464111,"mStartTime":1644840000000,"mStepCount":23,"mTimeUnit":600000,"mTotalActiveTime":13315.318120960728,"mWalkStepCount":23},{"mCalorie":1.7300000190734863,"mDistance":28.019999980926514,"mNowHealthyStep":0,"mRunStepCount":0,"mSpeed":4.472574710845947,"mStartTime":1644840600000,"mStepCount":38,"mTimeUnit":600000,"mTotalActiveTime":22553.453071837986,"mWalkStepCount":38},{"mCalorie":3.1200000047683716,"mDistance":51.489999771118164,"mNowHealthyStep":0,"mRunStepCount":0,"mSpeed":4.4581427574157715,"mStartTime":1644841200000,"mStepCount":69,"mTimeUnit":600000,"mTotalActiveTime":41578.74995614847,"mWalkStepCount":69},{"mCalorie":0.0,"mDistance":0.0,"mNowHealthyStep":0,"mRunStepCount":0,"mSpeed":0.0,"mStartTime":1644841800000,"mStepCount":0,"mTimeUnit":600000,"mTotalActiveTime":0.0,"mWalkStepCount":0},{"mCalorie":8.779999852180481,"mDistance":108.92000007629395,"mNowHealthyStep":0,"mRunStepCount":0,"mSpeed":4.926388263702393,"mStartTime":1644842400000,"mStepCount":155,"mTimeUnit":600000,"mTotalActiveTime":79594.21575974085,"mWalkStepCount":155},{"mCalorie":0.0,"mDistance":0.0,"mNowHealthyStep":0,"mRunStepCount":0,"mSpeed":0.0,"mStartTime":1644843000000,"mStepCount":0,"mTimeUnit":600000,"mTotalActiveTime":0.0,"mWalkStepCount":0},{"mCalorie":7.289999842643738,"mDistance":126.01999759674072,"mNowHealthyStep":0,"mRunStepCount":0,"mSpeed":4.783467769622803,"mStartTime":1644843600000,"mStepCount":167,"mTimeUnit":600000,"mTotalActiveTime":94841.65047004735,"mWalkStepCount":167},{"mCalorie":4.789999604225159,"mDistance":81.27999687194824,"mNowHealthyStep":0,"mRunStepCount":0,"mSpeed":4.911961555480957,"mStartTime":1644844200000,"mStepCount":108,"mTimeUnit":600000,"mTotalActiveTime":59570.4977649014,"mWalkStepCount":108},{"mCalorie":7.7299999594688416,"mDistance":134.60000085830688,"mNowHealthyStep":0,"mRunStepCount":0,"mSpeed":4.767163276672363,"mStartTime":1644844800000,"mStepCount":178,"mTimeUnit":600000,"mTotalActiveTime":101645.35479473263,"mWalkStepCount":178},{"mCalorie":4.879999995231628,"mDistance":83.80000114440918,"mNowHealthyStep":0,"mRunStepCount":0,"mSpeed":4.836294174194336,"mStartTime":1644845400000,"mStepCount":111,"mTimeUnit":600000,"mTotalActiveTime":62378.337380902354,"mWalkStepCount":111},{"mCalorie":0.0,"mDistance":0.0,"mNowHealthyStep":0,"mRunStepCount":0,"mSpeed":0.0,"mStartTime":1644846000000,"mStepCount":0,"mTimeUnit":600000,"mTotalActiveTime":0.0,"mWalkStepCount":0},{"mCalorie":0.0,"mDistance":0.0,"mNowHealthyStep":0,"mRunStepCount":0,"mSpeed":0.0,"mStartTime":1644846600000,"mStepCount":0,"mTimeUnit":600000,"mTotalActiveTime":0.0,"mWalkStepCount":0},{"mCalorie":6.8999998569488525,"mDistance":113.06999969482422,"mNowHealthyStep":0,"mRunStepCount":0,"mSpeed":4.783425807952881,"mStartTime":1644847200000,"mStepCount":151,"mTimeUnit":600000,"mTotalActiveTime":85096.33708571097,"mWalkStepCount":151},{"mCalorie":3.189999908208847,"mDistance":52.43000078201294,"mNowHealthyStep":0,"mRunStepCount":0,"mSpeed":4.6153364181518555,"mStartTime":1644847800000,"mStepCount":70,"mTimeUnit":600000,"mTotalActiveTime":40895.82894606312,"mWalkStepCount":70},{"mCalorie":7.509999871253967,"mDistance":133.1400032043457,"mNowHealthyStep":0,"mRunStepCount":0,"mSpeed":5.026621341705322,"mStartTime":1644848400000,"mStepCount":175,"mTimeUnit":600000,"mTotalActiveTime":95353.11584777971,"mWalkStepCount":175},{"mCalorie":1.1600000262260437,"mDistance":18.19000005722046,"mNowHealthyStep":0,"mRunStepCount":0,"mSpeed":4.106939315795898,"mStartTime":1644849000000,"mStepCount":25,"mTimeUnit":600000,"mTotalActiveTime":15944.720162370906,"mWalkStepCount":25},{"mCalorie":2.959999918937683,"mDistance":51.570000648498535,"mNowHealthyStep":0,"mRunStepCount":0,"mSpeed":4.883723735809326,"mStartTime":1644849600000,"mStepCount":68,"mTimeUnit":600000,"mTotalActiveTime":38014.43689745777,"mWalkStepCount":68},{"mCalorie":6.059999585151672,"mDistance":105.06000137329102,"mNowHealthyStep":0,"mRunStepCount":0,"mSpeed":5.210334777832031,"mStartTime":1644850200000,"mStepCount":146,"mTimeUnit":600000,"mTotalActiveTime":72589.57588084662,"mWalkStepCount":146},{"mCalorie":0.0,"mDistance":0.0,"mNowHealthyStep":0,"mRunStepCount":0,"mSpeed":0.0,"mStartTime":1644850800000,"mStepCount":0,"mTimeUnit":600000,"mTotalActiveTime":0.0,"mWalkStepCount":0},{"mCalorie":6.689999371767044,"mDistance":112.32999181747437,"mNowHealthyStep":0,"mRunStepCount":0,"mSpeed":4.591391563415527,"mStartTime":1644851400000,"mStepCount":150,"mTimeUnit":600000,"mTotalActiveTime":88075.25253638167,"mWalkStepCount":150},{"mCalorie":1.1499998569488525,"mDistance":19.8799991607666,"mNowHealthyStep":0,"mRunStepCount":0,"mSpeed":3.920315742492676,"mStartTime":1644852000000,"mStepCount":27,"mTimeUnit":600000,"mTotalActiveTime":18255.67165497091,"mWalkStepCount":27},{"mCalorie":0.0,"mDistance":0.0,"mNowHealthyStep":0,"mRunStepCount":0,"mSpeed":0.0,"mStartTime":1644852600000,"mStepCount":0,"mTimeUnit":600000,"mTotalActiveTime":0.0,"mWalkStepCount":0},{"mCalorie":0.0,"mDistance":0.0,"mNowHealthyStep":0,"mRunStepCount":0,"mSpeed":0.0,"mStartTime":1644853200000,"mStepCount":0,"mTimeUnit":600000,"mTotalActiveTime":0.0,"mWalkStepCount":0},{"mCalorie":0.0,"mDistance":0.0,"mNowHealthyStep":0,"mRunStepCount":0,"mSpeed":0.0,"mStartTime":1644853800000,"mStepCount":0,"mTimeUnit":600000,"mTotalActiveTime":0.0,"mWalkStepCount":0},{"mCalorie":0.9300000071525574,"mDistance":15.890000343322754,"mNowHealthyStep":0,"mRunStepCount":0,"mSpeed":5.099999904632568,"mStartTime":1644854400000,"mStepCount":21,"mTimeUnit":600000,"mTotalActiveTime":11216.471040323126,"mWalkStepCount":21},{"mCalorie":1.2999999523162842,"mDistance":21.09000015258789,"mNowHealthyStep":0,"mRunStepCount":0,"mSpeed":4.400000095367432,"mStartTime":1644855000000,"mStepCount":28,"mTimeUnit":600000,"mTotalActiveTime":17255.454296297285,"mWalkStepCount":28},{"mCalorie":0.3100000023841858,"mDistance":5.53000020980835,"mNowHealthyStep":0,"mRunStepCount":0,"mSpeed":5.400000095367432,"mStartTime":1644855600000,"mStepCount":7,"mTimeUnit":600000,"mTotalActiveTime":3686.6667414300223,"mWalkStepCount":7},{"mCalorie":0.5900000035762787,"mDistance":9.84000015258789,"mNowHealthyStep":0,"mRunStepCount":0,"mSpeed":4.888316631317139,"mStartTime":1644856200000,"mStepCount":13,"mTimeUnit":600000,"mTotalActiveTime":7246.666725888665,"mWalkStepCount":13},{"mCalorie":0.0,"mDistance":0.0,"mNowHealthyStep":0,"mRunStepCount":0,"mSpeed":0.0,"mStartTime":1644856800000,"mStepCount":0,"mTimeUnit":600000,"mTotalActiveTime":0.0,"mWalkStepCount":0},{"mCalorie":0.0,"mDistance":0.0,"mNowHealthyStep":0,"mRunStepCount":0,"mSpeed":0.0,"mStartTime":1644857400000,"mStepCount":0,"mTimeUnit":600000,"mTotalActiveTime":0.0,"mWalkStepCount":0},{"mCalorie":0.0,"mDistance":0.0,"mNowHealthyStep":0,"mRunStepCount":0,"mSpeed":0.0,"mStartTime":1644858000000,"mStepCount":0,"mTimeUnit":600000,"mTotalActiveTime":0.0,"mWalkStepCount":0},{"mCalorie":0.0,"mDistance":0.0,"mNowHealthyStep":0,"mRunStepCount":0,"mSpeed":0.0,"mStartTime":1644858600000,"mStepCount":0,"mTimeUnit":600000,"mTotalActiveTime":0.0,"mWalkStepCount":0},{"mCalorie":0.0,"mDistance":0.0,"mNowHealthyStep":0,"mRunStepCount":0,"mSpeed":0.0,"mStartTime":1644859200000,"mStepCount":0,"mTimeUnit":600000,"mTotalActiveTime":0.0,"mWalkStepCount":0},{"mCalorie":0.0,"mDistance":0.0,"mNowHealthyStep":0,"mRunStepCount":0,"mSpeed":0.0,"mStartTime":1644859800000,"mStepCount":0,"mTimeUnit":600000,"mTotalActiveTime":0.0,"mWalkStepCount":0},{"mCalorie":0.0,"mDistance":0.0,"mNowHealthyStep":0,"mRunStepCount":0,"mSpeed":0.0,"mStartTime":1644860400000,"mStepCount":0,"mTimeUnit":600000,"mTotalActiveTime":0.0,"mWalkStepCount":0},{"mCalorie":0.0,"mDistance":0.0,"mNowHealthyStep":0,"mRunStepCount":0,"mSpeed":0.0,"mStartTime":1644861000000,"mStepCount":0,"mTimeUnit":600000,"mTotalActiveTime":0.0,"mWalkStepCount":0},{"mCalorie":0.0,"mDistance":0.0,"mNowHealthyStep":0,"mRunStepCount":0,"mSpeed":0.0,"mStartTime":1644861600000,"mStepCount":0,"mTimeUnit":600000,"mTotalActiveTime":0.0,"mWalkStepCount":0},{"mCalorie":0.0,"mDistance":0.0,"mNowHealthyStep":0,"mRunStepCount":0,"mSpeed":0.0,"mStartTime":1644862200000,"mStepCount":0,"mTimeUnit":600000,"mTotalActiveTime":0.0,"mWalkStepCount":0},{"mCalorie":2.2499999403953552,"mDistance":38.78000068664551,"mNowHealthyStep":0,"mRunStepCount":0,"mSpeed":4.764657020568848,"mStartTime":1644862800000,"mStepCount":51,"mTimeUnit":600000,"mTotalActiveTime":29300.745701966553,"mWalkStepCount":51},{"mCalorie":4.319998860359192,"mDistance":74.7400016784668,"mNowHealthyStep":0,"mRunStepCount":0,"mSpeed":4.907761096954346,"mStartTime":1644863400000,"mStepCount":98,"mTimeUnit":600000,"mTotalActiveTime":54824.18620567073,"mWalkStepCount":98},{"mCalorie":4.320000052452087,"mDistance":68.54000282287598,"mNowHealthyStep":0,"mRunStepCount":0,"mSpeed":4.250648498535156,"mStartTime":1644864000000,"mStepCount":93,"mTimeUnit":600000,"mTotalActiveTime":58048.55452936885,"mWalkStepCount":93},{"mCalorie":0.0,"mDistance":0.0,"mNowHealthyStep":0,"mRunStepCount":0,"mSpeed":0.0,"mStartTime":1644864600000,"mStepCount":0,"mTimeUnit":600000,"mTotalActiveTime":0.0,"mWalkStepCount":0},{"mCalorie":0.0,"mDistance":0.0,"mNowHealthyStep":0,"mRunStepCount":0,"mSpeed":0.0,"mStartTime":1644865200000,"mStepCount":0,"mTimeUnit":600000,"mTotalActiveTime":0.0,"mWalkStepCount":0},{"mCalorie":0.0,"mDistance":0.0,"mNowHealthyStep":0,"mRunStepCount":0,"mSpeed":0.0,"mStartTime":1644865800000,"mStepCount":0,"mTimeUnit":600000,"mTotalActiveTime":0.0,"mWalkStepCount":0},{"mCalorie":0.0,"mDistance":0.0,"mNowHealthyStep":0,"mRunStepCount":0,"mSpeed":0.0,"mStartTime":1644866400000,"mStepCount":0,"mTimeUnit":600000,"mTotalActiveTime":0.0,"mWalkStepCount":0},{"mCalorie":1.309999942779541,"mDistance":20.239999771118164,"mNowHealthyStep":0,"mRunStepCount":0,"mSpeed":3.799999952316284,"mStartTime":1644867000000,"mStepCount":28,"mTimeUnit":600000,"mTotalActiveTime":19174.73686588108,"mWalkStepCount":28},{"mCalorie":2.0799999237060547,"mDistance":32.029998779296875,"mNowHealthyStep":0,"mRunStepCount":0,"mSpeed":4.400000095367432,"mStartTime":1644867600000,"mStepCount":43,"mTimeUnit":600000,"mTotalActiveTime":26206.36206959893,"mWalkStepCount":43},{"mCalorie":4.1500000059604645,"mDistance":67.41000032424927,"mNowHealthyStep":0,"mRunStepCount":0,"mSpeed":4.480875015258789,"mStartTime":1644868200000,"mStepCount":91,"mTimeUnit":600000,"mTotalActiveTime":54158.174317220095,"mWalkStepCount":91},{"mCalorie":0.0,"mDistance":0.0,"mNowHealthyStep":0,"mRunStepCount":0,"mSpeed":0.0,"mStartTime":1644868800000,"mStepCount":0,"mTimeUnit":600000,"mTotalActiveTime":0.0,"mWalkStepCount":0},{"mCalorie":0.8500000238418579,"mDistance":12.930000305175781,"mNowHealthyStep":0,"mRunStepCount":0,"mSpeed":3.700000047683716,"mStartTime":1644869400000,"mStepCount":18,"mTimeUnit":600000,"mTotalActiveTime":12580.540675336726,"mWalkStepCount":18},{"mCalorie":2.3600000739097595,"mDistance":38.740005016326904,"mNowHealthyStep":0,"mRunStepCount":0,"mSpeed":4.515230655670166,"mStartTime":1644870000000,"mStepCount":52,"mTimeUnit":600000,"mTotalActiveTime":30887.462205255517,"mWalkStepCount":52},{"mCalorie":1.5199999809265137,"mDistance":23.03999948501587,"mNowHealthyStep":0,"mRunStepCount":0,"mSpeed":3.6667582988739014,"mStartTime":1644870600000,"mStepCount":32,"mTimeUnit":600000,"mTotalActiveTime":22620.525307766544,"mWalkStepCount":32},{"mCalorie":0.15000000596046448,"mDistance":2.2200000286102295,"mNowHealthyStep":0,"mRunStepCount":0,"mSpeed":4.299999713897705,"mStartTime":1644871200000,"mStepCount":3,"mTimeUnit":600000,"mTotalActiveTime":1858.6047987785869,"mWalkStepCount":3},{"mCalorie":0.0,"mDistance":0.0,"mNowHealthyStep":0,"mRunStepCount":0,"mSpeed":0.0,"mStartTime":1644871800000,"mStepCount":0,"mTimeUnit":600000,"mTotalActiveTime":0.0,"mWalkStepCount":0},{"mCalorie":0.4700000286102295,"mDistance":7.329999923706055,"mNowHealthyStep":0,"mRunStepCount":0,"mSpeed":4.0221943855285645,"mStartTime":1644872400000,"mStepCount":10,"mTimeUnit":600000,"mTotalActiveTime":6560.597821995641,"mWalkStepCount":10},{"mCalorie":0.0,"mDistance":0.0,"mNowHealthyStep":0,"mRunStepCount":0,"mSpeed":0.0,"mStartTime":1644873000000,"mStepCount":0,"mTimeUnit":600000,"mTotalActiveTime":0.0,"mWalkStepCount":0},{"mCalorie":0.0,"mDistance":0.0,"mNowHealthyStep":0,"mRunStepCount":0,"mSpeed":0.0,"mStartTime":1644873600000,"mStepCount":0,"mTimeUnit":600000,"mTotalActiveTime":0.0,"mWalkStepCount":0},{"mCalorie":0.0,"mDistance":0.0,"mNowHealthyStep":0,"mRunStepCount":0,"mSpeed":0.0,"mStartTime":1644874200000,"mStepCount":0,"mTimeUnit":600000,"mTotalActiveTime":0.0,"mWalkStepCount":0},{"mCalorie":0.0,"mDistance":0.0,"mNowHealthyStep":0,"mRunStepCount":0,"mSpeed":0.0,"mStartTime":1644874800000,"mStepCount":0,"mTimeUnit":600000,"mTotalActiveTime":0.0,"mWalkStepCount":0},{"mCalorie":10.969999849796295,"mDistance":159.68000030517578,"mNowHealthyStep":0,"mRunStepCount":0,"mSpeed":3.9571540355682373,"mStartTime":1644875400000,"mStepCount":221,"mTimeUnit":600000,"mTotalActiveTime":145268.04033246334,"mWalkStepCount":221},{"mCalorie":0.10000000149011612,"mDistance":1.4800000190734863,"mNowHealthyStep":0,"mRunStepCount":0,"mSpeed":4.400000095367432,"mStartTime":1644876000000,"mStepCount":2,"mTimeUnit":600000,"mTotalActiveTime":1210.9090802689232,"mWalkStepCount":2},{"mCalorie":0.0,"mDistance":0.0,"mNowHealthyStep":0,"mRunStepCount":0,"mSpeed":0.0,"mStartTime":1644876600000,"mStepCount":0,"mTimeUnit":600000,"mTotalActiveTime":0.0,"mWalkStepCount":0},{"mCalorie":0.0,"mDistance":0.0,"mNowHealthyStep":0,"mRunStepCount":0,"mSpeed":0.0,"mStartTime":1644877200000,"mStepCount":0,"mTimeUnit":600000,"mTotalActiveTime":0.0,"mWalkStepCount":0},{"mCalorie":0.0,"mDistance":0.0,"mNowHealthyStep":0,"mRunStepCount":0,"mSpeed":0.0,"mStartTime":1644877800000,"mStepCount":0,"mTimeUnit":600000,"mTotalActiveTime":0.0,"mWalkStepCount":0},{"mCalorie":0.0,"mDistance":0.0,"mNowHealthyStep":0,"mRunStepCount":0,"mSpeed":0.0,"mStartTime":1644878400000,"mStepCount":0,"mTimeUnit":600000,"mTotalActiveTime":0.0,"mWalkStepCount":0},{"mCalorie":0.0,"mDistance":0.0,"mNowHealthyStep":0,"mRunStepCount":0,"mSpeed":0.0,"mStartTime":1644879000000,"mStepCount":0,"mTimeUnit":600000,"mTotalActiveTime":0.0,"mWalkStepCount":0},{"mCalorie":1.28000009059906,"mDistance":20.279998779296875,"mNowHealthyStep":0,"mRunStepCount":0,"mSpeed":4.657244682312012,"mStartTime":1644879600000,"mStepCount":27,"mTimeUnit":600000,"mTotalActiveTime":15676.22116375524,"mWalkStepCount":27},{"mCalorie":0.0,"mDistance":0.0,"mNowHealthyStep":0,"mRunStepCount":0,"mSpeed":0.0,"mStartTime":1644880200000,"mStepCount":0,"mTimeUnit":600000,"mTotalActiveTime":0.0,"mWalkStepCount":0},{"mCalorie":0.2800000011920929,"mDistance":4.349999904632568,"mNowHealthyStep":0,"mRunStepCount":0,"mSpeed":3.700000047683716,"mStartTime":1644880800000,"mStepCount":6,"mTimeUnit":600000,"mTotalActiveTime":4232.432285097067,"mWalkStepCount":6},{"mCalorie":2.2699999809265137,"mDistance":34.56999921798706,"mNowHealthyStep":0,"mRunStepCount":0,"mSpeed":4.179862022399902,"mStartTime":1644881400000,"mStepCount":47,"mTimeUnit":600000,"mTotalActiveTime":29774.18752837075,"mWalkStepCount":47},{"mCalorie":1.2000000476837158,"mDistance":20.290000915527344,"mNowHealthyStep":0,"mRunStepCount":0,"mSpeed":4.700000286102295,"mStartTime":1644882000000,"mStepCount":27,"mTimeUnit":600000,"mTotalActiveTime":15541.276350958215,"mWalkStepCount":27},{"mCalorie":1.090000033378601,"mDistance":16.959999084472656,"mNowHealthyStep":0,"mRunStepCount":0,"mSpeed":4.5,"mStartTime":1644882600000,"mStepCount":23,"mTimeUnit":600000,"mTotalActiveTime":13567.999267578125,"mWalkStepCount":23},{"mCalorie":0.0,"mDistance":0.0,"mNowHealthyStep":0,"mRunStepCount":0,"mSpeed":0.0,"mStartTime":1644883200000,"mStepCount":0,"mTimeUnit":600000,"mTotalActiveTime":0.0,"mWalkStepCount":0},{"mCalorie":0.0,"mDistance":0.0,"mNowHealthyStep":0,"mRunStepCount":0,"mSpeed":0.0,"mStartTime":1644883800000,"mStepCount":0,"mTimeUnit":600000,"mTotalActiveTime":0.0,"mWalkStepCount":0},{"mCalorie":0.0,"mDistance":0.0,"mNowHealthyStep":0,"mRunStepCount":0,"mSpeed":0.0,"mStartTime":1644884400000,"mStepCount":0,"mTimeUnit":600000,"mTotalActiveTime":0.0,"mWalkStepCount":0},{"mCalorie":0.0,"mDistance":0.0,"mNowHealthyStep":0,"mRunStepCount":0,"mSpeed":0.0,"mStartTime":1644885000000,"mStepCount":0,"mTimeUnit":600000,"mTotalActiveTime":0.0,"mWalkStepCount":0},{"mCalorie":0.0,"mDistance":0.0,"mNowHealthyStep":0,"mRunStepCount":0,"mSpeed":0.0,"mStartTime":1644885600000,"mStepCount":0,"mTimeUnit":600000,"mTotalActiveTime":0.0,"mWalkStepCount":0},{"mCalorie":0.0,"mDistance":0.0,"mNowHealthyStep":0,"mRunStepCount":0,"mSpeed":0.0,"mStartTime":1644886200000,"mStepCount":0,"mTimeUnit":600000,"mTotalActiveTime":0.0,"mWalkStepCount":0},{"mCalorie":0.8500000238418579,"mDistance":14.350000381469727,"mNowHealthyStep":0,"mRunStepCount":0,"mSpeed":4.999999523162842,"mStartTime":1644886800000,"mStepCount":19,"mTimeUnit":600000,"mTotalActiveTime":10332.001259994628,"mWalkStepCount":19},{"mCalorie":0.0,"mDistance":0.0,"mNowHealthyStep":0,"mRunStepCount":0,"mSpeed":0.0,"mStartTime":1644887400000,"mStepCount":0,"mTimeUnit":600000,"mTotalActiveTime":0.0,"mWalkStepCount":0},{"mCalorie":1.7600000500679016,"mDistance":30.479999542236328,"mNowHealthyStep":0,"mRunStepCount":0,"mSpeed":5.162484169006348,"mStartTime":1644888000000,"mStepCount":40,"mTimeUnit":600000,"mTotalActiveTime":21254.883313511193,"mWalkStepCount":40},{"mCalorie":0.0,"mDistance":0.0,"mNowHealthyStep":0,"mRunStepCount":0,"mSpeed":0.0,"mStartTime":1644888600000,"mStepCount":0,"mTimeUnit":600000,"mTotalActiveTime":0.0,"mWalkStepCount":0},{"mCalorie":0.0,"mDistance":0.0,"mNowHealthyStep":0,"mRunStepCount":0,"mSpeed":0.0,"mStartTime":1644889200000,"mStepCount":0,"mTimeUnit":600000,"mTotalActiveTime":0.0,"mWalkStepCount":0},{"mCalorie":0.7400000095367432,"mDistance":11.800000190734863,"mNowHealthyStep":0,"mRunStepCount":0,"mSpeed":4.5,"mStartTime":1644889800000,"mStepCount":16,"mTimeUnit":600000,"mTotalActiveTime":9440.00015258789,"mWalkStepCount":16},{"mCalorie":0.0,"mDistance":0.0,"mNowHealthyStep":0,"mRunStepCount":0,"mSpeed":0.0,"mStartTime":1644890400000,"mStepCount":0,"mTimeUnit":600000,"mTotalActiveTime":0.0,"mWalkStepCount":0},{"mCalorie":0.0,"mDistance":0.0,"mNowHealthyStep":0,"mRunStepCount":0,"mSpeed":0.0,"mStartTime":1644891000000,"mStepCount":0,"mTimeUnit":600000,"mTotalActiveTime":0.0,"mWalkStepCount":0},{"mCalorie":0.0,"mDistance":0.0,"mNowHealthyStep":0,"mRunStepCount":0,"mSpeed":0.0,"mStartTime":1644891600000,"mStepCount":0,"mTimeUnit":600000,"mTotalActiveTime":0.0,"mWalkStepCount":0},{"mCalorie":0.0,"mDistance":0.0,"mNowHealthyStep":0,"mRunStepCount":0,"mSpeed":0.0,"mStartTime":1644892200000,"mStepCount":0,"mTimeUnit":600000,"mTotalActiveTime":0.0,"mWalkStepCount":0},{"mCalorie":0.0,"mDistance":0.0,"mNowHealthyStep":0,"mRunStepCount":0,"mSpeed":0.0,"mStartTime":1644892800000,"mStepCount":0,"mTimeUnit":600000,"mTotalActiveTime":0.0,"mWalkStepCount":0},{"mCalorie":0.0,"mDistance":0.0,"mNowHealthyStep":0,"mRunStepCount":0,"mSpeed":0.0,"mStartTime":1644893400000,"mStepCount":0,"mTimeUnit":600000,"mTotalActiveTime":0.0,"mWalkStepCount":0},{"mCalorie":1.0,"mDistance":17.549999237060547,"mNowHealthyStep":0,"mRunStepCount":0,"mSpeed":5.099999904632568,"mStartTime":1644894000000,"mStepCount":23,"mTimeUnit":600000,"mTotalActiveTime":12388.234987225906,"mWalkStepCount":23},{"mCalorie":3.3799999356269836,"mDistance":53.76999855041504,"mNowHealthyStep":0,"mRunStepCount":0,"mSpeed":4.311828136444092,"mStartTime":1644894600000,"mStepCount":73,"mTimeUnit":600000,"mTotalActiveTime":44893.25574553051,"mWalkStepCount":73},{"mCalorie":0.0,"mDistance":0.0,"mNowHealthyStep":0,"mRunStepCount":0,"mSpeed":0.0,"mStartTime":1644895200000,"mStepCount":0,"mTimeUnit":600000,"mTotalActiveTime":0.0,"mWalkStepCount":0},{"mCalorie":0.0,"mDistance":0.0,"mNowHealthyStep":0,"mRunStepCount":0,"mSpeed":0.0,"mStartTime":1644895800000,"mStepCount":0,"mTimeUnit":600000,"mTotalActiveTime":0.0,"mWalkStepCount":0},{"mCalorie":0.0,"mDistance":0.0,"mNowHealthyStep":0,"mRunStepCount":0,"mSpeed":0.0,"mStartTime":1644896400000,"mStepCount":0,"mTimeUnit":600000,"mTotalActiveTime":0.0,"mWalkStepCount":0},{"mCalorie":0.0,"mDistance":0.0,"mNowHealthyStep":0,"mRunStepCount":0,"mSpeed":0.0,"mStartTime":1644897000000,"mStepCount":0,"mTimeUnit":600000,"mTotalActiveTime":0.0,"mWalkStepCount":0},{"mCalorie":0.0,"mDistance":0.0,"mNowHealthyStep":0,"mRunStepCount":0,"mSpeed":0.0,"mStartTime":1644897600000,"mStepCount":0,"mTimeUnit":600000,"mTotalActiveTime":0.0,"mWalkStepCount":0},{"mCalorie":0.3400000035762787,"mDistance":4.920000076293945,"mNowHealthyStep":0,"mRunStepCount":0,"mSpeed":3.2273967266082764,"mStartTime":1644898200000,"mStepCount":7,"mTimeUnit":600000,"mTotalActiveTime":5488.014574914697,"mWalkStepCount":7},{"mCalorie":0.0,"mDistance":0.0,"mNowHealthyStep":0,"mRunStepCount":0,"mSpeed":0.0,"mStartTime":1644898800000,"mStepCount":0,"mTimeUnit":600000,"mTotalActiveTime":0.0,"mWalkStepCount":0},{"mCalorie":0.0,"mDistance":0.0,"mNowHealthyStep":0,"mRunStepCount":0,"mSpeed":0.0,"mStartTime":1644899400000,"mStepCount":0,"mTimeUnit":600000,"mTotalActiveTime":0.0,"mWalkStepCount":0},{"mCalorie":0.0,"mDistance":0.0,"mNowHealthyStep":0,"mRunStepCount":0,"mSpeed":0.0,"mStartTime":1644900000000,"mStepCount":0,"mTimeUnit":600000,"mTotalActiveTime":0.0,"mWalkStepCount":0},{"mCalorie":0.0,"mDistance":0.0,"mNowHealthyStep":0,"mRunStepCount":0,"mSpeed":0.0,"mStartTime":1644900600000,"mStepCount":0,"mTimeUnit":600000,"mTotalActiveTime":0.0,"mWalkStepCount":0}]