[{"mCalorie":0.0,"mDistance":0.0,"mNowHealthyStep":0,"mRunStepCount":0,"mSpeed":0.0,"mStartTime":1578114000000,"mStepCount":0,"mTimeUnit":600000,"mTotalActiveTime":0.0,"mWalkStepCount":0},{"mCalorie":0.0,"mDistance":0.0,"mNowHealthyStep":0,"mRunStepCount":0,"mSpeed":0.0,"mStartTime":1578114600000,"mStepCount":0,"mTimeUnit":600000,"mTotalActiveTime":0.0,"mWalkStepCount":0},{"mCalorie":0.0,"mDistance":0.0,"mNowHealthyStep":0,"mRunStepCount":0,"mSpeed":0.0,"mStartTime":1578115200000,"mStepCount":0,"mTimeUnit":600000,"mTotalActiveTime":0.0,"mWalkStepCount":0},{"mCalorie":0.0,"mDistance":0.0,"mNowHealthyStep":0,"mRunStepCount":0,"mSpeed":0.0,"mStartTime":1578115800000,"mStepCount":0,"mTimeUnit":600000,"mTotalActiveTime":0.0,"mWalkStepCount":0},{"mCalorie":0.0,"mDistance":0.0,"mNowHealthyStep":0,"mRunStepCount":0,"mSpeed":0.0,"mStartTime":1578116400000,"mStepCount":0,"mTimeUnit":600000,"mTotalActiveTime":0.0,"mWalkStepCount":0},{"mCalorie":0.0,"mDistance":0.0,"mNowHealthyStep":0,"mRunStepCount":0,"mSpeed":0.0,"mStartTime":1578117000000,"mStepCount":0,"mTimeUnit":600000,"mTotalActiveTime":0.0,"mWalkStepCount":0},{"mCalorie":0.0,"mDistance":0.0,"mNowHealthyStep":0,"mRunStepCount":0,"mSpeed":0.0,"mStartTime":1578117600000,"mStepCount":0,"mTimeUnit":600000,"mTotalActiveTime":0.0,"mWalkStepCount":0},{"mCalorie":0.0,"mDistance":0.0,"mNowHealthyStep":0,"mRunStepCount":0,"mSpeed":0.0,"mStartTime":1578118200000,"mStepCount":0,"mTimeUnit":600000,"mTotalActiveTime":0.0,"mWalkStepCount":0},{"mCalorie":0.8599999994039536,"mDistance":17.839999675750732,"mNowHealthyStep":0,"mRunStepCount":0,"mSpeed":4.18048620223999,"mStartTime":1578118800000,"mStepCount":24,"mTimeUnit":600000,"mTotalActiveTime":15362.806787420723,"mWalkStepCount":24},{"mCalorie":1.3199999928474426,"mDistance":27.989999771118164,"mNowHealthyStep":0,"mRunStepCount":0,"mSpeed":4.600950717926025,"mStartTime":1578119400000,"mStepCount":37,"mTimeUnit":600000,"mTotalActiveTime":21900.690871659397,"mWalkStepCount":37},{"mCalorie":0.7000000178813934,"mDistance":15.009999752044678,"mNowHealthyStep":0,"mRunStepCount":0,"mSpeed":4.751931667327881,"mStartTime":1578120000000,"mStepCount":20,"mTimeUnit":600000,"mTotalActiveTime":11371.375083700117,"mWalkStepCount":20},{"mCalorie":1.6199999451637268,"mDistance":32.53000068664551,"mNowHealthyStep":0,"mRunStepCount":0,"mSpeed":4.562792778015137,"mStartTime":1578120600000,"mStepCount":44,"mTimeUnit":600000,"mTotalActiveTime":25665.86141573302,"mWalkStepCount":44},{"mCalorie":0.0,"mDistance":0.0,"mNowHealthyStep":0,"mRunStepCount":0,"mSpeed":0.0,"mStartTime":1578121200000,"mStepCount":0,"mTimeUnit":600000,"mTotalActiveTime":0.0,"mWalkStepCount":0},{"mCalorie":0.0,"mDistance":0.0,"mNowHealthyStep":0,"mRunStepCount":0,"mSpeed":0.0,"mStartTime":1578121800000,"mStepCount":0,"mTimeUnit":600000,"mTotalActiveTime":0.0,"mWalkStepCount":0},{"mCalorie":0.0,"mDistance":0.0,"mNowHealthyStep":0,"mRunStepCount":0,"mSpeed":0.0,"mStartTime":1578122400000,"mStepCount":0,"mTimeUnit":600000,"mTotalActiveTime":0.0,"mWalkStepCount":0},{"mCalorie":0.2199999988079071,"mDistance":4.25,"mNowHealthyStep":0,"mRunStepCount":0,"mSpeed":3.499999761581421,"mStartTime":1578123000000,"mStepCount":6,"mTimeUnit":600000,"mTotalActiveTime":4371.428869208531,"mWalkStepCount":6},{"mCalorie":0.0,"mDistance":0.0,"mNowHealthyStep":0,"mRunStepCount":0,"mSpeed":0.0,"mStartTime":1578123600000,"mStepCount":0,"mTimeUnit":600000,"mTotalActiveTime":0.0,"mWalkStepCount":0},{"mCalorie":0.0,"mDistance":0.0,"mNowHealthyStep":0,"mRunStepCount":0,"mSpeed":0.0,"mStartTime":1578124200000,"mStepCount":0,"mTimeUnit":600000,"mTotalActiveTime":0.0,"mWalkStepCount":0},{"mCalorie":0.0,"mDistance":0.0,"mNowHealthyStep":0,"mRunStepCount":0,"mSpeed":0.0,"mStartTime":1578124800000,"mStepCount":0,"mTimeUnit":600000,"mTotalActiveTime":0.0,"mWalkStepCount":0},{"mCalorie":0.0,"mDistance":0.0,"mNowHealthyStep":0,"mRunStepCount":0,"mSpeed":0.0,"mStartTime":1578125400000,"mStepCount":0,"mTimeUnit":600000,"mTotalActiveTime":0.0,"mWalkStepCount":0},{"mCalorie":0.0,"mDistance":0.0,"mNowHealthyStep":0,"mRunStepCount":0,"mSpeed":0.0,"mStartTime":1578126000000,"mStepCount":0,"mTimeUnit":600000,"mTotalActiveTime":0.0,"mWalkStepCount":0},{"mCalorie":0.0,"mDistance":0.0,"mNowHealthyStep":0,"mRunStepCount":0,"mSpeed":0.0,"mStartTime":1578126600000,"mStepCount":0,"mTimeUnit":600000,"mTotalActiveTime":0.0,"mWalkStepCount":0},{"mCalorie":0.0,"mDistance":0.0,"mNowHealthyStep":0,"mRunStepCount":0,"mSpeed":0.0,"mStartTime":1578127200000,"mStepCount":0,"mTimeUnit":600000,"mTotalActiveTime":0.0,"mWalkStepCount":0},{"mCalorie":0.0,"mDistance":0.0,"mNowHealthyStep":0,"mRunStepCount":0,"mSpeed":0.0,"mStartTime":1578127800000,"mStepCount":0,"mTimeUnit":600000,"mTotalActiveTime":0.0,"mWalkStepCount":0},{"mCalorie":0.0,"mDistance":0.0,"mNowHealthyStep":0,"mRunStepCount":0,"mSpeed":0.0,"mStartTime":1578128400000,"mStepCount":0,"mTimeUnit":600000,"mTotalActiveTime":0.0,"mWalkStepCount":0},{"mCalorie":0.0,"mDistance":0.0,"mNowHealthyStep":0,"mRunStepCount":0,"mSpeed":0.0,"mStartTime":1578129000000,"mStepCount":0,"mTimeUnit":600000,"mTotalActiveTime":0.0,"mWalkStepCount":0},{"mCalorie":0.0,"mDistance":0.0,"mNowHealthyStep":0,"mRunStepCount":0,"mSpeed":0.0,"mStartTime":1578129600000,"mStepCount":0,"mTimeUnit":600000,"mTotalActiveTime":0.0,"mWalkStepCount":0},{"mCalorie":0.0,"mDistance":0.0,"mNowHealthyStep":0,"mRunStepCount":0,"mSpeed":0.0,"mStartTime":1578130200000,"mStepCount":0,"mTimeUnit":600000,"mTotalActiveTime":0.0,"mWalkStepCount":0},{"mCalorie":0.0,"mDistance":0.0,"mNowHealthyStep":0,"mRunStepCount":0,"mSpeed":0.0,"mStartTime":1578130800000,"mStepCount":0,"mTimeUnit":600000,"mTotalActiveTime":0.0,"mWalkStepCount":0},{"mCalorie":0.0,"mDistance":0.0,"mNowHealthyStep":0,"mRunStepCount":0,"mSpeed":0.0,"mStartTime":1578131400000,"mStepCount":0,"mTimeUnit":600000,"mTotalActiveTime":0.0,"mWalkStepCount":0},{"mCalorie":0.0,"mDistance":0.0,"mNowHealthyStep":0,"mRunStepCount":0,"mSpeed":0.0,"mStartTime":1578132000000,"mStepCount":0,"mTimeUnit":600000,"mTotalActiveTime":0.0,"mWalkStepCount":0},{"mCalorie":0.0,"mDistance":0.0,"mNowHealthyStep":0,"mRunStepCount":0,"mSpeed":0.0,"mStartTime":1578132600000,"mStepCount":0,"mTimeUnit":600000,"mTotalActiveTime":0.0,"mWalkStepCount":0},{"mCalorie":0.0,"mDistance":0.0,"mNowHealthyStep":0,"mRunStepCount":0,"mSpeed":0.0,"mStartTime":1578133200000,"mStepCount":0,"mTimeUnit":600000,"mTotalActiveTime":0.0,"mWalkStepCount":0},{"mCalorie":0.0,"mDistance":0.0,"mNowHealthyStep":0,"mRunStepCount":0,"mSpeed":0.0,"mStartTime":1578133800000,"mStepCount":0,"mTimeUnit":600000,"mTotalActiveTime":0.0,"mWalkStepCount":0},{"mCalorie":0.0,"mDistance":0.0,"mNowHealthyStep":0,"mRunStepCount":0,"mSpeed":0.0,"mStartTime":1578134400000,"mStepCount":0,"mTimeUnit":600000,"mTotalActiveTime":0.0,"mWalkStepCount":0},{"mCalorie":0.0,"mDistance":0.0,"mNowHealthyStep":0,"mRunStepCount":0,"mSpeed":0.0,"mStartTime":1578135000000,"mStepCount":0,"mTimeUnit":600000,"mTotalActiveTime":0.0,"mWalkStepCount":0},{"mCalorie":0.0,"mDistance":0.0,"mNowHealthyStep":0,"mRunStepCount":0,"mSpeed":0.0,"mStartTime":1578135600000,"mStepCount":0,"mTimeUnit":600000,"mTotalActiveTime":0.0,"mWalkStepCount":0},{"mCalorie":0.0,"mDistance":0.0,"mNowHealthyStep":0,"mRunStepCount":0,"mSpeed":0.0,"mStartTime":1578136200000,"mStepCount":0,"mTimeUnit":600000,"mTotalActiveTime":0.0,"mWalkStepCount":0},{"mCalorie":0.0,"mDistance":0.0,"mNowHealthyStep":0,"mRunStepCount":0,"mSpeed":0.0,"mStartTime":1578136800000,"mStepCount":0,"mTimeUnit":600000,"mTotalActiveTime":0.0,"mWalkStepCount":0},{"mCalorie":0.0,"mDistance":0.0,"mNowHealthyStep":0,"mRunStepCount":0,"mSpeed":0.0,"mStartTime":1578137400000,"mStepCount":0,"mTimeUnit":600000,"mTotalActiveTime":0.0,"mWalkStepCount":0},{"mCalorie":0.0,"mDistance":0.0,"mNowHealthyStep":0,"mRunStepCount":0,"mSpeed":0.0,"mStartTime":1578138000000,"mStepCount":0,"mTimeUnit":600000,"mTotalActiveTime":0.0,"mWalkStepCount":0},{"mCalorie":0.0,"mDistance":0.0,"mNowHealthyStep":0,"mRunStepCount":0,"mSpeed":0.0,"mStartTime":1578138600000,"mStepCount":0,"mTimeUnit":600000,"mTotalActiveTime":0.0,"mWalkStepCount":0},{"mCalorie":0.0,"mDistance":0.0,"mNowHealthyStep":0,"mRunStepCount":0,"mSpeed":0.0,"mStartTime":1578139200000,"mStepCount":0,"mTimeUnit":600000,"mTotalActiveTime":0.0,"mWalkStepCount":0},{"mCalorie":0.0,"mDistance":0.0,"mNowHealthyStep":0,"mRunStepCount":0,"mSpeed":0.0,"mStartTime":1578139800000,"mStepCount":0,"mTimeUnit":600000,"mTotalActiveTime":0.0,"mWalkStepCount":0},{"mCalorie":0.0,"mDistance":0.0,"mNowHealthyStep":0,"mRunStepCount":0,"mSpeed":0.0,"mStartTime":1578140400000,"mStepCount":0,"mTimeUnit":600000,"mTotalActiveTime":0.0,"mWalkStepCount":0},{"mCalorie":0.0,"mDistance":0.0,"mNowHealthyStep":0,"mRunStepCount":0,"mSpeed":0.0,"mStartTime":1578141000000,"mStepCount":0,"mTimeUnit":600000,"mTotalActiveTime":0.0,"mWalkStepCount":0},{"mCalorie":0.0,"mDistance":0.0,"mNowHealthyStep":0,"mRunStepCount":0,"mSpeed":0.0,"mStartTime":1578141600000,"mStepCount":0,"mTimeUnit":600000,"mTotalActiveTime":0.0,"mWalkStepCount":0},{"mCalorie":0.0,"mDistance":0.0,"mNowHealthyStep":0,"mRunStepCount":0,"mSpeed":0.0,"mStartTime":1578142200000,"mStepCount":0,"mTimeUnit":600000,"mTotalActiveTime":0.0,"mWalkStepCount":0},{"mCalorie":0.0,"mDistance":0.0,"mNowHealthyStep":0,"mRunStepCount":0,"mSpeed":0.0,"mStartTime":1578142800000,"mStepCount":0,"mTimeUnit":600000,"mTotalActiveTime":0.0,"mWalkStepCount":0},{"mCalorie":0.0,"mDistance":0.0,"mNowHealthyStep":0,"mRunStepCount":0,"mSpeed":0.0,"mStartTime":1578143400000,"mStepCount":0,"mTimeUnit":600000,"mTotalActiveTime":0.0,"mWalkStepCount":0},{"mCalorie":0.0,"mDistance":0.0,"mNowHealthyStep":0,"mRunStepCount":0,"mSpeed":0.0,"mStartTime":1578144000000,"mStepCount":0,"mTimeUnit":600000,"mTotalActiveTime":0.0,"mWalkStepCount":0},{"mCalorie":0.0,"mDistance":0.0,"mNowHealthyStep":0,"mRunStepCount":0,"mSpeed":0.0,"mStartTime":1578144600000,"mStepCount":0,"mTimeUnit":600000,"mTotalActiveTime":0.0,"mWalkStepCount":0},{"mCalorie":0.0,"mDistance":0.0,"mNowHealthyStep":0,"mRunStepCount":0,"mSpeed":0.0,"mStartTime":1578145200000,"mStepCount":0,"mTimeUnit":600000,"mTotalActiveTime":0.0,"mWalkStepCount":0},{"mCalorie":0.0,"mDistance":0.0,"mNowHealthyStep":0,"mRunStepCount":0,"mSpeed":0.0,"mStartTime":1578145800000,"mStepCount":0,"mTimeUnit":600000,"mTotalActiveTime":0.0,"mWalkStepCount":0},{"mCalorie":0.0,"mDistance":0.0,"mNowHealthyStep":0,"mRunStepCount":0,"mSpeed":0.0,"mStartTime":1578146400000,"mStepCount":0,"mTimeUnit":600000,"mTotalActiveTime":0.0,"mWalkStepCount":0},{"mCalorie":1.559999942779541,"mDistance":31.03999948501587,"mNowHealthyStep":0,"mRunStepCount":0,"mSpeed":4.110872745513916,"mStartTime":1578147000000,"mStepCount":42,"mTimeUnit":600000,"mTotalActiveTime":27182.548775295556,"mWalkStepCount":42},{"mCalorie":0.0,"mDistance":0.0,"mNowHealthyStep":0,"mRunStepCount":0,"mSpeed":0.0,"mStartTime":1578147600000,"mStepCount":0,"mTimeUnit":600000,"mTotalActiveTime":0.0,"mWalkStepCount":0},{"mCalorie":1.3400000035762787,"mDistance":27.490000247955322,"mNowHealthyStep":0,"mRunStepCount":0,"mSpeed":4.867944240570068,"mStartTime":1578148200000,"mStepCount":37,"mTimeUnit":600000,"mTotalActiveTime":20329.731482311836,"mWalkStepCount":37},{"mCalorie":2.3599999845027924,"mDistance":48.00999975204468,"mNowHealthyStep":0,"mRunStepCount":0,"mSpeed":4.144440174102783,"mStartTime":1578148800000,"mStepCount":65,"mTimeUnit":600000,"mTotalActiveTime":41703.1003859884,"mWalkStepCount":65},{"mCalorie":0.46000000834465027,"mDistance":8.470000267028809,"mNowHealthyStep":0,"mRunStepCount":0,"mSpeed":3.3000004291534424,"mStartTime":1578149400000,"mStepCount":12,"mTimeUnit":600000,"mTotalActiveTime":9239.999089674635,"mWalkStepCount":12},{"mCalorie":1.399999976158142,"mDistance":28.71000099182129,"mNowHealthyStep":0,"mRunStepCount":0,"mSpeed":4.214043140411377,"mStartTime":1578150000000,"mStepCount":39,"mTimeUnit":600000,"mTotalActiveTime":24526.565348619813,"mWalkStepCount":39},{"mCalorie":1.409999966621399,"mDistance":27.929999351501465,"mNowHealthyStep":0,"mRunStepCount":0,"mSpeed":4.3655781745910645,"mStartTime":1578150600000,"mStepCount":38,"mTimeUnit":600000,"mTotalActiveTime":23031.999114873477,"mWalkStepCount":38},{"mCalorie":2.9999999403953552,"mDistance":53.20000076293945,"mNowHealthyStep":0,"mRunStepCount":0,"mSpeed":4.435467720031738,"mStartTime":1578151200000,"mStepCount":73,"mTimeUnit":600000,"mTotalActiveTime":43179.21122828828,"mWalkStepCount":73},{"mCalorie":1.9599999785423279,"mDistance":43.66000175476074,"mNowHealthyStep":0,"mRunStepCount":0,"mSpeed":5.1876935958862305,"mStartTime":1578151800000,"mStepCount":57,"mTimeUnit":600000,"mTotalActiveTime":30297.85715943524,"mWalkStepCount":57},{"mCalorie":1.020000010728836,"mDistance":19.259999752044678,"mNowHealthyStep":0,"mRunStepCount":0,"mSpeed":3.7433571815490723,"mStartTime":1578152400000,"mStepCount":27,"mTimeUnit":600000,"mTotalActiveTime":18522.4108752958,"mWalkStepCount":27},{"mCalorie":0.0,"mDistance":0.0,"mNowHealthyStep":0,"mRunStepCount":0,"mSpeed":0.0,"mStartTime":1578153000000,"mStepCount":0,"mTimeUnit":600000,"mTotalActiveTime":0.0,"mWalkStepCount":0},{"mCalorie":0.0,"mDistance":0.0,"mNowHealthyStep":0,"mRunStepCount":0,"mSpeed":0.0,"mStartTime":1578153600000,"mStepCount":0,"mTimeUnit":600000,"mTotalActiveTime":0.0,"mWalkStepCount":0},{"mCalorie":0.0,"mDistance":0.0,"mNowHealthyStep":0,"mRunStepCount":0,"mSpeed":0.0,"mStartTime":1578154200000,"mStepCount":0,"mTimeUnit":600000,"mTotalActiveTime":0.0,"mWalkStepCount":0},{"mCalorie":0.0,"mDistance":0.0,"mNowHealthyStep":0,"mRunStepCount":0,"mSpeed":0.0,"mStartTime":1578154800000,"mStepCount":0,"mTimeUnit":600000,"mTotalActiveTime":0.0,"mWalkStepCount":0},{"mCalorie":0.0,"mDistance":0.0,"mNowHealthyStep":0,"mRunStepCount":0,"mSpeed":0.0,"mStartTime":1578155400000,"mStepCount":0,"mTimeUnit":600000,"mTotalActiveTime":0.0,"mWalkStepCount":0},{"mCalorie":0.0,"mDistance":0.0,"mNowHealthyStep":0,"mRunStepCount":0,"mSpeed":0.0,"mStartTime":1578156000000,"mStepCount":0,"mTimeUnit":600000,"mTotalActiveTime":0.0,"mWalkStepCount":0},{"mCalorie":1.6599999070167542,"mDistance":39.0,"mNowHealthyStep":0,"mRunStepCount":0,"mSpeed":5.42598819732666,"mStartTime":1578156600000,"mStepCount":51,"mTimeUnit":600000,"mTotalActiveTime":25875.471205711172,"mWalkStepCount":51},{"mCalorie":0.0,"mDistance":0.0,"mNowHealthyStep":0,"mRunStepCount":0,"mSpeed":0.0,"mStartTime":1578157200000,"mStepCount":0,"mTimeUnit":600000,"mTotalActiveTime":0.0,"mWalkStepCount":0},{"mCalorie":0.0,"mDistance":0.0,"mNowHealthyStep":0,"mRunStepCount":0,"mSpeed":0.0,"mStartTime":1578157800000,"mStepCount":0,"mTimeUnit":600000,"mTotalActiveTime":0.0,"mWalkStepCount":0},{"mCalorie":3.4500000178813934,"mDistance":75.96000003814697,"mNowHealthyStep":0,"mRunStepCount":0,"mSpeed":4.8756537437438965,"mStartTime":1578158400000,"mStepCount":100,"mTimeUnit":600000,"mTotalActiveTime":56086.01927704713,"mWalkStepCount":100},{"mCalorie":4.399999916553497,"mDistance":91.5600004196167,"mNowHealthyStep":0,"mRunStepCount":0,"mSpeed":4.652557373046875,"mStartTime":1578159000000,"mStepCount":122,"mTimeUnit":600000,"mTotalActiveTime":70846.20014772605,"mWalkStepCount":122},{"mCalorie":0.0,"mDistance":0.0,"mNowHealthyStep":0,"mRunStepCount":0,"mSpeed":0.0,"mStartTime":1578159600000,"mStepCount":0,"mTimeUnit":600000,"mTotalActiveTime":0.0,"mWalkStepCount":0},{"mCalorie":2.3000000715255737,"mDistance":43.43999195098877,"mNowHealthyStep":0,"mRunStepCount":0,"mSpeed":3.8111860752105713,"mStartTime":1578160200000,"mStepCount":60,"mTimeUnit":600000,"mTotalActiveTime":41032.88794876307,"mWalkStepCount":60},{"mCalorie":0.0,"mDistance":0.0,"mNowHealthyStep":0,"mRunStepCount":0,"mSpeed":0.0,"mStartTime":1578160800000,"mStepCount":0,"mTimeUnit":600000,"mTotalActiveTime":0.0,"mWalkStepCount":0},{"mCalorie":0.0,"mDistance":0.0,"mNowHealthyStep":0,"mRunStepCount":0,"mSpeed":0.0,"mStartTime":1578161400000,"mStepCount":0,"mTimeUnit":600000,"mTotalActiveTime":0.0,"mWalkStepCount":0},{"mCalorie":0.20999999344348907,"mDistance":4.539999961853027,"mNowHealthyStep":0,"mRunStepCount":0,"mSpeed":4.999999523162842,"mStartTime":1578162000000,"mStepCount":6,"mTimeUnit":600000,"mTotalActiveTime":3268.800284271267,"mWalkStepCount":6},{"mCalorie":0.0,"mDistance":0.0,"mNowHealthyStep":0,"mRunStepCount":0,"mSpeed":0.0,"mStartTime":1578162600000,"mStepCount":0,"mTimeUnit":600000,"mTotalActiveTime":0.0,"mWalkStepCount":0},{"mCalorie":0.0,"mDistance":0.0,"mNowHealthyStep":0,"mRunStepCount":0,"mSpeed":0.0,"mStartTime":1578163200000,"mStepCount":0,"mTimeUnit":600000,"mTotalActiveTime":0.0,"mWalkStepCount":0},{"mCalorie":0.0,"mDistance":0.0,"mNowHealthyStep":0,"mRunStepCount":0,"mSpeed":0.0,"mStartTime":1578163800000,"mStepCount":0,"mTimeUnit":600000,"mTotalActiveTime":0.0,"mWalkStepCount":0},{"mCalorie":1.1399999856948853,"mDistance":22.699999809265137,"mNowHealthyStep":0,"mRunStepCount":0,"mSpeed":4.222838401794434,"mStartTime":1578164400000,"mStepCount":31,"mTimeUnit":600000,"mTotalActiveTime":19351.91316234756,"mWalkStepCount":31},{"mCalorie":0.29999998211860657,"mDistance":5.670000076293945,"mNowHealthyStep":0,"mRunStepCount":0,"mSpeed":3.499999761581421,"mStartTime":1578165000000,"mStepCount":8,"mTimeUnit":600000,"mTotalActiveTime":5832.000475747277,"mWalkStepCount":8},{"mCalorie":0.0,"mDistance":0.0,"mNowHealthyStep":0,"mRunStepCount":0,"mSpeed":0.0,"mStartTime":1578165600000,"mStepCount":0,"mTimeUnit":600000,"mTotalActiveTime":0.0,"mWalkStepCount":0},{"mCalorie":0.0,"mDistance":0.0,"mNowHealthyStep":0,"mRunStepCount":0,"mSpeed":0.0,"mStartTime":1578166200000,"mStepCount":0,"mTimeUnit":600000,"mTotalActiveTime":0.0,"mWalkStepCount":0},{"mCalorie":3.3899996876716614,"mDistance":65.91999673843384,"mNowHealthyStep":0,"mRunStepCount":0,"mSpeed":3.7896952629089355,"mStartTime":1578166800000,"mStepCount":91,"mTimeUnit":600000,"mTotalActiveTime":62620.33669261859,"mWalkStepCount":91},{"mCalorie":6.769999980926514,"mDistance":128.46000003814697,"mNowHealthyStep":0,"mRunStepCount":0,"mSpeed":4.255583763122559,"mStartTime":1578167400000,"mStepCount":176,"mTimeUnit":600000,"mTotalActiveTime":108670.40316584881,"mWalkStepCount":176},{"mCalorie":0.0,"mDistance":0.0,"mNowHealthyStep":0,"mRunStepCount":0,"mSpeed":0.0,"mStartTime":1578168000000,"mStepCount":0,"mTimeUnit":600000,"mTotalActiveTime":0.0,"mWalkStepCount":0},{"mCalorie":0.0,"mDistance":0.0,"mNowHealthyStep":0,"mRunStepCount":0,"mSpeed":0.0,"mStartTime":1578168600000,"mStepCount":0,"mTimeUnit":600000,"mTotalActiveTime":0.0,"mWalkStepCount":0},{"mCalorie":9.580000281333923,"mDistance":194.79999542236328,"mNowHealthyStep":0,"mRunStepCount":46,"mSpeed":7.027740001678467,"mStartTime":1578169200000,"mStepCount":225,"mTimeUnit":600000,"mTotalActiveTime":99787.41154376195,"mWalkStepCount":179},{"mCalorie":0.75,"mDistance":17.56999969482422,"mNowHealthyStep":0,"mRunStepCount":0,"mSpeed":5.199999809265137,"mStartTime":1578169800000,"mStepCount":23,"mTimeUnit":600000,"mTotalActiveTime":12163.84638873784,"mWalkStepCount":23},{"mCalorie":0.0,"mDistance":0.0,"mNowHealthyStep":0,"mRunStepCount":0,"mSpeed":0.0,"mStartTime":1578170400000,"mStepCount":0,"mTimeUnit":600000,"mTotalActiveTime":0.0,"mWalkStepCount":0},{"mCalorie":9.139999747276306,"mDistance":175.83000373840332,"mNowHealthyStep":0,"mRunStepCount":0,"mSpeed":4.16264009475708,"mStartTime":1578171000000,"mStepCount":239,"mTimeUnit":600000,"mTotalActiveTime":152064.077450754,"mWalkStepCount":239},{"mCalorie":1.4600000381469727,"mDistance":28.480000495910645,"mNowHealthyStep":0,"mRunStepCount":0,"mSpeed":3.859008550643921,"mStartTime":1578171600000,"mStepCount":39,"mTimeUnit":600000,"mTotalActiveTime":26568.482166071903,"mWalkStepCount":39},{"mCalorie":9.529999852180481,"mDistance":182.8499994277954,"mNowHealthyStep":0,"mRunStepCount":0,"mSpeed":4.014500141143799,"mStartTime":1578172200000,"mStepCount":250,"mTimeUnit":600000,"mTotalActiveTime":163970.60473101842,"mWalkStepCount":250},{"mCalorie":11.599999964237213,"mDistance":237.66999530792236,"mNowHealthyStep":0,"mRunStepCount":0,"mSpeed":4.465151309967041,"mStartTime":1578172800000,"mStepCount":320,"mTimeUnit":600000,"mTotalActiveTime":191619.92555869598,"mWalkStepCount":320},{"mCalorie":6.409999847412109,"mDistance":124.34999942779541,"mNowHealthyStep":0,"mRunStepCount":0,"mSpeed":4.119505405426025,"mStartTime":1578173400000,"mStepCount":170,"mTimeUnit":600000,"mTotalActiveTime":108668.38528637042,"mWalkStepCount":170},{"mCalorie":16.719999969005585,"mDistance":318.4600019454956,"mNowHealthyStep":0,"mRunStepCount":0,"mSpeed":4.305299282073975,"mStartTime":1578174000000,"mStepCount":429,"mTimeUnit":600000,"mTotalActiveTime":266289.51307469496,"mWalkStepCount":429},{"mCalorie":6.560000032186508,"mDistance":127.01999998092651,"mNowHealthyStep":0,"mRunStepCount":0,"mSpeed":4.116736888885498,"mStartTime":1578174600000,"mStepCount":173,"mTimeUnit":600000,"mTotalActiveTime":111076.32163828133,"mWalkStepCount":173},{"mCalorie":16.39000028371811,"mDistance":316.42999935150146,"mNowHealthyStep":0,"mRunStepCount":0,"mSpeed":4.08901834487915,"mStartTime":1578175200000,"mStepCount":432,"mTimeUnit":600000,"mTotalActiveTime":278587.141316588,"mWalkStepCount":432},{"mCalorie":3.2399998903274536,"mDistance":62.239999771118164,"mNowHealthyStep":0,"mRunStepCount":0,"mSpeed":4.099999904632568,"mStartTime":1578175800000,"mStepCount":85,"mTimeUnit":600000,"mTotalActiveTime":54649.75716776399,"mWalkStepCount":85},{"mCalorie":1.1799999475479126,"mDistance":22.90999984741211,"mNowHealthyStep":0,"mRunStepCount":0,"mSpeed":4.199999809265137,"mStartTime":1578176400000,"mStepCount":31,"mTimeUnit":600000,"mTotalActiveTime":19637.143618136073,"mWalkStepCount":31},{"mCalorie":9.930000066757202,"mDistance":226.59000396728516,"mNowHealthyStep":0,"mRunStepCount":0,"mSpeed":4.996535778045654,"mStartTime":1578177000000,"mStepCount":297,"mTimeUnit":600000,"mTotalActiveTime":163257.92078619456,"mWalkStepCount":297},{"mCalorie":0.3700000047683716,"mDistance":7.389999866485596,"mNowHealthyStep":0,"mRunStepCount":0,"mSpeed":4.400000095367432,"mStartTime":1578177600000,"mStepCount":10,"mTimeUnit":600000,"mTotalActiveTime":6046.36339607318,"mWalkStepCount":10},{"mCalorie":0.0,"mDistance":0.0,"mNowHealthyStep":0,"mRunStepCount":0,"mSpeed":0.0,"mStartTime":1578178200000,"mStepCount":0,"mTimeUnit":600000,"mTotalActiveTime":0.0,"mWalkStepCount":0},{"mCalorie":0.9300000071525574,"mDistance":18.65999984741211,"mNowHealthyStep":0,"mRunStepCount":0,"mSpeed":4.5,"mStartTime":1578178800000,"mStepCount":25,"mTimeUnit":600000,"mTotalActiveTime":14927.999877929688,"mWalkStepCount":25},{"mCalorie":0.8800000250339508,"mDistance":17.790000438690186,"mNowHealthyStep":0,"mRunStepCount":0,"mSpeed":4.3474297523498535,"mStartTime":1578179400000,"mStepCount":24,"mTimeUnit":600000,"mTotalActiveTime":14731.463573689678,"mWalkStepCount":24},{"mCalorie":0.0,"mDistance":0.0,"mNowHealthyStep":0,"mRunStepCount":0,"mSpeed":0.0,"mStartTime":1578180000000,"mStepCount":0,"mTimeUnit":600000,"mTotalActiveTime":0.0,"mWalkStepCount":0},{"mCalorie":0.4000000059604645,"mDistance":9.65999984741211,"mNowHealthyStep":0,"mRunStepCount":0,"mSpeed":4.299999713897705,"mStartTime":1578180600000,"mStepCount":13,"mTimeUnit":600000,"mTotalActiveTime":8087.442270818462,"mWalkStepCount":13},{"mCalorie":0.6799999475479126,"mDistance":13.029999732971191,"mNowHealthyStep":0,"mRunStepCount":0,"mSpeed":8.430694580078125,"mStartTime":1578181200000,"mStepCount":11,"mTimeUnit":600000,"mTotalActiveTime":5563.954261792462,"mWalkStepCount":11},{"mCalorie":0.20999999344348907,"mDistance":4.650000095367432,"mNowHealthyStep":0,"mRunStepCount":0,"mSpeed":4.700000286102295,"mStartTime":1578181800000,"mStepCount":6,"mTimeUnit":600000,"mTotalActiveTime":3561.701983896094,"mWalkStepCount":6},{"mCalorie":0.0,"mDistance":0.0,"mNowHealthyStep":0,"mRunStepCount":0,"mSpeed":0.0,"mStartTime":1578182400000,"mStepCount":0,"mTimeUnit":600000,"mTotalActiveTime":0.0,"mWalkStepCount":0},{"mCalorie":0.0,"mDistance":0.0,"mNowHealthyStep":0,"mRunStepCount":0,"mSpeed":0.0,"mStartTime":1578183000000,"mStepCount":0,"mTimeUnit":600000,"mTotalActiveTime":0.0,"mWalkStepCount":0},{"mCalorie":0.0,"mDistance":0.0,"mNowHealthyStep":0,"mRunStepCount":0,"mSpeed":0.0,"mStartTime":1578183600000,"mStepCount":0,"mTimeUnit":600000,"mTotalActiveTime":0.0,"mWalkStepCount":0},{"mCalorie":0.0,"mDistance":0.0,"mNowHealthyStep":0,"mRunStepCount":0,"mSpeed":0.0,"mStartTime":1578184200000,"mStepCount":0,"mTimeUnit":600000,"mTotalActiveTime":0.0,"mWalkStepCount":0},{"mCalorie":1.1400001049041748,"mDistance":23.630001068115234,"mNowHealthyStep":0,"mRunStepCount":0,"mSpeed":4.703277587890625,"mStartTime":1578184800000,"mStepCount":31,"mTimeUnit":600000,"mTotalActiveTime":18086.96217808548,"mWalkStepCount":31},{"mCalorie":0.0,"mDistance":0.0,"mNowHealthyStep":0,"mRunStepCount":0,"mSpeed":0.0,"mStartTime":1578185400000,"mStepCount":0,"mTimeUnit":600000,"mTotalActiveTime":0.0,"mWalkStepCount":0},{"mCalorie":1.5299999713897705,"mDistance":29.06999969482422,"mNowHealthyStep":0,"mRunStepCount":0,"mSpeed":4.199999809265137,"mStartTime":1578186000000,"mStepCount":40,"mTimeUnit":600000,"mTotalActiveTime":24917.143727127426,"mWalkStepCount":40},{"mCalorie":3.8199999928474426,"mDistance":74.69000053405762,"mNowHealthyStep":0,"mRunStepCount":0,"mSpeed":4.2458882331848145,"mStartTime":1578186600000,"mStepCount":101,"mTimeUnit":600000,"mTotalActiveTime":63328.0926720045,"mWalkStepCount":101},{"mCalorie":1.409999966621399,"mDistance":27.049999237060547,"mNowHealthyStep":0,"mRunStepCount":0,"mSpeed":4.0,"mStartTime":1578187200000,"mStepCount":37,"mTimeUnit":600000,"mTotalActiveTime":24344.999313354492,"mWalkStepCount":37},{"mCalorie":4.070000052452087,"mDistance":88.28999519348145,"mNowHealthyStep":0,"mRunStepCount":0,"mSpeed":5.051357746124268,"mStartTime":1578187800000,"mStepCount":116,"mTimeUnit":600000,"mTotalActiveTime":62922.48317267705,"mWalkStepCount":116},{"mCalorie":0.0,"mDistance":0.0,"mNowHealthyStep":0,"mRunStepCount":0,"mSpeed":0.0,"mStartTime":1578188400000,"mStepCount":0,"mTimeUnit":600000,"mTotalActiveTime":0.0,"mWalkStepCount":0},{"mCalorie":0.0,"mDistance":0.0,"mNowHealthyStep":0,"mRunStepCount":0,"mSpeed":0.0,"mStartTime":1578189000000,"mStepCount":0,"mTimeUnit":600000,"mTotalActiveTime":0.0,"mWalkStepCount":0},{"mCalorie":0.0,"mDistance":0.0,"mNowHealthyStep":0,"mRunStepCount":0,"mSpeed":0.0,"mStartTime":1578189600000,"mStepCount":0,"mTimeUnit":600000,"mTotalActiveTime":0.0,"mWalkStepCount":0},{"mCalorie":0.0,"mDistance":0.0,"mNowHealthyStep":0,"mRunStepCount":0,"mSpeed":0.0,"mStartTime":1578190200000,"mStepCount":0,"mTimeUnit":600000,"mTotalActiveTime":0.0,"mWalkStepCount":0},{"mCalorie":0.0,"mDistance":0.0,"mNowHealthyStep":0,"mRunStepCount":0,"mSpeed":0.0,"mStartTime":1578190800000,"mStepCount":0,"mTimeUnit":600000,"mTotalActiveTime":0.0,"mWalkStepCount":0},{"mCalorie":0.0,"mDistance":0.0,"mNowHealthyStep":0,"mRunStepCount":0,"mSpeed":0.0,"mStartTime":1578191400000,"mStepCount":0,"mTimeUnit":600000,"mTotalActiveTime":0.0,"mWalkStepCount":0},{"mCalorie":5.269997954368591,"mDistance":103.16996002197266,"mNowHealthyStep":0,"mRunStepCount":0,"mSpeed":4.562064170837402,"mStartTime":1578192000000,"mStepCount":139,"mTimeUnit":600000,"mTotalActiveTime":81413.11365936912,"mWalkStepCount":139},{"mCalorie":0.0,"mDistance":0.0,"mNowHealthyStep":0,"mRunStepCount":0,"mSpeed":0.0,"mStartTime":1578192600000,"mStepCount":0,"mTimeUnit":600000,"mTotalActiveTime":0.0,"mWalkStepCount":0},{"mCalorie":0.5799999833106995,"mDistance":11.760000228881836,"mNowHealthyStep":0,"mRunStepCount":0,"mSpeed":4.600000381469727,"mStartTime":1578193200000,"mStepCount":16,"mTimeUnit":600000,"mTotalActiveTime":9203.47767676663,"mWalkStepCount":16},{"mCalorie":0.0,"mDistance":0.0,"mNowHealthyStep":0,"mRunStepCount":0,"mSpeed":0.0,"mStartTime":1578193800000,"mStepCount":0,"mTimeUnit":600000,"mTotalActiveTime":0.0,"mWalkStepCount":0},{"mCalorie":4.630000114440918,"mDistance":89.0699987411499,"mNowHealthyStep":0,"mRunStepCount":0,"mSpeed":4.164249897003174,"mStartTime":1578194400000,"mStepCount":122,"mTimeUnit":600000,"mTotalActiveTime":77001.1414176617,"mWalkStepCount":122},{"mCalorie":2.6800000071525574,"mDistance":58.20000123977661,"mNowHealthyStep":0,"mRunStepCount":0,"mSpeed":4.609905242919922,"mStartTime":1578195000000,"mStepCount":77,"mTimeUnit":600000,"mTotalActiveTime":45449.9602519146,"mWalkStepCount":77},{"mCalorie":2.2200000137090683,"mDistance":44.53999996185303,"mNowHealthyStep":0,"mRunStepCount":0,"mSpeed":4.518289089202881,"mStartTime":1578195600000,"mStepCount":60,"mTimeUnit":600000,"mTotalActiveTime":35487.768085041076,"mWalkStepCount":60},{"mCalorie":4.3099998235702515,"mDistance":90.23999881744385,"mNowHealthyStep":0,"mRunStepCount":0,"mSpeed":4.860850811004639,"mStartTime":1578196200000,"mStepCount":119,"mTimeUnit":600000,"mTotalActiveTime":66832.74328662475,"mWalkStepCount":119},{"mCalorie":0.0,"mDistance":0.0,"mNowHealthyStep":0,"mRunStepCount":0,"mSpeed":0.0,"mStartTime":1578196800000,"mStepCount":0,"mTimeUnit":600000,"mTotalActiveTime":0.0,"mWalkStepCount":0},{"mCalorie":0.0,"mDistance":0.0,"mNowHealthyStep":0,"mRunStepCount":0,"mSpeed":0.0,"mStartTime":1578197400000,"mStepCount":0,"mTimeUnit":600000,"mTotalActiveTime":0.0,"mWalkStepCount":0},{"mCalorie":0.0,"mDistance":0.0,"mNowHealthyStep":0,"mRunStepCount":0,"mSpeed":0.0,"mStartTime":1578198000000,"mStepCount":0,"mTimeUnit":600000,"mTotalActiveTime":0.0,"mWalkStepCount":0},{"mCalorie":0.0,"mDistance":0.0,"mNowHealthyStep":0,"mRunStepCount":0,"mSpeed":0.0,"mStartTime":1578198600000,"mStepCount":0,"mTimeUnit":600000,"mTotalActiveTime":0.0,"mWalkStepCount":0},{"mCalorie":0.0,"mDistance":0.0,"mNowHealthyStep":0,"mRunStepCount":0,"mSpeed":0.0,"mStartTime":1578199200000,"mStepCount":0,"mTimeUnit":600000,"mTotalActiveTime":0.0,"mWalkStepCount":0},{"mCalorie":0.0,"mDistance":0.0,"mNowHealthyStep":0,"mRunStepCount":0,"mSpeed":0.0,"mStartTime":1578199800000,"mStepCount":0,"mTimeUnit":600000,"mTotalActiveTime":0.0,"mWalkStepCount":0}]