[{"mCalorie":0.0,"mDistance":0.0,"mNowHealthyStep":0,"mRunStepCount":0,"mSpeed":0.0,"mStartTime":0,"mStepCount":0,"mTimeUnit":600000,"mTotalActiveTime":0.0,"mWalkStepCount":0},{"mCalorie":0.0,"mDistance":0.0,"mNowHealthyStep":0,"mRunStepCount":0,"mSpeed":0.0,"mStartTime":0,"mStepCount":0,"mTimeUnit":600000,"mTotalActiveTime":0.0,"mWalkStepCount":0},{"mCalorie":0.0,"mDistance":0.0,"mNowHealthyStep":0,"mRunStepCount":0,"mSpeed":0.0,"mStartTime":0,"mStepCount":0,"mTimeUnit":600000,"mTotalActiveTime":0.0,"mWalkStepCount":0},{"mCalorie":0.0,"mDistance":0.0,"mNowHealthyStep":0,"mRunStepCount":0,"mSpeed":0.0,"mStartTime":0,"mStepCount":0,"mTimeUnit":600000,"mTotalActiveTime":0.0,"mWalkStepCount":0},{"mCalorie":0.0,"mDistance":0.0,"mNowHealthyStep":0,"mRunStepCount":0,"mSpeed":0.0,"mStartTime":0,"mStepCount":0,"mTimeUnit":600000,"mTotalActiveTime":0.0,"mWalkStepCount":0},{"mCalorie":0.0,"mDistance":0.0,"mNowHealthyStep":0,"mRunStepCount":0,"mSpeed":0.0,"mStartTime":0,"mStepCount":0,"mTimeUnit":600000,"mTotalActiveTime":0.0,"mWalkStepCount":0},{"mCalorie":0.0,"mDistance":0.0,"mNowHealthyStep":0,"mRunStepCount":0,"mSpeed":0.0,"mStartTime":0,"mStepCount":0,"mTimeUnit":600000,"mTotalActiveTime":0.0,"mWalkStepCount":0},{"mCalorie":0.0,"mDistance":0.0,"mNowHealthyStep":0,"mRunStepCount":0,"mSpeed":0.0,"mStartTime":0,"mStepCount":0,"mTimeUnit":600000,"mTotalActiveTime":0.0,"mWalkStepCount":0},{"mCalorie":0.0,"mDistance":0.0,"mNowHealthyStep":0,"mRunStepCount":0,"mSpeed":0.0,"mStartTime":0,"mStepCount":0,"mTimeUnit":600000,"mTotalActiveTime":0.0,"mWalkStepCount":0},{"mCalorie":0.0,"mDistance":0.0,"mNowHealthyStep":0,"mRunStepCount":0,"mSpeed":0.0,"mStartTime":0,"mStepCount":0,"mTimeUnit":600000,"mTotalActiveTime":0.0,"mWalkStepCount":0},{"mCalorie":0.0,"mDistance":0.0,"mNowHealthyStep":0,"mRunStepCount":0,"mSpeed":0.0,"mStartTime":0,"mStepCount":0,"mTimeUnit":600000,"mTotalActiveTime":0.0,"mWalkStepCount":0},{"mCalorie":0.0,"mDistance":0.0,"mNowHealthyStep":0,"mRunStepCount":0,"mSpeed":0.0,"mStartTime":0,"mStepCount":0,"mTimeUnit":600000,"mTotalActiveTime":0.0,"mWalkStepCount":0},{"mCalorie":0.0,"mDistance":0.0,"mNowHealthyStep":0,"mRunStepCount":0,"mSpeed":0.0,"mStartTime":0,"mStepCount":0,"mTimeUnit":600000,"mTotalActiveTime":0.0,"mWalkStepCount":0},{"mCalorie":0.0,"mDistance":0.0,"mNowHealthyStep":0,"mRunStepCount":0,"mSpeed":0.0,"mStartTime":0,"mStepCount":0,"mTimeUnit":600000,"mTotalActiveTime":0.0,"mWalkStepCount":0},{"mCalorie":0.0,"mDistance":0.0,"mNowHealthyStep":0,"mRunStepCount":0,"mSpeed":0.0,"mStartTime":0,"mStepCount":0,"mTimeUnit":600000,"mTotalActiveTime":0.0,"mWalkStepCount":0},{"mCalorie":0.0,"mDistance":0.0,"mNowHealthyStep":0,"mRunStepCount":0,"mSpeed":0.0,"mStartTime":0,"mStepCount":0,"mTimeUnit":600000,"mTotalActiveTime":0.0,"mWalkStepCount":0},{"mCalorie":0.0,"mDistance":0.0,"mNowHealthyStep":0,"mRunStepCount":0,"mSpeed":0.0,"mStartTime":0,"mStepCount":0,"mTimeUnit":600000,"mTotalActiveTime":0.0,"mWalkStepCount":0},{"mCalorie":0.0,"mDistance":0.0,"mNowHealthyStep":0,"mRunStepCount":0,"mSpeed":0.0,"mStartTime":0,"mStepCount":0,"mTimeUnit":600000,"mTotalActiveTime":0.0,"mWalkStepCount":0},{"mCalorie":0.0,"mDistance":0.0,"mNowHealthyStep":0,"mRunStepCount":0,"mSpeed":0.0,"mStartTime":0,"mStepCount":0,"mTimeUnit":600000,"mTotalActiveTime":0.0,"mWalkStepCount":0},{"mCalorie":0.0,"mDistance":0.0,"mNowHealthyStep":0,"mRunStepCount":0,"mSpeed":0.0,"mStartTime":0,"mStepCount":0,"mTimeUnit":600000,"mTotalActiveTime":0.0,"mWalkStepCount":0},{"mCalorie":0.0,"mDistance":0.0,"mNowHealthyStep":0,"mRunStepCount":0,"mSpeed":0.0,"mStartTime":0,"mStepCount":0,"mTimeUnit":600000,"mTotalActiveTime":0.0,"mWalkStepCount":0},{"mCalorie":0.0,"mDistance":0.0,"mNowHealthyStep":0,"mRunStepCount":0,"mSpeed":0.0,"mStartTime":0,"mStepCount":0,"mTimeUnit":600000,"mTotalActiveTime":0.0,"mWalkStepCount":0},{"mCalorie":0.0,"mDistance":0.0,"mNowHealthyStep":0,"mRunStepCount":0,"mSpeed":0.0,"mStartTime":0,"mStepCount":0,"mTimeUnit":600000,"mTotalActiveTime":0.0,"mWalkStepCount":0},{"mCalorie":0.0,"mDistance":0.0,"mNowHealthyStep":0,"mRunStepCount":0,"mSpeed":0.0,"mStartTime":0,"mStepCount":0,"mTimeUnit":600000,"mTotalActiveTime":0.0,"mWalkStepCount":0},{"mCalorie":0.0,"mDistance":0.0,"mNowHealthyStep":0,"mRunStepCount":0,"mSpeed":0.0,"mStartTime":0,"mStepCount":0,"mTimeUnit":600000,"mTotalActiveTime":0.0,"mWalkStepCount":0},{"mCalorie":0.0,"mDistance":0.0,"mNowHealthyStep":0,"mRunStepCount":0,"mSpeed":0.0,"mStartTime":0,"mStepCount":0,"mTimeUnit":600000,"mTotalActiveTime":0.0,"mWalkStepCount":0},{"mCalorie":0.0,"mDistance":0.0,"mNowHealthyStep":0,"mRunStepCount":0,"mSpeed":0.0,"mStartTime":0,"mStepCount":0,"mTimeUnit":600000,"mTotalActiveTime":0.0,"mWalkStepCount":0},{"mCalorie":0.0,"mDistance":0.0,"mNowHealthyStep":0,"mRunStepCount":0,"mSpeed":0.0,"mStartTime":0,"mStepCount":0,"mTimeUnit":600000,"mTotalActiveTime":0.0,"mWalkStepCount":0},{"mCalorie":0.0,"mDistance":0.0,"mNowHealthyStep":0,"mRunStepCount":0,"mSpeed":0.0,"mStartTime":0,"mStepCount":0,"mTimeUnit":600000,"mTotalActiveTime":0.0,"mWalkStepCount":0},{"mCalorie":0.0,"mDistance":0.0,"mNowHealthyStep":0,"mRunStepCount":0,"mSpeed":0.0,"mStartTime":0,"mStepCount":0,"mTimeUnit":600000,"mTotalActiveTime":0.0,"mWalkStepCount":0},{"mCalorie":0.5400000214576721,"mDistance":9.989999771118164,"mNowHealthyStep":0,"mRunStepCount":0,"mSpeed":5.275918006896973,"mStartTime":0,"mStepCount":13,"mTimeUnit":600000,"mTotalActiveTime":6816.633452038348,"mWalkStepCount":13},{"mCalorie":0.0,"mDistance":0.0,"mNowHealthyStep":0,"mRunStepCount":0,"mSpeed":0.0,"mStartTime":0,"mStepCount":0,"mTimeUnit":600000,"mTotalActiveTime":0.0,"mWalkStepCount":0},{"mCalorie":0.429999977350235,"mDistance":7.699999809265137,"mNowHealthyStep":0,"mRunStepCount":0,"mSpeed":5.44878625869751,"mStartTime":0,"mStepCount":10,"mTimeUnit":600000,"mTotalActiveTime":5087.371388280652,"mWalkStepCount":10},{"mCalorie":1.6500000208616257,"mDistance":26.440000534057617,"mNowHealthyStep":0,"mRunStepCount":0,"mSpeed":4.231232643127441,"mStartTime":0,"mStepCount":36,"mTimeUnit":600000,"mTotalActiveTime":22495.57306435347,"mWalkStepCount":36},{"mCalorie":5.629999995231628,"mDistance":89.669997215271,"mNowHealthyStep":0,"mRunStepCount":0,"mSpeed":4.074264049530029,"mStartTime":0,"mStepCount":122,"mTimeUnit":600000,"mTotalActiveTime":79231.97308082941,"mWalkStepCount":122},{"mCalorie":2.2200000286102295,"mDistance":41.93000030517578,"mNowHealthyStep":0,"mRunStepCount":0,"mSpeed":6.700000286102295,"mStartTime":0,"mStepCount":53,"mTimeUnit":600000,"mTotalActiveTime":22529.551440727828,"mWalkStepCount":53},{"mCalorie":16.130000233650208,"mDistance":290.00000190734863,"mNowHealthyStep":0,"mRunStepCount":29,"mSpeed":6.328856468200684,"mStartTime":0,"mStepCount":352,"mTimeUnit":600000,"mTotalActiveTime":164958.7168415588,"mWalkStepCount":323},{"mCalorie":0.0,"mDistance":0.0,"mNowHealthyStep":0,"mRunStepCount":0,"mSpeed":0.0,"mStartTime":0,"mStepCount":0,"mTimeUnit":600000,"mTotalActiveTime":0.0,"mWalkStepCount":0},{"mCalorie":25.619999408721924,"mDistance":478.05999755859375,"mNowHealthyStep":0,"mRunStepCount":1,"mSpeed":5.4396138191223145,"mStartTime":0,"mStepCount":625,"mTimeUnit":600000,"mTotalActiveTime":316385.6828559996,"mWalkStepCount":624},{"mCalorie":44.36000037193298,"mDistance":856.7200164794922,"mNowHealthyStep":0,"mRunStepCount":16,"mSpeed":5.980707168579102,"mStartTime":0,"mStepCount":1078,"mTimeUnit":600000,"mTotalActiveTime":515690.2170445533,"mWalkStepCount":1062},{"mCalorie":5.369999870657921,"mDistance":103.45000267028809,"mNowHealthyStep":0,"mRunStepCount":0,"mSpeed":5.672699928283691,"mStartTime":0,"mStepCount":132,"mTimeUnit":600000,"mTotalActiveTime":65651.28117555019,"mWalkStepCount":132},{"mCalorie":8.850000262260437,"mDistance":148.82000541687012,"mNowHealthyStep":0,"mRunStepCount":0,"mSpeed":4.81121826171875,"mStartTime":0,"mStepCount":198,"mTimeUnit":600000,"mTotalActiveTime":111354.75300271605,"mWalkStepCount":198},{"mCalorie":8.279999613761902,"mDistance":128.80999565124512,"mNowHealthyStep":0,"mRunStepCount":0,"mSpeed":3.7199137210845947,"mStartTime":0,"mStepCount":178,"mTimeUnit":600000,"mTotalActiveTime":124657.72415347757,"mWalkStepCount":178},{"mCalorie":0.0,"mDistance":0.0,"mNowHealthyStep":0,"mRunStepCount":0,"mSpeed":0.0,"mStartTime":0,"mStepCount":0,"mTimeUnit":600000,"mTotalActiveTime":0.0,"mWalkStepCount":0},{"mCalorie":3.4200000762939453,"mDistance":51.85000133514404,"mNowHealthyStep":0,"mRunStepCount":0,"mSpeed":4.100924015045166,"mStartTime":0,"mStepCount":71,"mTimeUnit":600000,"mTotalActiveTime":45516.57122552415,"mWalkStepCount":71},{"mCalorie":2.7500000596046448,"mDistance":46.15999937057495,"mNowHealthyStep":0,"mRunStepCount":0,"mSpeed":4.497133255004883,"mStartTime":0,"mStepCount":62,"mTimeUnit":600000,"mTotalActiveTime":36951.54105997295,"mWalkStepCount":62},{"mCalorie":2.229999989271164,"mDistance":39.54000186920166,"mNowHealthyStep":0,"mRunStepCount":0,"mSpeed":4.911745548248291,"mStartTime":0,"mStepCount":52,"mTimeUnit":600000,"mTotalActiveTime":28980.33088716006,"mWalkStepCount":52},{"mCalorie":1.159999966621399,"mDistance":18.249999523162842,"mNowHealthyStep":0,"mRunStepCount":0,"mSpeed":4.181240558624268,"mStartTime":0,"mStepCount":25,"mTimeUnit":600000,"mTotalActiveTime":15713.039544979281,"mWalkStepCount":25},{"mCalorie":5.100000023841858,"mDistance":88.14999914169312,"mNowHealthyStep":0,"mRunStepCount":0,"mSpeed":4.73886775970459,"mStartTime":0,"mStepCount":117,"mTimeUnit":600000,"mTotalActiveTime":66965.36211518844,"mWalkStepCount":117},{"mCalorie":9.46999979019165,"mDistance":173.52000045776367,"mNowHealthyStep":0,"mRunStepCount":0,"mSpeed":5.1266045570373535,"mStartTime":0,"mStepCount":228,"mTimeUnit":600000,"mTotalActiveTime":121849.07433895438,"mWalkStepCount":228},{"mCalorie":0.0,"mDistance":0.0,"mNowHealthyStep":0,"mRunStepCount":0,"mSpeed":0.0,"mStartTime":0,"mStepCount":0,"mTimeUnit":600000,"mTotalActiveTime":0.0,"mWalkStepCount":0},{"mCalorie":2.9600000381469727,"mDistance":53.650001525878906,"mNowHealthyStep":0,"mRunStepCount":0,"mSpeed":5.5,"mStartTime":0,"mStepCount":70,"mTimeUnit":600000,"mTotalActiveTime":35116.36463512074,"mWalkStepCount":70},{"mCalorie":23.829999923706055,"mDistance":435.11000061035156,"mNowHealthyStep":0,"mRunStepCount":35,"mSpeed":6.482145309448242,"mStartTime":0,"mStepCount":533,"mTimeUnit":600000,"mTotalActiveTime":241647.77186171696,"mWalkStepCount":498},{"mCalorie":6.979999899864197,"mDistance":131.0599946975708,"mNowHealthyStep":0,"mRunStepCount":0,"mSpeed":5.42317008972168,"mStartTime":0,"mStepCount":169,"mTimeUnit":600000,"mTotalActiveTime":87000.03106012235,"mWalkStepCount":169},{"mCalorie":19.549997568130493,"mDistance":346.36999797821045,"mNowHealthyStep":0,"mRunStepCount":0,"mSpeed":5.049522399902344,"mStartTime":0,"mStepCount":455,"mTimeUnit":600000,"mTotalActiveTime":246940.58522996114,"mWalkStepCount":455},{"mCalorie":0.8500000536441803,"mDistance":13.070000171661377,"mNowHealthyStep":0,"mRunStepCount":0,"mSpeed":4.2233567237854,"mStartTime":0,"mStepCount":18,"mTimeUnit":600000,"mTotalActiveTime":11140.901650639262,"mWalkStepCount":18},{"mCalorie":0.0,"mDistance":0.0,"mNowHealthyStep":0,"mRunStepCount":0,"mSpeed":0.0,"mStartTime":0,"mStepCount":0,"mTimeUnit":600000,"mTotalActiveTime":0.0,"mWalkStepCount":0},{"mCalorie":0.0,"mDistance":0.0,"mNowHealthyStep":0,"mRunStepCount":0,"mSpeed":0.0,"mStartTime":0,"mStepCount":0,"mTimeUnit":600000,"mTotalActiveTime":0.0,"mWalkStepCount":0},{"mCalorie":0.0,"mDistance":0.0,"mNowHealthyStep":0,"mRunStepCount":0,"mSpeed":0.0,"mStartTime":0,"mStepCount":0,"mTimeUnit":600000,"mTotalActiveTime":0.0,"mWalkStepCount":0},{"mCalorie":0.0,"mDistance":0.0,"mNowHealthyStep":0,"mRunStepCount":0,"mSpeed":0.0,"mStartTime":0,"mStepCount":0,"mTimeUnit":600000,"mTotalActiveTime":0.0,"mWalkStepCount":0},{"mCalorie":1.5399999618530273,"mDistance":28.46999979019165,"mNowHealthyStep":0,"mRunStepCount":0,"mSpeed":5.275447845458984,"mStartTime":0,"mStepCount":37,"mTimeUnit":600000,"mTotalActiveTime":19428.11402952231,"mWalkStepCount":37},{"mCalorie":0.3199999928474426,"mDistance":5.28000020980835,"mNowHealthyStep":0,"mRunStepCount":0,"mSpeed":4.900000095367432,"mStartTime":0,"mStepCount":7,"mTimeUnit":600000,"mTotalActiveTime":3879.1837521147486,"mWalkStepCount":7},{"mCalorie":0.0,"mDistance":0.0,"mNowHealthyStep":0,"mRunStepCount":0,"mSpeed":0.0,"mStartTime":0,"mStepCount":0,"mTimeUnit":600000,"mTotalActiveTime":0.0,"mWalkStepCount":0},{"mCalorie":7.7900002002716064,"mDistance":142.35999870300293,"mNowHealthyStep":0,"mRunStepCount":0,"mSpeed":5.193902492523193,"mStartTime":0,"mStepCount":186,"mTimeUnit":600000,"mTotalActiveTime":98672.62708683885,"mWalkStepCount":186},{"mCalorie":0.0,"mDistance":0.0,"mNowHealthyStep":0,"mRunStepCount":0,"mSpeed":0.0,"mStartTime":0,"mStepCount":0,"mTimeUnit":600000,"mTotalActiveTime":0.0,"mWalkStepCount":0},{"mCalorie":0.0,"mDistance":0.0,"mNowHealthyStep":0,"mRunStepCount":0,"mSpeed":0.0,"mStartTime":0,"mStepCount":0,"mTimeUnit":600000,"mTotalActiveTime":0.0,"mWalkStepCount":0},{"mCalorie":0.800000011920929,"mDistance":12.299999713897705,"mNowHealthyStep":0,"mRunStepCount":0,"mSpeed":4.147122383117676,"mStartTime":0,"mStepCount":17,"mTimeUnit":600000,"mTotalActiveTime":10677.282340962993,"mWalkStepCount":17},{"mCalorie":1.0100000500679016,"mDistance":16.480000019073486,"mNowHealthyStep":0,"mRunStepCount":0,"mSpeed":4.867514610290527,"mStartTime":0,"mStepCount":22,"mTimeUnit":600000,"mTotalActiveTime":12188.561101561121,"mWalkStepCount":22},{"mCalorie":0.7600000202655792,"mDistance":11.389999866485596,"mNowHealthyStep":0,"mRunStepCount":0,"mSpeed":3.7252919673919678,"mStartTime":0,"mStepCount":16,"mTimeUnit":600000,"mTotalActiveTime":11006.922293798038,"mWalkStepCount":16},{"mCalorie":0.8500000536441803,"mDistance":13.059998989105225,"mNowHealthyStep":0,"mRunStepCount":0,"mSpeed":3.6835455894470215,"mStartTime":0,"mStepCount":18,"mTimeUnit":600000,"mTotalActiveTime":12763.788107158365,"mWalkStepCount":18},{"mCalorie":1.2600001394748688,"mDistance":18.62999963760376,"mNowHealthyStep":0,"mRunStepCount":0,"mSpeed":3.6007068157196045,"mStartTime":0,"mStepCount":26,"mTimeUnit":600000,"mTotalActiveTime":18626.34218238063,"mWalkStepCount":26},{"mCalorie":0.0,"mDistance":0.0,"mNowHealthyStep":0,"mRunStepCount":0,"mSpeed":0.0,"mStartTime":0,"mStepCount":0,"mTimeUnit":600000,"mTotalActiveTime":0.0,"mWalkStepCount":0},{"mCalorie":9.24000009894371,"mDistance":164.72000360488892,"mNowHealthyStep":0,"mRunStepCount":0,"mSpeed":4.820735931396484,"mStartTime":0,"mStepCount":218,"mTimeUnit":600000,"mTotalActiveTime":123008.60475478905,"mWalkStepCount":218},{"mCalorie":0.36000000312924385,"mDistance":6.170000076293945,"mNowHealthyStep":0,"mRunStepCount":0,"mSpeed":4.8614606857299805,"mStartTime":0,"mStepCount":8,"mTimeUnit":600000,"mTotalActiveTime":4568.9972679416815,"mWalkStepCount":8},{"mCalorie":1.309999942779541,"mDistance":21.549999237060547,"mNowHealthyStep":0,"mRunStepCount":0,"mSpeed":4.600000381469727,"mStartTime":0,"mStepCount":29,"mTimeUnit":600000,"mTotalActiveTime":16865.215395619314,"mWalkStepCount":29},{"mCalorie":0.0,"mDistance":0.0,"mNowHealthyStep":0,"mRunStepCount":0,"mSpeed":0.0,"mStartTime":0,"mStepCount":0,"mTimeUnit":600000,"mTotalActiveTime":0.0,"mWalkStepCount":0},{"mCalorie":0.0,"mDistance":0.0,"mNowHealthyStep":0,"mRunStepCount":0,"mSpeed":0.0,"mStartTime":0,"mStepCount":0,"mTimeUnit":600000,"mTotalActiveTime":0.0,"mWalkStepCount":0},{"mCalorie":2.630000114440918,"mDistance":46.97999954223633,"mNowHealthyStep":0,"mRunStepCount":0,"mSpeed":5.5,"mStartTime":0,"mStepCount":61,"mTimeUnit":600000,"mTotalActiveTime":30750.545154918324,"mWalkStepCount":61},{"mCalorie":2.440000057220459,"mDistance":44.91999816894531,"mNowHealthyStep":0,"mRunStepCount":0,"mSpeed":5.299999713897705,"mStartTime":0,"mStepCount":58,"mTimeUnit":600000,"mTotalActiveTime":30511.698516541528,"mWalkStepCount":58},{"mCalorie":0.0,"mDistance":0.0,"mNowHealthyStep":0,"mRunStepCount":0,"mSpeed":0.0,"mStartTime":0,"mStepCount":0,"mTimeUnit":600000,"mTotalActiveTime":0.0,"mWalkStepCount":0},{"mCalorie":0.0,"mDistance":0.0,"mNowHealthyStep":0,"mRunStepCount":0,"mSpeed":0.0,"mStartTime":0,"mStepCount":0,"mTimeUnit":600000,"mTotalActiveTime":0.0,"mWalkStepCount":0},{"mCalorie":0.0,"mDistance":0.0,"mNowHealthyStep":0,"mRunStepCount":0,"mSpeed":0.0,"mStartTime":0,"mStepCount":0,"mTimeUnit":600000,"mTotalActiveTime":0.0,"mWalkStepCount":0},{"mCalorie":0.0,"mDistance":0.0,"mNowHealthyStep":0,"mRunStepCount":0,"mSpeed":0.0,"mStartTime":0,"mStepCount":0,"mTimeUnit":600000,"mTotalActiveTime":0.0,"mWalkStepCount":0},{"mCalorie":0.0,"mDistance":0.0,"mNowHealthyStep":0,"mRunStepCount":0,"mSpeed":0.0,"mStartTime":0,"mStepCount":0,"mTimeUnit":600000,"mTotalActiveTime":0.0,"mWalkStepCount":0},{"mCalorie":4.430000066757202,"mDistance":77.91000366210938,"mNowHealthyStep":0,"mRunStepCount":0,"mSpeed":4.844196319580078,"mStartTime":0,"mStepCount":103,"mTimeUnit":600000,"mTotalActiveTime":57899.391901444345,"mWalkStepCount":103},{"mCalorie":0.0,"mDistance":0.0,"mNowHealthyStep":0,"mRunStepCount":0,"mSpeed":0.0,"mStartTime":0,"mStepCount":0,"mTimeUnit":600000,"mTotalActiveTime":0.0,"mWalkStepCount":0},{"mCalorie":0.0,"mDistance":0.0,"mNowHealthyStep":0,"mRunStepCount":0,"mSpeed":0.0,"mStartTime":0,"mStepCount":0,"mTimeUnit":600000,"mTotalActiveTime":0.0,"mWalkStepCount":0},{"mCalorie":2.190000042319298,"mDistance":38.39999866485596,"mNowHealthyStep":0,"mRunStepCount":0,"mSpeed":4.755008697509766,"mStartTime":0,"mStepCount":51,"mTimeUnit":600000,"mTotalActiveTime":29072.501619710918,"mWalkStepCount":51},{"mCalorie":9.860000014305115,"mDistance":181.36000061035156,"mNowHealthyStep":0,"mRunStepCount":0,"mSpeed":5.2848100662231445,"mStartTime":0,"mStepCount":237,"mTimeUnit":600000,"mTotalActiveTime":123542.00103911918,"mWalkStepCount":237},{"mCalorie":0.3499999940395355,"mDistance":6.090000152587891,"mNowHealthyStep":0,"mRunStepCount":0,"mSpeed":4.999999523162842,"mStartTime":0,"mStepCount":8,"mTimeUnit":600000,"mTotalActiveTime":4384.800528030445,"mWalkStepCount":8},{"mCalorie":0.0,"mDistance":0.0,"mNowHealthyStep":0,"mRunStepCount":0,"mSpeed":0.0,"mStartTime":0,"mStepCount":0,"mTimeUnit":600000,"mTotalActiveTime":0.0,"mWalkStepCount":0},{"mCalorie":0.75,"mDistance":13.850000381469727,"mNowHealthyStep":0,"mRunStepCount":0,"mSpeed":5.40000057220459,"mStartTime":0,"mStepCount":18,"mTimeUnit":600000,"mTotalActiveTime":9233.332609247354,"mWalkStepCount":18},{"mCalorie":0.6800000071525574,"mDistance":10.119999885559082,"mNowHealthyStep":0,"mRunStepCount":0,"mSpeed":4.199999809265137,"mStartTime":0,"mStepCount":14,"mTimeUnit":600000,"mTotalActiveTime":8674.286010119393,"mWalkStepCount":14},{"mCalorie":7.319999843835831,"mDistance":110.06999683380127,"mNowHealthyStep":0,"mRunStepCount":0,"mSpeed":3.6140213012695312,"mStartTime":0,"mStepCount":153,"mTimeUnit":600000,"mTotalActiveTime":109642.95597375893,"mWalkStepCount":153},{"mCalorie":17.05999994277954,"mDistance":254.3499984741211,"mNowHealthyStep":0,"mRunStepCount":0,"mSpeed":3.7944161891937256,"mStartTime":0,"mStepCount":352,"mTimeUnit":600000,"mTotalActiveTime":241317.76160892923,"mWalkStepCount":352},{"mCalorie":0.0,"mDistance":0.0,"mNowHealthyStep":0,"mRunStepCount":0,"mSpeed":0.0,"mStartTime":0,"mStepCount":0,"mTimeUnit":600000,"mTotalActiveTime":0.0,"mWalkStepCount":0},{"mCalorie":0.47999998927116394,"mDistance":7.190000057220459,"mNowHealthyStep":0,"mRunStepCount":0,"mSpeed":4.0,"mStartTime":0,"mStepCount":10,"mTimeUnit":600000,"mTotalActiveTime":6471.000051498413,"mWalkStepCount":10},{"mCalorie":0.5299999713897705,"mDistance":8.220000267028809,"mNowHealthyStep":0,"mRunStepCount":0,"mSpeed":4.5,"mStartTime":0,"mStepCount":11,"mTimeUnit":600000,"mTotalActiveTime":6576.000213623047,"mWalkStepCount":11},{"mCalorie":0.0,"mDistance":0.0,"mNowHealthyStep":0,"mRunStepCount":0,"mSpeed":0.0,"mStartTime":0,"mStepCount":0,"mTimeUnit":600000,"mTotalActiveTime":0.0,"mWalkStepCount":0},{"mCalorie":0.7300000190734863,"mDistance":12.020000457763672,"mNowHealthyStep":0,"mRunStepCount":0,"mSpeed":4.655793190002441,"mStartTime":0,"mStepCount":16,"mTimeUnit":600000,"mTotalActiveTime":9294.22761751291,"mWalkStepCount":16},{"mCalorie":0.0,"mDistance":0.0,"mNowHealthyStep":0,"mRunStepCount":0,"mSpeed":0.0,"mStartTime":0,"mStepCount":0,"mTimeUnit":600000,"mTotalActiveTime":0.0,"mWalkStepCount":0},{"mCalorie":0.0,"mDistance":0.0,"mNowHealthyStep":0,"mRunStepCount":0,"mSpeed":0.0,"mStartTime":0,"mStepCount":0,"mTimeUnit":600000,"mTotalActiveTime":0.0,"mWalkStepCount":0},{"mCalorie":0.0,"mDistance":0.0,"mNowHealthyStep":0,"mRunStepCount":0,"mSpeed":0.0,"mStartTime":0,"mStepCount":0,"mTimeUnit":600000,"mTotalActiveTime":0.0,"mWalkStepCount":0},{"mCalorie":0.0,"mDistance":0.0,"mNowHealthyStep":0,"mRunStepCount":0,"mSpeed":0.0,"mStartTime":0,"mStepCount":0,"mTimeUnit":600000,"mTotalActiveTime":0.0,"mWalkStepCount":0},{"mCalorie":6.56000018119812,"mDistance":122.81000137329102,"mNowHealthyStep":0,"mRunStepCount":0,"mSpeed":5.185672760009766,"mStartTime":0,"mStepCount":160,"mTimeUnit":600000,"mTotalActiveTime":85257.21230609762,"mWalkStepCount":160},{"mCalorie":21.819999366998672,"mDistance":420.0100026130676,"mNowHealthyStep":0,"mRunStepCount":0,"mSpeed":5.862226963043213,"mStartTime":0,"mStepCount":532,"mTimeUnit":600000,"mTotalActiveTime":257928.59583539722,"mWalkStepCount":532},{"mCalorie":37.31999969482422,"mDistance":711.5699920654297,"mNowHealthyStep":0,"mRunStepCount":36,"mSpeed":6.56675386428833,"mStartTime":0,"mStepCount":872,"mTimeUnit":600000,"mTotalActiveTime":390094.1185481386,"mWalkStepCount":836},{"mCalorie":0.0,"mDistance":0.0,"mNowHealthyStep":0,"mRunStepCount":0,"mSpeed":0.0,"mStartTime":0,"mStepCount":0,"mTimeUnit":600000,"mTotalActiveTime":0.0,"mWalkStepCount":0},{"mCalorie":0.36000001430511475,"mDistance":6.189999580383301,"mNowHealthyStep":0,"mRunStepCount":0,"mSpeed":5.364603042602539,"mStartTime":0,"mStepCount":8,"mTimeUnit":600000,"mTotalActiveTime":4153.895136772172,"mWalkStepCount":8},{"mCalorie":16.930000126361847,"mDistance":324.9000024795532,"mNowHealthyStep":0,"mRunStepCount":0,"mSpeed":5.601817607879639,"mStartTime":0,"mStepCount":417,"mTimeUnit":600000,"mTotalActiveTime":208796.50904525857,"mWalkStepCount":417},{"mCalorie":0.0,"mDistance":0.0,"mNowHealthyStep":0,"mRunStepCount":0,"mSpeed":0.0,"mStartTime":0,"mStepCount":0,"mTimeUnit":600000,"mTotalActiveTime":0.0,"mWalkStepCount":0},{"mCalorie":0.0,"mDistance":0.0,"mNowHealthyStep":0,"mRunStepCount":0,"mSpeed":0.0,"mStartTime":0,"mStepCount":0,"mTimeUnit":600000,"mTotalActiveTime":0.0,"mWalkStepCount":0},{"mCalorie":21.909992814064026,"mDistance":415.65986824035645,"mNowHealthyStep":0,"mRunStepCount":0,"mSpeed":5.469673156738281,"mStartTime":0,"mStepCount":536,"mTimeUnit":600000,"mTotalActiveTime":273576.7776196788,"mWalkStepCount":536},{"mCalorie":0.8800000548362732,"mDistance":14.05000114440918,"mNowHealthyStep":0,"mRunStepCount":0,"mSpeed":4.150468349456787,"mStartTime":0,"mStepCount":19,"mTimeUnit":600000,"mTotalActiveTime":12186.577480224118,"mWalkStepCount":19},{"mCalorie":15.559993743896484,"mDistance":296.3199234008789,"mNowHealthyStep":0,"mRunStepCount":0,"mSpeed":5.357182025909424,"mStartTime":0,"mStepCount":384,"mTimeUnit":600000,"mTotalActiveTime":199125.54102518258,"mWalkStepCount":384},{"mCalorie":5.049996972084045,"mDistance":97.10990905761719,"mNowHealthyStep":0,"mRunStepCount":0,"mSpeed":5.329284191131592,"mStartTime":0,"mStepCount":126,"mTimeUnit":600000,"mTotalActiveTime":65598.99438382057,"mWalkStepCount":126},{"mCalorie":0.0,"mDistance":0.0,"mNowHealthyStep":0,"mRunStepCount":0,"mSpeed":0.0,"mStartTime":0,"mStepCount":0,"mTimeUnit":600000,"mTotalActiveTime":0.0,"mWalkStepCount":0},{"mCalorie":0.0,"mDistance":0.0,"mNowHealthyStep":0,"mRunStepCount":0,"mSpeed":0.0,"mStartTime":0,"mStepCount":0,"mTimeUnit":600000,"mTotalActiveTime":0.0,"mWalkStepCount":0},{"mCalorie":3.309999942779541,"mDistance":51.439998626708984,"mNowHealthyStep":0,"mRunStepCount":0,"mSpeed":4.073456764221191,"mStartTime":0,"mStepCount":70,"mTimeUnit":600000,"mTotalActiveTime":45461.1423990678,"mWalkStepCount":70},{"mCalorie":5.550000119954348,"mDistance":86.78000020980835,"mNowHealthyStep":0,"mRunStepCount":0,"mSpeed":4.528845310211182,"mStartTime":0,"mStepCount":114,"mTimeUnit":600000,"mTotalActiveTime":68981.8240963405,"mWalkStepCount":114},{"mCalorie":1.5799999833106995,"mDistance":26.329999923706055,"mNowHealthyStep":0,"mRunStepCount":0,"mSpeed":4.678508758544922,"mStartTime":0,"mStepCount":35,"mTimeUnit":600000,"mTotalActiveTime":20260.30179321591,"mWalkStepCount":35},{"mCalorie":0.0,"mDistance":0.0,"mNowHealthyStep":0,"mRunStepCount":0,"mSpeed":0.0,"mStartTime":0,"mStepCount":0,"mTimeUnit":600000,"mTotalActiveTime":0.0,"mWalkStepCount":0},{"mCalorie":0.0,"mDistance":0.0,"mNowHealthyStep":0,"mRunStepCount":0,"mSpeed":0.0,"mStartTime":0,"mStepCount":0,"mTimeUnit":600000,"mTotalActiveTime":0.0,"mWalkStepCount":0},{"mCalorie":0.0,"mDistance":0.0,"mNowHealthyStep":0,"mRunStepCount":0,"mSpeed":0.0,"mStartTime":0,"mStepCount":0,"mTimeUnit":600000,"mTotalActiveTime":0.0,"mWalkStepCount":0},{"mCalorie":0.0,"mDistance":0.0,"mNowHealthyStep":0,"mRunStepCount":0,"mSpeed":0.0,"mStartTime":0,"mStepCount":0,"mTimeUnit":600000,"mTotalActiveTime":0.0,"mWalkStepCount":0},{"mCalorie":0.0,"mDistance":0.0,"mNowHealthyStep":0,"mRunStepCount":0,"mSpeed":0.0,"mStartTime":0,"mStepCount":0,"mTimeUnit":600000,"mTotalActiveTime":0.0,"mWalkStepCount":0},{"mCalorie":0.0,"mDistance":0.0,"mNowHealthyStep":0,"mRunStepCount":0,"mSpeed":0.0,"mStartTime":0,"mStepCount":0,"mTimeUnit":600000,"mTotalActiveTime":0.0,"mWalkStepCount":0},{"mCalorie":0.0,"mDistance":0.0,"mNowHealthyStep":0,"mRunStepCount":0,"mSpeed":0.0,"mStartTime":0,"mStepCount":0,"mTimeUnit":600000,"mTotalActiveTime":0.0,"mWalkStepCount":0},{"mCalorie":0.0,"mDistance":0.0,"mNowHealthyStep":0,"mRunStepCount":0,"mSpeed":0.0,"mStartTime":0,"mStepCount":0,"mTimeUnit":600000,"mTotalActiveTime":0.0,"mWalkStepCount":0},{"mCalorie":0.0,"mDistance":0.0,"mNowHealthyStep":0,"mRunStepCount":0,"mSpeed":0.0,"mStartTime":0,"mStepCount":0,"mTimeUnit":600000,"mTotalActiveTime":0.0,"mWalkStepCount":0},{"mCalorie":0.0,"mDistance":0.0,"mNowHealthyStep":0,"mRunStepCount":0,"mSpeed":0.0,"mStartTime":0,"mStepCount":0,"mTimeUnit":600000,"mTotalActiveTime":0.0,"mWalkStepCount":0},{"mCalorie":0.0,"mDistance":0.0,"mNowHealthyStep":0,"mRunStepCount":0,"mSpeed":0.0,"mStartTime":0,"mStepCount":0,"mTimeUnit":600000,"mTotalActiveTime":0.0,"mWalkStepCount":0},{"mCalorie":0.0,"mDistance":0.0,"mNowHealthyStep":0,"mRunStepCount":0,"mSpeed":0.0,"mStartTime":0,"mStepCount":0,"mTimeUnit":600000,"mTotalActiveTime":0.0,"mWalkStepCount":0},{"mCalorie":0.0,"mDistance":0.0,"mNowHealthyStep":0,"mRunStepCount":0,"mSpeed":0.0,"mStartTime":0,"mStepCount":0,"mTimeUnit":600000,"mTotalActiveTime":0.0,"mWalkStepCount":0},{"mCalorie":0.0,"mDistance":0.0,"mNowHealthyStep":0,"mRunStepCount":0,"mSpeed":0.0,"mStartTime":0,"mStepCount":0,"mTimeUnit":600000,"mTotalActiveTime":0.0,"mWalkStepCount":0},{"mCalorie":0.0,"mDistance":0.0,"mNowHealthyStep":0,"mRunStepCount":0,"mSpeed":0.0,"mStartTime":0,"mStepCount":0,"mTimeUnit":600000,"mTotalActiveTime":0.0,"mWalkStepCount":0},{"mCalorie":0.0,"mDistance":0.0,"mNowHealthyStep":0,"mRunStepCount":0,"mSpeed":0.0,"mStartTime":0,"mStepCount":0,"mTimeUnit":600000,"mTotalActiveTime":0.0,"mWalkStepCount":0},{"mCalorie":2.14000004529953,"mDistance":34.739999771118164,"mNowHealthyStep":0,"mRunStepCount":0,"mSpeed":4.426407814025879,"mStartTime":0,"mStepCount":47,"mTimeUnit":600000,"mTotalActiveTime":28254.062668147253,"mWalkStepCount":47},{"mCalorie":0.0,"mDistance":0.0,"mNowHealthyStep":0,"mRunStepCount":0,"mSpeed":0.0,"mStartTime":0,"mStepCount":0,"mTimeUnit":600000,"mTotalActiveTime":0.0,"mWalkStepCount":0},{"mCalorie":0.0,"mDistance":0.0,"mNowHealthyStep":0,"mRunStepCount":0,"mSpeed":0.0,"mStartTime":0,"mStepCount":0,"mTimeUnit":600000,"mTotalActiveTime":0.0,"mWalkStepCount":0},{"mCalorie":0.0,"mDistance":0.0,"mNowHealthyStep":0,"mRunStepCount":0,"mSpeed":0.0,"mStartTime":0,"mStepCount":0,"mTimeUnit":600000,"mTotalActiveTime":0.0,"mWalkStepCount":0},{"mCalorie":0.0,"mDistance":0.0,"mNowHealthyStep":0,"mRunStepCount":0,"mSpeed":0.0,"mStartTime":0,"mStepCount":0,"mTimeUnit":600000,"mTotalActiveTime":0.0,"mWalkStepCount":0},{"mCalorie":0.0,"mDistance":0.0,"mNowHealthyStep":0,"mRunStepCount":0,"mSpeed":0.0,"mStartTime":0,"mStepCount":0,"mTimeUnit":600000,"mTotalActiveTime":0.0,"mWalkStepCount":0},{"mCalorie":0.0,"mDistance":0.0,"mNowHealthyStep":0,"mRunStepCount":0,"mSpeed":0.0,"mStartTime":0,"mStepCount":0,"mTimeUnit":600000,"mTotalActiveTime":0.0,"mWalkStepCount":0}]