[{"mCalorie":0.0,"mDistance":0.0,"mNowHealthyStep":0,"mRunStepCount":0,"mSpeed":0.0,"mStartTime":0,"mStepCount":0,"mTimeUnit":600000,"mTotalActiveTime":0.0,"mWalkStepCount":0},{"mCalorie":0.0,"mDistance":0.0,"mNowHealthyStep":0,"mRunStepCount":0,"mSpeed":0.0,"mStartTime":0,"mStepCount":0,"mTimeUnit":600000,"mTotalActiveTime":0.0,"mWalkStepCount":0},{"mCalorie":0.0,"mDistance":0.0,"mNowHealthyStep":0,"mRunStepCount":0,"mSpeed":0.0,"mStartTime":0,"mStepCount":0,"mTimeUnit":600000,"mTotalActiveTime":0.0,"mWalkStepCount":0},{"mCalorie":0.0,"mDistance":0.0,"mNowHealthyStep":0,"mRunStepCount":0,"mSpeed":0.0,"mStartTime":0,"mStepCount":0,"mTimeUnit":600000,"mTotalActiveTime":0.0,"mWalkStepCount":0},{"mCalorie":0.0,"mDistance":0.0,"mNowHealthyStep":0,"mRunStepCount":0,"mSpeed":0.0,"mStartTime":0,"mStepCount":0,"mTimeUnit":600000,"mTotalActiveTime":0.0,"mWalkStepCount":0},{"mCalorie":0.0,"mDistance":0.0,"mNowHealthyStep":0,"mRunStepCount":0,"mSpeed":0.0,"mStartTime":0,"mStepCount":0,"mTimeUnit":600000,"mTotalActiveTime":0.0,"mWalkStepCount":0},{"mCalorie":0.0,"mDistance":0.0,"mNowHealthyStep":0,"mRunStepCount":0,"mSpeed":0.0,"mStartTime":0,"mStepCount":0,"mTimeUnit":600000,"mTotalActiveTime":0.0,"mWalkStepCount":0},{"mCalorie":0.0,"mDistance":0.0,"mNowHealthyStep":0,"mRunStepCount":0,"mSpeed":0.0,"mStartTime":0,"mStepCount":0,"mTimeUnit":600000,"mTotalActiveTime":0.0,"mWalkStepCount":0},{"mCalorie":0.0,"mDistance":0.0,"mNowHealthyStep":0,"mRunStepCount":0,"mSpeed":0.0,"mStartTime":0,"mStepCount":0,"mTimeUnit":600000,"mTotalActiveTime":0.0,"mWalkStepCount":0},{"mCalorie":0.0,"mDistance":0.0,"mNowHealthyStep":0,"mRunStepCount":0,"mSpeed":0.0,"mStartTime":0,"mStepCount":0,"mTimeUnit":600000,"mTotalActiveTime":0.0,"mWalkStepCount":0},{"mCalorie":0.0,"mDistance":0.0,"mNowHealthyStep":0,"mRunStepCount":0,"mSpeed":0.0,"mStartTime":0,"mStepCount":0,"mTimeUnit":600000,"mTotalActiveTime":0.0,"mWalkStepCount":0},{"mCalorie":0.0,"mDistance":0.0,"mNowHealthyStep":0,"mRunStepCount":0,"mSpeed":0.0,"mStartTime":0,"mStepCount":0,"mTimeUnit":600000,"mTotalActiveTime":0.0,"mWalkStepCount":0},{"mCalorie":0.0,"mDistance":0.0,"mNowHealthyStep":0,"mRunStepCount":0,"mSpeed":0.0,"mStartTime":0,"mStepCount":0,"mTimeUnit":600000,"mTotalActiveTime":0.0,"mWalkStepCount":0},{"mCalorie":0.0,"mDistance":0.0,"mNowHealthyStep":0,"mRunStepCount":0,"mSpeed":0.0,"mStartTime":0,"mStepCount":0,"mTimeUnit":600000,"mTotalActiveTime":0.0,"mWalkStepCount":0},{"mCalorie":0.0,"mDistance":0.0,"mNowHealthyStep":0,"mRunStepCount":0,"mSpeed":0.0,"mStartTime":0,"mStepCount":0,"mTimeUnit":600000,"mTotalActiveTime":0.0,"mWalkStepCount":0},{"mCalorie":0.0,"mDistance":0.0,"mNowHealthyStep":0,"mRunStepCount":0,"mSpeed":0.0,"mStartTime":0,"mStepCount":0,"mTimeUnit":600000,"mTotalActiveTime":0.0,"mWalkStepCount":0},{"mCalorie":0.0,"mDistance":0.0,"mNowHealthyStep":0,"mRunStepCount":0,"mSpeed":0.0,"mStartTime":0,"mStepCount":0,"mTimeUnit":600000,"mTotalActiveTime":0.0,"mWalkStepCount":0},{"mCalorie":0.0,"mDistance":0.0,"mNowHealthyStep":0,"mRunStepCount":0,"mSpeed":0.0,"mStartTime":0,"mStepCount":0,"mTimeUnit":600000,"mTotalActiveTime":0.0,"mWalkStepCount":0},{"mCalorie":0.0,"mDistance":0.0,"mNowHealthyStep":0,"mRunStepCount":0,"mSpeed":0.0,"mStartTime":0,"mStepCount":0,"mTimeUnit":600000,"mTotalActiveTime":0.0,"mWalkStepCount":0},{"mCalorie":0.0,"mDistance":0.0,"mNowHealthyStep":0,"mRunStepCount":0,"mSpeed":0.0,"mStartTime":0,"mStepCount":0,"mTimeUnit":600000,"mTotalActiveTime":0.0,"mWalkStepCount":0},{"mCalorie":0.0,"mDistance":0.0,"mNowHealthyStep":0,"mRunStepCount":0,"mSpeed":0.0,"mStartTime":0,"mStepCount":0,"mTimeUnit":600000,"mTotalActiveTime":0.0,"mWalkStepCount":0},{"mCalorie":0.0,"mDistance":0.0,"mNowHealthyStep":0,"mRunStepCount":0,"mSpeed":0.0,"mStartTime":0,"mStepCount":0,"mTimeUnit":600000,"mTotalActiveTime":0.0,"mWalkStepCount":0},{"mCalorie":0.0,"mDistance":0.0,"mNowHealthyStep":0,"mRunStepCount":0,"mSpeed":0.0,"mStartTime":0,"mStepCount":0,"mTimeUnit":600000,"mTotalActiveTime":0.0,"mWalkStepCount":0},{"mCalorie":0.0,"mDistance":0.0,"mNowHealthyStep":0,"mRunStepCount":0,"mSpeed":0.0,"mStartTime":0,"mStepCount":0,"mTimeUnit":600000,"mTotalActiveTime":0.0,"mWalkStepCount":0},{"mCalorie":0.0,"mDistance":0.0,"mNowHealthyStep":0,"mRunStepCount":0,"mSpeed":0.0,"mStartTime":0,"mStepCount":0,"mTimeUnit":600000,"mTotalActiveTime":0.0,"mWalkStepCount":0},{"mCalorie":0.0,"mDistance":0.0,"mNowHealthyStep":0,"mRunStepCount":0,"mSpeed":0.0,"mStartTime":0,"mStepCount":0,"mTimeUnit":600000,"mTotalActiveTime":0.0,"mWalkStepCount":0},{"mCalorie":0.0,"mDistance":0.0,"mNowHealthyStep":0,"mRunStepCount":0,"mSpeed":0.0,"mStartTime":0,"mStepCount":0,"mTimeUnit":600000,"mTotalActiveTime":0.0,"mWalkStepCount":0},{"mCalorie":0.0,"mDistance":0.0,"mNowHealthyStep":0,"mRunStepCount":0,"mSpeed":0.0,"mStartTime":0,"mStepCount":0,"mTimeUnit":600000,"mTotalActiveTime":0.0,"mWalkStepCount":0},{"mCalorie":0.0,"mDistance":0.0,"mNowHealthyStep":0,"mRunStepCount":0,"mSpeed":0.0,"mStartTime":0,"mStepCount":0,"mTimeUnit":600000,"mTotalActiveTime":0.0,"mWalkStepCount":0},{"mCalorie":0.0,"mDistance":0.0,"mNowHealthyStep":0,"mRunStepCount":0,"mSpeed":0.0,"mStartTime":0,"mStepCount":0,"mTimeUnit":600000,"mTotalActiveTime":0.0,"mWalkStepCount":0},{"mCalorie":0.5,"mDistance":8.930000305175781,"mNowHealthyStep":0,"mRunStepCount":0,"mSpeed":4.400000095367432,"mStartTime":0,"mStepCount":12,"mTimeUnit":600000,"mTotalActiveTime":7306.3637276917425,"mWalkStepCount":12},{"mCalorie":0.6399999856948853,"mDistance":9.829999923706055,"mNowHealthyStep":0,"mRunStepCount":0,"mSpeed":4.657191753387451,"mStartTime":0,"mStepCount":13,"mTimeUnit":600000,"mTotalActiveTime":7598.570468910156,"mWalkStepCount":13},{"mCalorie":0.0,"mDistance":0.0,"mNowHealthyStep":0,"mRunStepCount":0,"mSpeed":0.0,"mStartTime":0,"mStepCount":0,"mTimeUnit":600000,"mTotalActiveTime":0.0,"mWalkStepCount":0},{"mCalorie":0.0,"mDistance":0.0,"mNowHealthyStep":0,"mRunStepCount":0,"mSpeed":0.0,"mStartTime":0,"mStepCount":0,"mTimeUnit":600000,"mTotalActiveTime":0.0,"mWalkStepCount":0},{"mCalorie":0.0,"mDistance":0.0,"mNowHealthyStep":0,"mRunStepCount":0,"mSpeed":0.0,"mStartTime":0,"mStepCount":0,"mTimeUnit":600000,"mTotalActiveTime":0.0,"mWalkStepCount":0},{"mCalorie":1.0,"mDistance":16.1899995803833,"mNowHealthyStep":0,"mRunStepCount":0,"mSpeed":3.64435076713562,"mStartTime":0,"mStepCount":22,"mTimeUnit":600000,"mTotalActiveTime":15992.972109322454,"mWalkStepCount":22},{"mCalorie":0.0,"mDistance":0.0,"mNowHealthyStep":0,"mRunStepCount":0,"mSpeed":0.0,"mStartTime":0,"mStepCount":0,"mTimeUnit":600000,"mTotalActiveTime":0.0,"mWalkStepCount":0},{"mCalorie":0.0,"mDistance":0.0,"mNowHealthyStep":0,"mRunStepCount":0,"mSpeed":0.0,"mStartTime":0,"mStepCount":0,"mTimeUnit":600000,"mTotalActiveTime":0.0,"mWalkStepCount":0},{"mCalorie":0.0,"mDistance":0.0,"mNowHealthyStep":0,"mRunStepCount":0,"mSpeed":0.0,"mStartTime":0,"mStepCount":0,"mTimeUnit":600000,"mTotalActiveTime":0.0,"mWalkStepCount":0},{"mCalorie":0.0,"mDistance":0.0,"mNowHealthyStep":0,"mRunStepCount":0,"mSpeed":0.0,"mStartTime":0,"mStepCount":0,"mTimeUnit":600000,"mTotalActiveTime":0.0,"mWalkStepCount":0},{"mCalorie":1.7299998998641968,"mDistance":25.81999969482422,"mNowHealthyStep":0,"mRunStepCount":0,"mSpeed":4.267080307006836,"mStartTime":0,"mStepCount":35,"mTimeUnit":600000,"mTotalActiveTime":21783.512897269284,"mWalkStepCount":35},{"mCalorie":14.35000017285347,"mDistance":212.9599986076355,"mNowHealthyStep":0,"mRunStepCount":0,"mSpeed":4.398662567138672,"mStartTime":0,"mStepCount":287,"mTimeUnit":600000,"mTotalActiveTime":174292.97172520758,"mWalkStepCount":287},{"mCalorie":1.6399999856948853,"mDistance":24.959999084472656,"mNowHealthyStep":0,"mRunStepCount":0,"mSpeed":4.693731307983398,"mStartTime":0,"mStepCount":33,"mTimeUnit":600000,"mTotalActiveTime":19143.830528021223,"mWalkStepCount":33},{"mCalorie":0.0,"mDistance":0.0,"mNowHealthyStep":0,"mRunStepCount":0,"mSpeed":0.0,"mStartTime":0,"mStepCount":0,"mTimeUnit":600000,"mTotalActiveTime":0.0,"mWalkStepCount":0},{"mCalorie":11.549999982118607,"mDistance":132.2300033569336,"mNowHealthyStep":0,"mRunStepCount":0,"mSpeed":4.61488676071167,"mStartTime":0,"mStepCount":189,"mTimeUnit":600000,"mTotalActiveTime":103150.5312205434,"mWalkStepCount":189},{"mCalorie":13.499999761581421,"mDistance":203.34000396728516,"mNowHealthyStep":0,"mRunStepCount":0,"mSpeed":4.735537528991699,"mStartTime":0,"mStepCount":270,"mTimeUnit":600000,"mTotalActiveTime":154580.98194680962,"mWalkStepCount":270},{"mCalorie":1.5000000596046448,"mDistance":22.11999797821045,"mNowHealthyStep":0,"mRunStepCount":0,"mSpeed":4.372152805328369,"mStartTime":0,"mStepCount":30,"mTimeUnit":600000,"mTotalActiveTime":18213.451464178575,"mWalkStepCount":30},{"mCalorie":0.4399999976158142,"mDistance":7.380000114440918,"mNowHealthyStep":0,"mRunStepCount":0,"mSpeed":6.8974714279174805,"mStartTime":0,"mStepCount":9,"mTimeUnit":600000,"mTotalActiveTime":3851.8463888742554,"mWalkStepCount":9},{"mCalorie":0.0,"mDistance":0.0,"mNowHealthyStep":0,"mRunStepCount":0,"mSpeed":0.0,"mStartTime":0,"mStepCount":0,"mTimeUnit":600000,"mTotalActiveTime":0.0,"mWalkStepCount":0},{"mCalorie":4.230000078678131,"mDistance":63.9399995803833,"mNowHealthyStep":0,"mRunStepCount":0,"mSpeed":4.767206192016602,"mStartTime":0,"mStepCount":85,"mTimeUnit":600000,"mTotalActiveTime":48284.88243886255,"mWalkStepCount":85},{"mCalorie":6.209999918937683,"mDistance":96.26999807357788,"mNowHealthyStep":0,"mRunStepCount":0,"mSpeed":5.327003002166748,"mStartTime":0,"mStepCount":125,"mTimeUnit":600000,"mTotalActiveTime":65059.47217435919,"mWalkStepCount":125},{"mCalorie":0.0,"mDistance":0.0,"mNowHealthyStep":0,"mRunStepCount":0,"mSpeed":0.0,"mStartTime":0,"mStepCount":0,"mTimeUnit":600000,"mTotalActiveTime":0.0,"mWalkStepCount":0},{"mCalorie":0.0,"mDistance":0.0,"mNowHealthyStep":0,"mRunStepCount":0,"mSpeed":0.0,"mStartTime":0,"mStepCount":0,"mTimeUnit":600000,"mTotalActiveTime":0.0,"mWalkStepCount":0},{"mCalorie":11.570000171661377,"mDistance":167.10999870300293,"mNowHealthyStep":0,"mRunStepCount":0,"mSpeed":5.045921802520752,"mStartTime":0,"mStepCount":234,"mTimeUnit":600000,"mTotalActiveTime":119224.19979770933,"mWalkStepCount":234},{"mCalorie":0.0,"mDistance":0.0,"mNowHealthyStep":0,"mRunStepCount":0,"mSpeed":0.0,"mStartTime":0,"mStepCount":0,"mTimeUnit":600000,"mTotalActiveTime":0.0,"mWalkStepCount":0},{"mCalorie":0.0,"mDistance":0.0,"mNowHealthyStep":0,"mRunStepCount":0,"mSpeed":0.0,"mStartTime":0,"mStepCount":0,"mTimeUnit":600000,"mTotalActiveTime":0.0,"mWalkStepCount":0},{"mCalorie":7.890000104904175,"mDistance":117.68000030517578,"mNowHealthyStep":0,"mRunStepCount":0,"mSpeed":4.343767166137695,"mStartTime":0,"mStepCount":159,"mTimeUnit":600000,"mTotalActiveTime":97530.09258988623,"mWalkStepCount":159},{"mCalorie":3.1100001335144043,"mDistance":44.73999786376953,"mNowHealthyStep":0,"mRunStepCount":0,"mSpeed":3.746246814727783,"mStartTime":0,"mStepCount":62,"mTimeUnit":600000,"mTotalActiveTime":42993.4278959871,"mWalkStepCount":62},{"mCalorie":4.230000019073486,"mDistance":65.59000015258789,"mNowHealthyStep":0,"mRunStepCount":0,"mSpeed":4.573623180389404,"mStartTime":0,"mStepCount":87,"mTimeUnit":600000,"mTotalActiveTime":51627.33783151683,"mWalkStepCount":87},{"mCalorie":1.85999995470047,"mDistance":28.90999984741211,"mNowHealthyStep":0,"mRunStepCount":0,"mSpeed":4.92357063293457,"mStartTime":0,"mStepCount":38,"mTimeUnit":600000,"mTotalActiveTime":21138.31841484079,"mWalkStepCount":38},{"mCalorie":8.459999948740005,"mDistance":125.16999816894531,"mNowHealthyStep":0,"mRunStepCount":0,"mSpeed":4.324035167694092,"mStartTime":0,"mStepCount":169,"mTimeUnit":600000,"mTotalActiveTime":104210.99489602243,"mWalkStepCount":169},{"mCalorie":0.6399999856948853,"mDistance":9.720000267028809,"mNowHealthyStep":0,"mRunStepCount":0,"mSpeed":4.700000286102295,"mStartTime":0,"mStepCount":13,"mTimeUnit":600000,"mTotalActiveTime":7445.106134306758,"mWalkStepCount":13},{"mCalorie":0.0,"mDistance":0.0,"mNowHealthyStep":0,"mRunStepCount":0,"mSpeed":0.0,"mStartTime":0,"mStepCount":0,"mTimeUnit":600000,"mTotalActiveTime":0.0,"mWalkStepCount":0},{"mCalorie":0.0,"mDistance":0.0,"mNowHealthyStep":0,"mRunStepCount":0,"mSpeed":0.0,"mStartTime":0,"mStepCount":0,"mTimeUnit":600000,"mTotalActiveTime":0.0,"mWalkStepCount":0},{"mCalorie":0.0,"mDistance":0.0,"mNowHealthyStep":0,"mRunStepCount":0,"mSpeed":0.0,"mStartTime":0,"mStepCount":0,"mTimeUnit":600000,"mTotalActiveTime":0.0,"mWalkStepCount":0},{"mCalorie":0.0,"mDistance":0.0,"mNowHealthyStep":0,"mRunStepCount":0,"mSpeed":0.0,"mStartTime":0,"mStepCount":0,"mTimeUnit":600000,"mTotalActiveTime":0.0,"mWalkStepCount":0},{"mCalorie":0.0,"mDistance":0.0,"mNowHealthyStep":0,"mRunStepCount":0,"mSpeed":0.0,"mStartTime":0,"mStepCount":0,"mTimeUnit":600000,"mTotalActiveTime":0.0,"mWalkStepCount":0},{"mCalorie":0.0,"mDistance":0.0,"mNowHealthyStep":0,"mRunStepCount":0,"mSpeed":0.0,"mStartTime":0,"mStepCount":0,"mTimeUnit":600000,"mTotalActiveTime":0.0,"mWalkStepCount":0},{"mCalorie":3.1700000166893005,"mDistance":47.29999923706055,"mNowHealthyStep":0,"mRunStepCount":0,"mSpeed":4.437151908874512,"mStartTime":0,"mStepCount":64,"mTimeUnit":600000,"mTotalActiveTime":38375.967031433036,"mWalkStepCount":64},{"mCalorie":1.6100000143051147,"mDistance":25.110000610351562,"mNowHealthyStep":0,"mRunStepCount":0,"mSpeed":5.600000381469727,"mStartTime":0,"mStepCount":33,"mTimeUnit":600000,"mTotalActiveTime":16142.14214991555,"mWalkStepCount":33},{"mCalorie":0.0,"mDistance":0.0,"mNowHealthyStep":0,"mRunStepCount":0,"mSpeed":0.0,"mStartTime":0,"mStepCount":0,"mTimeUnit":600000,"mTotalActiveTime":0.0,"mWalkStepCount":0},{"mCalorie":0.0,"mDistance":0.0,"mNowHealthyStep":0,"mRunStepCount":0,"mSpeed":0.0,"mStartTime":0,"mStepCount":0,"mTimeUnit":600000,"mTotalActiveTime":0.0,"mWalkStepCount":0},{"mCalorie":0.0,"mDistance":0.0,"mNowHealthyStep":0,"mRunStepCount":0,"mSpeed":0.0,"mStartTime":0,"mStepCount":0,"mTimeUnit":600000,"mTotalActiveTime":0.0,"mWalkStepCount":0},{"mCalorie":1.400000024586916,"mDistance":20.440000295639038,"mNowHealthyStep":0,"mRunStepCount":0,"mSpeed":3.9918980598449707,"mStartTime":0,"mStepCount":28,"mTimeUnit":600000,"mTotalActiveTime":18433.336555485177,"mWalkStepCount":28},{"mCalorie":0.0,"mDistance":0.0,"mNowHealthyStep":0,"mRunStepCount":0,"mSpeed":0.0,"mStartTime":0,"mStepCount":0,"mTimeUnit":600000,"mTotalActiveTime":0.0,"mWalkStepCount":0},{"mCalorie":11.069999992847443,"mDistance":164.9999966621399,"mNowHealthyStep":0,"mRunStepCount":0,"mSpeed":4.537026405334473,"mStartTime":0,"mStepCount":223,"mTimeUnit":600000,"mTotalActiveTime":130922.74952405428,"mWalkStepCount":223},{"mCalorie":0.49000000953674316,"mDistance":7.5,"mNowHealthyStep":0,"mRunStepCount":0,"mSpeed":4.5,"mStartTime":0,"mStepCount":10,"mTimeUnit":600000,"mTotalActiveTime":6000.0,"mWalkStepCount":10},{"mCalorie":0.3100000023841858,"mDistance":4.21999979019165,"mNowHealthyStep":0,"mRunStepCount":0,"mSpeed":3.200000286102295,"mStartTime":0,"mStepCount":6,"mTimeUnit":600000,"mTotalActiveTime":4747.499339506089,"mWalkStepCount":6},{"mCalorie":0.36000001430511475,"mDistance":4.909999847412109,"mNowHealthyStep":0,"mRunStepCount":0,"mSpeed":3.200000286102295,"mStartTime":0,"mStepCount":7,"mTimeUnit":600000,"mTotalActiveTime":5523.749334476948,"mWalkStepCount":7},{"mCalorie":7.490000128746033,"mDistance":111.5200023651123,"mNowHealthyStep":0,"mRunStepCount":0,"mSpeed":4.49692440032959,"mStartTime":0,"mStepCount":150,"mTimeUnit":600000,"mTotalActiveTime":89277.02035301091,"mWalkStepCount":150},{"mCalorie":0.0,"mDistance":0.0,"mNowHealthyStep":0,"mRunStepCount":0,"mSpeed":0.0,"mStartTime":0,"mStepCount":0,"mTimeUnit":600000,"mTotalActiveTime":0.0,"mWalkStepCount":0},{"mCalorie":0.0,"mDistance":0.0,"mNowHealthyStep":0,"mRunStepCount":0,"mSpeed":0.0,"mStartTime":0,"mStepCount":0,"mTimeUnit":600000,"mTotalActiveTime":0.0,"mWalkStepCount":0},{"mCalorie":0.0,"mDistance":0.0,"mNowHealthyStep":0,"mRunStepCount":0,"mSpeed":0.0,"mStartTime":0,"mStepCount":0,"mTimeUnit":600000,"mTotalActiveTime":0.0,"mWalkStepCount":0},{"mCalorie":0.0,"mDistance":0.0,"mNowHealthyStep":0,"mRunStepCount":0,"mSpeed":0.0,"mStartTime":0,"mStepCount":0,"mTimeUnit":600000,"mTotalActiveTime":0.0,"mWalkStepCount":0},{"mCalorie":0.0,"mDistance":0.0,"mNowHealthyStep":0,"mRunStepCount":0,"mSpeed":0.0,"mStartTime":0,"mStepCount":0,"mTimeUnit":600000,"mTotalActiveTime":0.0,"mWalkStepCount":0},{"mCalorie":0.0,"mDistance":0.0,"mNowHealthyStep":0,"mRunStepCount":0,"mSpeed":0.0,"mStartTime":0,"mStepCount":0,"mTimeUnit":600000,"mTotalActiveTime":0.0,"mWalkStepCount":0},{"mCalorie":0.0,"mDistance":0.0,"mNowHealthyStep":0,"mRunStepCount":0,"mSpeed":0.0,"mStartTime":0,"mStepCount":0,"mTimeUnit":600000,"mTotalActiveTime":0.0,"mWalkStepCount":0},{"mCalorie":0.0,"mDistance":0.0,"mNowHealthyStep":0,"mRunStepCount":0,"mSpeed":0.0,"mStartTime":0,"mStepCount":0,"mTimeUnit":600000,"mTotalActiveTime":0.0,"mWalkStepCount":0},{"mCalorie":0.0,"mDistance":0.0,"mNowHealthyStep":0,"mRunStepCount":0,"mSpeed":0.0,"mStartTime":0,"mStepCount":0,"mTimeUnit":600000,"mTotalActiveTime":0.0,"mWalkStepCount":0},{"mCalorie":12.080000102519989,"mDistance":181.1499900817871,"mNowHealthyStep":0,"mRunStepCount":0,"mSpeed":4.5703959465026855,"mStartTime":0,"mStepCount":241,"mTimeUnit":600000,"mTotalActiveTime":142687.844140973,"mWalkStepCount":241},{"mCalorie":3.7699997425079346,"mDistance":56.10000038146973,"mNowHealthyStep":0,"mRunStepCount":0,"mSpeed":4.100900173187256,"mStartTime":0,"mStepCount":76,"mTimeUnit":600000,"mTotalActiveTime":49247.725219332046,"mWalkStepCount":76},{"mCalorie":3.1899999156594276,"mDistance":47.0300018787384,"mNowHealthyStep":0,"mRunStepCount":0,"mSpeed":4.091797351837158,"mStartTime":0,"mStepCount":64,"mTimeUnit":600000,"mTotalActiveTime":41377.41724890043,"mWalkStepCount":64},{"mCalorie":0.9800000190734863,"mDistance":14.3100004196167,"mNowHealthyStep":0,"mRunStepCount":0,"mSpeed":4.199999809265137,"mStartTime":0,"mStepCount":20,"mTimeUnit":600000,"mTotalActiveTime":12265.715202409438,"mWalkStepCount":20},{"mCalorie":2.109999895095825,"mDistance":30.829999923706055,"mNowHealthyStep":0,"mRunStepCount":0,"mSpeed":4.400000095367432,"mStartTime":0,"mStepCount":42,"mTimeUnit":600000,"mTotalActiveTime":25224.54484539585,"mWalkStepCount":42},{"mCalorie":1.440000057220459,"mDistance":22.170000076293945,"mNowHealthyStep":0,"mRunStepCount":0,"mSpeed":5.099999904632568,"mStartTime":0,"mStepCount":29,"mTimeUnit":600000,"mTotalActiveTime":15649.412111196556,"mWalkStepCount":29},{"mCalorie":0.0,"mDistance":0.0,"mNowHealthyStep":0,"mRunStepCount":0,"mSpeed":0.0,"mStartTime":0,"mStepCount":0,"mTimeUnit":600000,"mTotalActiveTime":0.0,"mWalkStepCount":0},{"mCalorie":0.0,"mDistance":0.0,"mNowHealthyStep":0,"mRunStepCount":0,"mSpeed":0.0,"mStartTime":0,"mStepCount":0,"mTimeUnit":600000,"mTotalActiveTime":0.0,"mWalkStepCount":0},{"mCalorie":0.0,"mDistance":0.0,"mNowHealthyStep":0,"mRunStepCount":0,"mSpeed":0.0,"mStartTime":0,"mStepCount":0,"mTimeUnit":600000,"mTotalActiveTime":0.0,"mWalkStepCount":0},{"mCalorie":0.0,"mDistance":0.0,"mNowHealthyStep":0,"mRunStepCount":0,"mSpeed":0.0,"mStartTime":0,"mStepCount":0,"mTimeUnit":600000,"mTotalActiveTime":0.0,"mWalkStepCount":0},{"mCalorie":0.0,"mDistance":0.0,"mNowHealthyStep":0,"mRunStepCount":0,"mSpeed":0.0,"mStartTime":0,"mStepCount":0,"mTimeUnit":600000,"mTotalActiveTime":0.0,"mWalkStepCount":0},{"mCalorie":0.0,"mDistance":0.0,"mNowHealthyStep":0,"mRunStepCount":0,"mSpeed":0.0,"mStartTime":0,"mStepCount":0,"mTimeUnit":600000,"mTotalActiveTime":0.0,"mWalkStepCount":0},{"mCalorie":0.0,"mDistance":0.0,"mNowHealthyStep":0,"mRunStepCount":0,"mSpeed":0.0,"mStartTime":0,"mStepCount":0,"mTimeUnit":600000,"mTotalActiveTime":0.0,"mWalkStepCount":0},{"mCalorie":0.0,"mDistance":0.0,"mNowHealthyStep":0,"mRunStepCount":0,"mSpeed":0.0,"mStartTime":0,"mStepCount":0,"mTimeUnit":600000,"mTotalActiveTime":0.0,"mWalkStepCount":0},{"mCalorie":0.0,"mDistance":0.0,"mNowHealthyStep":0,"mRunStepCount":0,"mSpeed":0.0,"mStartTime":0,"mStepCount":0,"mTimeUnit":600000,"mTotalActiveTime":0.0,"mWalkStepCount":0},{"mCalorie":0.0,"mDistance":0.0,"mNowHealthyStep":0,"mRunStepCount":0,"mSpeed":0.0,"mStartTime":0,"mStepCount":0,"mTimeUnit":600000,"mTotalActiveTime":0.0,"mWalkStepCount":0},{"mCalorie":0.0,"mDistance":0.0,"mNowHealthyStep":0,"mRunStepCount":0,"mSpeed":0.0,"mStartTime":0,"mStepCount":0,"mTimeUnit":600000,"mTotalActiveTime":0.0,"mWalkStepCount":0},{"mCalorie":0.0,"mDistance":0.0,"mNowHealthyStep":0,"mRunStepCount":0,"mSpeed":0.0,"mStartTime":0,"mStepCount":0,"mTimeUnit":600000,"mTotalActiveTime":0.0,"mWalkStepCount":0},{"mCalorie":0.0,"mDistance":0.0,"mNowHealthyStep":0,"mRunStepCount":0,"mSpeed":0.0,"mStartTime":0,"mStepCount":0,"mTimeUnit":600000,"mTotalActiveTime":0.0,"mWalkStepCount":0},{"mCalorie":0.0,"mDistance":0.0,"mNowHealthyStep":0,"mRunStepCount":0,"mSpeed":0.0,"mStartTime":0,"mStepCount":0,"mTimeUnit":600000,"mTotalActiveTime":0.0,"mWalkStepCount":0},{"mCalorie":15.469996452331543,"mDistance":231.12000274658203,"mNowHealthyStep":0,"mRunStepCount":0,"mSpeed":4.575459003448486,"mStartTime":0,"mStepCount":309,"mTimeUnit":600000,"mTotalActiveTime":181846.67628273868,"mWalkStepCount":309},{"mCalorie":3.2999998331069946,"mDistance":50.370001792907715,"mNowHealthyStep":0,"mRunStepCount":0,"mSpeed":4.433178424835205,"mStartTime":0,"mStepCount":68,"mTimeUnit":600000,"mTotalActiveTime":40903.38631292499,"mWalkStepCount":68},{"mCalorie":5.079999923706055,"mDistance":77.85000133514404,"mNowHealthyStep":0,"mRunStepCount":0,"mSpeed":4.54057502746582,"mStartTime":0,"mStepCount":104,"mTimeUnit":600000,"mTotalActiveTime":61723.45820865823,"mWalkStepCount":104},{"mCalorie":3.130000114440918,"mDistance":48.65999984741211,"mNowHealthyStep":0,"mRunStepCount":0,"mSpeed":5.482270240783691,"mStartTime":0,"mStepCount":63,"mTimeUnit":600000,"mTotalActiveTime":31953.185235015022,"mWalkStepCount":63},{"mCalorie":1.0500000715255737,"mDistance":15.489999771118164,"mNowHealthyStep":0,"mRunStepCount":0,"mSpeed":4.650183200836182,"mStartTime":0,"mStepCount":21,"mTimeUnit":600000,"mTotalActiveTime":11991.78543460354,"mWalkStepCount":21},{"mCalorie":0.0,"mDistance":0.0,"mNowHealthyStep":0,"mRunStepCount":0,"mSpeed":0.0,"mStartTime":0,"mStepCount":0,"mTimeUnit":600000,"mTotalActiveTime":0.0,"mWalkStepCount":0},{"mCalorie":0.0,"mDistance":0.0,"mNowHealthyStep":0,"mRunStepCount":0,"mSpeed":0.0,"mStartTime":0,"mStepCount":0,"mTimeUnit":600000,"mTotalActiveTime":0.0,"mWalkStepCount":0},{"mCalorie":0.0,"mDistance":0.0,"mNowHealthyStep":0,"mRunStepCount":0,"mSpeed":0.0,"mStartTime":0,"mStepCount":0,"mTimeUnit":600000,"mTotalActiveTime":0.0,"mWalkStepCount":0},{"mCalorie":0.0,"mDistance":0.0,"mNowHealthyStep":0,"mRunStepCount":0,"mSpeed":0.0,"mStartTime":0,"mStepCount":0,"mTimeUnit":600000,"mTotalActiveTime":0.0,"mWalkStepCount":0},{"mCalorie":4.580000042915344,"mDistance":69.83999919891357,"mNowHealthyStep":0,"mRunStepCount":0,"mSpeed":4.296936988830566,"mStartTime":0,"mStepCount":94,"mTimeUnit":600000,"mTotalActiveTime":58512.378122262126,"mWalkStepCount":94},{"mCalorie":5.159999996423721,"mDistance":78.6799988746643,"mNowHealthyStep":0,"mRunStepCount":0,"mSpeed":4.8675689697265625,"mStartTime":0,"mStepCount":104,"mTimeUnit":600000,"mTotalActiveTime":58190.85342102931,"mWalkStepCount":104},{"mCalorie":6.009999871253967,"mDistance":88.1599988937378,"mNowHealthyStep":0,"mRunStepCount":0,"mSpeed":4.1898112297058105,"mStartTime":0,"mStepCount":120,"mTimeUnit":600000,"mTotalActiveTime":75749.4743182793,"mWalkStepCount":120},{"mCalorie":0.0,"mDistance":0.0,"mNowHealthyStep":0,"mRunStepCount":0,"mSpeed":0.0,"mStartTime":0,"mStepCount":0,"mTimeUnit":600000,"mTotalActiveTime":0.0,"mWalkStepCount":0},{"mCalorie":27.970000207424164,"mDistance":423.33000659942627,"mNowHealthyStep":0,"mRunStepCount":0,"mSpeed":4.785491943359375,"mStartTime":0,"mStepCount":560,"mTimeUnit":600000,"mTotalActiveTime":318460.0473549665,"mWalkStepCount":560},{"mCalorie":23.43000018596649,"mDistance":354.31999588012695,"mNowHealthyStep":0,"mRunStepCount":0,"mSpeed":4.885613918304443,"mStartTime":0,"mStepCount":469,"mTimeUnit":600000,"mTotalActiveTime":261083.2481822652,"mWalkStepCount":469},{"mCalorie":0.0,"mDistance":0.0,"mNowHealthyStep":0,"mRunStepCount":0,"mSpeed":0.0,"mStartTime":0,"mStepCount":0,"mTimeUnit":600000,"mTotalActiveTime":0.0,"mWalkStepCount":0},{"mCalorie":19.16999977827072,"mDistance":282.4699954986572,"mNowHealthyStep":0,"mRunStepCount":0,"mSpeed":4.235499858856201,"mStartTime":0,"mStepCount":383,"mTimeUnit":600000,"mTotalActiveTime":240087.8212172428,"mWalkStepCount":383},{"mCalorie":29.76000040769577,"mDistance":450.83999729156494,"mNowHealthyStep":0,"mRunStepCount":0,"mSpeed":4.768711090087891,"mStartTime":0,"mStepCount":596,"mTimeUnit":600000,"mTotalActiveTime":340348.5527737034,"mWalkStepCount":596},{"mCalorie":7.949999928474426,"mDistance":120.63999938964844,"mNowHealthyStep":0,"mRunStepCount":0,"mSpeed":4.890807151794434,"mStartTime":0,"mStepCount":159,"mTimeUnit":600000,"mTotalActiveTime":88800.0658612583,"mWalkStepCount":159},{"mCalorie":14.370000034570694,"mDistance":220.16999626159668,"mNowHealthyStep":0,"mRunStepCount":0,"mSpeed":5.04439640045166,"mStartTime":0,"mStepCount":288,"mTimeUnit":600000,"mTotalActiveTime":157127.22147548574,"mWalkStepCount":288},{"mCalorie":1.6799999475479126,"mDistance":25.290000915527344,"mNowHealthyStep":0,"mRunStepCount":0,"mSpeed":4.5,"mStartTime":0,"mStepCount":34,"mTimeUnit":600000,"mTotalActiveTime":20232.000732421875,"mWalkStepCount":34},{"mCalorie":1.949999988079071,"mDistance":28.810000896453857,"mNowHealthyStep":0,"mRunStepCount":0,"mSpeed":4.420444011688232,"mStartTime":0,"mStepCount":39,"mTimeUnit":600000,"mTotalActiveTime":23462.801406456332,"mWalkStepCount":39},{"mCalorie":0.0,"mDistance":0.0,"mNowHealthyStep":0,"mRunStepCount":0,"mSpeed":0.0,"mStartTime":0,"mStepCount":0,"mTimeUnit":600000,"mTotalActiveTime":0.0,"mWalkStepCount":0},{"mCalorie":0.0,"mDistance":0.0,"mNowHealthyStep":0,"mRunStepCount":0,"mSpeed":0.0,"mStartTime":0,"mStepCount":0,"mTimeUnit":600000,"mTotalActiveTime":0.0,"mWalkStepCount":0},{"mCalorie":0.0,"mDistance":0.0,"mNowHealthyStep":0,"mRunStepCount":0,"mSpeed":0.0,"mStartTime":0,"mStepCount":0,"mTimeUnit":600000,"mTotalActiveTime":0.0,"mWalkStepCount":0},{"mCalorie":0.0,"mDistance":0.0,"mNowHealthyStep":0,"mRunStepCount":0,"mSpeed":0.0,"mStartTime":0,"mStepCount":0,"mTimeUnit":600000,"mTotalActiveTime":0.0,"mWalkStepCount":0},{"mCalorie":0.0,"mDistance":0.0,"mNowHealthyStep":0,"mRunStepCount":0,"mSpeed":0.0,"mStartTime":0,"mStepCount":0,"mTimeUnit":600000,"mTotalActiveTime":0.0,"mWalkStepCount":0},{"mCalorie":0.0,"mDistance":0.0,"mNowHealthyStep":0,"mRunStepCount":0,"mSpeed":0.0,"mStartTime":0,"mStepCount":0,"mTimeUnit":600000,"mTotalActiveTime":0.0,"mWalkStepCount":0},{"mCalorie":2.740000009536743,"mDistance":40.739999771118164,"mNowHealthyStep":0,"mRunStepCount":0,"mSpeed":4.570943832397461,"mStartTime":0,"mStepCount":55,"mTimeUnit":600000,"mTotalActiveTime":32086.152895865518,"mWalkStepCount":55},{"mCalorie":0.6000000238418579,"mDistance":8.59000015258789,"mNowHealthyStep":0,"mRunStepCount":0,"mSpeed":3.700000047683716,"mStartTime":0,"mStepCount":12,"mTimeUnit":600000,"mTotalActiveTime":8357.837878590173,"mWalkStepCount":12},{"mCalorie":1.0499999523162842,"mDistance":15.310001373291016,"mNowHealthyStep":0,"mRunStepCount":0,"mSpeed":6.213353157043457,"mStartTime":0,"mStepCount":18,"mTimeUnit":600000,"mTotalActiveTime":8870.573352388341,"mWalkStepCount":18},{"mCalorie":11.029998689889908,"mDistance":165.39000391960144,"mNowHealthyStep":0,"mRunStepCount":0,"mSpeed":4.538637638092041,"mStartTime":0,"mStepCount":222,"mTimeUnit":600000,"mTotalActiveTime":131185.62945131352,"mWalkStepCount":222},{"mCalorie":20.019999474287033,"mDistance":285.3800070285797,"mNowHealthyStep":0,"mRunStepCount":0,"mSpeed":4.560471057891846,"mStartTime":0,"mStepCount":389,"mTimeUnit":600000,"mTotalActiveTime":225276.72521714098,"mWalkStepCount":389},{"mCalorie":17.03000009059906,"mDistance":254.42999458312988,"mNowHealthyStep":0,"mRunStepCount":0,"mSpeed":4.502644062042236,"mStartTime":0,"mStepCount":342,"mTimeUnit":600000,"mTotalActiveTime":203424.47928768245,"mWalkStepCount":342},{"mCalorie":17.059999644756317,"mDistance":232.5699987411499,"mNowHealthyStep":0,"mRunStepCount":0,"mSpeed":4.328795909881592,"mStartTime":0,"mStepCount":324,"mTimeUnit":600000,"mTotalActiveTime":193414.5124090296,"mWalkStepCount":324}]