[{"userProfilePK":82576128,"calendarDate":"2020-01-15","deviceId":3317189130,"updateTimestamp":"2020-01-15T23:09:00.0","vo2MaxValue":52.0,"fitnessAge":"20","fitnessAgeDescription":"2","analyzerMethod":5,"maxMet":14.963211059570312,"maxMetCategory":"GENERIC","calibratedData":0},{"userProfilePK":82576128,"calendarDate":"2020-01-16","deviceId":3317189130,"updateTimestamp":"2020-01-17T02:00:44.0","vo2MaxValue":52.0,"fitnessAge":"20","fitnessAgeDescription":"2","analyzerMethod":5,"maxMet":14.986465454101562,"maxMetCategory":"GENERIC","calibratedData":0},{"userProfilePK":82576128,"calendarDate":"2020-01-27","deviceId":3317189130,"updateTimestamp":"2020-01-27T05:00:00.0","vo2MaxValue":52.0,"fitnessAge":"20","fitnessAgeDescription":"1","analyzerMethod":5,"maxMet":14.87774658203125,"maxMetCategory":"GENERIC","calibratedData":0},{"userProfilePK":82576128,"calendarDate":"2020-02-15","deviceId":3317189130,"updateTimestamp":"2020-02-15T05:00:00.0","vo2MaxValue":52.0,"fitnessAge":"20","fitnessAgeDescription":"1","analyzerMethod":5,"maxMet":14.892898559570312,"maxMetCategory":"GENERIC","calibratedData":0},{"userProfilePK":82576128,"calendarDate":"2020-02-17","deviceId":3317189130,"updateTimestamp":"2020-02-17T05:00:00.0","vo2MaxValue":51.0,"fitnessAge":"20","fitnessAgeDescription":"1","analyzerMethod":5,"maxMet":14.705001831054688,"maxMetCategory":"GENERIC","calibratedData":0},{"userProfilePK":82576128,"calendarDate":"2020-02-19","deviceId":3317189130,"updateTimestamp":"2020-02-19T22:53:07.0","vo2MaxValue":52.0,"fitnessAge":"20","fitnessAgeDescription":"1","analyzerMethod":5,"maxMet":14.750152587890625,"maxMetCategory":"GENERIC","calibratedData":0},{"userProfilePK":82576128,"calendarDate":"2020-02-20","deviceId":3317189130,"updateTimestamp":"2020-02-21T00:02:33.0","vo2MaxValue":52.0,"fitnessAge":"20","fitnessAgeDescription":"1","analyzerMethod":5,"maxMet":14.750091552734375,"maxMetCategory":"GENERIC","calibratedData":0},{"userProfilePK":82576128,"calendarDate":"2020-02-25","deviceId":3317189130,"updateTimestamp":"2020-02-25T05:00:00.0","vo2MaxValue":52.0,"fitnessAge":"20","fitnessAgeDescription":"1","analyzerMethod":5,"maxMet":14.776275634765625,"maxMetCategory":"GENERIC","calibratedData":0},{"userProfilePK":82576128,"calendarDate":"2020-03-10","deviceId":3317189130,"updateTimestamp":"2020-03-10T04:00:00.0","vo2MaxValue":52.0,"fitnessAge":"20","fitnessAgeDescription":"1","analyzerMethod":5,"maxMet":14.778762817382812,"maxMetCategory":"GENERIC","calibratedData":0},{"userProfilePK":82576128,"calendarDate":"2020-03-11","deviceId":3317189130,"updateTimestamp":"2020-03-11T04:00:00.0","vo2MaxValue":52.0,"fitnessAge":"20","fitnessAgeDescription":"1","analyzerMethod":5,"maxMet":14.803634643554688,"maxMetCategory":"GENERIC","calibratedData":0},{"userProfilePK":82576128,"calendarDate":"2020-03-19","deviceId":3317189130,"updateTimestamp":"2020-03-19T04:00:00.0","vo2MaxValue":51.0,"fitnessAge":"20","fitnessAgeDescription":"1","analyzerMethod":5,"maxMet":14.438018798828125,"maxMetCategory":"GENERIC","calibratedData":0},{"userProfilePK":82576128,"calendarDate":"2020-03-20","deviceId":3317189130,"updateTimestamp":"2020-03-20T04:00:00.0","vo2MaxValue":46.0,"fitnessAge":"20","fitnessAgeDescription":"0","analyzerMethod":5,"maxMet":13.199020385742188,"maxMetCategory":"GENERIC","calibratedData":0},{"userProfilePK":82576128,"calendarDate":"2020-03-21","deviceId":3317189130,"updateTimestamp":"2020-03-21T04:00:00.0","vo2MaxValue":46.0,"fitnessAge":"20","fitnessAgeDescription":"1","analyzerMethod":5,"maxMet":13.276992797851562,"maxMetCategory":"GENERIC","calibratedData":0},{"userProfilePK":82576128,"calendarDate":"2020-03-22","deviceId":3317189130,"updateTimestamp":"2020-03-22T04:00:00.0","vo2MaxValue":47.0,"fitnessAge":"20","fitnessAgeDescription":"1","analyzerMethod":5,"maxMet":13.554336547851562,"maxMetCategory":"GENERIC","calibratedData":0},{"userProfilePK":82576128,"calendarDate":"2020-07-27","deviceId":3317189130,"updateTimestamp":"2020-07-27T04:00:01.0","vo2MaxValue":46.0,"fitnessAge":"20","fitnessAgeDescription":"1","analyzerMethod":5,"maxMet":13.260360717773438,"maxMetCategory":"GENERIC","calibratedData":0},{"userProfilePK":82576128,"calendarDate":"2020-08-01","deviceId":3317189130,"updateTimestamp":"2020-08-01T04:00:00.0","vo2MaxValue":46.0,"fitnessAge":"20","fitnessAgeDescription":"1","analyzerMethod":5,"maxMet":13.223709106445312,"maxMetCategory":"GENERIC","calibratedData":0},{"userProfilePK":82576128,"calendarDate":"2020-08-08","deviceId":3317189130,"updateTimestamp":"2020-08-08T04:16:58.0","vo2MaxValue":46.0,"fitnessAge":"20","fitnessAgeDescription":"1","analyzerMethod":5,"maxMet":13.26031494140625,"maxMetCategory":"GENERIC","calibratedData":0},{"userProfilePK":82576128,"calendarDate":"2020-08-08","deviceId":3317189130,"updateTimestamp":"2020-08-08T09:16:58.0","vo2MaxValue":47.0,"fitnessAge":"20","fitnessAgeDescription":"1","analyzerMethod":5,"maxMet":13.295089721679688,"maxMetCategory":"GENERIC","calibratedData":0},{"userProfilePK":82576128,"calendarDate":"2020-08-16","deviceId":3317189130,"updateTimestamp":"2020-08-16T04:20:30.0","vo2MaxValue":47.0,"fitnessAge":"20","fitnessAgeDescription":"1","analyzerMethod":5,"maxMet":13.420730590820312,"maxMetCategory":"GENERIC","calibratedData":0},{"userProfilePK":82576128,"calendarDate":"2020-08-16","deviceId":3317189130,"updateTimestamp":"2020-08-16T09:20:30.0","vo2MaxValue":47.0,"fitnessAge":"20","fitnessAgeDescription":"1","analyzerMethod":5,"maxMet":13.518356323242188,"maxMetCategory":"GENERIC","calibratedData":0},{"userProfilePK":82576128,"calendarDate":"2021-08-01","deviceId":3317189130,"updateTimestamp":"2021-08-01T04:11:52.0","vo2MaxValue":47.0,"fitnessAge":"26","fitnessAgeDescription":"1","analyzerMethod":5,"maxMet":13.525482177734375,"maxMetCategory":"GENERIC","calibratedData":0},{"userProfilePK":82576128,"calendarDate":"2021-08-01","deviceId":3317189130,"updateTimestamp":"2021-08-01T09:41:52.0","vo2MaxValue":47.0,"fitnessAge":"26","fitnessAgeDescription":"1","analyzerMethod":5,"maxMet":13.532501220703125,"maxMetCategory":"GENERIC","calibratedData":0},{"userProfilePK":82576128,"calendarDate":"2021-08-02","deviceId":3317189130,"updateTimestamp":"2021-08-02T04:11:52.0","vo2MaxValue":48.0,"fitnessAge":"25","fitnessAgeDescription":"1","analyzerMethod":5,"maxMet":13.57781982421875,"maxMetCategory":"GENERIC","calibratedData":0},{"userProfilePK":82576128,"calendarDate":"2021-08-02","deviceId":3317189130,"updateTimestamp":"2021-08-02T09:41:52.0","vo2MaxValue":48.0,"fitnessAge":"25","fitnessAgeDescription":"1","analyzerMethod":5,"maxMet":13.615753173828125,"maxMetCategory":"GENERIC","calibratedData":0},{"userProfilePK":82576128,"calendarDate":"2021-08-03","deviceId":3317189130,"updateTimestamp":"2021-08-03T04:11:53.0","vo2MaxValue":48.0,"fitnessAge":"25","fitnessAgeDescription":"1","analyzerMethod":5,"maxMet":13.617568969726562,"maxMetCategory":"GENERIC","calibratedData":0},{"userProfilePK":82576128,"calendarDate":"2021-08-03","deviceId":3317189130,"updateTimestamp":"2021-08-03T09:41:53.0","vo2MaxValue":48.0,"fitnessAge":"25","fitnessAgeDescription":"1","analyzerMethod":5,"maxMet":13.619293212890625,"maxMetCategory":"GENERIC","calibratedData":0},{"userProfilePK":82576128,"calendarDate":"2021-08-08","deviceId":3317189130,"updateTimestamp":"2021-08-08T04:28:43.0","vo2MaxValue":48.0,"fitnessAge":"25","fitnessAgeDescription":"1","analyzerMethod":5,"maxMet":13.621124267578125,"maxMetCategory":"GENERIC","calibratedData":0},{"userProfilePK":82576128,"calendarDate":"2021-08-08","deviceId":3317189130,"updateTimestamp":"2021-08-08T09:28:43.0","vo2MaxValue":48.0,"fitnessAge":"25","fitnessAgeDescription":"1","analyzerMethod":5,"maxMet":13.622787475585938,"maxMetCategory":"GENERIC","calibratedData":0},{"userProfilePK":82576128,"calendarDate":"2021-09-01","deviceId":3317189130,"updateTimestamp":"2021-09-02T00:22:20.0","vo2MaxValue":48.0,"fitnessAge":"24","fitnessAgeDescription":"1","analyzerMethod":5,"maxMet":13.657974243164062,"maxMetCategory":"GENERIC","calibratedData":0},{"userProfilePK":82576128,"calendarDate":"2021-09-01","deviceId":3317189130,"updateTimestamp":"2021-09-02T04:16:15.0","vo2MaxValue":48.0,"fitnessAge":"24","fitnessAgeDescription":"1","analyzerMethod":5,"maxMet":13.691390991210938,"maxMetCategory":"GENERIC","calibratedData":0},{"userProfilePK":82576128,"calendarDate":"2021-09-02","deviceId":3317189130,"updateTimestamp":"2021-09-02T09:16:15.0","vo2MaxValue":48.0,"fitnessAge":"24","fitnessAgeDescription":"1","analyzerMethod":5,"maxMet":13.72314453125,"maxMetCategory":"GENERIC","calibratedData":0},{"userProfilePK":82576128,"calendarDate":"2021-09-14","deviceId":3317189130,"updateTimestamp":"2021-09-14T04:16:16.0","vo2MaxValue":48.0,"fitnessAge":"25","fitnessAgeDescription":"1","analyzerMethod":5,"maxMet":13.639389038085938,"maxMetCategory":"GENERIC","calibratedData":0},{"userProfilePK":82576128,"calendarDate":"2021-09-14","deviceId":3317189130,"updateTimestamp":"2021-09-14T09:16:16.0","vo2MaxValue":47.0,"fitnessAge":"25","fitnessAgeDescription":"1","analyzerMethod":5,"maxMet":13.560745239257812,"maxMetCategory":"GENERIC","calibratedData":0},{"userProfilePK":82576128,"calendarDate":"2021-10-01","deviceId":3317189130,"updateTimestamp":"2021-10-01T04:16:17.0","vo2MaxValue":47.0,"fitnessAge":"25","fitnessAgeDescription":"1","analyzerMethod":5,"maxMet":13.551605224609375,"maxMetCategory":"GENERIC","calibratedData":0},{"userProfilePK":82576128,"calendarDate":"2021-10-01","deviceId":3317189130,"updateTimestamp":"2021-10-01T09:16:17.0","vo2MaxValue":47.0,"fitnessAge":"25","fitnessAgeDescription":"1","analyzerMethod":5,"maxMet":13.542922973632812,"maxMetCategory":"GENERIC","calibratedData":0},{"userProfilePK":82576128,"calendarDate":"2021-11-16","deviceId":3317189130,"updateTimestamp":"2021-11-16T12:56:40.0","vo2MaxValue":47.0,"fitnessAge":"25","fitnessAgeDescription":"1","analyzerMethod":5,"maxMet":13.559234619140625,"maxMetCategory":"GENERIC","calibratedData":0},{"userProfilePK":82576128,"calendarDate":"2021-11-16","deviceId":3317189130,"updateTimestamp":"2021-11-16T13:07:35.0","vo2MaxValue":48.0,"fitnessAge":"25","fitnessAgeDescription":"1","analyzerMethod":5,"maxMet":13.574508666992188,"maxMetCategory":"GENERIC","calibratedData":0},{"userProfilePK":82576128,"calendarDate":"2021-11-16","deviceId":3317189130,"updateTimestamp":"2021-11-16T13:21:35.0","vo2MaxValue":48.0,"fitnessAge":"25","fitnessAgeDescription":"1","analyzerMethod":5,"maxMet":13.58880615234375,"maxMetCategory":"GENERIC","calibratedData":0},{"userProfilePK":82576128,"calendarDate":"2021-11-16","deviceId":3317189130,"updateTimestamp":"2021-11-16T23:21:00.0","vo2MaxValue":48.0,"fitnessAge":"25","fitnessAgeDescription":"1","analyzerMethod":5,"maxMet":13.607757568359375,"maxMetCategory":"GENERIC","calibratedData":0},{"userProfilePK":82576128,"calendarDate":"2021-11-16","deviceId":3317189130,"updateTimestamp":"2021-11-17T05:05:41.0","vo2MaxValue":48.0,"fitnessAge":"25","fitnessAgeDescription":"1","analyzerMethod":5,"maxMet":13.641281127929688,"maxMetCategory":"GENERIC","calibratedData":0},{"userProfilePK":82576128,"calendarDate":"2021-11-17","deviceId":3317189130,"updateTimestamp":"2021-11-17T10:35:41.0","vo2MaxValue":48.0,"fitnessAge":"24","fitnessAgeDescription":"1","analyzerMethod":5,"maxMet":13.671188354492188,"maxMetCategory":"GENERIC","calibratedData":0},{"userProfilePK":82576128,"calendarDate":"2021-11-23","deviceId":3317189130,"updateTimestamp":"2021-11-23T13:25:10.0","vo2MaxValue":48.0,"fitnessAge":"24","fitnessAgeDescription":"1","analyzerMethod":5,"maxMet":13.672103881835938,"maxMetCategory":"GENERIC","calibratedData":0},{"userProfilePK":82576128,"calendarDate":"2021-11-23","deviceId":3317189130,"updateTimestamp":"2021-11-23T14:03:50.0","vo2MaxValue":48.0,"fitnessAge":"24","fitnessAgeDescription":"1","analyzerMethod":5,"maxMet":13.6729736328125,"maxMetCategory":"GENERIC","calibratedData":0},{"userProfilePK":82576128,"calendarDate":"2021-11-23","deviceId":3317189130,"updateTimestamp":"2021-11-23T23:34:00.0","vo2MaxValue":48.0,"fitnessAge":"24","fitnessAgeDescription":"1","analyzerMethod":5,"maxMet":13.673797607421875,"maxMetCategory":"GENERIC","calibratedData":0},{"userProfilePK":82576128,"calendarDate":"2021-11-23","deviceId":3317189130,"updateTimestamp":"2021-11-24T00:27:35.0","vo2MaxValue":48.0,"fitnessAge":"24","fitnessAgeDescription":"1","analyzerMethod":5,"maxMet":13.668624877929688,"maxMetCategory":"GENERIC","calibratedData":0},{"userProfilePK":82576128,"calendarDate":"2021-11-23","deviceId":3317189130,"updateTimestamp":"2021-11-24T00:59:55.0","vo2MaxValue":48.0,"fitnessAge":"24","fitnessAgeDescription":"1","analyzerMethod":5,"maxMet":13.663833618164062,"maxMetCategory":"GENERIC","calibratedData":0},{"userProfilePK":82576128,"calendarDate":"2021-11-23","deviceId":3317189130,"updateTimestamp":"2021-11-24T01:14:55.0","vo2MaxValue":48.0,"fitnessAge":"24","fitnessAgeDescription":"1","analyzerMethod":5,"maxMet":13.659393310546875,"maxMetCategory":"GENERIC","calibratedData":0},{"userProfilePK":82576128,"calendarDate":"2021-11-23","deviceId":3317189130,"updateTimestamp":"2021-11-24T05:05:43.0","vo2MaxValue":48.0,"fitnessAge":"24","fitnessAgeDescription":"1","analyzerMethod":5,"maxMet":13.6552734375,"maxMetCategory":"GENERIC","calibratedData":0},{"userProfilePK":82576128,"calendarDate":"2021-11-24","deviceId":3317189130,"updateTimestamp":"2021-11-24T10:35:43.0","vo2MaxValue":48.0,"fitnessAge":"24","fitnessAgeDescription":"1","analyzerMethod":5,"maxMet":13.651458740234375,"maxMetCategory":"GENERIC","calibratedData":0},{"userProfilePK":82576128,"calendarDate":"2021-11-30","deviceId":3317189130,"updateTimestamp":"2021-11-30T12:44:55.0","vo2MaxValue":48.0,"fitnessAge":"25","fitnessAgeDescription":"1","analyzerMethod":5,"maxMet":13.63787841796875,"maxMetCategory":"GENERIC","calibratedData":0},{"userProfilePK":82576128,"calendarDate":"2021-11-30","deviceId":3317189130,"updateTimestamp":"2021-11-30T12:59:35.0","vo2MaxValue":48.0,"fitnessAge":"25","fitnessAgeDescription":"1","analyzerMethod":5,"maxMet":13.624969482421875,"maxMetCategory":"GENERIC","calibratedData":0},{"userProfilePK":82576128,"calendarDate":"2021-11-30","deviceId":3317189130,"updateTimestamp":"2021-11-30T13:05:15.0","vo2MaxValue":48.0,"fitnessAge":"25","fitnessAgeDescription":"1","analyzerMethod":5,"maxMet":13.612701416015625,"maxMetCategory":"GENERIC","calibratedData":0},{"userProfilePK":82576128,"calendarDate":"2021-11-30","deviceId":3317189130,"updateTimestamp":"2021-11-30T23:48:00.0","vo2MaxValue":48.0,"fitnessAge":"25","fitnessAgeDescription":"1","analyzerMethod":5,"maxMet":13.639404296875,"maxMetCategory":"GENERIC","calibratedData":0},{"userProfilePK":82576128,"calendarDate":"2021-11-30","deviceId":3317189130,"updateTimestamp":"2021-12-01T00:15:50.0","vo2MaxValue":48.0,"fitnessAge":"24","fitnessAgeDescription":"1","analyzerMethod":5,"maxMet":13.66326904296875,"maxMetCategory":"GENERIC","calibratedData":0},{"userProfilePK":82576128,"calendarDate":"2021-11-30","deviceId":3317189130,"updateTimestamp":"2021-12-01T05:05:45.0","vo2MaxValue":48.0,"fitnessAge":"24","fitnessAgeDescription":"1","analyzerMethod":5,"maxMet":13.684600830078125,"maxMetCategory":"GENERIC","calibratedData":0},{"userProfilePK":82576128,"calendarDate":"2021-12-01","deviceId":3317189130,"updateTimestamp":"2021-12-01T10:35:45.0","vo2MaxValue":48.0,"fitnessAge":"24","fitnessAgeDescription":"1","analyzerMethod":5,"maxMet":13.703659057617188,"maxMetCategory":"GENERIC","calibratedData":0},{"userProfilePK":82576128,"calendarDate":"2022-02-08","deviceId":3317189130,"updateTimestamp":"2022-02-08T05:18:48.0","vo2MaxValue":48.0,"fitnessAge":"24","fitnessAgeDescription":"1","analyzerMethod":5,"maxMet":13.733291625976562,"maxMetCategory":"GENERIC","calibratedData":0},{"userProfilePK":82576128,"calendarDate":"2022-02-08","deviceId":3317189130,"updateTimestamp":"2022-02-08T10:18:48.0","vo2MaxValue":48.0,"fitnessAge":"23","fitnessAgeDescription":"1","analyzerMethod":5,"maxMet":13.75738525390625,"maxMetCategory":"GENERIC","calibratedData":0},{"userProfilePK":82576128,"calendarDate":"2022-02-13","deviceId":3317189130,"updateTimestamp":"2022-02-13T05:18:50.0","vo2MaxValue":48.0,"fitnessAge":"23","fitnessAgeDescription":"1","analyzerMethod":5,"maxMet":13.780471801757812,"maxMetCategory":"GENERIC","calibratedData":0},{"userProfilePK":82576128,"calendarDate":"2022-02-13","deviceId":3317189130,"updateTimestamp":"2022-02-13T10:18:50.0","vo2MaxValue":48.0,"fitnessAge":"23","fitnessAgeDescription":"1","analyzerMethod":5,"maxMet":13.802398681640625,"maxMetCategory":"GENERIC","calibratedData":0},{"userProfilePK":82576128,"calendarDate":"2022-02-28","deviceId":3317189130,"updateTimestamp":"2022-02-28T05:20:54.0","vo2MaxValue":49.0,"fitnessAge":"22","fitnessAgeDescription":"1","analyzerMethod":5,"maxMet":13.867477416992188,"maxMetCategory":"GENERIC","calibratedData":0},{"userProfilePK":82576128,"calendarDate":"2022-02-28","deviceId":3317189130,"updateTimestamp":"2022-02-28T10:20:54.0","vo2MaxValue":49.0,"fitnessAge":"22","fitnessAgeDescription":"1","analyzerMethod":5,"maxMet":13.927963256835938,"maxMetCategory":"GENERIC","calibratedData":0},{"userProfilePK":82576128,"calendarDate":"2022-03-30","deviceId":3317189130,"updateTimestamp":"2022-03-30T16:30:50.0","vo2MaxValue":49.0,"fitnessAge":"22","fitnessAgeDescription":"1","analyzerMethod":5,"maxMet":13.930923461914062,"maxMetCategory":"GENERIC","calibratedData":0},{"userProfilePK":82576128,"calendarDate":"2022-03-31","deviceId":3317189130,"updateTimestamp":"2022-03-31T04:21:01.0","vo2MaxValue":49.0,"fitnessAge":"21","fitnessAgeDescription":"1","analyzerMethod":5,"maxMet":13.9552001953125,"maxMetCategory":"GENERIC","calibratedData":0},{"userProfilePK":82576128,"calendarDate":"2022-03-31","deviceId":3317189130,"updateTimestamp":"2022-03-31T09:21:01.0","vo2MaxValue":49.0,"fitnessAge":"21","fitnessAgeDescription":"1","analyzerMethod":5,"maxMet":13.9769287109375,"maxMetCategory":"GENERIC","calibratedData":0},{"userProfilePK":82576128,"calendarDate":"2022-04-06","deviceId":3317189130,"updateTimestamp":"2022-04-06T11:36:04.0","vo2MaxValue":49.0,"fitnessAge":"21","fitnessAgeDescription":"1","analyzerMethod":5,"maxMet":13.999664306640625,"maxMetCategory":"GENERIC","calibratedData":0},{"userProfilePK":82576128,"calendarDate":"2022-04-17","deviceId":3317189130,"updateTimestamp":"2022-04-17T04:19:59.0","vo2MaxValue":49.0,"fitnessAge":"21","fitnessAgeDescription":"1","analyzerMethod":5,"maxMet":13.992202758789062,"maxMetCategory":"GENERIC","calibratedData":0},{"userProfilePK":82576128,"calendarDate":"2022-04-17","deviceId":3317189130,"updateTimestamp":"2022-04-17T09:20:00.0","vo2MaxValue":49.0,"fitnessAge":"21","fitnessAgeDescription":"1","analyzerMethod":5,"maxMet":13.985107421875,"maxMetCategory":"GENERIC","calibratedData":0},{"userProfilePK":82576128,"calendarDate":"2022-04-19","deviceId":3317189130,"updateTimestamp":"2022-04-19T22:31:40.0","vo2MaxValue":49.0,"fitnessAge":"21","fitnessAgeDescription":"1","analyzerMethod":5,"maxMet":13.996414184570312,"maxMetCategory":"GENERIC","calibratedData":0},{"userProfilePK":82576128,"calendarDate":"2022-04-19","deviceId":3317189130,"updateTimestamp":"2022-04-19T23:04:38.0","vo2MaxValue":49.0,"fitnessAge":"21","fitnessAgeDescription":"1","analyzerMethod":5,"maxMet":14.006698608398438,"maxMetCategory":"GENERIC","calibratedData":0},{"userProfilePK":82576128,"calendarDate":"2022-04-20","deviceId":3317189130,"updateTimestamp":"2022-04-20T23:22:07.0","sport":"WALKING","subSport":"GENERIC","vo2MaxValue":49.0,"fitnessAge":"22","fitnessAgeDescription":"1","analyzerMethod":5,"maxMet":13.90667724609375,"maxMetCategory":"GENERIC","calibratedData":1},{"userProfilePK":82576128,"calendarDate":"2022-05-24","deviceId":3317189130,"updateTimestamp":"2022-05-25T01:47:30.0","vo2MaxValue":49.0,"fitnessAge":"22","fitnessAgeDescription":"1","analyzerMethod":5,"maxMet":13.934219360351562,"maxMetCategory":"GENERIC","calibratedData":0},{"userProfilePK":82576128,"calendarDate":"2022-05-24","deviceId":3317189130,"updateTimestamp":"2022-05-25T04:11:43.0","vo2MaxValue":49.0,"fitnessAge":"21","fitnessAgeDescription":"1","analyzerMethod":5,"maxMet":13.96038818359375,"maxMetCategory":"GENERIC","calibratedData":0},{"userProfilePK":82576128,"calendarDate":"2022-05-25","deviceId":3317189130,"updateTimestamp":"2022-05-25T09:41:43.0","vo2MaxValue":49.0,"fitnessAge":"21","fitnessAgeDescription":"1","analyzerMethod":5,"maxMet":13.985244750976562,"maxMetCategory":"GENERIC","calibratedData":0},{"userProfilePK":82576128,"calendarDate":"2022-05-30","deviceId":3317189130,"updateTimestamp":"2022-05-30T04:11:44.0","vo2MaxValue":49.0,"fitnessAge":"21","fitnessAgeDescription":"1","analyzerMethod":5,"maxMet":13.992111206054688,"maxMetCategory":"GENERIC","calibratedData":0},{"userProfilePK":82576128,"calendarDate":"2022-05-30","deviceId":3317189130,"updateTimestamp":"2022-05-30T09:41:44.0","vo2MaxValue":49.0,"fitnessAge":"21","fitnessAgeDescription":"1","analyzerMethod":5,"maxMet":13.998626708984375,"maxMetCategory":"GENERIC","calibratedData":0},{"userProfilePK":82576128,"calendarDate":"2022-05-31","deviceId":3317189130,"updateTimestamp":"2022-05-31T04:11:45.0","vo2MaxValue":49.0,"fitnessAge":"21","fitnessAgeDescription":"2","analyzerMethod":5,"maxMet":14.052078247070312,"maxMetCategory":"GENERIC","calibratedData":0},{"userProfilePK":82576128,"calendarDate":"2022-05-31","deviceId":3317189130,"updateTimestamp":"2022-05-31T09:41:45.0","vo2MaxValue":49.0,"fitnessAge":"20","fitnessAgeDescription":"2","analyzerMethod":5,"maxMet":14.10260009765625,"maxMetCategory":"GENERIC","calibratedData":0},{"userProfilePK":82576128,"calendarDate":"2022-06-01","deviceId":3317189130,"updateTimestamp":"2022-06-01T04:11:45.0","vo2MaxValue":50.0,"fitnessAge":"20","fitnessAgeDescription":"2","analyzerMethod":5,"maxMet":14.17059326171875,"maxMetCategory":"GENERIC","calibratedData":0},{"userProfilePK":82576128,"calendarDate":"2022-06-01","deviceId":3317189130,"updateTimestamp":"2022-06-01T09:41:45.0","vo2MaxValue":50.0,"fitnessAge":"20","fitnessAgeDescription":"2","analyzerMethod":5,"maxMet":14.233489990234375,"maxMetCategory":"GENERIC","calibratedData":0},{"userProfilePK":82576128,"calendarDate":"2022-06-02","deviceId":3317189130,"updateTimestamp":"2022-06-02T13:05:30.0","vo2MaxValue":50.0,"fitnessAge":"20","fitnessAgeDescription":"2","analyzerMethod":5,"maxMet":14.267807006835938,"maxMetCategory":"GENERIC","calibratedData":0},{"userProfilePK":82576128,"calendarDate":"2022-06-02","deviceId":3317189130,"updateTimestamp":"2022-06-02T13:32:10.0","vo2MaxValue":50.0,"fitnessAge":"20","fitnessAgeDescription":"2","analyzerMethod":5,"maxMet":14.3004150390625,"maxMetCategory":"GENERIC","calibratedData":0},{"userProfilePK":82576128,"calendarDate":"2022-06-02","deviceId":3317189130,"updateTimestamp":"2022-06-02T13:44:55.0","vo2MaxValue":50.0,"fitnessAge":"20","fitnessAgeDescription":"2","analyzerMethod":5,"maxMet":14.331390380859375,"maxMetCategory":"GENERIC","calibratedData":0},{"userProfilePK":82576128,"calendarDate":"2022-06-02","deviceId":3317189130,"updateTimestamp":"2022-06-02T15:39:15.0","vo2MaxValue":50.0,"fitnessAge":"20","fitnessAgeDescription":"2","analyzerMethod":5,"maxMet":14.360824584960938,"maxMetCategory":"GENERIC","calibratedData":0},{"userProfilePK":82576128,"calendarDate":"2022-06-02","deviceId":3317189130,"updateTimestamp":"2022-06-02T16:46:25.0","vo2MaxValue":50.0,"fitnessAge":"20","fitnessAgeDescription":"2","analyzerMethod":5,"maxMet":14.388778686523438,"maxMetCategory":"GENERIC","calibratedData":0},{"userProfilePK":82576128,"calendarDate":"2022-06-02","deviceId":3317189130,"updateTimestamp":"2022-06-02T19:07:30.0","vo2MaxValue":50.0,"fitnessAge":"20","fitnessAgeDescription":"2","analyzerMethod":5,"maxMet":14.415328979492188,"maxMetCategory":"GENERIC","calibratedData":0},{"userProfilePK":82576128,"calendarDate":"2022-06-02","deviceId":3317189130,"updateTimestamp":"2022-06-03T01:10:30.0","vo2MaxValue":51.0,"fitnessAge":"20","fitnessAgeDescription":"2","analyzerMethod":5,"maxMet":14.465118408203125,"maxMetCategory":"GENERIC","calibratedData":0},{"userProfilePK":82576128,"calendarDate":"2022-06-02","deviceId":3317189130,"updateTimestamp":"2022-06-03T01:18:00.0","vo2MaxValue":51.0,"fitnessAge":"20","fitnessAgeDescription":"2","analyzerMethod":5,"maxMet":14.510986328125,"maxMetCategory":"GENERIC","calibratedData":0},{"userProfilePK":82576128,"calendarDate":"2022-06-02","deviceId":3317189130,"updateTimestamp":"2022-06-03T04:11:46.0","vo2MaxValue":51.0,"fitnessAge":"20","fitnessAgeDescription":"2","analyzerMethod":5,"maxMet":14.55322265625,"maxMetCategory":"GENERIC","calibratedData":0},{"userProfilePK":82576128,"calendarDate":"2022-06-03","deviceId":3317189130,"updateTimestamp":"2022-06-03T09:41:46.0","vo2MaxValue":51.0,"fitnessAge":"20","fitnessAgeDescription":"2","analyzerMethod":5,"maxMet":14.592117309570312,"maxMetCategory":"GENERIC","calibratedData":0}]