[{"orderNumber":117707664,"customerPONumber":"103618670265","emailAddress":"jayrajparmar009@gmail.com","orderType":"Fast Ship CA","orderStatus":"CLOSED","orderDate":"2019-12-02T16:44:32Z","orderTotal":366.11,"shippingAddress":{"customerName":"JAYRAJ PARMAR","phoneNumber":"12265059900","address1":"10 SABRINA DRIVE","zipCode":"M9R2J5","city":"ETOBICOKE","state":"ON","country":"CA"},"billingAddress":{"customerName":"Jayraj Parmar","phoneNumber":"12265059900","address1":"10 SABRINA DRIVE","zipCode":"M9R2J5","city":"ETOBICOKE","state":"ON","country":"CA"},"lines":[{"partNumber":"010-02174-01","customerPartNumber":"010-02174-01","itemDescription":"vivoactive 4, GPS, Wi-Fi, Shadow Gray/Silver, NA","quantity":1,"shippingAddress":{"customerName":"Jayraj Parmar","phoneNumber":"12265059900","address1":"10 SABRINA DRIVE","zipCode":"M9R2J5","city":"ETOBICOKE","state":"ON","country":"CA"},"shippingDetails":[{"trackingNumber":"1Z74W7R82052240896"}]},{"partNumber":"FREIGHT CHG","customerPartNumber":"FREIGHT CHG","itemDescription":"Non-reservable Freight","quantity":1,"shippingAddress":{"customerName":"Jayraj Parmar","phoneNumber":"12265059900","address1":"10 SABRINA DRIVE","zipCode":"M9R2J5","city":"ETOBICOKE","state":"ON","country":"CA"},"shippingDetails":[{"trackingNumber":"1Z74W7R82052240896"}]}],"promotions":[{}]}]