com.samsung.shealth.report,6212007,3
timezone,start_date,update_time,create_time,type,is_empty,version,deviceuuid,content,pkg_name,datauuid,compressed_content
America/Toronto,1575176400000,2019-12-13 20:40:15.219,2019-12-13 20:40:14.601,0,0,2,im26HRLwRA,X,com.sec.android.app.shealth,858067bd-f6eb-4edd-9bd6-28a3ee3f4f4a,858067bd-f6eb-4edd-9bd6-28a3ee3f4f4a.compressed_content.json,
America/Toronto,1578805200000,2020-01-19 20:34:41.076,2020-01-19 20:34:40.301,0,0,2,im26HRLwRA,X,com.sec.android.app.shealth,4aa99f9b-ae6d-4079-a986-3d78bf90df9b,4aa99f9b-ae6d-4079-a986-3d78bf90df9b.compressed_content.json,
America/Toronto,1582434000000,2020-03-01 20:52:21.382,2020-03-01 20:52:20.722,0,0,2,im26HRLwRA,X,com.sec.android.app.shealth,aff596cd-d2fa-4f35-865f-8a1e0003dada,aff596cd-d2fa-4f35-865f-8a1e0003dada.compressed_content.json,
America/Toronto,1586059200000,2020-04-12 20:05:15.416,2020-04-12 20:05:14.167,0,0,2,im26HRLwRA,X,com.sec.android.app.shealth,3ee86bd2-2ee2-40f3-b390-e93bcfbc717f,3ee86bd2-2ee2-40f3-b390-e93bcfbc717f.compressed_content.json,
America/Toronto,1589688000000,2020-05-24 19:35:16.747,2020-05-24 19:35:15.526,0,0,2,im26HRLwRA,X,com.sec.android.app.shealth,23ab6d3e-4c9a-417e-b23b-3b19d30e42e7,23ab6d3e-4c9a-417e-b23b-3b19d30e42e7.compressed_content.json,
America/Toronto,1593316800000,2020-07-06 19:35:29.794,2020-07-05 19:36:23.257,0,0,2,im26HRLwRA,X,com.sec.android.app.shealth,efd2a68e-1335-4c8d-b5b9-7d18fd343e93,efd2a68e-1335-4c8d-b5b9-7d18fd343e93.compressed_content.json,
America/Toronto,1596945600000,2020-08-16 19:41:03.061,2020-08-16 19:41:01.903,0,0,2,im26HRLwRA,X,com.sec.android.app.shealth,74b971e0-44b9-4369-9c5f-d99bc3c9d729,74b971e0-44b9-4369-9c5f-d99bc3c9d729.compressed_content.json,
America/Toronto,1575781200000,2019-12-16 20:36:15.406,2019-12-15 20:42:41.304,0,0,2,im26HRLwRA,X,com.sec.android.app.shealth,d256d65a-4ed9-4ae9-90f9-550b9cbd1ce4,d256d65a-4ed9-4ae9-90f9-550b9cbd1ce4.compressed_content.json,
America/Toronto,1579410000000,2020-01-27 20:47:31.943,2020-01-26 20:52:56.793,0,0,2,im26HRLwRA,X,com.sec.android.app.shealth,a24cd835-bef3-409d-9ca2-fabfea625c2c,a24cd835-bef3-409d-9ca2-fabfea625c2c.compressed_content.json,
America/Toronto,1600574400000,2020-09-28 19:55:44.531,2020-09-27 19:54:39.920,0,0,2,im26HRLwRA,X,com.sec.android.app.shealth,990a8929-64ec-4d89-87f7-75fdc9e7a29d,990a8929-64ec-4d89-87f7-75fdc9e7a29d.compressed_content.json,
America/Toronto,1604203200000,2020-11-09 20:34:44.619,2020-11-08 20:37:29.540,0,0,2,im26HRLwRA,X,com.sec.android.app.shealth,193b0b1b-bf55-412e-baae-e3b5dc66043c,193b0b1b-bf55-412e-baae-e3b5dc66043c.compressed_content.json,
America/Toronto,1583038800000,2020-03-08 19:34:35.438,2020-03-08 19:34:34.595,0,0,2,im26HRLwRA,X,com.sec.android.app.shealth,f5c38de1-470d-43a1-a7cf-a68c62568bd2,f5c38de1-470d-43a1-a7cf-a68c62568bd2.compressed_content.json,
America/Toronto,1607835600000,2020-12-22 20:37:30.402,2020-12-20 20:34:36.226,0,0,2,im26HRLwRA,X,com.sec.android.app.shealth,edb77d33-698c-439d-97d8-a4c586e09da2,edb77d33-698c-439d-97d8-a4c586e09da2.compressed_content.json,
America/Toronto,1586664000000,2020-04-19 19:36:47.687,2020-04-19 19:35:53.068,0,0,2,im26HRLwRA,X,com.sec.android.app.shealth,ab2691ee-a099-4ae2-8889-63e4df57f9e3,ab2691ee-a099-4ae2-8889-63e4df57f9e3.compressed_content.json,
America/Toronto,1576386000000,2019-12-22 20:51:40.563,2019-12-22 20:51:39.577,0,0,2,im26HRLwRA,X,com.sec.android.app.shealth,8abfd272-407b-4655-8fc8-cb64ea4ad866,8abfd272-407b-4655-8fc8-cb64ea4ad866.compressed_content.json,
America/Toronto,1611464400000,2021-01-31 20:35:45.439,2021-01-31 20:35:44.353,0,0,2,im26HRLwRA,X,com.sec.android.app.shealth,2c8b6d04-e794-4c1e-9dda-4b6b183fe548,2c8b6d04-e794-4c1e-9dda-4b6b183fe548.compressed_content.json,
America/Toronto,1580014800000,2020-02-02 20:35:26.588,2020-02-02 20:35:25.719,0,0,2,im26HRLwRA,X,com.sec.android.app.shealth,a39010b5-18e4-46fb-9477-433cf3382cd1,a39010b5-18e4-46fb-9477-433cf3382cd1.compressed_content.json,
America/Toronto,1590292800000,2020-05-31 19:48:05.764,2020-05-31 19:48:04.613,0,0,2,im26HRLwRA,X,com.sec.android.app.shealth,bd8e78a4-e6f5-4887-a597-8304a43f34a5,bd8e78a4-e6f5-4887-a597-8304a43f34a5.compressed_content.json,
America/Toronto,1583643600000,2020-03-15 19:34:44.363,2020-03-15 19:34:43.522,0,0,2,im26HRLwRA,X,com.sec.android.app.shealth,aa6b09bb-42f0-4c7a-b1d9-d8021206dbba,aa6b09bb-42f0-4c7a-b1d9-d8021206dbba.compressed_content.json,
America/Toronto,1616904000000,2021-04-04 19:35:47.517,2021-04-04 19:35:46.821,0,0,2,im26HRLwRA,X,com.sec.android.app.shealth,bd13395e-db61-4280-bf03-6834158112c1,bd13395e-db61-4280-bf03-6834158112c1.compressed_content.json,
America/Toronto,1593921600000,2020-07-13 19:35:34.178,2020-07-12 19:38:17.974,0,0,2,im26HRLwRA,X,com.sec.android.app.shealth,4a5fa374-3f1c-4756-a3b0-897eb1973d72,4a5fa374-3f1c-4756-a3b0-897eb1973d72.compressed_content.json,
America/Toronto,1587268800000,2020-04-27 19:35:00.720,2020-04-26 19:57:16.360,0,0,2,im26HRLwRA,X,com.sec.android.app.shealth,b2e30d91-251d-4b87-b34a-0748a296bd8b,b2e30d91-251d-4b87-b34a-0748a296bd8b.compressed_content.json,
America/Toronto,1597550400000,2020-08-24 19:34:42.561,2020-08-23 19:38:40.562,0,0,2,im26HRLwRA,X,com.sec.android.app.shealth,bcebd996-7933-4b6f-9982-d57f0108b7bd,bcebd996-7933-4b6f-9982-d57f0108b7bd.compressed_content.json,
America/Toronto,1620532800000,2021-05-16 19:37:39.413,2021-05-16 19:37:38.496,0,0,2,im26HRLwRA,X,com.sec.android.app.shealth,07d56de6-0da9-4a2c-9ddb-9c087df75af2,07d56de6-0da9-4a2c-9ddb-9c087df75af2.compressed_content.json,
America/Toronto,1590897600000,2020-06-07 19:37:11.747,2020-06-07 19:37:10.458,0,0,2,im26HRLwRA,X,com.sec.android.app.shealth,a7a973f1-dfd8-4fb6-ad4b-cb606bb6fecb,a7a973f1-dfd8-4fb6-ad4b-cb606bb6fecb.compressed_content.json,
America/Toronto,1624161600000,2021-06-27 19:35:12.670,2021-06-27 19:35:12.027,0,0,2,im26HRLwRA,X,com.sec.android.app.shealth,04f37c13-3d72-4788-a78e-f4f44fcce786,04f37c13-3d72-4788-a78e-f4f44fcce786.compressed_content.json,
America/Toronto,1601179200000,2020-10-05 19:39:02.573,2020-10-04 19:38:22.229,0,0,2,im26HRLwRA,X,com.sec.android.app.shealth,cece592c-eaf7-4fa5-974b-9bafc99f5d5e,cece592c-eaf7-4fa5-974b-9bafc99f5d5e.compressed_content.json,
America/Toronto,1627790400000,2021-08-09 19:34:49.134,2021-08-08 20:07:12.729,0,0,2,im26HRLwRA,X,com.sec.android.app.shealth,b2da28c5-2d9a-474f-b2c8-bc2030d3d28c,b2da28c5-2d9a-474f-b2c8-bc2030d3d28c.compressed_content.json,
America/Toronto,1594526400000,2020-07-20 19:35:29.788,2020-07-19 19:34:36.903,0,0,2,im26HRLwRA,X,com.sec.android.app.shealth,39829b38-a47f-4fdd-a8f4-004e61828c9f,39829b38-a47f-4fdd-a8f4-004e61828c9f.compressed_content.json,
America/Toronto,1604811600000,2020-11-16 20:36:08.143,2020-11-15 20:34:38.093,0,0,2,im26HRLwRA,X,com.sec.android.app.shealth,b829754b-3b9d-449e-bb00-103b3e6be28a,b829754b-3b9d-449e-bb00-103b3e6be28a.compressed_content.json,
America/Toronto,1631419200000,2021-09-19 19:35:32.153,2021-09-19 19:35:16.716,0,0,2,im26HRLwRA,X,com.sec.android.app.shealth,0b4c9322-fe4a-480e-b5fb-28062b4f9f54,0b4c9322-fe4a-480e-b5fb-28062b4f9f54.compressed_content.json,
America/Toronto,1598155200000,2020-08-31 19:43:35.173,2020-08-30 19:46:09.848,0,0,2,im26HRLwRA,X,com.sec.android.app.shealth,c26540b6-7463-46a0-8ecf-3984312e6f9d,c26540b6-7463-46a0-8ecf-3984312e6f9d.compressed_content.json,
America/Toronto,1608440400000,2020-12-28 20:57:00.946,2020-12-27 20:34:36.162,0,0,2,im26HRLwRA,X,com.sec.android.app.shealth,6a73ab53-46c1-44a2-83b4-9db5173bf8c6,6a73ab53-46c1-44a2-83b4-9db5173bf8c6.compressed_content.json,
America/Toronto,1601784000000,2020-10-11 19:34:49.340,2020-10-11 19:34:38.999,0,0,2,im26HRLwRA,X,com.sec.android.app.shealth,56d7818c-f266-45a1-9678-42886f656780,56d7818c-f266-45a1-9678-42886f656780.compressed_content.json,
America/Toronto,1612069200000,2021-02-07 20:36:43.663,2021-02-07 20:36:42.954,0,0,2,im26HRLwRA,X,com.sec.android.app.shealth,02dab4bc-6b50-4507-b4d5-b64ed56a7cb7,02dab4bc-6b50-4507-b4d5-b64ed56a7cb7.compressed_content.json,
America/Toronto,1635048000000,2021-10-31 20:06:07.926,2021-10-31 20:06:06.525,0,0,2,im26HRLwRA,X,com.sec.android.app.shealth,8d011da9-f723-4da2-963f-2098d180ca92,8d011da9-f723-4da2-963f-2098d180ca92.compressed_content.json,
America/Toronto,1605416400000,2020-11-22 20:38:03.373,2020-11-22 20:38:02.505,0,0,2,im26HRLwRA,X,com.sec.android.app.shealth,44b65e9b-cce6-44c6-a0b3-8d61369e47d2,44b65e9b-cce6-44c6-a0b3-8d61369e47d2.compressed_content.json,
America/Toronto,1617508800000,2021-04-16 19:36:51.951,2021-04-16 19:36:51.265,0,0,2,im26HRLwRA,X,com.sec.android.app.shealth,82953229-0f88-486d-8db9-2ccf962a7053,82953229-0f88-486d-8db9-2ccf962a7053.compressed_content.json,
America/Toronto,1609045200000,2021-01-05 20:40:25.838,2021-01-03 20:35:05.666,0,0,2,im26HRLwRA,X,com.sec.android.app.shealth,1fb3a9ce-0053-4313-9493-148bc7e8cb23,1fb3a9ce-0053-4313-9493-148bc7e8cb23.compressed_content.json,
America/Toronto,1638680400000,2021-12-12 20:37:57.758,2021-12-12 20:37:56.050,0,0,2,im26HRLwRA,X,com.sec.android.app.shealth,8b6d2b8c-5a00-4fb1-8db5-7d6e5c76993b,8b6d2b8c-5a00-4fb1-8db5-7d6e5c76993b.compressed_content.json,
America/Toronto,1621137600000,2021-05-23 19:34:49.073,2021-05-23 19:34:48.115,0,0,2,im26HRLwRA,X,com.sec.android.app.shealth,ff2e21ab-f116-4c6f-9e57-42d92d5d1367,ff2e21ab-f116-4c6f-9e57-42d92d5d1367.compressed_content.json,
America/Toronto,1612674000000,2021-02-14 20:34:36.730,2021-02-14 20:34:36.053,0,0,2,im26HRLwRA,X,com.sec.android.app.shealth,fe75c3d8-c60c-4824-9605-c0aaa6daa972,fe75c3d8-c60c-4824-9605-c0aaa6daa972.compressed_content.json,
America/Toronto,1642309200000,2022-01-23 20:34:43.210,2022-01-23 20:34:41.777,0,0,2,im26HRLwRA,X,com.sec.android.app.shealth,a36e748e-89a4-4d51-a3a3-bbb42b34c6fe,a36e748e-89a4-4d51-a3a3-bbb42b34c6fe.compressed_content.json,
America/Toronto,1618113600000,2021-04-18 20:04:02.175,2021-04-18 20:04:01.361,0,0,2,im26HRLwRA,X,com.sec.android.app.shealth,8b291538-6e1f-4ba7-b50c-de14fb49ae0c,8b291538-6e1f-4ba7-b50c-de14fb49ae0c.compressed_content.json,
America/Toronto,1645938000000,2022-03-06 20:56:12.810,2022-03-06 20:56:11.057,0,0,2,im26HRLwRA,X,com.sec.android.app.shealth,90e0e6c7-9aff-4d29-8586-b99c6a7df583,90e0e6c7-9aff-4d29-8586-b99c6a7df583.compressed_content.json,
America/Toronto,1624766400000,2021-07-04 19:35:11.519,2021-07-04 19:35:10.516,0,0,2,im26HRLwRA,X,com.sec.android.app.shealth,3ef282f9-f2a2-4761-9966-cc5b41176cc5,3ef282f9-f2a2-4761-9966-cc5b41176cc5.compressed_content.json,
America/Toronto,1621742400000,2021-05-30 19:34:35.398,2021-05-30 19:34:34.459,0,0,2,im26HRLwRA,X,com.sec.android.app.shealth,04878687-74ea-4e03-ac25-77118b0fecb3,04878687-74ea-4e03-ac25-77118b0fecb3.compressed_content.json,
America/Toronto,1649563200000,2022-04-17 19:35:28.936,2022-04-17 19:35:27.103,0,0,2,im26HRLwRA,X,com.sec.android.app.shealth,b63c9e98-d98b-4652-87a6-f36504575962,b63c9e98-d98b-4652-87a6-f36504575962.compressed_content.json,
America/Toronto,1625371200000,2021-07-11 19:35:33.107,2021-07-11 19:35:32.116,0,0,2,im26HRLwRA,X,com.sec.android.app.shealth,2bae4d4b-d35e-4c0b-b6e8-761231c410e7,2bae4d4b-d35e-4c0b-b6e8-761231c410e7.compressed_content.json,
America/Toronto,1628395200000,2021-08-15 19:35:19.430,2021-08-15 19:35:18.842,0,0,2,im26HRLwRA,X,com.sec.android.app.shealth,131e84f3-1661-410e-a60b-3ac0cd6ac0f9,131e84f3-1661-410e-a60b-3ac0cd6ac0f9.compressed_content.json,
America/Toronto,1576990800000,2019-12-29 20:34:36.068,2019-12-29 20:34:35.331,0,0,2,im26HRLwRA,X,com.sec.android.app.shealth,46151c57-aa4f-4869-9b31-6a5d16168511,46151c57-aa4f-4869-9b31-6a5d16168511.compressed_content.json,
America/Toronto,1629000000000,2021-08-22 19:35:53.420,2021-08-22 19:35:52.325,0,0,2,im26HRLwRA,X,com.sec.android.app.shealth,bf4795ab-e7cb-4075-b59d-41aaccbb22f2,bf4795ab-e7cb-4075-b59d-41aaccbb22f2.compressed_content.json,
America/Toronto,1632024000000,2021-09-27 19:35:40.587,2021-09-27 19:35:38.177,0,0,2,im26HRLwRA,X,com.sec.android.app.shealth,ace9a521-c8fc-4120-95c6-9f89059b7108,ace9a521-c8fc-4120-95c6-9f89059b7108.compressed_content.json,
America/Toronto,1580619600000,2020-02-09 20:56:15.516,2020-02-09 20:56:14.776,0,0,2,im26HRLwRA,X,com.sec.android.app.shealth,5ac2486b-eb12-4870-8295-5913dbf9545f,5ac2486b-eb12-4870-8295-5913dbf9545f.compressed_content.json,
America/Toronto,1632628800000,2021-10-03 19:35:04.041,2021-10-03 19:35:02.676,0,0,2,im26HRLwRA,X,com.sec.android.app.shealth,72cc4096-2bac-48cf-889f-6b6fdbfb9c8d,72cc4096-2bac-48cf-889f-6b6fdbfb9c8d.compressed_content.json,
America/Toronto,1635652800000,2021-11-07 21:11:49.362,2021-11-07 21:11:47.488,0,0,2,im26HRLwRA,X,com.sec.android.app.shealth,4eac2337-56dc-4505-ae93-85f689bb7955,4eac2337-56dc-4505-ae93-85f689bb7955.compressed_content.json,
America/Toronto,1584244800000,2020-03-22 19:34:45.012,2020-03-22 19:34:43.982,0,0,2,im26HRLwRA,X,com.sec.android.app.shealth,06ccb791-8da3-4a94-b8a9-b84122c06bda,06ccb791-8da3-4a94-b8a9-b84122c06bda.compressed_content.json,
America/Toronto,1636257600000,2021-11-14 20:51:54.805,2021-11-14 20:51:52.713,0,0,2,im26HRLwRA,X,com.sec.android.app.shealth,da2929b9-b092-43c8-85af-567e226fe680,da2929b9-b092-43c8-85af-567e226fe680.compressed_content.json,
America/Toronto,1639285200000,2021-12-20 20:35:26.011,2021-12-19 20:35:11.256,0,0,2,im26HRLwRA,X,com.sec.android.app.shealth,438ed4d7-7c17-4b87-be16-3012d0718cb6,438ed4d7-7c17-4b87-be16-3012d0718cb6.compressed_content.json,
America/Toronto,1587873600000,2020-05-03 20:15:03.375,2020-05-03 20:15:02.023,0,0,2,im26HRLwRA,X,com.sec.android.app.shealth,b6be7b83-be29-450a-942f-e8158b1c2f0a,b6be7b83-be29-450a-942f-e8158b1c2f0a.compressed_content.json,
America/Toronto,1639890000000,2021-12-26 20:36:44.759,2021-12-26 20:36:42.303,0,0,2,im26HRLwRA,X,com.sec.android.app.shealth,52e850de-3790-45eb-81db-59448d151846,52e850de-3790-45eb-81db-59448d151846.compressed_content.json,
America/Toronto,1642914000000,2022-01-30 20:47:58.716,2022-01-30 20:47:52.566,0,0,2,im26HRLwRA,X,com.sec.android.app.shealth,919347dc-736e-467e-87fc-aca4a2061652,919347dc-736e-467e-87fc-aca4a2061652.compressed_content.json,
America/Toronto,1591502400000,2020-06-14 19:44:24.869,2020-06-14 19:44:22.721,0,0,2,im26HRLwRA,X,com.sec.android.app.shealth,28bfc660-aa12-4f3c-8b2d-ef0b23abc295,28bfc660-aa12-4f3c-8b2d-ef0b23abc295.compressed_content.json,
America/Toronto,1643518800000,2022-02-06 20:36:26.289,2022-02-06 20:36:24.051,0,0,2,im26HRLwRA,X,com.sec.android.app.shealth,93da50d0-55d3-49a0-8f14-d6db2aa8e217,93da50d0-55d3-49a0-8f14-d6db2aa8e217.compressed_content.json,
America/Toronto,1646542800000,2022-03-16 19:36:45.144,2022-03-13 19:44:16.515,0,0,2,im26HRLwRA,X,com.sec.android.app.shealth,8b2b1de6-efc9-482b-9671-2ce23f5711f5,8b2b1de6-efc9-482b-9671-2ce23f5711f5.compressed_content.json,
America/Toronto,1595131200000,2020-07-27 19:35:20.680,2020-07-26 19:34:36.168,0,0,2,im26HRLwRA,X,com.sec.android.app.shealth,ae348a7f-eb55-405b-8abb-7c9a51f93d8a,ae348a7f-eb55-405b-8abb-7c9a51f93d8a.compressed_content.json,
America/Toronto,1647147600000,2022-03-21 19:34:43.073,2022-03-20 19:40:04.468,0,0,2,im26HRLwRA,X,com.sec.android.app.shealth,f173ebda-f8da-4571-a49a-79421f580e1e,f173ebda-f8da-4571-a49a-79421f580e1e.compressed_content.json,
America/Toronto,1653796800000,2022-06-07 19:41:35.200,2022-06-07 19:40:47.505,0,0,2,im26HRLwRA,X,com.sec.android.app.shealth,5af53381-8005-44df-a545-7cfdd6584fe8,5af53381-8005-44df-a545-7cfdd6584fe8.compressed_content.json,
America/Toronto,1577595600000,2020-01-05 20:34:58.600,2020-01-05 20:34:57.964,0,0,2,im26HRLwRA,X,com.sec.android.app.shealth,36aa8fc7-f3ed-4687-a616-049f5887b8e2,36aa8fc7-f3ed-4687-a616-049f5887b8e2.compressed_content.json,
America/Toronto,1598760000000,2020-09-07 19:35:01.670,2020-09-06 19:54:28.016,0,0,2,im26HRLwRA,X,com.sec.android.app.shealth,9da29098-df89-4957-9b75-40f00df04487,9da29098-df89-4957-9b75-40f00df04487.compressed_content.json,
America/Toronto,1578200400000,2020-01-13 21:01:27.953,2020-01-12 21:11:52.333,0,0,2,im26HRLwRA,X,com.sec.android.app.shealth,f85e9e38-a893-4ee5-a974-5fe4306f6ed1,f85e9e38-a893-4ee5-a974-5fe4306f6ed1.compressed_content.json,
America/Toronto,1581829200000,2020-02-23 20:55:30.679,2020-02-23 20:55:29.884,0,0,2,im26HRLwRA,X,com.sec.android.app.shealth,cd02c062-e4c9-4e54-b4a3-246f72787644,cd02c062-e4c9-4e54-b4a3-246f72787644.compressed_content.json,
America/Toronto,1581224400000,2020-02-18 20:35:11.565,2020-02-16 20:42:42.051,0,0,2,im26HRLwRA,X,com.sec.android.app.shealth,be020e2a-8a00-4601-902c-7d8d14d005d9,be020e2a-8a00-4601-902c-7d8d14d005d9.compressed_content.json,
America/Toronto,1602388800000,2020-10-18 19:34:36.770,2020-10-18 19:34:35.586,0,0,2,im26HRLwRA,X,com.sec.android.app.shealth,7e1a0c33-9fb8-4a61-8284-a1f3226bb9ab,7e1a0c33-9fb8-4a61-8284-a1f3226bb9ab.compressed_content.json,
America/Toronto,1585454400000,2020-04-05 19:36:37.112,2020-04-05 19:36:06.383,0,0,2,im26HRLwRA,X,com.sec.android.app.shealth,b9336941-7b52-4d2a-9884-640c9cb9bd91,b9336941-7b52-4d2a-9884-640c9cb9bd91.compressed_content.json,
America/Toronto,1584849600000,2020-03-29 19:35:02.611,2020-03-29 19:35:01.820,0,0,2,im26HRLwRA,X,com.sec.android.app.shealth,91eb6a58-474c-4aec-a112-b7ab53dcb1ef,91eb6a58-474c-4aec-a112-b7ab53dcb1ef.compressed_content.json,
America/Toronto,1606021200000,2020-11-30 21:23:34.522,2020-11-29 20:34:47.351,0,0,2,im26HRLwRA,X,com.sec.android.app.shealth,ea55753f-7a92-46ab-ada8-f98ee39be3aa,ea55753f-7a92-46ab-ada8-f98ee39be3aa.compressed_content.json,
America/Toronto,1609650000000,2021-01-11 21:16:14.848,2021-01-10 20:48:04.365,0,0,2,im26HRLwRA,X,com.sec.android.app.shealth,7fcb00fc-4ca2-4376-b63d-03dfd6471a1a,7fcb00fc-4ca2-4376-b63d-03dfd6471a1a.compressed_content.json,
America/Toronto,1589083200000,2020-05-17 20:05:32.978,2020-05-17 20:05:23.433,0,0,2,im26HRLwRA,X,com.sec.android.app.shealth,445f0182-06dc-421a-a2b7-b766cfed2969,445f0182-06dc-421a-a2b7-b766cfed2969.compressed_content.json,
America/Toronto,1588478400000,2020-05-10 20:01:38.885,2020-05-10 20:01:37.576,0,0,2,im26HRLwRA,X,com.sec.android.app.shealth,491d19c0-4823-4a4d-8e2f-48ac85bb4088,491d19c0-4823-4a4d-8e2f-48ac85bb4088.compressed_content.json,
America/Toronto,1592712000000,2020-06-30 19:35:06.802,2020-06-28 19:53:42.781,0,0,2,im26HRLwRA,X,com.sec.android.app.shealth,e9100ec6-8fb4-4fc5-b2b6-11a1c9a5640c,e9100ec6-8fb4-4fc5-b2b6-11a1c9a5640c.compressed_content.json,
America/Toronto,1592107200000,2020-06-21 19:36:10.140,2020-06-21 19:36:07.789,0,0,2,im26HRLwRA,X,com.sec.android.app.shealth,b6d4a45d-bbb9-4b5b-98f1-8c926aefd0df,b6d4a45d-bbb9-4b5b-98f1-8c926aefd0df.compressed_content.json,
America/Toronto,1613278800000,2021-02-21 20:36:01.932,2021-02-21 20:35:02.016,0,0,2,im26HRLwRA,X,com.sec.android.app.shealth,bd8fc7b9-6ba9-4ec6-bb2d-64877b48c1fc,bd8fc7b9-6ba9-4ec6-bb2d-64877b48c1fc.compressed_content.json,
America/Toronto,1595736000000,2020-08-04 20:04:22.155,2020-08-02 19:35:59.400,0,0,2,im26HRLwRA,X,com.sec.android.app.shealth,0ccc077e-6ecc-4b95-a9d0-791792f32905,0ccc077e-6ecc-4b95-a9d0-791792f32905.compressed_content.json,
America/Toronto,1596340800000,2020-08-11 19:35:00.464,2020-08-09 19:34:46.468,0,0,2,im26HRLwRA,X,com.sec.android.app.shealth,3390ce72-7b47-45d6-879a-10f43b4c382d,3390ce72-7b47-45d6-879a-10f43b4c382d.compressed_content.json,
America/Toronto,1618718400000,2021-04-25 19:35:21.430,2021-04-25 19:35:20.606,0,0,2,im26HRLwRA,X,com.sec.android.app.shealth,e03b79a6-42be-44db-93eb-ba9bc3f02359,e03b79a6-42be-44db-93eb-ba9bc3f02359.compressed_content.json,
America/Toronto,1599969600000,2020-09-22 19:50:22.882,2020-09-20 19:36:31.624,0,0,2,im26HRLwRA,X,com.sec.android.app.shealth,a460fd1d-bb97-4c5a-ba30-bbd508ca887f,a460fd1d-bb97-4c5a-ba30-bbd508ca887f.compressed_content.json,
America/Toronto,1599364800000,2020-09-15 20:10:22.081,2020-09-13 19:52:00.605,0,0,2,im26HRLwRA,X,com.sec.android.app.shealth,ec9bfe57-ae97-4e8b-87e7-ef55b2517d46,ec9bfe57-ae97-4e8b-87e7-ef55b2517d46.compressed_content.json,
America/Toronto,1622347200000,2021-06-06 19:38:01.134,2021-06-06 19:38:00.087,0,0,2,im26HRLwRA,X,com.sec.android.app.shealth,5e378beb-948e-4554-9244-8fc0bc6ff328,5e378beb-948e-4554-9244-8fc0bc6ff328.compressed_content.json,
America/Toronto,1603598400000,2020-11-02 21:02:29.057,2020-11-01 20:34:44.626,0,0,2,im26HRLwRA,X,com.sec.android.app.shealth,4ddaf6cb-1310-4226-83b2-8b9041fab377,4ddaf6cb-1310-4226-83b2-8b9041fab377.compressed_content.json,
America/Toronto,1625976000000,2021-07-18 19:34:35.583,2021-07-18 19:34:34.805,0,0,2,im26HRLwRA,X,com.sec.android.app.shealth,710a6f64-579d-4c9f-b7f7-b388e28a024d,710a6f64-579d-4c9f-b7f7-b388e28a024d.compressed_content.json,
America/Toronto,1607230800000,2020-12-14 20:35:06.523,2020-12-13 20:36:48.226,0,0,2,im26HRLwRA,X,com.sec.android.app.shealth,f848b033-7c50-4e8f-958e-321ef16d60a2,f848b033-7c50-4e8f-958e-321ef16d60a2.compressed_content.json,
America/Toronto,1602993600000,2020-10-27 19:37:29.543,2020-10-25 20:04:32.943,0,0,2,im26HRLwRA,X,com.sec.android.app.shealth,199d77fd-21ed-4bce-a41b-2118d426c651,199d77fd-21ed-4bce-a41b-2118d426c651.compressed_content.json,
America/Toronto,1610859600000,2021-01-24 21:04:32.220,2021-01-24 21:04:30.950,0,0,2,im26HRLwRA,X,com.sec.android.app.shealth,6bedf0f6-1e03-4bf4-adf9-b9b926441209,6bedf0f6-1e03-4bf4-adf9-b9b926441209.compressed_content.json,
America/Toronto,1629604800000,2021-08-29 19:36:03.121,2021-08-29 19:36:01.988,0,0,2,im26HRLwRA,X,com.sec.android.app.shealth,32f925fe-9dd2-4f48-893d-ae38a5cfe066,32f925fe-9dd2-4f48-893d-ae38a5cfe066.compressed_content.json,
America/Toronto,1606626000000,2020-12-07 20:35:01.979,2020-12-06 20:38:10.240,0,0,2,im26HRLwRA,X,com.sec.android.app.shealth,98af31b2-841c-4ad0-aca9-e1224933c7b2,98af31b2-841c-4ad0-aca9-e1224933c7b2.compressed_content.json,
America/Toronto,1616299200000,2021-03-28 19:45:29.172,2021-03-28 19:45:28.282,0,0,2,im26HRLwRA,X,com.sec.android.app.shealth,546a1e05-111c-4ef4-a834-7b870ffeac46,546a1e05-111c-4ef4-a834-7b870ffeac46.compressed_content.json,
America/Toronto,1633233600000,2021-10-10 19:34:40.779,2021-10-10 19:34:38.859,0,0,2,im26HRLwRA,X,com.sec.android.app.shealth,79c6bd81-739e-40b3-bc68-757c22321f6b,79c6bd81-739e-40b3-bc68-757c22321f6b.compressed_content.json,
America/Toronto,1610254800000,2021-01-17 20:54:07.586,2021-01-17 20:54:06.287,0,0,2,im26HRLwRA,X,com.sec.android.app.shealth,bcafc64c-d2ab-4b76-960e-464d984f2b2a,bcafc64c-d2ab-4b76-960e-464d984f2b2a.compressed_content.json,
America/Toronto,1619928000000,2021-05-09 19:35:01.365,2021-05-09 19:35:00.532,0,0,2,im26HRLwRA,X,com.sec.android.app.shealth,6623d54f-63df-4c5c-99d5-51a557bc2f32,6623d54f-63df-4c5c-99d5-51a557bc2f32.compressed_content.json,
America/Toronto,1636866000000,2021-11-21 20:44:29.264,2021-11-21 20:44:27.523,0,0,2,im26HRLwRA,X,com.sec.android.app.shealth,c34c99b3-525b-4195-abb9-d11125da1b8f,c34c99b3-525b-4195-abb9-d11125da1b8f.compressed_content.json,
America/Toronto,1615698000000,2021-03-26 19:34:44.377,2021-03-26 19:34:43.877,0,0,2,im26HRLwRA,X,com.sec.android.app.shealth,5eb4db25-04a0-4ded-a36f-fb9a3981a1c1,5eb4db25-04a0-4ded-a36f-fb9a3981a1c1.compressed_content.json,
America/Toronto,1619323200000,2021-05-02 19:35:05.295,2021-05-02 19:35:03.774,0,0,2,im26HRLwRA,X,com.sec.android.app.shealth,818dbcc8-a7d6-4fbb-a639-3e16f94078e4,818dbcc8-a7d6-4fbb-a639-3e16f94078e4.compressed_content.json,
America/Toronto,1623556800000,2021-06-20 19:34:59.207,2021-06-20 19:34:58.237,0,0,2,im26HRLwRA,X,com.sec.android.app.shealth,6507c9c2-da25-48fb-93bc-0f4bf46389f3,6507c9c2-da25-48fb-93bc-0f4bf46389f3.compressed_content.json,
America/Toronto,1640494800000,2022-01-02 20:35:40.614,2022-01-02 20:35:38.583,0,0,2,im26HRLwRA,X,com.sec.android.app.shealth,6ae5c282-6f44-4731-af31-3fa26c1a3cd5,6ae5c282-6f44-4731-af31-3fa26c1a3cd5.compressed_content.json,
America/Toronto,1622952000000,2021-06-13 19:48:31.437,2021-06-13 19:48:30.778,0,0,2,im26HRLwRA,X,com.sec.android.app.shealth,5736b39b-30d3-4b21-9c63-58e097d7121d,5736b39b-30d3-4b21-9c63-58e097d7121d.compressed_content.json,
America/Toronto,1627185600000,2021-08-02 19:37:08.872,2021-08-01 19:57:27.415,0,0,2,im26HRLwRA,X,com.sec.android.app.shealth,69877eff-f682-4395-82e7-f067f301f584,69877eff-f682-4395-82e7-f067f301f584.compressed_content.json,
America/Toronto,1626580800000,2021-07-25 19:36:04.050,2021-07-25 19:36:03.130,0,0,2,im26HRLwRA,X,com.sec.android.app.shealth,16a68f9d-1bf6-426c-888e-bd7c2a2f15dc,16a68f9d-1bf6-426c-888e-bd7c2a2f15dc.compressed_content.json,
America/Toronto,1630814400000,2021-09-13 19:34:35.572,2021-09-12 19:34:55.655,0,0,2,im26HRLwRA,X,com.sec.android.app.shealth,5b3d29aa-2036-4732-8834-7fa57e3869bb,5b3d29aa-2036-4732-8834-7fa57e3869bb.compressed_content.json,
America/Toronto,1644123600000,2022-02-13 20:35:35.751,2022-02-13 20:35:33.807,0,0,2,im26HRLwRA,X,com.sec.android.app.shealth,62e59a55-95b0-4b93-a3db-922d5c4b0116,62e59a55-95b0-4b93-a3db-922d5c4b0116.compressed_content.json,
America/Toronto,1634443200000,2021-10-24 19:46:16.951,2021-10-24 19:45:59.372,0,0,2,im26HRLwRA,X,com.sec.android.app.shealth,449d93c7-e67e-4894-a812-473ca4384879,449d93c7-e67e-4894-a812-473ca4384879.compressed_content.json,
America/Toronto,1647748800000,2022-03-29 19:54:11.006,2022-03-29 19:54:08.908,0,0,2,im26HRLwRA,X,com.sec.android.app.shealth,36543bb8-e133-4b29-a220-35654cb192d0,36543bb8-e133-4b29-a220-35654cb192d0.compressed_content.json,
America/Toronto,1630209600000,2021-09-05 19:34:57.061,2021-09-05 19:34:56.394,0,0,2,im26HRLwRA,X,com.sec.android.app.shealth,7c56fbf1-940b-486c-94d1-6cbcf03f6b3c,7c56fbf1-940b-486c-94d1-6cbcf03f6b3c.compressed_content.json,
America/Toronto,1638075600000,2021-12-05 20:34:53.733,2021-12-05 20:34:50.154,0,0,2,im26HRLwRA,X,com.sec.android.app.shealth,d8a260e1-b4a1-463b-ad75-1a53273eab77,d8a260e1-b4a1-463b-ad75-1a53273eab77.compressed_content.json,
America/Toronto,1633838400000,2021-10-17 19:37:11.368,2021-10-17 19:37:09.565,0,0,2,im26HRLwRA,X,com.sec.android.app.shealth,c5988532-8e37-4014-b7f6-7c4c6e8e542b,c5988532-8e37-4014-b7f6-7c4c6e8e542b.compressed_content.json,
America/Toronto,1637470800000,2021-11-28 20:34:51.506,2021-11-28 20:34:49.256,0,0,2,im26HRLwRA,X,com.sec.android.app.shealth,b5d796db-ceae-4a82-a6f5-81f6d663ae4e,b5d796db-ceae-4a82-a6f5-81f6d663ae4e.compressed_content.json,
America/Toronto,1641704400000,2022-01-16 20:34:57.281,2022-01-16 20:34:55.458,0,0,2,im26HRLwRA,X,com.sec.android.app.shealth,11ac552d-c368-402d-a33b-5be0c048e39a,11ac552d-c368-402d-a33b-5be0c048e39a.compressed_content.json,
America/Toronto,1641099600000,2022-01-09 20:35:22.911,2022-01-09 20:35:21.528,0,0,2,im26HRLwRA,X,com.sec.android.app.shealth,c2828130-7c8c-402c-a990-02e1d4385887,c2828130-7c8c-402c-a990-02e1d4385887.compressed_content.json,
America/Toronto,1645333200000,2022-02-27 20:41:26.390,2022-02-27 20:41:24.463,0,0,2,im26HRLwRA,X,com.sec.android.app.shealth,dfb4e9ef-5566-4e3b-a710-4f17307f37a2,dfb4e9ef-5566-4e3b-a710-4f17307f37a2.compressed_content.json,
America/Toronto,1644728400000,2022-02-20 20:35:02.587,2022-02-20 20:35:00.205,0,0,2,im26HRLwRA,X,com.sec.android.app.shealth,98694c72-d03d-4a9c-ab01-15668ff5c7cb,98694c72-d03d-4a9c-ab01-15668ff5c7cb.compressed_content.json,
America/Toronto,1648958400000,2022-04-11 19:35:26.156,2022-04-11 19:35:24.157,0,0,2,im26HRLwRA,X,com.sec.android.app.shealth,2d964303-cb2a-40b4-a670-d67fe896fff6,2d964303-cb2a-40b4-a670-d67fe896fff6.compressed_content.json,
America/Toronto,1648353600000,2022-04-06 19:37:39.909,2022-04-06 19:37:38.025,0,0,2,im26HRLwRA,X,com.sec.android.app.shealth,316f471d-ed0e-4821-b8eb-f66672bf46a1,316f471d-ed0e-4821-b8eb-f66672bf46a1.compressed_content.json,
