com.samsung.shealth.exercise.weather,6212007,3
uv_index,sunset_time,start_time,latitude,custom,wind_direction,phrase,sundown_time,temperature_scale,content_provider,update_time,create_time,type,longitude,temperature,humidity,time_offset,deviceuuid,exercise_id,pkg_name,wind_speed_unit,forecast_time,wind_speed,icon_info_id,datauuid
,0,2020-06-23 23:50:12.614,43.692024,,SW. 220,Rain Shower,0,1,TWC,2020-06-23 23:50:12.615,2020-06-23 23:50:12.615,1,-79.5663,24.0,74,UTC-0400,im26HRLwRA,1f3794b3-c6f9-4804-91e9-85033dc70322,com.sec.android.app.shealth,km/h,0,14.0,5,fac2d2c1-9c97-4eff-ba14-b59d81680788,
,0,2020-07-01 22:53:21.394,43.68353,,N. 350,Fair,0,1,TWC,2020-07-01 22:53:21.398,2020-07-01 22:53:21.398,1,-79.56502,29.0,44,UTC-0400,im26HRLwRA,439eec3b-9c21-47a1-bcc6-4a676b24784f,com.sec.android.app.shealth,km/h,0,14.0,1,5e66acaa-c731-4ce0-ba37-ae2507e80be6,
,0,2020-06-25 22:48:42.648,43.684784,,W. 260,Partly Cloudy,0,1,TWC,2020-06-25 22:48:42.656,2020-06-25 22:48:42.656,1,-79.56519,25.0,39,UTC-0400,im26HRLwRA,11bbb231-1d29-4fc1-a516-41f9fe1060e3,com.sec.android.app.shealth,km/h,0,21.0,2,cf2caec5-2f92-491f-b3dd-3f3227815ab3,
,0,2020-07-01 23:14:57.858,43.690357,,S. 180,Fair,0,1,TWC,2020-07-01 23:14:57.860,2020-07-01 23:14:57.860,1,-79.5613,29.0,41,UTC-0400,im26HRLwRA,fc58f06a-cf42-4310-9df2-6900bf74c1b3,com.sec.android.app.shealth,km/h,0,13.0,1,5b354463-185a-4877-b06a-cc4c51644fb2,
,0,2020-07-04 22:26:18.979,43.634174,,N. 0,Sunny,0,1,TWC,2020-07-04 22:26:18.980,2020-07-04 22:26:18.980,1,-79.977196,30.0,29,UTC-0400,im26HRLwRA,084e2dd3-ca1b-4083-b6fa-15e9be604991,com.sec.android.app.shealth,km/h,0,6.0,1,4a92be92-28c3-423b-a9a3-1035b6f9a2e7,
,0,2020-07-08 23:56:35.034,43.69202,,W. 260,Fair,0,1,TWC,2020-07-08 23:56:35.038,2020-07-08 23:56:35.038,1,-79.56629,29.0,54,UTC-0400,im26HRLwRA,0e29eab9-1e60-4f39-9ab7-d4dcdf9e376b,com.sec.android.app.shealth,km/h,0,10.0,1,e8e494a2-65ec-4870-8d51-d2f5a842e201,
,0,2020-07-13 23:54:21.752,43.692062,,NNW. 340,Rain Shower,0,1,TWC,2020-07-13 23:54:21.753,2020-07-13 23:54:21.753,1,-79.56625,23.0,58,UTC-0400,im26HRLwRA,67c9e354-f502-410c-9ef4-4e8cb3902fa0,com.sec.android.app.shealth,km/h,0,18.0,5,ce169c7f-3e60-4bef-8b0e-34d9a921378b,
,0,2020-07-18 12:16:01.676,43.75639,,SW. 230,Sunny,0,1,TWC,2020-07-18 12:16:01.676,2020-07-18 12:16:01.676,1,-79.20283,24.0,73,UTC-0400,im26HRLwRA,6541a5dc-f9db-441f-b575-1e2da618007b,com.sec.android.app.shealth,km/h,0,6.0,1,21fee307-bb95-4bac-80f0-d3029bf95b7d,
,0,2020-07-03 23:45:28.783,43.690845,,NNW. 330,Sunny,0,1,TWC,2020-07-03 23:45:28.788,2020-07-03 23:45:28.788,1,-79.565025,29.0,54,UTC-0400,im26HRLwRA,ffb87158-c090-4ba2-aa62-5f7d08fb2ed3,com.sec.android.app.shealth,km/h,0,23.0,1,679ab0c7-58cb-450a-8ecd-6e550f912eac,
,0,2020-07-08 23:31:57.981,43.68374,,SW. 220,Rain Shower,0,1,TWC,2020-07-08 23:31:57.984,2020-07-08 23:31:57.984,1,-79.564514,29.0,56,UTC-0400,im26HRLwRA,6ef70aa3-9dd0-4307-92d1-54f5fcd6e8b4,com.sec.android.app.shealth,km/h,0,10.0,5,19e1c895-e462-4891-8097-f07b09db45f6,
,0,2020-07-13 02:26:59.764,43.69185,,NNW. 330,Partly Cloudy,0,1,TWC,2020-07-13 02:26:59.765,2020-07-13 02:26:59.765,1,-79.56624,22.0,69,UTC-0400,im26HRLwRA,98edbb69-1619-4a2e-9b56-285af7cf6409,com.sec.android.app.shealth,km/h,0,13.0,19,dd990b6a-dd24-4058-bc83-7a9b17f1c270,
,0,2020-07-17 14:15:23.245,43.692013,,WNW. 290,Fair,0,1,TWC,2020-07-17 14:15:23.246,2020-07-17 14:15:23.246,1,-79.56628,24.0,62,UTC-0400,im26HRLwRA,06f6dac3-d95b-4812-bf78-1e4bc744542e,com.sec.android.app.shealth,km/h,0,10.0,1,deca5971-b395-493a-a78d-d1f470edb6bc,
,0,2020-07-21 13:57:30.627,43.692093,,E. 100,Mostly Cloudy,0,1,TWC,2020-07-21 13:57:30.629,2020-07-21 13:57:30.629,1,-79.56625,22.0,66,UTC-0400,im26HRLwRA,87513794-ca7b-43d5-aa2d-d918d74bec9f,com.sec.android.app.shealth,km/h,0,2.0,3,d4d422d0-3d12-4a05-956d-2dbe62ef0a81,
,0,2020-06-25 23:17:49.926,43.69202,,W. 260,Partly Cloudy,0,1,TWC,2020-06-25 23:17:49.932,2020-06-25 23:17:49.932,1,-79.5663,25.0,40,UTC-0400,im26HRLwRA,3f276560-daea-4a45-a717-2127fabd113c,com.sec.android.app.shealth,km/h,0,23.0,2,f0c93968-ec11-444d-81aa-9d9078b8a887,
,0,2020-07-30 00:04:13.294,43.692028,,WNW. 300,Fair,0,1,TWC,2020-07-30 00:04:13.296,2020-07-30 00:04:13.296,1,-79.56628,28.0,46,UTC-0400,im26HRLwRA,1149cb0d-148f-4cc1-956b-634658fa3466,com.sec.android.app.shealth,km/h,0,16.0,1,232e5bef-a472-4d77-b2dc-4d81b6c4572b,
,0,2020-07-22 13:38:35.445,43.6909,,ESE. 120,Rain Shower,0,1,TWC,2020-07-22 13:38:35.446,2020-07-22 13:38:35.446,1,-79.56505,22.0,86,UTC-0400,im26HRLwRA,8eac22d0-6591-4cef-af55-5f0a36d08402,com.sec.android.app.shealth,km/h,0,10.0,5,2a67e654-73ac-4288-b8c1-fce9e6c3875b,
,0,2020-06-29 23:26:45.788,43.692036,,N. 0,Partly Cloudy,0,1,TWC,2020-06-29 23:26:45.789,2020-06-29 23:26:45.789,1,-79.5663,29.0,40,UTC-0400,im26HRLwRA,51f08686-0cd8-4671-9c68-4b4b683e42ad,com.sec.android.app.shealth,km/h,0,16.0,2,a2e0b0e2-ad7c-4260-b08b-e5be9d1a20e1,
,0,2020-08-05 22:23:16.500,43.68356,,W. 270,Partly Cloudy,0,1,TWC,2020-08-05 22:23:16.504,2020-08-05 22:23:16.504,1,-79.56439,23.0,39,UTC-0400,im26HRLwRA,e825e489-3729-4deb-bf43-0b2b3dedec9e,com.sec.android.app.shealth,km/h,0,21.0,2,05559787-0394-4443-8485-6f28976c5452,
,0,2020-07-03 00:28:37.937,43.690212,,NNW. 340,Sunny,0,1,TWC,2020-07-03 00:28:37.938,2020-07-03 00:28:37.938,1,-79.564415,31.0,41,UTC-0400,im26HRLwRA,fb2d13f1-29bd-4088-a551-10c371b9fe1c,com.sec.android.app.shealth,km/h,0,19.0,1,3a926e3f-6c59-4af5-b3f8-4287910fbf86,
,0,2020-08-19 22:38:06.805,43.68353,,N. 0,Sunny,0,1,TWC,2020-08-19 22:38:06.807,2020-08-19 22:38:06.807,1,-79.56455,23.0,40,UTC-0400,im26HRLwRA,55d77919-1787-49fd-bd96-f15f898fdd0e,com.sec.android.app.shealth,km/h,0,14.0,1,495a74b7-a301-4f33-bf0d-8aa8adade482,
,0,2020-07-06 23:46:43.823,43.692028,,ESE. 120,Sunny,0,1,TWC,2020-07-06 23:46:43.823,2020-07-06 23:46:43.823,1,-79.56629,29.0,42,UTC-0400,im26HRLwRA,66e3aeae-a7cb-4859-b7ee-adf890b037ba,com.sec.android.app.shealth,km/h,0,16.0,1,f30ac1e6-65c2-48b2-ba4e-949676ac7c8f,
,0,2020-07-11 00:40:20.975,43.69202,,ENE. 60,Showers in the Vicinity,0,1,TWC,2020-07-11 00:40:20.982,2020-07-11 00:40:20.982,1,-79.56629,29.0,61,UTC-0400,im26HRLwRA,afb3d535-7d30-4e3f-b79e-60e52da31146,com.sec.android.app.shealth,km/h,0,13.0,3,7bc4dc2c-ca28-4476-a75c-daa9d39ed6dc,
,0,2020-07-03 00:02:15.360,43.684566,,NNW. 340,Partly Cloudy,0,1,TWC,2020-07-03 00:02:15.361,2020-07-03 00:02:15.361,1,-79.565475,31.0,38,UTC-0400,im26HRLwRA,9e7a101b-e5de-4288-b965-88c1952fe044,com.sec.android.app.shealth,km/h,0,24.0,2,3054dee5-2b7e-4005-9eb0-a24e7fe3fca3,
,0,2020-08-29 21:33:30.743,43.76468,,WNW. 300,Partly Cloudy,0,1,TWC,2020-08-29 21:33:30.749,2020-08-29 21:33:30.749,1,-79.41428,22.0,59,UTC-0400,im26HRLwRA,f0b1cb60-5313-4a75-bd20-ae6a62bdb747,com.sec.android.app.shealth,km/h,0,31.0,2,72e5a12f-a880-41ed-81fb-0ffcfd999ef3,
,0,2020-07-06 13:54:17.286,43.692028,,E. 90,Sunny,0,1,TWC,2020-07-06 13:54:17.287,2020-07-06 13:54:17.287,1,-79.5663,27.0,57,UTC-0400,im26HRLwRA,3f274ae0-98c3-4d9e-9455-cb9ee9c8c1b6,com.sec.android.app.shealth,km/h,0,16.0,1,39ad93c4-5b52-4304-8ba0-e06ecf61fba0,
,0,2020-09-09 23:09:11.058,43.68569,,ENE. 60,Cloudy,0,1,TWC,2020-09-09 23:09:11.061,2020-09-09 23:09:11.061,1,-79.56528,18.0,88,UTC-0400,im26HRLwRA,6e41e381-f430-4ae9-ba5b-7ea3c03536c2,com.sec.android.app.shealth,km/h,0,3.0,3,0bd85ed1-9c06-4426-9a2e-85ab66cc233b,
,0,2020-07-09 13:54:18.015,43.69204,,SE. 140,Sunny,0,1,TWC,2020-07-09 13:54:18.019,2020-07-09 13:54:18.019,1,-79.56632,29.0,58,UTC-0400,im26HRLwRA,03cd6644-611b-4239-9e04-f376aa146aa0,com.sec.android.app.shealth,km/h,0,10.0,1,9421ca0e-ac26-4b64-bb76-f9e7f0df6eaa,
,0,2020-09-29 23:34:07.392,43.69203,,S. 170,Cloudy,0,1,TWC,2020-09-29 23:34:07.393,2020-09-29 23:34:07.393,1,-79.566284,17.0,63,UTC-0400,im26HRLwRA,97a53191-b858-47b1-b9eb-e6b0cb12e1fd,com.sec.android.app.shealth,km/h,0,8.0,3,131c46d0-d0a3-424f-8206-a87cf74b1768,
,0,2020-10-31 18:25:37.201,43.69204,,SSE. 160,Mostly Cloudy,0,1,TWC,2020-10-31 18:25:37.203,2020-10-31 18:25:37.203,1,-79.56631,6.0,53,UTC-0400,im26HRLwRA,550f0cab-1218-4cef-9e40-46c2ffac251e,com.sec.android.app.shealth,km/h,0,16.0,3,e27414ec-7385-4f2c-a068-a324ae4a3805,
,0,2020-08-01 00:07:09.199,43.692036,,N. 350,Sunny,0,1,TWC,2020-08-01 00:07:09.202,2020-08-01 00:07:09.202,1,-79.56626,27.0,48,UTC-0400,im26HRLwRA,460e5d1d-6a32-4d71-b701-67de3997ec05,com.sec.android.app.shealth,km/h,0,10.0,1,436a7937-3edb-4d66-8486-354a74edfa10,
,0,2020-07-14 23:16:15.178,43.683544,,SSE. 150,Mostly Cloudy,0,1,TWC,2020-07-14 23:16:15.179,2020-07-14 23:16:15.179,1,-79.56453,26.0,47,UTC-0400,im26HRLwRA,50703b77-95c4-4e1c-a1f0-7857f7309820,com.sec.android.app.shealth,km/h,0,14.0,3,3078e662-6754-443a-84c9-a7bc6da458e3,
,0,2020-07-18 13:13:02.245,43.751972,,SW. 230,Fair,0,1,TWC,2020-07-18 13:13:02.246,2020-07-18 13:13:02.246,1,-79.18959,26.0,68,UTC-0400,im26HRLwRA,78c05b24-b908-41de-8c71-37f90961a27a,com.sec.android.app.shealth,km/h,0,6.0,1,223555f2-3544-4307-af67-28c58290b320,
,0,2020-08-07 01:28:15.333,43.692028,,SE. 140,Fair,0,1,TWC,2020-08-07 01:28:15.335,2020-08-07 01:28:15.335,1,-79.566284,21.0,53,UTC-0400,im26HRLwRA,af0e715b-7a1f-4c15-a2fa-ab77eda7e87f,com.sec.android.app.shealth,km/h,0,10.0,18,c7d919fa-09c5-4548-a630-1c7ab6c3a735,
,0,2020-07-14 23:45:13.841,43.69202,,SSE. 160,Mostly Cloudy,0,1,TWC,2020-07-14 23:45:13.843,2020-07-14 23:45:13.843,1,-79.566284,26.0,48,UTC-0400,im26HRLwRA,deb73da7-f1bd-4f4a-a20e-33356678af70,com.sec.android.app.shealth,km/h,0,13.0,3,6ed85a02-3c39-4eb4-81ae-d76b8ffc5d5a,
,0,2020-08-19 23:14:32.300,43.69203,,N. 10,Fair,0,1,TWC,2020-08-19 23:14:32.302,2020-08-19 23:14:32.302,1,-79.5663,22.0,42,UTC-0400,im26HRLwRA,0f7ebf89-089d-4872-b441-1ce7d4ce7d63,com.sec.android.app.shealth,km/h,0,21.0,1,eb6ec8c2-36f6-47b5-ab82-fba3036321ae,
,0,2020-07-19 00:45:37.612,43.692062,,SSW. 210,Partly Cloudy,0,1,TWC,2020-07-19 00:45:37.613,2020-07-19 00:45:37.613,1,-79.56631,29.0,48,UTC-0400,im26HRLwRA,c81f6707-1cc2-422b-8ddc-58298bb1b375,com.sec.android.app.shealth,km/h,0,18.0,2,672e3509-04e1-4b1f-b82a-33eec84ebd7f,
,0,2020-07-23 02:00:16.376,43.69213,,SSW. 200,Rain Shower,0,1,TWC,2020-07-23 02:00:16.377,2020-07-23 02:00:16.377,1,-79.56614,23.0,91,UTC-0400,im26HRLwRA,247c9ef9-690b-4cfb-bdd0-c3f3b3a8ae65,com.sec.android.app.shealth,km/h,0,5.0,5,25023db1-741b-4e11-a25b-b177cfbff05c,
,0,2020-08-31 00:14:11.257,43.69202,,SE. 140,Partly Cloudy,0,1,TWC,2020-08-31 00:14:11.264,2020-08-31 00:14:11.264,1,-79.566284,19.0,58,UTC-0400,im26HRLwRA,edd155ff-fb47-44e5-aefb-5e1f98baad2e,com.sec.android.app.shealth,km/h,0,3.0,19,2987ee21-ae85-4918-9a29-894fd7df3a08,
,0,2020-07-23 23:34:16.884,43.686783,,NNW. 340,Fair,0,1,TWC,2020-07-23 23:34:16.888,2020-07-23 23:34:16.888,1,-79.565384,26.0,55,UTC-0400,im26HRLwRA,846648a2-32c5-4aba-9c65-d0bdf47cb1aa,com.sec.android.app.shealth,km/h,0,21.0,1,726132e6-6459-486f-b58b-657e1f616e08,
,0,2020-08-02 23:48:52.917,43.557945,,WSW. 240,Mostly Cloudy,0,1,TWC,2020-08-02 23:48:52.920,2020-08-02 23:48:52.920,1,-79.668785,24.0,73,UTC-0400,im26HRLwRA,e689c246-078e-481b-a0c2-68d61dad5dec,com.sec.android.app.shealth,km/h,0,23.0,3,3cf5b1ca-1fdd-47b8-b6a0-16f5e6971a02,
,0,2020-09-10 23:46:18.521,43.683422,,NNW. 340,Mostly Cloudy,0,1,TWC,2020-09-10 23:46:18.524,2020-09-10 23:46:18.524,1,-79.564545,15.0,73,UTC-0400,im26HRLwRA,23f19e2a-ddae-433a-8766-790c41c1e368,com.sec.android.app.shealth,km/h,0,21.0,3,ddbede2c-f5aa-49c2-86e1-bba52838ddc8,
,0,2020-08-03 00:12:16.437,43.550842,,WSW. 240,Mostly Cloudy,0,1,TWC,2020-08-03 00:12:16.440,2020-08-03 00:12:16.440,1,-79.65643,24.0,75,UTC-0400,im26HRLwRA,4c153cf6-3017-4177-8a4a-1e44d23a7181,com.sec.android.app.shealth,km/h,0,23.0,3,a3f57ef1-034e-445b-8910-832715f5fc47,
,0,2020-08-08 20:13:57.301,43.12407,,W. 280,Fair,0,1,TWC,2020-08-08 20:13:57.304,2020-08-08 20:13:57.304,1,-79.06745,28.0,36,UTC-0400,im26HRLwRA,bc74f6e5-67be-45c1-a7ab-d2d56092710b,com.sec.android.app.shealth,km/h,0,10.0,1,3e6a00ed-6bbf-48cf-b9e7-633aa0da852a,
,0,2020-10-08 00:36:49.977,43.692028,,WNW. 300,Fair,0,1,TWC,2020-10-08 00:36:49.979,2020-10-08 00:36:49.979,1,-79.56629,13.0,62,UTC-0400,im26HRLwRA,8ad030a3-f31b-46c7-8901-ffc4c861c89e,com.sec.android.app.shealth,km/h,0,23.0,18,db873f45-9768-4d59-ae50-fef740a454d8,
,0,2020-08-12 00:03:58.414,43.69199,,NW. 310,Sunny,0,1,TWC,2020-08-12 00:03:58.415,2020-08-12 00:03:58.415,1,-79.56633,26.0,46,UTC-0400,im26HRLwRA,bada4dbd-3e33-4575-8f70-eecf13c9ad30,com.sec.android.app.shealth,km/h,0,21.0,1,2670a7f1-7b9a-4abd-b24f-7d27f9576fb5,
,0,2020-11-03 23:06:49.014,43.692104,,ESE. 110,Mostly Cloudy,0,1,TWC,2020-11-03 23:06:49.018,2020-11-03 23:06:49.018,1,-79.56625,5.0,64,UTC-0500,im26HRLwRA,367cba18-7b16-4fb2-a1c7-747dc1228ea2,com.sec.android.app.shealth,km/h,0,14.0,3,3ce176e1-5068-4d36-8358-bbae677f596e,
,0,2020-08-21 23:36:41.345,43.683613,,WNW. 300,Mostly Cloudy,0,1,TWC,2020-08-21 23:36:41.346,2020-08-21 23:36:41.346,1,-79.56476,28.0,51,UTC-0400,im26HRLwRA,442e105b-57b7-42de-9d52-6d2d8eec6601,com.sec.android.app.shealth,km/h,0,14.0,3,74ee8e33-649d-48d2-b63e-1859f19e2368,
,0,2020-08-20 22:47:09.159,43.691895,,SSW. 200,Fair,0,1,TWC,2020-08-20 22:47:09.160,2020-08-20 22:47:09.160,1,-79.56618,26.0,52,UTC-0400,im26HRLwRA,35e19c3c-5230-4059-aec6-e28056d25c54,com.sec.android.app.shealth,km/h,0,27.0,1,525370c3-90f5-4056-8fd9-f91a01a8a246,
,0,2020-08-31 23:44:05.696,43.69193,,ENE. 70,Partly Cloudy,0,1,TWC,2020-08-31 23:44:05.699,2020-08-31 23:44:05.699,1,-79.56609,22.0,67,UTC-0400,im26HRLwRA,65fcb2be-8554-4573-a626-080832e4f4d4,com.sec.android.app.shealth,km/h,0,19.0,2,eb900e39-fc3e-4ad2-81cd-4637579f620b,
,0,2020-11-20 23:15:01.990,43.692158,,SW. 220,Mostly Cloudy,0,1,TWC,2020-11-20 23:15:01.995,2020-11-20 23:15:01.995,1,-79.565994,13.0,60,UTC-0500,im26HRLwRA,7ac8723b-82f1-4292-9f3e-c1f31a253267,com.sec.android.app.shealth,km/h,0,13.0,3,32af64a0-f009-4f7e-a845-12efda8aa4cd,
,0,2021-01-06 23:00:22.783,43.683994,,NNW. 340,Cloudy,0,1,TWC,2021-01-06 23:00:22.786,2021-01-06 23:00:22.786,1,-79.56431,1.0,72,UTC-0500,im26HRLwRA,63e5677f-147b-430d-95f0-e6bae8f76bec,com.sec.android.app.shealth,km/h,0,21.0,3,7a7d38f7-c4b6-42ef-a0cf-52d0ade3ac07,
,0,2020-09-14 00:38:41.242,43.691944,,WNW. 290,Partly Cloudy,0,1,TWC,2020-09-14 00:38:41.244,2020-09-14 00:38:41.244,1,-79.56596,19.0,69,UTC-0400,im26HRLwRA,a64558ef-2f4c-49b0-8840-b402a06cbf9c,com.sec.android.app.shealth,km/h,0,23.0,19,6237d2ed-94b1-4d63-b17e-14108f8c1fff,
,0,2021-01-14 22:34:52.778,43.683292,,ESE. 110,Cloudy,0,1,TWC,2021-01-14 22:34:52.780,2021-01-14 22:34:52.780,1,-79.564415,3.0,80,UTC-0500,im26HRLwRA,45f8a8b1-137d-4d0d-8b76-09deda1ca245,com.sec.android.app.shealth,km/h,0,10.0,3,e696a38b-0b0f-4530-8cfc-1fb42615b154,
,0,2020-10-08 23:42:15.765,43.692047,,N. 0,Partly Cloudy,0,1,TWC,2020-10-08 23:42:15.768,2020-10-08 23:42:15.768,1,-79.56629,11.0,82,UTC-0400,im26HRLwRA,8e4dfda9-e9ab-4025-98ef-2fdc3418382a,com.sec.android.app.shealth,km/h,0,2.0,19,986ab1e7-bba3-470a-ac01-9f32db8f0b50,
,0,2021-01-23 21:00:26.106,43.692043,,WNW. 300,Fair,0,1,TWC,2021-01-23 21:00:26.108,2021-01-23 21:00:26.108,1,-79.566284,-6.0,48,UTC-0500,im26HRLwRA,dbfda322-9376-4c38-947c-0d35b1160b7b,com.sec.android.app.shealth,km/h,0,27.0,1,018a7505-216b-46cf-bdd6-9a2532d1748f,
,0,2020-11-11 22:46:27.581,43.692055,,WNW. 300,Fair,0,1,TWC,2020-11-11 22:46:27.584,2020-11-11 22:46:27.584,1,-79.56633,8.0,59,UTC-0500,im26HRLwRA,62b1ef15-737b-4fdc-923f-3ae0e2e48af4,com.sec.android.app.shealth,km/h,0,23.0,18,510c9740-49b2-4c9e-bd51-f529e324873a,
,0,2021-01-05 23:07:44.614,43.692,,N. 10,Cloudy,0,1,TWC,2021-01-05 23:07:44.621,2021-01-05 23:07:44.621,1,-79.56625,1.0,89,UTC-0500,im26HRLwRA,63093242-f34d-450b-b66f-74d3d10a1e4d,com.sec.android.app.shealth,km/h,0,8.0,3,cdc76998-97a9-455a-8294-fc7eed3afaef,
,0,2021-01-13 01:14:19.381,43.692028,,WSW. 240,Cloudy,0,1,TWC,2021-01-13 01:14:19.382,2021-01-13 01:14:19.382,1,-79.566284,-1.0,87,UTC-0500,im26HRLwRA,b1f3ed98-eaf1-48f0-a378-b373c5224ebe,com.sec.android.app.shealth,km/h,0,13.0,3,f233b50c-e603-4b33-a504-8da0d8e4655e,
,0,2020-09-03 00:02:41.929,43.692028,,W. 270,Partly Cloudy,0,1,TWC,2020-09-03 00:02:41.931,2020-09-03 00:02:41.931,1,-79.566284,24.0,47,UTC-0400,im26HRLwRA,a62387d4-2b6a-4b9a-9ea4-e3a0980d8b2a,com.sec.android.app.shealth,km/h,0,19.0,19,49aa0c81-d8ac-4874-ba94-39b00a6c6332,
,0,2021-01-23 20:36:03.312,43.683437,,WNW. 300,Fair,0,1,TWC,2021-01-23 20:36:03.316,2021-01-23 20:36:03.316,1,-79.5645,-5.0,47,UTC-0500,im26HRLwRA,721981de-612e-46f8-bcc5-4137a9aa16d5,com.sec.android.app.shealth,km/h,0,27.0,1,aba955b4-f96b-4988-91b9-8f518376d882,
,0,2020-09-14 23:40:31.764,43.68349,,NNW. 340,Clear,0,1,TWC,2020-09-14 23:40:31.764,2020-09-14 23:40:31.764,1,-79.56441,14.0,43,UTC-0400,im26HRLwRA,3558ce10-df1c-4ba1-8070-eaa22a4b27b0,com.sec.android.app.shealth,km/h,0,19.0,18,afa57a7b-1583-4afe-b130-7a481fa86cd6,
,0,2021-01-31 21:27:17.630,43.69207,,ENE. 60,Mostly Cloudy,0,1,TWC,2021-01-31 21:27:17.634,2021-01-31 21:27:17.634,1,-79.56633,-5.0,66,UTC-0500,im26HRLwRA,4bf340aa-c3ab-496e-9cd4-32575f1f4640,com.sec.android.app.shealth,km/h,0,27.0,3,ce8d2204-0fd3-4369-8142-2e5208adad38,
,0,2020-11-08 20:02:38.632,43.692085,,SSE. 160,Sunny,0,1,TWC,2020-11-08 20:02:38.642,2020-11-08 20:02:38.642,1,-79.56644,21.0,46,UTC-0500,im26HRLwRA,252b29be-154a-42d8-ae26-9cfae2a4b69a,com.sec.android.app.shealth,km/h,0,10.0,1,03a69a1f-0d77-47e2-9e1b-c4b0c37193d4,
,0,2021-03-04 13:29:54.794,43.69205,,N. 350,Snow Shower,0,1,TWC,2021-03-04 13:29:54.796,2021-03-04 13:29:54.796,1,-79.562416,-3.0,60,UTC-0500,im26HRLwRA,0084ec59-235c-4733-a478-a66ad63d84a6,com.sec.android.app.shealth,km/h,0,31.0,10,67ffba2c-cdb4-4c7b-8cf0-98c353d8ee5c,
,0,2021-03-10 13:20:40.075,43.692036,,E. 90,Partly Cloudy,0,1,TWC,2021-03-10 13:20:40.082,2021-03-10 13:20:40.082,1,-79.566246,3.0,84,UTC-0500,im26HRLwRA,78880db7-2eb8-40bb-8dae-1d8821d46dce,com.sec.android.app.shealth,km/h,0,5.0,2,270f6364-7b70-4523-ab4b-9034e02102e5,
,0,2020-10-14 23:05:31.361,43.692055,,S. 170,Cloudy,0,1,TWC,2020-10-14 23:05:31.369,2020-10-14 23:05:31.369,1,-79.566414,14.0,45,UTC-0400,im26HRLwRA,63ea5274-5fa6-4e10-b760-c3a9f2efad36,com.sec.android.app.shealth,km/h,0,18.0,3,77725e38-2025-4d6e-8ed6-ad1ce8e37b93,
,0,2020-11-09 23:19:07.414,43.691853,,ESE. 110,Clear,0,1,TWC,2020-11-09 23:19:07.421,2020-11-09 23:19:07.421,1,-79.566246,14.0,61,UTC-0500,im26HRLwRA,42eb2336-fab7-4827-847c-f6b2e3531870,com.sec.android.app.shealth,km/h,0,10.0,18,7b804e34-1b4c-4a33-8277-0e616f2fe658,
,0,2021-03-18 23:15:03.905,43.69205,,N. 10,Mostly Cloudy,0,1,TWC,2021-03-18 23:15:03.918,2021-03-18 23:15:03.918,1,-79.5663,5.0,34,UTC-0400,im26HRLwRA,e0e06923-5c80-4d1d-bfb7-72395bd4e1bb,com.sec.android.app.shealth,km/h,0,23.0,3,3312ce42-0eea-481b-b68a-fe873dca3597,
,0,2020-11-29 22:05:35.353,43.69204,,S. 190,Partly Cloudy,0,1,TWC,2020-11-29 22:05:35.355,2020-11-29 22:05:35.355,1,-79.566315,9.0,66,UTC-0500,im26HRLwRA,ef7f7042-b11c-497a-b341-d0c2b7e16876,com.sec.android.app.shealth,km/h,0,14.0,19,adf267d8-e16b-4c45-8ca3-f6e77fc4b35d,
,0,2020-11-24 23:42:14.306,43.692036,,E. 80,Cloudy,0,1,TWC,2020-11-24 23:42:14.307,2020-11-24 23:42:14.307,1,-79.56631,1.0,81,UTC-0500,im26HRLwRA,e698605d-001d-4b86-bdaa-a0a3f3509e19,com.sec.android.app.shealth,km/h,0,14.0,3,70e747af-21a3-4b1a-9b8b-0bec008367f6,
,0,2021-01-26 23:49:16.865,43.692036,,N. 0,Snow Shower,0,1,TWC,2021-01-26 23:49:16.868,2021-01-26 23:49:16.868,1,-79.566315,-3.0,85,UTC-0500,im26HRLwRA,270e3bdd-9bba-404b-933b-01c117cdde91,com.sec.android.app.shealth,km/h,0,26.0,10,36e9621f-7b28-4fd5-acc0-d6ea7d72afef,
,0,2021-01-07 23:00:11.479,43.69204,,NNW. 340,Clear,0,1,TWC,2021-01-07 23:00:11.491,2021-01-07 23:00:11.491,1,-79.566315,-2.0,66,UTC-0500,im26HRLwRA,f47295b4-392e-4bcc-9d0e-662b8fa1ee09,com.sec.android.app.shealth,km/h,0,18.0,18,a0c0c6c9-0890-49ca-b1a3-1183e8c6ffa8,
,0,2021-01-06 23:39:09.907,43.691547,,NNW. 330,Mostly Cloudy,0,1,TWC,2021-01-06 23:39:09.909,2021-01-06 23:39:09.909,1,-79.56895,1.0,70,UTC-0500,im26HRLwRA,cfa588a5-4196-4967-a504-d6d517768f5b,com.sec.android.app.shealth,km/h,0,16.0,3,b1249d6d-2a5f-4038-bae1-d0350ea2795d,
,0,2021-01-16 22:20:09.998,43.69189,,W. 270,Mostly Cloudy,0,1,TWC,2021-01-16 22:20:10.000,2021-01-16 22:20:10.000,1,-79.566154,2.0,67,UTC-0500,im26HRLwRA,25087d92-dc6b-4596-9930-a39b1b5767c3,com.sec.android.app.shealth,km/h,0,23.0,3,3aa5cb09-8212-457a-8c58-72c08a8edfdc,
,0,2021-01-14 23:02:19.057,43.692135,,ESE. 120,Cloudy,0,1,TWC,2021-01-14 23:02:19.058,2021-01-14 23:02:19.058,1,-79.56531,3.0,80,UTC-0500,im26HRLwRA,cf003c57-3bde-4ace-8311-7b7ce9a0d161,com.sec.android.app.shealth,km/h,0,10.0,3,2d1d8ff1-6310-4d2b-849e-cb2fd21e9ba5,
,0,2021-03-23 22:51:33.354,43.683586,,E. 80,Partly Cloudy,0,1,TWC,2021-03-23 22:51:33.362,2021-03-23 22:51:33.362,1,-79.564514,13.0,31,UTC-0400,im26HRLwRA,cd506557-6ebd-46a2-a366-12b84d8f8953,com.sec.android.app.shealth,km/h,0,11.0,2,6e6799b2-dea0-4d94-9ffc-522d5f4fb336,
,0,2021-01-24 23:13:04.129,43.691998,,SSE. 150,Snow Shower,0,1,TWC,2021-01-24 23:13:04.140,2021-01-24 23:13:04.140,1,-79.56621,-3.0,64,UTC-0500,im26HRLwRA,234e400f-2a5b-4075-93a2-75f312af7c8b,com.sec.android.app.shealth,km/h,0,8.0,10,6f0d2327-cd2b-4ffb-9860-87dde0f80ce4,
,0,2021-01-24 22:45:43.161,43.683556,,SSE. 150,Snow Shower,0,1,TWC,2021-01-24 22:45:43.163,2021-01-24 22:45:43.163,1,-79.56453,-3.0,61,UTC-0500,im26HRLwRA,f7515dde-c1ea-4828-9c2a-f1890a4c376d,com.sec.android.app.shealth,km/h,0,10.0,10,56eefd4f-66e1-4f5b-882b-5ffc8a8fb312,
,0,2021-03-29 21:29:52.822,43.683487,,SW. 220,Sunny,0,1,TWC,2021-03-29 21:29:52.826,2021-03-29 21:29:52.826,1,-79.56462,7.0,43,UTC-0400,im26HRLwRA,5966321d-725c-4450-9ffa-f4af3220ebb0,com.sec.android.app.shealth,km/h,0,16.0,1,270279ea-04ea-4ad7-b9fd-6a2fbf55a61c,
,0,2021-02-02 22:42:11.211,43.683483,,NNW. 330,Snow Shower/Wind,0,1,TWC,2021-02-02 22:42:11.213,2021-02-02 22:42:11.213,1,-79.56454,-1.0,66,UTC-0500,im26HRLwRA,d3236487-39c2-4fad-9f2e-55104f2716b9,com.sec.android.app.shealth,km/h,0,34.0,10,263901a9-d067-451d-a45b-21e3c4d0d0d2,
,0,2021-02-04 23:56:52.318,43.692307,,SE. 140,Mostly Cloudy,0,1,TWC,2021-02-04 23:56:52.324,2021-02-04 23:56:52.324,1,-79.566124,0.0,74,UTC-0500,im26HRLwRA,c909e088-be5f-4dbc-9036-b8beadc71e1f,com.sec.android.app.shealth,km/h,0,10.0,3,317a9c77-cf59-4cdf-a897-cdcbd2459fc8,
,0,2021-03-09 22:46:21.688,43.69206,,SSE. 160,Fair,0,1,TWC,2021-03-09 22:46:21.695,2021-03-09 22:46:21.695,1,-79.5663,7.0,54,UTC-0500,im26HRLwRA,cdcd025a-f7f7-4007-adcd-785d48648d3e,com.sec.android.app.shealth,km/h,0,13.0,1,fcc00c81-c35c-4c43-9813-d8ef72e02cc3,
,0,2021-04-02 21:52:01.555,43.445827,,NW. 310,Sunny,0,1,TWC,2021-04-02 21:52:01.558,2021-04-02 21:52:01.558,1,-79.6691,6.0,23,UTC-0400,im26HRLwRA,7a011299-9dbc-4b53-ba47-e071da048785,com.sec.android.app.shealth,km/h,0,16.0,1,61ba8385-0206-4455-80a9-3f89ffa15be6,
,0,2021-03-05 23:35:03.155,43.69125,,WNW. 300,Mostly Cloudy/Wind,0,1,TWC,2021-03-05 23:35:03.159,2021-03-05 23:35:03.159,1,-79.56174,-1.0,47,UTC-0500,im26HRLwRA,dfc08ee2-0197-4232-a94d-def1e0321137,com.sec.android.app.shealth,km/h,0,32.0,3,ab3e6be1-1fc7-430f-89a7-6a5d5b44b907,
,0,2021-05-23 21:47:43.378,43.083897,,N. 10,Cloudy,0,1,TWC,2021-05-23 21:47:43.381,2021-05-23 21:47:43.381,1,-79.07948,21.0,63,UTC-0400,im26HRLwRA,ef01113a-f578-4e00-9fb2-5e2603f522a5,com.sec.android.app.shealth,km/h,0,16.0,3,05d0eb84-510a-4506-81ce-f821f738f00c,
,0,2021-05-27 23:30:17.595,43.692047,,N. 350,Mostly Cloudy,0,1,TWC,2021-05-27 23:30:17.606,2021-05-27 23:30:17.606,1,-79.56631,13.0,31,UTC-0400,im26HRLwRA,855478d8-cb2a-4ab1-909a-30d06a86fbc6,com.sec.android.app.shealth,km/h,0,23.0,3,8c27323d-50e9-4f04-9b74-1624cf38f64d,
,0,2021-03-15 22:00:30.871,43.692055,,SSE. 150,Fair,0,1,TWC,2021-03-15 22:00:30.876,2021-03-15 22:00:30.876,1,-79.56631,-2.0,39,UTC-0400,im26HRLwRA,e9e91a19-072e-46f0-9458-0dc15d969582,com.sec.android.app.shealth,km/h,0,14.0,1,8e80c215-310e-4f66-9287-c5def4de8ab2,
,0,2021-03-11 00:05:21.176,43.692047,,SE. 140,Cloudy,0,1,TWC,2021-03-11 00:05:21.185,2021-03-11 00:05:21.185,1,-79.56628,11.0,47,UTC-0500,im26HRLwRA,841458be-e410-4019-be0e-a46341fe23db,com.sec.android.app.shealth,km/h,0,11.0,3,4e1b2250-24f8-4cd8-8abe-7ace2ba05285,
,0,2021-03-23 12:07:54.822,43.691105,,NW. 310,Fair,0,1,TWC,2021-03-23 12:07:54.828,2021-03-23 12:07:54.828,1,-79.5656,3.0,66,UTC-0400,im26HRLwRA,2e83557e-7ad3-49b7-ac53-0d8f1c5f4d77,com.sec.android.app.shealth,km/h,0,8.0,1,8864f636-ff73-407b-8979-1efd5a4c5329,
,0,2021-06-05 14:39:24.163,43.66315,,W. 260,Partly Cloudy,0,1,TWC,2021-06-05 14:39:24.170,2021-06-05 14:39:24.170,1,-79.30899,28.0,43,UTC-0400,im26HRLwRA,0a7574d4-36a8-4e60-a802-cbf4b347b705,com.sec.android.app.shealth,km/h,0,27.0,2,2ac3ccfa-ffd3-4d92-a882-512bd4daf419,
,0,2021-02-02 23:07:39.083,43.692036,,NNW. 330,Snow Shower/Wind,0,1,TWC,2021-02-02 23:07:39.085,2021-02-02 23:07:39.085,1,-79.56631,-1.0,68,UTC-0500,im26HRLwRA,07652b3f-9f2f-432c-9b06-3cb6df6c7495,com.sec.android.app.shealth,km/h,0,35.0,10,dbb333ca-2e44-40f0-a7a4-82996ddf615a,
,0,2021-03-27 22:23:06.271,42.29665,,ESE. 110,Sunny,0,1,TWC,2021-03-27 22:23:06.283,2021-03-27 22:23:06.283,1,-82.713425,12.0,72,UTC-0400,im26HRLwRA,6500e603-ddad-4a4c-90e0-f71c123fc638,com.sec.android.app.shealth,km/h,0,5.0,1,15d5c360-0b39-43c9-958f-3d9e5e853848,
,0,2021-07-08 23:39:50.304,43.691944,,S. 180,Cloudy,0,1,TWC,2021-07-08 23:39:50.317,2021-07-08 23:39:50.317,1,-79.56619,19.0,87,UTC-0400,im26HRLwRA,7113486d-ce96-44db-8fe7-51074a2512b7,com.sec.android.app.shealth,km/h,0,8.0,3,9a50e296-27b9-43f6-a8a4-532cc3fee33f,
,0,2021-03-05 23:44:10.216,43.69205,,WNW. 300,Mostly Cloudy/Wind,0,1,TWC,2021-03-05 23:44:10.217,2021-03-05 23:44:10.217,1,-79.56631,-1.0,48,UTC-0500,im26HRLwRA,3ad2572c-8aa4-4c4d-b12d-6b14f9600788,com.sec.android.app.shealth,km/h,0,32.0,3,1563c08c-44b2-4a29-a8c8-14dd4760c298,
,0,2021-04-01 23:20:36.963,43.691967,,NNW. 330,Partly Cloudy/Wind,0,1,TWC,2021-04-01 23:20:36.973,2021-04-01 23:20:36.973,1,-79.56629,-1.0,39,UTC-0400,im26HRLwRA,1533fdef-d9e9-4584-897e-8bac38f3aa95,com.sec.android.app.shealth,km/h,0,34.0,2,9f50c4e6-ebf7-49fb-8db8-025b4faa6990,
,0,2021-08-02 22:37:58.216,43.68349,,SSW. 210,Partly Cloudy,0,1,TWC,2021-08-02 22:37:58.226,2021-08-02 22:37:58.226,1,-79.56445,24.0,40,UTC-0400,im26HRLwRA,94c394b0-f3ca-4ff7-a932-94a87241fe32,com.sec.android.app.shealth,km/h,0,10.0,2,1f2c175b-1e8f-4dce-9570-3f86342be73b,
,0,2021-03-11 12:53:18.992,43.692158,,SW. 220,Mostly Cloudy,0,1,TWC,2021-03-11 12:53:18.995,2021-03-11 12:53:18.995,1,-79.56632,13.0,51,UTC-0500,im26HRLwRA,e7259808-4459-4cd8-b784-684ca1ddb6a6,com.sec.android.app.shealth,km/h,0,14.0,3,547531c0-cb66-47c8-a1dd-6ca34dd5a5da,
,0,2021-05-20 23:46:35.049,43.692104,,SE. 130,Partly Cloudy,0,1,TWC,2021-05-20 23:46:35.055,2021-05-20 23:46:35.055,1,-79.56652,26.0,44,UTC-0400,im26HRLwRA,ed266680-3e04-4803-a166-5d6aed12fff1,com.sec.android.app.shealth,km/h,0,10.0,2,be5c6b68-b1fe-4d15-b6a9-a1d80990728a,
,0,2021-08-23 23:58:52.656,43.692047,,N. 350,Sunny,0,1,TWC,2021-08-23 23:58:52.661,2021-08-23 23:58:52.661,1,-79.56631,28.0,50,UTC-0400,im26HRLwRA,35fa3566-4b3b-4393-8b4b-3d671e5250af,com.sec.android.app.shealth,km/h,0,18.0,1,77cd3a5d-823c-4cb5-8a69-6a29dbc8731b,
,0,2021-03-20 21:52:44.769,43.683575,,WSW. 240,Sunny,0,1,TWC,2021-03-20 21:52:44.775,2021-03-20 21:52:44.775,1,-79.56443,14.0,22,UTC-0400,im26HRLwRA,8bd9da88-8fdc-40e1-ae03-9b71ae5bbbc4,com.sec.android.app.shealth,km/h,0,16.0,1,dadda327-76cb-4bb3-9d62-4fe8a2a7ed34,
,0,2021-09-13 23:54:13.947,43.692047,,N. 350,Mostly Cloudy,0,1,TWC,2021-09-13 23:54:13.961,2021-09-13 23:54:13.961,1,-79.56629,19.0,61,UTC-0400,im26HRLwRA,81ef2e8d-b396-4997-ad72-a00b7a22d517,com.sec.android.app.shealth,km/h,0,11.0,3,4b634118-d15c-4007-b566-3860ffc4f14d,
,0,2021-03-24 12:23:09.837,43.692093,,E. 100,Cloudy,0,1,TWC,2021-03-24 12:23:09.841,2021-03-24 12:23:09.841,1,-79.56628,9.0,70,UTC-0400,im26HRLwRA,a7569d1f-74e2-4e18-8970-bdd69ab6b4c0,com.sec.android.app.shealth,km/h,0,11.0,3,91688015-7ceb-45e2-9aac-66aa4f1d34fb,
,0,2021-12-28 02:48:10.318,43.64772,,ENE. 60,Cloudy,0,1,TWC,2021-12-28 02:48:10.320,2021-12-28 02:48:10.320,1,-79.387535,-1.0,100,UTC-0500,im26HRLwRA,048e1eda-7bfc-4347-9513-aa2e308a0a53,com.sec.android.app.shealth,km/h,0,31.0,3,6d19b268-4224-488d-9796-a0bb061acb00,
,0,2021-03-31 22:13:30.493,43.683422,,NW. 320,Mostly Cloudy,0,1,TWC,2021-03-31 22:13:30.494,2021-03-31 22:13:30.494,1,-79.56457,9.0,42,UTC-0400,im26HRLwRA,383c8b10-df0b-4d93-b50f-5312bffa4fa5,com.sec.android.app.shealth,km/h,0,26.0,3,690b562d-7789-4183-88b7-e3c45e81f62f,
,0,2021-05-18 23:18:13.904,43.692043,,W. 260,Partly Cloudy,0,1,TWC,2021-05-18 23:18:13.915,2021-05-18 23:18:13.915,1,-79.56631,26.0,33,UTC-0400,im26HRLwRA,e2b1afa1-41c1-4006-b9d0-a43cafa606e2,com.sec.android.app.shealth,km/h,0,11.0,2,3a948172-513b-4463-9ce9-6894583e1be7,
,0,2021-05-23 22:03:59.653,43.079025,,N. 10,Cloudy,0,1,TWC,2021-05-23 22:03:59.658,2021-05-23 22:03:59.658,1,-79.08029,21.0,62,UTC-0400,im26HRLwRA,bd4c33b2-26d4-47cd-b9c6-54fa5692895b,com.sec.android.app.shealth,km/h,0,14.0,3,b2a6851f-cb0e-4f55-a5f7-b2103ac85119,
,0,2021-06-01 00:13:36.860,43.692097,,WSW. 240,Partly Cloudy,0,1,TWC,2021-06-01 00:13:36.881,2021-06-01 00:13:36.881,1,-79.56623,19.0,38,UTC-0400,im26HRLwRA,8e3698be-7202-4fd5-8b1f-b84b690c0fc8,com.sec.android.app.shealth,km/h,0,19.0,2,dc94503e-0edb-46f4-a84c-e867626dfc45,
,0,2021-06-16 22:36:19.328,43.68322,,N. 350,Sunny,0,1,TWC,2021-06-16 22:36:19.330,2021-06-16 22:36:19.330,1,-79.56462,21.0,21,UTC-0400,im26HRLwRA,feb48080-036a-4811-b896-7a226ecb7707,com.sec.android.app.shealth,km/h,0,21.0,1,be1a4d29-5f01-4f7f-8ba3-925ba89b753d,
,0,2022-01-10 22:55:03.778,43.691956,,W. 280,Partly Cloudy,0,1,TWC,2022-01-10 22:55:03.780,2022-01-10 22:55:03.780,1,-79.56629,-9.0,62,UTC-0500,im26HRLwRA,76ed9677-565b-4f50-acd7-962e677458a0,com.sec.android.app.shealth,km/h,0,31.0,19,1558bf8c-ff57-42cc-b704-d4073611986b,
,0,2021-03-19 22:08:11.679,43.692017,,S. 170,Sunny,0,1,TWC,2021-03-19 22:08:11.681,2021-03-19 22:08:11.681,1,-79.56629,4.0,36,UTC-0400,im26HRLwRA,31046f76-d18b-4138-832c-fc62199c4a08,com.sec.android.app.shealth,km/h,0,13.0,1,f43bc5a2-dbc9-4936-b869-b58a81648b14,
,0,2021-08-01 23:34:22.336,43.639828,,NNW. 340,Mostly Cloudy,0,1,TWC,2021-08-01 23:34:22.344,2021-08-01 23:34:22.344,1,-79.37703,19.0,70,UTC-0400,im26HRLwRA,277d8dba-ce68-4155-bfe5-3c59d92d9422,com.sec.android.app.shealth,km/h,0,11.0,3,65efb5f2-d17c-4422-9a64-589831b27e52,
,0,2022-01-20 13:55:02.125,43.691444,,NNW. 340,Sunny,0,1,TWC,2022-01-20 13:55:02.130,2022-01-20 13:55:02.130,1,-79.56558,-17.0,66,UTC-0500,im26HRLwRA,709f6526-e8ba-4249-8324-35cc04846b47,com.sec.android.app.shealth,km/h,0,13.0,1,6929c97d-e1c3-4fe2-9b48-7a40837a0988,
,0,2021-03-23 23:18:57.471,43.69205,,E. 80,Mostly Cloudy,0,1,TWC,2021-03-23 23:18:57.472,2021-03-23 23:18:57.472,1,-79.56631,13.0,27,UTC-0400,im26HRLwRA,7c2838bc-2992-4356-8d7d-5535f5679383,com.sec.android.app.shealth,km/h,0,11.0,3,635ed874-dfb0-4b44-b2b6-bbb0f068fd4e,
,0,2021-08-04 23:36:50.712,43.69205,,SE. 140,Sunny,0,1,TWC,2021-08-04 23:36:50.720,2021-08-04 23:36:50.720,1,-79.5663,27.0,37,UTC-0400,im26HRLwRA,49b6b7ad-b1b4-4de8-8968-17324163f307,com.sec.android.app.shealth,km/h,0,11.0,1,91e5b76e-0b50-4933-ab08-0a52913fa103,
,0,2021-05-26 23:20:12.016,43.692135,,W. 280,Partly Cloudy,0,1,TWC,2021-05-26 23:20:12.022,2021-05-26 23:20:12.022,1,-79.56608,23.0,57,UTC-0400,im26HRLwRA,2c49fd07-8f4b-4230-a665-bbd3496fdbeb,com.sec.android.app.shealth,km/h,0,29.0,2,6f248fa4-0e04-4917-b0d1-7f35d8ec89aa,
,0,2021-06-05 13:48:48.817,43.668793,,W. 260,Fair,0,1,TWC,2021-06-05 13:48:48.825,2021-06-05 13:48:48.825,1,-79.29077,27.0,44,UTC-0400,im26HRLwRA,05a3b8f4-f300-42b3-ab41-05587b5ecab8,com.sec.android.app.shealth,km/h,0,24.0,1,21899a7e-5ea0-4458-93d2-7580826d5932,
,0,2021-07-07 00:03:41.534,43.6922,,WNW. 300,Sunny,0,1,TWC,2021-07-07 00:03:41.543,2021-07-07 00:03:41.543,1,-79.566315,31.0,43,UTC-0400,im26HRLwRA,b22218e2-6975-42a3-90d6-5e7f5e2d7410,com.sec.android.app.shealth,km/h,0,21.0,1,f80da9bf-ba4f-4f96-9744-10de895ff525,
,0,2021-03-29 22:15:28.694,43.691963,,S. 190,Sunny,0,1,TWC,2021-03-29 22:15:28.696,2021-03-29 22:15:28.696,1,-79.56641,7.0,46,UTC-0400,im26HRLwRA,22d0e235-a829-414d-afb6-7b3f8ad315f7,com.sec.android.app.shealth,km/h,0,13.0,1,dc3021e9-f12c-4e05-8aec-6fa5af03ff0b,
,0,2021-08-02 02:36:13.904,43.64763,,NW. 310,Fair,0,1,TWC,2021-08-02 02:36:13.910,2021-08-02 02:36:13.910,1,-79.39183,17.0,80,UTC-0400,im26HRLwRA,cab78bf5-22cd-4250-a49a-d893c62034d3,com.sec.android.app.shealth,km/h,0,13.0,18,d9c8904a-4b50-4179-b67d-895ab08cb978,
,0,2022-01-25 13:15:03.392,43.691185,,WNW. 290,Partly Cloudy,0,1,TWC,2022-01-25 13:15:03.396,2022-01-25 13:15:03.396,1,-79.565765,-9.0,69,UTC-0500,im26HRLwRA,6d2cd671-06d1-4802-bc13-7f6d59392af2,com.sec.android.app.shealth,km/h,0,16.0,2,1d4772a7-b230-4caf-a940-e41457b35ce3,
,0,2021-05-17 23:09:40.028,43.691994,,SSE. 160,Partly Cloudy,0,1,TWC,2021-05-17 23:09:40.039,2021-05-17 23:09:40.039,1,-79.56622,22.0,36,UTC-0400,im26HRLwRA,7e4713f1-7e1d-4c49-bf68-8f4110ccd22b,com.sec.android.app.shealth,km/h,0,14.0,2,a83f7d94-38ac-4a25-b50c-7a4fe85c86b0,
,0,2022-01-31 14:02:02.259,43.69207,,W. 260,Mostly Cloudy,0,1,TWC,2022-01-31 14:02:02.263,2022-01-31 14:02:02.263,1,-79.56636,-5.0,71,UTC-0500,im26HRLwRA,720df43d-b92a-41d5-8a02-19bd16f49b11,com.sec.android.app.shealth,km/h,0,6.0,3,6504bf63-5b8e-43f8-b153-1963d87043db,
,0,2021-08-31 00:06:33.856,43.692078,,W. 280,Clear,0,1,TWC,2021-08-31 00:06:33.861,2021-08-31 00:06:33.861,1,-79.56631,26.0,44,UTC-0400,im26HRLwRA,27b4898f-9225-4b8d-a701-e57fc63fbb70,com.sec.android.app.shealth,km/h,0,19.0,18,e4e6d1d1-c34a-4e47-b573-70226f00062b,
,0,2022-03-01 00:40:46.991,43.690235,,E. 90,Cloudy,0,1,TWC,2022-03-01 00:40:46.994,2022-03-01 00:40:46.994,1,-79.56404,-5.0,63,UTC-0500,im26HRLwRA,1ac17eaf-8cc8-4c9c-adb6-e46ade3a33d2,com.sec.android.app.shealth,km/h,0,13.0,3,6e91474e-f1dd-404b-85b9-67eb399b40af,
,0,2021-09-15 23:22:21.682,43.692047,,NE. 40,Partly Cloudy,0,1,TWC,2021-09-15 23:22:21.685,2021-09-15 23:22:21.685,1,-79.5663,20.0,68,UTC-0400,im26HRLwRA,a6c716eb-5065-43c0-a9ae-2df51774aabf,com.sec.android.app.shealth,km/h,0,6.0,2,ccfba2e6-292a-47bf-8b60-3aa546972f4a,
,0,2022-03-30 12:45:42.430,43.64933,,E. 90,Partly Cloudy,0,1,TWC,2022-03-30 12:45:42.432,2022-03-30 12:45:42.432,1,-79.3791,1.0,63,UTC-0400,im26HRLwRA,0560a78b-18f5-46cd-a290-5dcca0038ce1,com.sec.android.app.shealth,km/h,0,24.0,2,f8d85185-9dcf-4d17-b1f1-0bad95280f22,
,0,2022-01-07 14:35:01.452,43.692005,,NW. 310,Fair,0,1,TWC,2022-01-07 14:35:01.455,2022-01-07 14:35:01.455,1,-79.566376,-11.0,70,UTC-0500,im26HRLwRA,ddfffa60-cf6d-4ddc-9d03-3d5adcf6c074,com.sec.android.app.shealth,km/h,0,19.0,1,36d9bd27-ed78-47d8-9333-25f713b6a86b,
,0,2021-08-17 22:02:13.637,43.692028,,SE. 140,Partly Cloudy,0,1,TWC,2021-08-17 22:02:13.643,2021-08-17 22:02:13.643,1,-79.56644,27.0,69,UTC-0400,im26HRLwRA,cfa47492-f340-41d4-b894-c77658322e35,com.sec.android.app.shealth,km/h,0,11.0,2,f999e646-4725-46fa-9ab6-dc7acb4d82c6,
,0,2022-01-12 13:51:45.318,43.692204,,WSW. 240,Cloudy,0,1,TWC,2022-01-12 13:51:45.320,2022-01-12 13:51:45.320,1,-79.566,1.0,64,UTC-0500,im26HRLwRA,2c6e948e-fd43-4996-bc1c-21c85897f8e4,com.sec.android.app.shealth,km/h,0,21.0,3,c4bfd307-a4b5-42f8-a1e7-4f74ab0fc47b,
,0,2021-09-07 00:38:20.745,43.692047,,WNW. 290,Fair,0,1,TWC,2021-09-07 00:38:20.752,2021-09-07 00:38:20.752,1,-79.56633,19.0,60,UTC-0400,im26HRLwRA,454b6b9d-84a2-4ddc-aa7b-9797fce78887,com.sec.android.app.shealth,km/h,0,18.0,18,8595915f-79af-4f39-a0f5-7b75eaa0f22a,
,0,2022-01-23 16:57:09.233,43.689533,,N. 350,Mostly Cloudy,0,1,TWC,2022-01-23 16:57:09.248,2022-01-23 16:57:09.248,1,-79.56298,-9.0,64,UTC-0500,im26HRLwRA,1015a8b2-a858-41ee-9a6a-1cb754960b16,com.sec.android.app.shealth,km/h,0,19.0,3,4961744a-808d-4770-9dee-14eb360dc051,
,0,2022-01-28 13:47:22.061,43.6883,,NNW. 340,Sunny,0,1,TWC,2022-01-28 13:47:22.064,2022-01-28 13:47:22.064,1,-79.56291,-17.0,69,UTC-0500,im26HRLwRA,033eb6ec-2618-4b93-99bb-1f07d5e1e4ff,com.sec.android.app.shealth,km/h,0,21.0,1,8e2f88b3-5f1d-4aa8-ad59-47d8a79feb16,
,0,2021-10-02 23:19:49.126,43.69205,,SSW. 210,Mostly Cloudy,0,1,TWC,2021-10-02 23:19:49.141,2021-10-02 23:19:49.141,1,-79.566315,21.0,68,UTC-0400,im26HRLwRA,87e72455-da62-406b-89d6-1ce6db08d739,com.sec.android.app.shealth,km/h,0,13.0,3,01202b07-0491-45ba-9076-dabc568804cf,
,0,2022-02-13 16:13:31.543,43.69191,,NNW. 330,Partly Cloudy,0,1,TWC,2022-02-13 16:13:31.546,2022-02-13 16:13:31.546,1,-79.56615,-12.0,57,UTC-0500,im26HRLwRA,c49d304d-3d51-42b8-9d86-7473700b8780,com.sec.android.app.shealth,km/h,0,8.0,2,f9d9fa98-9a5c-4097-9a8e-fd795d643efc,
,0,2021-05-23 21:49:07.768,43.083054,,N. 10,Cloudy,0,1,TWC,2021-05-23 21:49:07.769,2021-05-23 21:49:07.769,1,-79.07744,21.0,63,UTC-0400,im26HRLwRA,ceba8647-6272-42be-a8f6-2af6e1535bfc,com.sec.android.app.shealth,km/h,0,16.0,3,aa2e20b6-cc6d-4665-8203-ef6abc32f08e,
,0,2022-04-19 13:26:13.561,43.648975,,WNW. 290,Cloudy,0,1,TWC,2022-04-19 13:26:13.564,2022-04-19 13:26:13.564,1,-79.378975,3.0,80,UTC-0400,im26HRLwRA,dbf074ac-cd4f-4202-9d9c-4bbbb17711d3,com.sec.android.app.shealth,km/h,0,26.0,3,9f35bd76-7431-464c-801b-08c0d30d7ffb,
,0,2022-03-20 21:44:30.799,43.692028,,NW. 310,Fair,0,1,TWC,2022-03-20 21:44:30.801,2022-03-20 21:44:30.801,1,-79.566315,12.0,29,UTC-0400,im26HRLwRA,49015900-73d7-40cb-b42d-edc4618e6ec9,com.sec.android.app.shealth,km/h,0,26.0,1,95cee513-a629-4c67-b0e4-e602cb3febf5,
,0,2022-01-10 14:12:56.268,43.692066,,W. 260,Mostly Cloudy,0,1,TWC,2022-01-10 14:12:56.270,2022-01-10 14:12:56.270,1,-79.56629,-9.0,63,UTC-0500,im26HRLwRA,26a153e1-7485-425b-a37b-38287b37bcdf,com.sec.android.app.shealth,km/h,0,31.0,3,98e84ce2-c5ae-4618-84b9-528ebf920673,
,0,2021-05-30 23:44:28.740,43.69286,,S. 170,Sunny,0,1,TWC,2021-05-30 23:44:28.746,2021-05-30 23:44:28.746,1,-79.5665,17.0,29,UTC-0400,im26HRLwRA,7845a7c6-1e74-4b37-a865-f6419877befa,com.sec.android.app.shealth,km/h,0,8.0,1,5866be26-9d6c-42a4-8f45-0d497e5598a8,
,0,2022-01-19 13:34:25.570,43.692,,SW. 220,Cloudy,0,1,TWC,2022-01-19 13:34:25.575,2022-01-19 13:34:25.575,1,-79.56612,3.0,77,UTC-0500,im26HRLwRA,8a60d3ad-b7aa-49ed-a415-e48fcd58f526,com.sec.android.app.shealth,km/h,0,24.0,3,f1b53e28-39b7-4c8d-9b85-0a1fc6540976,
,0,2022-04-29 11:30:27.709,43.650467,,NNW. 330,Fair,0,1,TWC,2022-04-29 11:30:27.710,2022-04-29 11:30:27.710,1,-79.37965,3.0,52,UTC-0400,im26HRLwRA,b7a489c1-91fa-4570-9526-3d38f0911f08,com.sec.android.app.shealth,km/h,0,21.0,1,17d4066a-aedb-4211-820e-d9909442d5ed,
,0,2021-06-12 01:34:04.182,43.699265,,ENE. 60,Mostly Cloudy,0,1,TWC,2021-06-12 01:34:04.183,2021-06-12 01:34:04.183,1,-79.254395,18.0,69,UTC-0400,im26HRLwRA,b71f97bb-1a96-4724-85b5-15e1c5d318ae,com.sec.android.app.shealth,km/h,0,14.0,3,b404a4c4-1160-4605-8d5b-bca775ffe43c,
,0,2022-01-24 14:04:21.828,43.692493,,WSW. 240,Cloudy,0,1,TWC,2022-01-24 14:04:21.836,2022-01-24 14:04:21.836,1,-79.56625,-9.0,67,UTC-0500,im26HRLwRA,3bc76179-68a5-4951-a7f1-b532c8a35ddf,com.sec.android.app.shealth,km/h,0,10.0,3,7b8ea4ea-1184-401a-99a6-49793507024f,
,0,2022-05-05 11:35:04.565,43.65071,,NNE. 30,Sunny,0,1,TWC,2022-05-05 11:35:04.571,2022-05-05 11:35:04.571,1,-79.379074,9.0,62,UTC-0400,im26HRLwRA,7890b4a7-6118-40a6-a326-f89430b0245c,com.sec.android.app.shealth,km/h,0,21.0,1,4b607fc5-ce46-47b1-b125-26a013534b9a,
,0,2022-01-30 22:35:28.080,43.69188,,SW. 230,Mostly Cloudy,0,1,TWC,2022-01-30 22:35:28.084,2022-01-30 22:35:28.084,1,-79.56614,-5.0,51,UTC-0500,im26HRLwRA,66ce80de-c70c-4bfb-bc13-ad11f2b8b600,com.sec.android.app.shealth,km/h,0,8.0,3,470e31be-094a-445f-a47c-828093aacf63,
,0,2022-05-11 23:03:01.812,43.69202,,ESE. 120,Sunny,0,1,TWC,2022-05-11 23:03:01.814,2022-05-11 23:03:01.814,1,-79.566315,23.0,29,UTC-0400,im26HRLwRA,e9a21153-3703-4dfe-bb94-18e8e35cfee2,com.sec.android.app.shealth,km/h,0,13.0,1,4dda6bd5-ef8e-4259-b61d-b33cac2064f2,
,0,2022-02-28 00:10:42.297,43.69195,,WNW. 300,Mostly Cloudy,0,1,TWC,2022-02-28 00:10:42.304,2022-02-28 00:10:42.304,1,-79.56612,-3.0,64,UTC-0500,im26HRLwRA,6ebb2427-2184-4d30-9509-3d17dd69c630,com.sec.android.app.shealth,km/h,0,23.0,3,8c0d9d08-b22e-4118-89bb-1b1f111f7398,
,0,2021-07-10 13:35:30.241,43.56496,,NW. 310,Partly Cloudy,0,1,TWC,2021-07-10 13:35:30.257,2021-07-10 13:35:30.257,1,-79.724236,20.0,60,UTC-0400,im26HRLwRA,c233f777-289e-4fb0-a904-d436a9d9f93d,com.sec.android.app.shealth,km/h,0,5.0,2,485f4846-288b-41a2-a241-b88c57929e5f,
,0,2022-03-22 12:19:44.618,43.690117,,N. 10,Fair,0,1,TWC,2022-03-22 12:19:44.619,2022-03-22 12:19:44.619,1,-79.564156,-1.0,59,UTC-0400,im26HRLwRA,25f973dc-a8ef-4627-978e-cb17629d8568,com.sec.android.app.shealth,km/h,0,10.0,1,8e976a65-54bf-426c-a151-2cb239f4156b,
,0,2022-05-31 22:46:59.930,43.691814,,WSW. 250,Mostly Cloudy,0,1,TWC,2022-05-31 22:46:59.932,2022-05-31 22:46:59.932,1,-79.56575,31.0,41,UTC-0400,im26HRLwRA,377f786e-6fa0-465f-a0ec-4830b618f617,com.sec.android.app.shealth,km/h,0,27.0,3,8d846205-3e1a-471e-8b65-cf65d62dccae,
,0,2022-04-15 14:50:53.276,43.69201,,SW. 230,Partly Cloudy,0,1,TWC,2022-04-15 14:50:53.277,2022-04-15 14:50:53.277,1,-79.56654,11.0,40,UTC-0400,im26HRLwRA,2cee250e-db77-4b14-acaa-8faca8fced8f,com.sec.android.app.shealth,km/h,0,29.0,2,76c4121e-2737-4f08-b23c-f97653a2e381,
,0,2022-04-27 21:50:32.274,43.643684,,NW. 320,Cloudy/Wind,0,1,TWC,2022-04-27 21:50:32.276,2022-04-27 21:50:32.276,1,-79.38228,3.0,52,UTC-0400,im26HRLwRA,f5d562d3-0267-4fc7-b8c8-fbee778a6296,com.sec.android.app.shealth,km/h,0,35.0,3,e48c2b75-b370-4ba5-a872-b4710428fb9b,
,0,2022-06-07 23:08:36.957,43.692,,WNW. 290,Mostly Cloudy,0,1,TWC,2022-06-07 23:08:36.961,2022-06-07 23:08:36.961,1,-79.56626,17.0,70,UTC-0400,im26HRLwRA,dcdbeb8a-badb-46b1-8088-b057d2062aa9,com.sec.android.app.shealth,km/h,0,29.0,3,c22e355c-2179-42fc-bd96-2f56104ca8c3,
,0,2021-08-02 23:02:57.150,43.69197,,SW. 230,Partly Cloudy,0,1,TWC,2021-08-02 23:02:57.157,2021-08-02 23:02:57.157,1,-79.56613,24.0,41,UTC-0400,im26HRLwRA,a38d34e7-5792-4978-86de-6ed30eb1ee03,com.sec.android.app.shealth,km/h,0,10.0,2,8444bce2-4f66-4f79-85b5-8e62e2a45bdc,
,0,2022-04-04 23:00:12.070,43.69193,,SSE. 160,Cloudy,0,1,TWC,2022-04-04 23:00:12.073,2022-04-04 23:00:12.073,1,-79.566666,6.0,55,UTC-0400,im26HRLwRA,79deda25-f0ba-4e38-9525-d80800793bd9,com.sec.android.app.shealth,km/h,0,13.0,3,5102773c-2f32-40ee-bf39-cbf3582ce4fb,
,0,2020-06-30 14:15:20.023,43.692024,,SSE. 150,Fair,0,1,TWC,2020-06-30 14:15:20.026,2020-06-30 14:15:20.026,1,-79.5663,26.0,55,UTC-0400,im26HRLwRA,04055d1f-4151-4873-b27f-07085697c536,com.sec.android.app.shealth,km/h,0,8.0,1,b7f5182f-fdd1-484d-8791-948b86638d4e,
,0,2021-08-28 14:05:24.284,43.739803,,ESE. 110,Mostly Cloudy,0,1,TWC,2021-08-28 14:05:24.297,2021-08-28 14:05:24.297,1,-79.76056,22.0,73,UTC-0400,im26HRLwRA,e23abbf2-f60e-41c5-a6d3-f182c0eb74c7,com.sec.android.app.shealth,km/h,0,11.0,3,6d784c66-e9d1-4c07-8ec5-2df069f4e134,
,0,2022-04-20 23:25:54.412,43.692028,,SSE. 150,Partly Cloudy,0,1,TWC,2022-04-20 23:25:54.425,2022-04-20 23:25:54.425,1,-79.56629,9.0,48,UTC-0400,im26HRLwRA,c279fcad-395b-4b94-8916-15ed6c2cc751,com.sec.android.app.shealth,km/h,0,19.0,2,761655b6-fc0a-48d4-985a-330d337e3ed9,
,0,2020-07-03 14:03:35.843,43.692024,,NNW. 340,Partly Cloudy,0,1,TWC,2020-07-03 14:03:35.844,2020-07-03 14:03:35.844,1,-79.56629,27.0,60,UTC-0400,im26HRLwRA,f192d704-ae82-4a2d-aa2d-0dbb3c432e9b,com.sec.android.app.shealth,km/h,0,18.0,2,e04d7aaf-9d95-4596-ad6b-06df89953bc7,
,0,2021-09-15 22:53:05.237,43.682518,,N. 350,Partly Cloudy,0,1,TWC,2021-09-15 22:53:05.248,2021-09-15 22:53:05.248,1,-79.56641,20.0,66,UTC-0400,im26HRLwRA,98ea750a-bb0e-4c1e-b312-92fe7a990f38,com.sec.android.app.shealth,km/h,0,6.0,2,61b8f6cb-9feb-44af-a434-094d11670cd4,
,0,2022-04-29 21:45:01.159,43.646057,,WSW. 250,Sunny,0,1,TWC,2022-04-29 21:45:01.162,2022-04-29 21:45:01.162,1,-79.37911,12.0,33,UTC-0400,im26HRLwRA,22029616-ccfd-496f-be6d-cc4c3e6d5484,com.sec.android.app.shealth,km/h,0,10.0,1,a791669c-87ac-4059-b262-7b4e1d9f6f2b,
,0,2020-07-07 13:50:10.969,43.692028,,S. 180,Sunny,0,1,TWC,2020-07-07 13:50:10.970,2020-07-07 13:50:10.970,1,-79.56629,28.0,54,UTC-0400,im26HRLwRA,5eea85d9-b193-432a-a1e2-3a62dce3b8fa,com.sec.android.app.shealth,km/h,0,10.0,1,89884631-d7b3-4e94-b622-38f8f13107a1,
,0,2022-05-09 23:14:22.082,43.690823,,E. 80,Partly Cloudy,0,1,TWC,2022-05-09 23:14:22.086,2022-05-09 23:14:22.086,1,-79.56494,18.0,21,UTC-0400,im26HRLwRA,43e37a7a-f15c-471f-9f97-958efd880eb7,com.sec.android.app.shealth,km/h,0,18.0,2,9e4b4aa1-bc9d-432c-a98c-bf7388330889,
,0,2020-07-12 12:55:02.570,43.61325,,W. 280,Sunny,0,1,TWC,2020-07-12 12:55:02.577,2020-07-12 12:55:02.577,1,-79.34384,21.0,80,UTC-0400,im26HRLwRA,3d7cb7ba-d458-4346-8f6d-5913ef521d99,com.sec.android.app.shealth,km/h,0,14.0,1,278a17ba-949d-4241-b45c-aae6e26c078a,
,0,2022-05-17 12:55:38.059,43.649395,,WNW. 300,Sunny,0,1,TWC,2022-05-17 12:55:38.061,2022-05-17 12:55:38.061,1,-79.37877,11.0,67,UTC-0400,im26HRLwRA,1b622691-2fe1-467e-b1d5-33ac2ef5aec1,com.sec.android.app.shealth,km/h,0,31.0,1,7b698795-0f42-4af7-8fb7-03713600377b,
,0,2020-07-15 13:36:03.330,43.69202,,SE. 140,Partly Cloudy,0,1,TWC,2020-07-15 13:36:03.331,2020-07-15 13:36:03.331,1,-79.566284,25.0,63,UTC-0400,im26HRLwRA,b87377a0-6081-4693-b756-feb10f0279b3,com.sec.android.app.shealth,km/h,0,10.0,2,463825e4-9183-451d-b93b-83553d28685c,
,0,2022-06-02 20:15:01.560,43.649376,,W. 280,Mostly Cloudy,0,1,TWC,2022-06-02 20:15:01.562,2022-06-02 20:15:01.562,1,-79.37883,19.0,53,UTC-0400,im26HRLwRA,88d46833-b789-4b56-88d9-18577c8f5db2,com.sec.android.app.shealth,km/h,0,14.0,3,4abd8a56-cc2d-44ac-9f25-c7b65df43544,
,0,2020-07-20 00:03:13.002,43.69109,,SW. 220,Rain Shower,0,1,TWC,2020-07-20 00:03:13.004,2020-07-20 00:03:13.004,1,-79.56504,24.0,77,UTC-0400,im26HRLwRA,02fec157-d968-4b9f-8464-98ce69cf60fc,com.sec.android.app.shealth,km/h,0,19.0,5,4e109e1c-34bb-4f92-abb4-0792f84887fc,
,0,2022-05-03 12:50:29.391,43.69198,,E. 100,Cloudy,0,1,TWC,2022-05-03 12:50:29.395,2022-05-03 12:50:29.395,1,-79.56632,11.0,82,UTC-0400,im26HRLwRA,9071e79e-78d2-4047-b453-c36751063b6c,com.sec.android.app.shealth,km/h,0,10.0,3,75ad768f-a443-42d0-9911-d7e19979d851,
,0,2020-07-24 23:53:27.272,43.69205,,SSE. 150,Fair,0,1,TWC,2020-07-24 23:53:27.276,2020-07-24 23:53:27.276,1,-79.56587,27.0,52,UTC-0400,im26HRLwRA,5ed03733-d58b-44e9-8e9b-4b742a88709b,com.sec.android.app.shealth,km/h,0,8.0,1,a96a4c1d-fbb4-4923-affa-ceaf543b26ea,
,0,2020-08-03 00:58:09.832,43.56003,,WNW. 290,Cloudy,0,1,TWC,2020-08-03 00:58:09.833,2020-08-03 00:58:09.833,1,-79.669205,22.0,80,UTC-0400,im26HRLwRA,89a94520-96f9-44bc-85cf-96bc5a3e0ef6,com.sec.android.app.shealth,km/h,0,27.0,3,97acd84c-0b02-4169-b448-5ed200ce5b64,
,0,2020-08-15 13:44:44.490,43.460026,,NE. 50,Partly Cloudy,0,1,TWC,2020-08-15 13:44:44.491,2020-08-15 13:44:44.491,1,-79.75204,23.0,66,UTC-0400,im26HRLwRA,f9eee8ef-d2cf-415c-8e7a-aabb458e44b3,com.sec.android.app.shealth,km/h,0,13.0,2,0379565a-f10d-45b8-8bfc-62b72079c031,
,0,2020-08-22 00:24:58.814,43.692043,,WNW. 300,Partly Cloudy,0,1,TWC,2020-08-22 00:24:58.817,2020-08-22 00:24:58.817,1,-79.566284,27.0,54,UTC-0400,im26HRLwRA,7394ef55-7141-40f5-90a3-cbc9b7618ce0,com.sec.android.app.shealth,km/h,0,24.0,2,5b17daac-8fcc-4c11-b1eb-61e2f90ce52f,
,0,2022-01-01 05:50:48.790,43.6391,,NE. 50,Mist,0,1,TWC,2022-01-01 05:50:48.792,2022-01-01 05:50:48.792,1,-79.39037,4.0,98,UTC-0500,im26HRLwRA,5b118541-729a-4356-b6c9-21fe4c995f82,com.sec.android.app.shealth,km/h,0,26.0,4,6891486b-fe25-49f2-9a01-8f23b38f264e,
,0,2022-05-11 22:23:37.724,43.68285,,ESE. 110,Sunny,0,1,TWC,2022-05-11 22:23:37.726,2022-05-11 22:23:37.726,1,-79.565575,23.0,28,UTC-0400,im26HRLwRA,906f46b1-2f57-471b-94b8-a7241e7ce89f,com.sec.android.app.shealth,km/h,0,14.0,1,b33f552f-ca42-4934-9fca-0765b848e343,
,0,2022-05-30 22:45:17.999,43.692,,SW. 230,Partly Cloudy,0,1,TWC,2022-05-30 22:45:18.000,2022-05-30 22:45:18.000,1,-79.56626,31.0,36,UTC-0400,im26HRLwRA,375304e9-8c7b-4ddd-a9c2-168406e00496,com.sec.android.app.shealth,km/h,0,26.0,2,0c1f8c10-c782-4590-9fd5-04e01fe4c642,
,0,2022-06-06 12:54:47.533,43.691944,,ENE. 70,Cloudy,0,1,TWC,2022-06-06 12:54:47.536,2022-06-06 12:54:47.536,1,-79.56627,16.0,66,UTC-0400,im26HRLwRA,96563b79-8bc4-4699-96f3-a04dd799636a,com.sec.android.app.shealth,km/h,0,16.0,3,7928d988-6270-4918-974f-be7efec693b3,
,0,2020-07-01 00:16:19.050,43.69248,,SSE. 160,Partly Cloudy,0,1,TWC,2020-07-01 00:16:19.052,2020-07-01 00:16:19.052,1,-79.56436,24.0,61,UTC-0400,im26HRLwRA,ab77d7e7-c267-49b8-9cf1-b1126b257d53,com.sec.android.app.shealth,km/h,0,10.0,2,958c3541-b38a-4e02-ade8-502ea47a54dc,
,0,2022-01-11 14:06:57.651,43.69203,,N. 0,Mostly Cloudy,0,1,TWC,2022-01-11 14:06:57.654,2022-01-11 14:06:57.654,1,-79.56627,-19.0,62,UTC-0500,im26HRLwRA,9b255366-9634-457a-ba1b-0d30338aa020,com.sec.android.app.shealth,km/h,0,6.0,3,93b7c59a-34b8-4ce8-856d-6fe137c79171,
,0,2020-07-03 23:23:37.747,43.683502,,NNW. 340,Fair,0,1,TWC,2020-07-03 23:23:37.748,2020-07-03 23:23:37.748,1,-79.56454,30.0,52,UTC-0400,im26HRLwRA,6860267a-3ec8-4679-a3ac-c65f3aa14e5d,com.sec.android.app.shealth,km/h,0,26.0,1,1e94154d-fa6a-4274-9758-a1559e28f4d0,
,0,2022-01-22 19:22:55.562,43.69211,,SSW. 200,Cloudy,0,1,TWC,2022-01-22 19:22:55.570,2022-01-22 19:22:55.570,1,-79.566475,-4.0,66,UTC-0500,im26HRLwRA,f8fce645-895e-4024-b5e0-58a0aa2a87fb,com.sec.android.app.shealth,km/h,0,26.0,3,767e11dd-c6a8-4574-beaa-3c8e1611f835,
,0,2020-09-03 11:40:07.344,43.692028,,W. 280,Partly Cloudy,0,1,TWC,2020-09-03 11:40:07.345,2020-09-03 11:40:07.345,1,-79.56629,15.0,87,UTC-0400,im26HRLwRA,351e239e-3ec1-4b10-aef8-1be8030e6a90,com.sec.android.app.shealth,km/h,0,5.0,2,25390954-3913-486d-9596-8eca837149c5,
,0,2020-07-07 23:24:36.315,43.69133,,SSE. 150,Fair,0,1,TWC,2020-07-07 23:24:36.316,2020-07-07 23:24:36.316,1,-79.56538,32.0,45,UTC-0400,im26HRLwRA,49482925-9070-46f9-bb34-f996d370cd03,com.sec.android.app.shealth,km/h,0,13.0,1,a69eeb12-2c4e-42f3-8df3-23e11b04f6f3,
,0,2020-07-12 14:33:30.540,43.655533,,W. 260,Fair,0,1,TWC,2020-07-12 14:33:30.542,2020-07-12 14:33:30.542,1,-79.32842,24.0,67,UTC-0400,im26HRLwRA,45c41590-3bb0-4612-9c4f-0f7f7c404f85,com.sec.android.app.shealth,km/h,0,13.0,1,9a180559-0112-417b-9811-98881be4bd22,
,0,2020-09-15 00:03:44.310,43.692043,,NNW. 340,Clear,0,1,TWC,2020-09-15 00:03:44.313,2020-09-15 00:03:44.313,1,-79.56611,13.0,46,UTC-0400,im26HRLwRA,4868cb98-751f-4f47-a873-a14d81967565,com.sec.android.app.shealth,km/h,0,18.0,18,4d1240ae-10fe-4115-94aa-54c2a4cc9d8f,
,0,2020-07-15 23:50:51.335,43.69202,,E. 100,Partly Cloudy,0,1,TWC,2020-07-15 23:50:51.336,2020-07-15 23:50:51.336,1,-79.566284,27.0,56,UTC-0400,im26HRLwRA,67a3048a-b3af-49da-bbf1-23d1fa23f258,com.sec.android.app.shealth,km/h,0,19.0,2,8003ddc3-b9a3-440f-8e5a-5fd75393b908,
,0,2020-10-28 22:40:23.684,43.68343,,WSW. 250,Fair,0,1,TWC,2020-10-28 22:40:23.689,2020-10-28 22:40:23.689,1,-79.56459,10.0,46,UTC-0400,im26HRLwRA,235317e2-8f9e-4fd7-b850-2eb378a3a477,com.sec.android.app.shealth,km/h,0,14.0,18,70028099-955f-4f6b-88df-b5d33dc464fb,
,0,2020-07-20 14:22:30.682,43.691944,,W. 260,Fair,0,1,TWC,2020-07-20 14:22:30.688,2020-07-20 14:22:30.688,1,-79.566185,26.0,59,UTC-0400,im26HRLwRA,2f1d1381-2b29-4476-992b-4b439f7ed65f,com.sec.android.app.shealth,km/h,0,14.0,1,2604414f-ccb6-4de6-841f-6b478d361c1c,
,0,2020-11-10 22:32:56.496,43.683422,,S. 170,Fair,0,1,TWC,2020-11-10 22:32:56.498,2020-11-10 22:32:56.498,1,-79.564514,19.0,64,UTC-0500,im26HRLwRA,09b015f9-ddb7-4723-94a3-7045620622d6,com.sec.android.app.shealth,km/h,0,14.0,18,1a18b323-5b53-4284-b3fa-a26125356f97,
,0,2020-07-27 23:42:50.965,43.69202,,W. 270,Mostly Cloudy,0,1,TWC,2020-07-27 23:42:50.967,2020-07-27 23:42:50.967,1,-79.56628,30.0,56,UTC-0400,im26HRLwRA,713098a2-9b7a-43d5-b145-06bcd65360df,com.sec.android.app.shealth,km/h,0,16.0,3,4f964abf-ba25-4876-8f68-33d61a4f6054,
,0,2020-12-08 13:22:31.072,43.69215,,NNW. 330,Fair,0,1,TWC,2020-12-08 13:22:31.073,2020-12-08 13:22:31.073,1,-79.56622,-6.0,81,UTC-0500,im26HRLwRA,4538c7e1-c25b-4b9d-aef5-a1cf90bf714d,com.sec.android.app.shealth,km/h,0,14.0,1,06cf103e-d50b-4a6e-9c20-670e96e6c36a,
,0,2020-08-03 01:11:21.544,43.564503,,W. 280,Mostly Cloudy,0,1,TWC,2020-08-03 01:11:21.547,2020-08-03 01:11:21.547,1,-79.67044,22.0,83,UTC-0400,im26HRLwRA,cbe4fe13-5f81-4995-bbc5-57fc217cc636,com.sec.android.app.shealth,km/h,0,23.0,3,0359b9a7-b776-4c48-befe-d37bcd04c862,
,0,2021-01-11 23:47:11.610,43.69186,,WSW. 240,Cloudy,0,1,TWC,2021-01-11 23:47:11.619,2021-01-11 23:47:11.619,1,-79.56604,-1.0,70,UTC-0500,im26HRLwRA,761b0120-87fa-46d5-8d17-02e68e6fdee6,com.sec.android.app.shealth,km/h,0,16.0,3,12eabc9c-eb19-41d8-86ef-70587e6514d3,
,0,2022-01-26 13:47:21.181,43.689556,,N. 0,Cloudy,0,1,TWC,2022-01-26 13:47:21.188,2022-01-26 13:47:21.188,1,-79.56306,-14.0,72,UTC-0500,im26HRLwRA,d79c484f-25a6-45ed-8c2e-d33f8881cd62,com.sec.android.app.shealth,km/h,0,10.0,3,2674ffbb-eb2b-41a5-9dc4-c9d5f54930e5,
,0,2020-08-16 00:42:15.872,43.69186,,ESE. 120,Mostly Cloudy,0,1,TWC,2020-08-16 00:42:15.873,2020-08-16 00:42:15.873,1,-79.56624,24.0,74,UTC-0400,im26HRLwRA,9ff79688-bce3-4178-adb8-1f8ef233430c,com.sec.android.app.shealth,km/h,0,6.0,3,0cae7c32-d0e0-4a4e-bb08-c9da10235b43,
,0,2021-01-17 21:41:35.290,43.683533,,WNW. 290,Cloudy,0,1,TWC,2021-01-17 21:41:35.293,2021-01-17 21:41:35.293,1,-79.56469,2.0,66,UTC-0500,im26HRLwRA,0d1b34f6-49ef-4699-9f2d-335d43f61723,com.sec.android.app.shealth,km/h,0,18.0,3,7edd94c9-0e60-4f70-a4bf-935c09611fa5,
,0,2020-08-29 20:39:45.725,43.70945,,WNW. 300,Mostly Cloudy/Wind,0,1,TWC,2020-08-29 20:39:45.728,2020-08-29 20:39:45.728,1,-79.38965,22.0,60,UTC-0400,im26HRLwRA,5b2fdbd8-da0d-4da5-a637-151259dc3ce5,com.sec.android.app.shealth,km/h,0,34.0,3,8d446166-571a-4d3d-b685-db5d7f170537,
,0,2021-01-25 23:55:01.824,43.69203,,ENE. 70,Cloudy,0,1,TWC,2021-01-25 23:55:01.828,2021-01-25 23:55:01.828,1,-79.56632,-1.0,76,UTC-0500,im26HRLwRA,dd75ae75-1d39-4b50-988e-de929f347bc0,com.sec.android.app.shealth,km/h,0,6.0,3,718d80aa-38a7-45c4-8cf7-cb62c16cb088,
,0,2022-02-01 14:08:14.860,43.691982,,SSE. 160,Partly Cloudy,0,1,TWC,2022-02-01 14:08:14.863,2022-02-01 14:08:14.863,1,-79.56661,-2.0,70,UTC-0500,im26HRLwRA,5196e5ca-8a05-41e6-bfb0-7e9104e15408,com.sec.android.app.shealth,km/h,0,11.0,2,e7b464ec-9cdf-4aae-a50e-98937b3887f0,
,0,2020-09-07 23:02:32.307,43.691982,,N. 0,Mostly Cloudy,0,1,TWC,2020-09-07 23:02:32.310,2020-09-07 23:02:32.310,1,-79.56686,19.0,69,UTC-0400,im26HRLwRA,b5f17323-30fa-4b94-8e11-74ae3fc1482e,com.sec.android.app.shealth,km/h,0,11.0,3,ac7aa9eb-212b-4cbb-addb-b255293f095f,
,0,2022-03-04 00:05:46.718,43.69206,,WNW. 300,Clear,0,1,TWC,2022-03-04 00:05:46.721,2022-03-04 00:05:46.721,1,-79.56625,-7.0,43,UTC-0500,im26HRLwRA,7c921a41-5c00-43db-baf5-9bdf59905d10,com.sec.android.app.shealth,km/h,0,23.0,18,80b28fca-10de-412f-920e-c451ecd3fcf1,
,0,2020-09-21 00:40:25.614,43.69203,,E. 90,Clear,0,1,TWC,2020-09-21 00:40:25.617,2020-09-21 00:40:25.617,1,-79.566284,13.0,54,UTC-0400,im26HRLwRA,8b38eeb3-02d2-4beb-82f5-7778b35907b2,com.sec.android.app.shealth,km/h,0,6.0,18,987b56c0-f6a4-4062-b969-a49fd4a15b9d,
,0,2020-10-28 23:00:14.473,43.69201,,WSW. 250,Fair,0,1,TWC,2020-10-28 23:00:14.477,2020-10-28 23:00:14.477,1,-79.566376,9.0,47,UTC-0400,im26HRLwRA,8ca7d707-f1a8-4fbf-ae6f-552d2617c393,com.sec.android.app.shealth,km/h,0,14.0,18,5430c1b8-86b0-4acd-aa67-25b3b458bd89,
,0,2022-03-31 21:47:51.548,43.69202,,WSW. 240,Cloudy/Wind,0,1,TWC,2022-03-31 21:47:51.549,2022-03-31 21:47:51.549,1,-79.56631,11.0,61,UTC-0400,im26HRLwRA,698bb57f-49f4-4a35-94ab-821d2584180f,com.sec.android.app.shealth,km/h,0,35.0,3,1cfbec0e-8546-4fcf-b934-f32c4fb5872e,
,0,2020-11-10 23:14:53.124,43.692024,,S. 170,Fair,0,1,TWC,2020-11-10 23:14:53.125,2020-11-10 23:14:53.125,1,-79.566315,19.0,66,UTC-0500,im26HRLwRA,c5b9dd14-eb08-439d-bfcb-2d051070da02,com.sec.android.app.shealth,km/h,0,8.0,18,17b6df87-d6b7-47fd-9264-94c8522f99ee,
,0,2022-04-19 20:59:08.476,43.64632,,W. 280,Cloudy/Wind,0,1,TWC,2022-04-19 20:59:08.477,2022-04-19 20:59:08.477,1,-79.376015,5.0,66,UTC-0400,im26HRLwRA,01a0143b-e89c-4098-a2fd-8ead29a18755,com.sec.android.app.shealth,km/h,0,40.0,3,43788ad2-2bd6-49c7-b1aa-767f09905ca7,
,0,2020-12-29 02:35:02.516,43.692078,,W. 270,Snow Shower,0,1,TWC,2020-12-29 02:35:02.521,2020-12-29 02:35:02.521,1,-79.56629,-2.0,72,UTC-0500,im26HRLwRA,07cb62e2-5419-4fe8-af67-5c3a69d6c4ad,com.sec.android.app.shealth,km/h,0,16.0,10,6a7d7cf5-8895-4641-88fb-24ad3fa290f1,
,0,2022-04-29 16:43:55.565,43.65023,,S. 190,Sunny,0,1,TWC,2022-04-29 16:43:55.571,2022-04-29 16:43:55.571,1,-79.38377,10.0,41,UTC-0400,im26HRLwRA,2ae507bc-ca6d-4aa7-902b-518c3702cf68,com.sec.android.app.shealth,km/h,0,11.0,1,ec453a70-b06b-41ae-a173-fb437fc4329f,
,0,2021-01-13 01:13:44.274,43.692127,,WSW. 240,Cloudy,0,1,TWC,2021-01-13 01:13:44.275,2021-01-13 01:13:44.275,1,-79.56557,-1.0,87,UTC-0500,im26HRLwRA,01d1b9c3-1781-48b4-bb51-627ece4c613f,com.sec.android.app.shealth,km/h,0,13.0,3,b5c483d7-c402-45af-b3d2-f2f0e6cc9b0f,
,0,2022-05-09 00:09:44.062,43.69042,,E. 80,Sunny,0,1,TWC,2022-05-09 00:09:44.065,2022-05-09 00:09:44.065,1,-79.56438,15.0,26,UTC-0400,im26HRLwRA,81980a9e-6363-4150-a577-f1f90d849cca,com.sec.android.app.shealth,km/h,0,14.0,1,ed15aa08-f6f2-4127-82c9-2749eddd950f,
,0,2021-01-19 23:45:35.673,43.69198,,W. 260,Mostly Cloudy,0,1,TWC,2021-01-19 23:45:35.674,2021-01-19 23:45:35.674,1,-79.56631,-2.0,60,UTC-0500,im26HRLwRA,c7ab7cd5-10a0-42db-b879-9c9344c2cd8f,com.sec.android.app.shealth,km/h,0,21.0,3,7863142c-8974-46ef-826a-ce98f5567ae0,
,0,2022-05-14 23:17:31.273,43.691933,,SE. 130,Partly Cloudy,0,1,TWC,2022-05-14 23:17:31.276,2022-05-14 23:17:31.276,1,-79.56631,23.0,58,UTC-0400,im26HRLwRA,3d684b7a-d8f1-446a-8df6-486be2d6144d,com.sec.android.app.shealth,km/h,0,14.0,2,cf78262d-d0a0-4588-931f-8900e73b7fa3,
,0,2021-01-26 23:07:03.190,43.684174,,N. 0,Snow Shower,0,1,TWC,2021-01-26 23:07:03.191,2021-01-26 23:07:03.191,1,-79.56614,-3.0,88,UTC-0500,im26HRLwRA,c19f5cea-d994-4602-8597-cce33ecd63d8,com.sec.android.app.shealth,km/h,0,24.0,10,6beba339-4dde-495b-b70b-7dc93756cf14,
,0,2022-06-02 12:50:17.055,43.649467,,WNW. 300,Sunny,0,1,TWC,2022-06-02 12:50:17.056,2022-06-02 12:50:17.056,1,-79.37884,14.0,62,UTC-0400,im26HRLwRA,5fbac745-aea0-410f-bb8b-e30148436346,com.sec.android.app.shealth,km/h,0,14.0,1,f8f378b0-8954-422d-aecf-bc0abfa60ddb,
,0,2021-02-04 23:46:40.571,43.691982,,SE. 140,Mostly Cloudy,0,1,TWC,2021-02-04 23:46:40.584,2021-02-04 23:46:40.584,1,-79.566086,0.0,73,UTC-0500,im26HRLwRA,7ae77f6f-5a74-4f52-b968-1ee51b255df0,com.sec.android.app.shealth,km/h,0,10.0,3,3aa9a3ec-0c67-420e-9d7c-3df303026d04,
,0,2021-03-09 13:45:07.155,43.6919,,W. 280,Partly Cloudy,0,1,TWC,2021-03-09 13:45:07.158,2021-03-09 13:45:07.158,1,-79.56639,4.0,77,UTC-0500,im26HRLwRA,e63509d3-1ff2-4241-98c0-77c382486b7d,com.sec.android.app.shealth,km/h,0,8.0,2,1a29444e-fcff-453e-828f-191155e32fff,
,0,2021-02-03 23:47:21.129,43.692104,,NW. 320,Clear,0,1,TWC,2021-02-03 23:47:21.131,2021-02-03 23:47:21.131,1,-79.566284,-2.0,56,UTC-0500,im26HRLwRA,7184a885-85ba-402f-8f82-3f1ebc4b211a,com.sec.android.app.shealth,km/h,0,26.0,18,7e996862-82c4-4a80-8ce8-a47cb19e295b,
,0,2021-03-14 20:54:39.580,43.69193,,NNW. 330,Sunny/Wind,0,1,TWC,2021-03-14 20:54:39.587,2021-03-14 20:54:39.587,1,-79.56622,-1.0,38,UTC-0400,im26HRLwRA,2994b806-6fe5-4b2d-8015-615aa8a53f60,com.sec.android.app.shealth,km/h,0,35.0,1,238797ad-9d07-42e2-97b2-b2965cc836df,
,0,2021-03-07 23:55:47.055,43.692024,,NW. 320,Clear,0,1,TWC,2021-03-07 23:55:47.060,2021-03-07 23:55:47.060,1,-79.56625,-3.0,44,UTC-0500,im26HRLwRA,23c01092-9ec4-47a8-9f5b-861b60784168,com.sec.android.app.shealth,km/h,0,13.0,18,d3e930f1-1dda-49a7-ae99-6991754d279f,
,0,2021-03-21 22:55:29.707,43.69198,,ESE. 110,Sunny,0,1,TWC,2021-03-21 22:55:29.716,2021-03-21 22:55:29.716,1,-79.56636,11.0,31,UTC-0400,im26HRLwRA,fe5de7a0-6e99-41e3-b43f-26191a69e9db,com.sec.android.app.shealth,km/h,0,13.0,1,3b2e6d1c-997e-46b7-bf1a-abc0ca7e900b,
,0,2021-03-12 13:10:58.846,43.69212,,WSW. 240,Sunny,0,1,TWC,2021-03-12 13:10:58.853,2021-03-12 13:10:58.853,1,-79.56621,4.0,70,UTC-0500,im26HRLwRA,be43a9c3-b3c2-4e50-a2d4-00f44f6b840e,com.sec.android.app.shealth,km/h,0,11.0,1,9f1c4ce9-2cf6-4e53-94f8-512a016473b8,
,0,2021-03-24 22:30:31.764,43.69204,,E. 100,Mostly Cloudy,0,1,TWC,2021-03-24 22:30:31.765,2021-03-24 22:30:31.765,1,-79.56637,14.0,70,UTC-0400,im26HRLwRA,7129f5ae-c95e-45b4-b30b-fe0188400c20,com.sec.android.app.shealth,km/h,0,13.0,3,73a28645-ffdc-4942-a12b-71a956f9e6bc,
,0,2021-03-31 23:36:29.298,43.692036,,NNW. 340,Mostly Cloudy,0,1,TWC,2021-03-31 23:36:29.299,2021-03-31 23:36:29.299,1,-79.56639,6.0,48,UTC-0400,im26HRLwRA,da4cd4fd-d557-4b3c-b727-b3582cb4a88a,com.sec.android.app.shealth,km/h,0,24.0,3,3297618c-70ee-4ba1-ab39-117588d39c2d,
,0,2021-05-19 23:33:54.688,43.691982,,SSE. 150,Mostly Cloudy,0,1,TWC,2021-05-19 23:33:54.693,2021-05-19 23:33:54.693,1,-79.56638,24.0,34,UTC-0400,im26HRLwRA,7dfa8c46-9075-4a5c-a4ca-8f1e66e45de5,com.sec.android.app.shealth,km/h,0,11.0,3,b281960e-eb95-4397-817b-1b1baa5642fc,
,0,2021-03-20 22:27:33.345,43.692154,,WSW. 240,Sunny,0,1,TWC,2021-03-20 22:27:33.352,2021-03-20 22:27:33.352,1,-79.56674,13.0,21,UTC-0400,im26HRLwRA,392fd8e9-7536-4f83-adce-82c32acb6e79,com.sec.android.app.shealth,km/h,0,10.0,1,bc4e8fe3-0e2e-4927-86a0-fdafb5913065,
,0,2021-05-25 22:37:24.083,43.69244,,WSW. 240,Partly Cloudy,0,1,TWC,2021-05-25 22:37:24.089,2021-05-25 22:37:24.089,1,-79.564125,29.0,40,UTC-0400,im26HRLwRA,f0e9397b-f224-42a7-ac88-e74975110bef,com.sec.android.app.shealth,km/h,0,26.0,2,85bb382f-2d72-469d-9ac4-3da38070182c,
,0,2021-03-24 21:41:30.215,43.68365,,E. 90,Mostly Cloudy,0,1,TWC,2021-03-24 21:41:30.218,2021-03-24 21:41:30.218,1,-79.56447,14.0,66,UTC-0400,im26HRLwRA,6e5dea4d-5921-46cc-8ef3-e752b6bb86c9,com.sec.android.app.shealth,km/h,0,16.0,3,1f9c856a-5509-497b-8086-e35147d77f07,
,0,2021-06-04 00:18:58.407,43.69202,,S. 190,Partly Cloudy,0,1,TWC,2021-06-04 00:18:58.419,2021-06-04 00:18:58.419,1,-79.56625,21.0,74,UTC-0400,im26HRLwRA,bb6187a7-b894-4e46-99b9-fd7c3b1cacd1,com.sec.android.app.shealth,km/h,0,10.0,2,e228704f-a441-4d2f-b5a9-08c3a082f978,
,0,2021-07-02 00:28:40.228,43.691998,,NNW. 330,Partly Cloudy,0,1,TWC,2021-07-02 00:28:40.233,2021-07-02 00:28:40.233,1,-79.566376,22.0,63,UTC-0400,im26HRLwRA,368f0a11-81d7-451a-8f69-12dd9af697ae,com.sec.android.app.shealth,km/h,0,26.0,2,20fb2422-25e2-4871-a0d3-b8f144d19884,
,0,2021-03-31 22:29:52.627,43.68904,,NNW. 330,Mostly Cloudy,0,1,TWC,2021-03-31 22:29:52.631,2021-03-31 22:29:52.631,1,-79.56008,8.0,42,UTC-0400,im26HRLwRA,5e90c3ce-fb77-4662-9de5-7463f0bec370,com.sec.android.app.shealth,km/h,0,26.0,3,fa1ef2f7-9938-4bf5-96b8-fe3f8f3e4f82,
,0,2021-08-02 00:33:01.032,43.65004,,N. 10,Light Rain,0,1,TWC,2021-08-02 00:33:01.041,2021-08-02 00:33:01.041,1,-79.37816,18.0,73,UTC-0400,im26HRLwRA,171e5f87-512e-4386-bf2f-c313b10ec124,com.sec.android.app.shealth,km/h,0,14.0,5,3ce7a163-a556-4f10-966c-5e5503515313,
,0,2021-05-19 23:00:19.742,43.684006,,SE. 140,Mostly Cloudy,0,1,TWC,2021-05-19 23:00:19.749,2021-05-19 23:00:19.749,1,-79.56508,25.0,32,UTC-0400,im26HRLwRA,df0ed91a-3ba8-4b3a-a4c2-cc810f6ed63e,com.sec.android.app.shealth,km/h,0,11.0,3,78cdf919-de74-4314-9048-0060e8b9dde7,
,0,2021-08-07 16:19:30.529,43.696136,,S. 180,Partly Cloudy,0,1,TWC,2021-08-07 16:19:30.541,2021-08-07 16:19:30.541,1,-79.38192,27.0,61,UTC-0400,im26HRLwRA,0ab0ac4b-90ed-45de-9ba2-1d5d8ef4cbe6,com.sec.android.app.shealth,km/h,0,11.0,2,6b2e2e4a-307b-45fe-8ec8-dd4fa8183ff1,
,0,2021-05-24 14:05:49.960,43.082203,,E. 80,Partly Cloudy,0,1,TWC,2021-05-24 14:05:49.967,2021-05-24 14:05:49.967,1,-79.082436,18.0,47,UTC-0400,im26HRLwRA,e0da3ed5-b97b-411e-a695-5d0c03e5f575,com.sec.android.app.shealth,km/h,0,13.0,2,903ca5a7-8001-44b4-8fbd-57a81ed3c329,
,0,2021-09-04 19:56:12.708,43.617233,,ESE. 120,Partly Cloudy,0,1,TWC,2021-09-04 19:56:12.722,2021-09-04 19:56:12.722,1,-79.37209,23.0,60,UTC-0400,im26HRLwRA,714e6ec7-e5fe-42c3-8c4b-b5ae102853e4,com.sec.android.app.shealth,km/h,0,13.0,2,fe5392d3-1ba6-415f-85a4-81884c0d4e70,
,0,2021-06-02 00:17:02.666,43.692047,,W. 260,Partly Cloudy,0,1,TWC,2021-06-02 00:17:02.672,2021-06-02 00:17:02.672,1,-79.56631,22.0,38,UTC-0400,im26HRLwRA,e0f55af9-f3d1-4936-a365-f91f401acf10,com.sec.android.app.shealth,km/h,0,11.0,2,9f6d1676-7be1-4e71-b8e5-9b2beba9dc48,
,0,2021-09-30 23:12:59.749,43.69207,,N. 10,Mostly Cloudy,0,1,TWC,2021-09-30 23:12:59.759,2021-09-30 23:12:59.759,1,-79.566505,14.0,61,UTC-0400,im26HRLwRA,756f7655-ef74-49f4-8fbd-993d065eb382,com.sec.android.app.shealth,km/h,0,13.0,3,bf73be41-dc66-4595-8dc0-23098ed7b35f,
,0,2021-06-16 23:00:25.103,43.692047,,N. 350,Sunny,0,1,TWC,2021-06-16 23:00:25.104,2021-06-16 23:00:25.104,1,-79.566315,21.0,21,UTC-0400,im26HRLwRA,15cfe966-8b00-4b74-8a74-b8866b30f710,com.sec.android.app.shealth,km/h,0,21.0,1,b8f80949-7131-43c4-8176-c69de442e47c,
,0,2022-01-09 20:04:34.355,43.69204,,W. 280,Cloudy/Wind,0,1,TWC,2022-01-09 20:04:34.356,2022-01-09 20:04:34.356,1,-79.56627,1.0,60,UTC-0500,im26HRLwRA,bb9a11f2-f78c-45ea-8bac-4821444de753,com.sec.android.app.shealth,km/h,0,39.0,3,9f45168b-4115-489c-bc15-ebbc369c4ed4,
,0,2022-01-14 14:01:42.247,43.68957,,N. 0,Mostly Cloudy,0,1,TWC,2022-01-14 14:01:42.249,2022-01-14 14:01:42.249,1,-79.563095,-7.0,66,UTC-0500,im26HRLwRA,94f45c7b-dedf-4a0f-8c0b-e335c976dd1b,com.sec.android.app.shealth,km/h,0,24.0,3,db163f1a-10be-4361-9f2e-f3c60b2d8580,
,0,2021-08-01 23:55:52.543,43.638134,,N. 350,Mostly Cloudy,0,1,TWC,2021-08-01 23:55:52.552,2021-08-01 23:55:52.552,1,-79.38121,19.0,72,UTC-0400,im26HRLwRA,afd3b75a-9f27-4df3-8aca-24b8dd3fd6ee,com.sec.android.app.shealth,km/h,0,11.0,3,1f40eaa5-1e93-4e4b-8d8e-343d0b832811,
,0,2022-01-23 17:58:28.705,43.691673,,NNW. 340,Partly Cloudy,0,1,TWC,2022-01-23 17:58:28.711,2022-01-23 17:58:28.711,1,-79.565865,-8.0,56,UTC-0500,im26HRLwRA,6a552921-4cf1-489d-ac8c-663d046ec60f,com.sec.android.app.shealth,km/h,0,24.0,2,058b5817-56f2-444b-a5f6-d3d93e479453,
,0,2021-08-07 15:27:04.210,43.684467,,SSW. 200,Mostly Cloudy,0,1,TWC,2021-08-07 15:27:04.217,2021-08-07 15:27:04.217,1,-79.365135,26.0,67,UTC-0400,im26HRLwRA,60b28dda-99d7-45e4-afc9-6f5db24bee11,com.sec.android.app.shealth,km/h,0,10.0,3,679fcd95-fa4f-4220-8d16-9e7d482b0473,
,0,2022-01-29 23:07:00.904,43.692463,,NNW. 330,Clear,0,1,TWC,2022-01-29 23:07:00.907,2022-01-29 23:07:00.907,1,-79.5664,-12.0,35,UTC-0500,im26HRLwRA,c8d5c73f-8a0c-4c56-b344-a4f9aa15b7cc,com.sec.android.app.shealth,km/h,0,13.0,18,23adb6dd-da02-44da-b203-9e9619307149,
,0,2021-09-02 23:29:07.834,43.692417,,NNW. 330,Fair,0,1,TWC,2021-09-02 23:29:07.844,2021-09-02 23:29:07.844,1,-79.56473,17.0,61,UTC-0400,im26HRLwRA,64c9e657-83ed-46a1-8919-d3c05e10c6df,com.sec.android.app.shealth,km/h,0,23.0,1,c07bfdb9-3b59-4b7d-a302-1543c1a2159f,
,0,2021-09-23 23:04:31.867,43.692047,,SSW. 210,Cloudy,0,1,TWC,2021-09-23 23:04:31.876,2021-09-23 23:04:31.876,1,-79.5663,15.0,68,UTC-0400,im26HRLwRA,75e1e95e-d0de-4e4c-8480-1e828f8596c9,com.sec.android.app.shealth,km/h,0,18.0,3,026365b2-b667-488e-bb03-8b889ef9c346,
,0,2022-02-26 23:19:21.699,43.692055,,WSW. 240,Mostly Cloudy,0,1,TWC,2022-02-26 23:19:21.702,2022-02-26 23:19:21.702,1,-79.56626,-3.0,65,UTC-0500,im26HRLwRA,2830bc80-f579-46bd-9a31-b773b2bf391e,com.sec.android.app.shealth,km/h,0,27.0,3,ac3d41d3-8451-4509-b313-6310d809d44b,
,0,2022-01-08 21:06:14.847,43.68337,,SSE. 160,Partly Cloudy,0,1,TWC,2022-01-08 21:06:14.849,2022-01-08 21:06:14.849,1,-79.564606,-2.0,55,UTC-0500,im26HRLwRA,ab242f5e-6aaf-41ff-a2d9-8bf8545ab63a,com.sec.android.app.shealth,km/h,0,21.0,2,97ffecb6-8421-4e17-bf84-8a1d489fb0be,
,0,2022-01-13 13:53:44.979,43.689575,,NNW. 340,Cloudy,0,1,TWC,2022-01-13 13:53:44.981,2022-01-13 13:53:44.981,1,-79.563,0.0,82,UTC-0500,im26HRLwRA,c7295fed-7aa7-4cd3-9a9a-3a0f1bd97025,com.sec.android.app.shealth,km/h,0,5.0,3,92cc1b4d-ecc1-44b2-82e5-de1701e33853,
,0,2022-03-20 22:49:47.299,43.691727,,WNW. 300,Sunny,0,1,TWC,2022-03-20 22:49:47.299,2022-03-20 22:49:47.299,1,-79.5659,11.0,35,UTC-0400,im26HRLwRA,57320f41-31ef-4b8a-a1f8-f761095290dd,com.sec.android.app.shealth,km/h,0,31.0,1,5f3aa4a0-fb93-4777-88b5-b06416bc0931,
,0,2022-01-23 17:23:30.248,43.683506,,N. 350,Mostly Cloudy,0,1,TWC,2022-01-23 17:23:30.253,2022-01-23 17:23:30.253,1,-79.56461,-9.0,59,UTC-0500,im26HRLwRA,23496622-819b-43db-99ca-f4261c59643d,com.sec.android.app.shealth,km/h,0,23.0,3,dfe1b81a-b1a8-4cbb-9a32-b58799d6fe93,
,0,2022-04-14 22:39:00.896,43.692024,,SSW. 210,Fair/Wind,0,1,TWC,2022-04-14 22:39:00.903,2022-04-14 22:39:00.903,1,-79.56634,12.0,40,UTC-0400,im26HRLwRA,d065eac3-b1b0-497f-ac85-d8d3d602fa99,com.sec.android.app.shealth,km/h,0,32.0,1,0ef0f54d-5ecc-4568-9137-9ec6b124a7b7,
,0,2022-01-29 22:35:03.325,43.688484,,NNW. 330,Clear,0,1,TWC,2022-01-29 22:35:03.329,2022-01-29 22:35:03.329,1,-79.564255,-11.0,33,UTC-0500,im26HRLwRA,0009b323-9241-4f6d-90a6-93233684fc51,com.sec.android.app.shealth,km/h,0,13.0,18,8fee865d-926a-4e2c-b709-14b5a218cc5f,
,0,2022-04-27 16:47:07.130,43.647667,,WNW. 300,Cloudy/Wind,0,1,TWC,2022-04-27 16:47:07.131,2022-04-27 16:47:07.131,1,-79.38321,3.0,52,UTC-0400,im26HRLwRA,99fd0fb6-b959-414b-b818-49d56ac86ac1,com.sec.android.app.shealth,km/h,0,35.0,3,e836acdf-e83a-49cd-924c-25e7d153e59e,
,0,2022-05-02 21:48:56.851,43.64471,,WNW. 290,Cloudy,0,1,TWC,2022-05-02 21:48:56.852,2022-05-02 21:48:56.852,1,-79.37998,11.0,74,UTC-0400,im26HRLwRA,0a9f8f25-bca0-4055-9820-a66fc5ff9163,com.sec.android.app.shealth,km/h,0,18.0,3,4728b4b5-27fb-4eac-955f-d85468fd65f8,
,0,2022-02-26 22:29:33.479,43.683575,,WSW. 240,Snow Shower,0,1,TWC,2022-02-26 22:29:33.480,2022-02-26 22:29:33.480,1,-79.564476,-2.0,64,UTC-0500,im26HRLwRA,f5fff643-c6c9-4a10-b05e-d61e22035dd4,com.sec.android.app.shealth,km/h,0,26.0,10,ca49f697-34f4-40ae-9002-26eb80b4ffed,
,0,2022-05-11 12:26:28.811,43.692043,,NE. 50,Partly Cloudy,0,1,TWC,2022-05-11 12:26:28.813,2022-05-11 12:26:28.813,1,-79.566315,16.0,44,UTC-0400,im26HRLwRA,8d41bbf7-7685-4044-aadd-c18074de99d1,com.sec.android.app.shealth,km/h,0,8.0,2,7c5b9894-301c-4632-a4c1-4dfb05aa215e,
,0,2022-03-20 22:40:27.785,43.689903,,WNW. 300,Sunny,0,1,TWC,2022-03-20 22:40:27.798,2022-03-20 22:40:27.798,1,-79.56369,11.0,34,UTC-0400,im26HRLwRA,8bb8cac8-402b-448a-abb6-2ecf1e302166,com.sec.android.app.shealth,km/h,0,31.0,1,c013373f-f338-45b6-ac97-d6c396c2de15,
,0,2022-05-29 03:52:54.654,43.63679,,N. 350,Cloudy,0,1,TWC,2022-05-29 03:52:54.655,2022-05-29 03:52:54.655,1,-79.39829,16.0,71,UTC-0400,im26HRLwRA,02d0b743-4fa7-47dc-9514-ad3d3b8c71be,com.sec.android.app.shealth,km/h,0,10.0,3,9a58fb9b-9c98-439a-892b-414d1f558471,
,0,2022-04-06 11:33:41.961,43.650513,,NE. 50,Fair/Wind,0,1,TWC,2022-04-06 11:33:41.963,2022-04-06 11:33:41.963,1,-79.3805,7.0,69,UTC-0400,im26HRLwRA,3600ca9c-5414-4cae-a811-28de34751c75,com.sec.android.app.shealth,km/h,0,37.0,1,bc992f2f-d00e-43f9-b5ff-817efe51f3ff,
,0,2022-06-06 00:05:12.981,43.691998,,WSW. 250,Mostly Cloudy,0,1,TWC,2022-06-06 00:05:12.983,2022-06-06 00:05:12.983,1,-79.56627,20.0,32,UTC-0400,im26HRLwRA,7cadbd6c-6aa1-4c81-9294-2f49da51d196,com.sec.android.app.shealth,km/h,0,16.0,3,b2e84b67-d036-4fde-bc73-a2f8b6233fc0,
,0,2022-04-27 13:30:28.136,43.648968,,WNW. 300,Mostly Cloudy,0,1,TWC,2022-04-27 13:30:28.143,2022-04-27 13:30:28.143,1,-79.37895,2.0,55,UTC-0400,im26HRLwRA,011687d5-f175-49e0-99cb-d7de65a7d58b,com.sec.android.app.shealth,km/h,0,31.0,3,5c23f409-9e89-4395-895d-722ec2091ba7,
,0,2022-05-02 10:43:09.060,43.65104,,SW. 220,Fog,0,1,TWC,2022-05-02 10:43:09.063,2022-05-02 10:43:09.063,1,-79.37839,7.0,99,UTC-0400,im26HRLwRA,9d8b65e7-231b-44f9-90e4-74eeb3f41609,com.sec.android.app.shealth,km/h,0,3.0,4,54f67ab6-06c7-4170-adf7-e93ca4514694,
,0,2022-05-11 12:15:00.941,43.689316,,NNE. 30,Partly Cloudy,0,1,TWC,2022-05-11 12:15:00.943,2022-05-11 12:15:00.943,1,-79.56287,14.0,47,UTC-0400,im26HRLwRA,af22bf3f-9000-46f4-ab91-cb9360feb1b6,com.sec.android.app.shealth,km/h,0,8.0,2,b044b262-07d0-4c73-8fca-83449e0614b6,
,0,2022-05-29 00:33:14.335,43.638416,,WSW. 240,Sunny,0,1,TWC,2022-05-29 00:33:14.337,2022-05-29 00:33:14.337,1,-79.387886,17.0,61,UTC-0400,im26HRLwRA,d260b57e-3c7d-49af-9198-241455720df3,com.sec.android.app.shealth,km/h,0,6.0,1,d07386a6-8034-466b-a298-1b4e780dae19,
,0,2022-06-05 23:17:16.748,43.68269,,W. 260,Cloudy,0,1,TWC,2022-06-05 23:17:16.751,2022-06-05 23:17:16.751,1,-79.566414,21.0,32,UTC-0400,im26HRLwRA,55b35060-2d8a-4db3-8a27-1e4683d5f412,com.sec.android.app.shealth,km/h,0,18.0,3,a91c6ae5-0b74-42af-b9a0-58fb10c41f4f,
