{"total":1,"ranking":[{"user":{"friendsPublic":true,"isPublic":true,"publicLv":0,"isChalPublic":false,"chalPublicLv":1,"tel":null,"id":39651203,"name":"Jayraj","imageUrl":null,"lv":1,"llt":1615713967,"lut":1615713964,"lastUpdateTime":"2021-03-14 09:26:13.0","since":"2021-03-14 09:26:03.0","ccode":"CA","deviceType":"ANDROID","ver":"6.15.1.003","msgRxLv":1,"saPublic":true,"isDisabled":false,"pnc":null,"MSISDN":null,"isFriend":false,"connectMethod":0,"isBlocked":false,"isFav":false},"value":28766,"lastUpdateTime":"2021-03-14 09:26:04.0","ranking":1}],"myHistory":[],"me":{"uid":39651203,"value":28766,"lastUpdateTime":"2021-03-14 09:26:04.0","ranking":1}}