com.samsung.health.weight,6212007,10
body_fat_mass,start_time,custom,height,weight,muscle_mass,update_time,create_time,skeletal_muscle,fat_free_mass,basal_metabolic_rate,time_offset,deviceuuid,skeletal_muscle_mass,comment,fat_free,pkg_name,body_fat,datauuid,vfa_level,total_body_water
,2020-01-08 18:59:29.733,,,78.0,,2020-01-08 18:59:50.588,2020-01-08 18:59:50.588,,,,UTC-0500,im26HRLwRA,,,,com.sec.android.app.shealth,15.0,adcfb5d5-2357-4c00-a795-5327882ac320,,,
,2021-04-10 13:52:43.533,,169.0,88.05,,2021-04-10 13:52:43.566,2021-04-10 13:52:43.566,,,,UTC+0000,im26HRLwRA,,,,com.qingniu.fitindex,17.876251,b12b46c0-3d4b-4aa5-99aa-170a04956c6d,,,
,2021-04-16 11:47:05.993,,169.0,88.3,,2021-04-16 11:47:06.035,2021-04-16 11:47:06.035,,,,UTC+0000,im26HRLwRA,,,,com.qingniu.fitindex,17.96257,c9e0a92e-2215-464e-b24b-82a54cf6d310,,,
,2021-08-25 10:22:23.847,,169.0,93.8,,2021-08-25 10:22:34.604,2021-08-25 10:22:34.604,,,,UTC+0000,im26HRLwRA,,,,com.qingniu.fitindex,,63fedd01-e773-4f3a-b768-f1f0f044fcc4,,,
,2021-09-03 10:33:53.621,,169.0,93.45,,2021-09-03 10:33:53.639,2021-09-03 10:33:53.639,,,,UTC+0000,im26HRLwRA,,,,com.qingniu.fitindex,19.392195,c1faeaff-a36b-4428-a10b-d43cb2e14b6a,,,
,2021-09-08 10:41:16.607,,169.0,92.55,,2021-09-08 10:41:16.631,2021-09-08 10:41:16.631,,,,UTC+0000,im26HRLwRA,,,,com.qingniu.fitindex,19.1443,709473e5-da6b-4402-8a30-c618793e5b04,,,
,2021-09-12 12:45:10.605,,169.0,92.7,,2021-09-12 12:45:10.627,2021-09-12 12:45:10.627,,,,UTC+0000,im26HRLwRA,,,,com.qingniu.fitindex,19.190378,0279e1ef-bc12-4aa0-854a-705ceda0f76f,,,
,2021-09-17 10:25:45.324,,169.0,91.95,,2021-09-17 10:25:45.370,2021-09-17 10:25:45.370,,,,UTC+0000,im26HRLwRA,,,,com.qingniu.fitindex,18.98856,a2f77fee-49a3-4db6-a8bf-7951b0786dfe,,,
,2021-09-19 14:52:21.934,,169.0,90.45,,2021-09-19 14:52:21.941,2021-09-19 14:52:21.941,,,,UTC+0000,im26HRLwRA,,,,com.qingniu.fitindex,18.584925,51f35828-56b4-4552-8088-4a43c98f20ec,,,
,2021-09-25 12:28:17.782,,169.0,91.65,,2021-09-25 12:28:17.791,2021-09-25 12:28:17.791,,,,UTC+0000,im26HRLwRA,,,,com.qingniu.fitindex,18.896404,1ce8af8f-422c-4d60-988a-52feab1e054d,,,
,2021-10-01 10:41:09.767,,169.0,91.25,,2021-10-01 10:41:09.780,2021-10-01 10:41:09.780,,,,UTC+0000,im26HRLwRA,,,,com.qingniu.fitindex,18.792578,ae95f1ee-8756-47f8-a7f5-6d75c9511808,,,
,2021-10-06 10:22:50.462,,169.0,91.1,,2021-10-06 10:22:50.472,2021-10-06 10:22:50.472,,,,UTC+0000,im26HRLwRA,,,,com.qingniu.fitindex,18.7465,63cfea4f-8915-48f1-9450-0917902e0c04,,,
,2021-10-11 11:38:08.141,,169.0,90.7,,2021-10-11 11:38:08.145,2021-10-11 11:38:08.145,,,,UTC+0000,im26HRLwRA,,,,com.qingniu.fitindex,18.642673,0f732c05-f5a0-4eff-9128-d4f40d7db4c7,,,
,2021-10-19 10:19:26.120,,169.0,91.15,,2021-10-19 10:19:26.133,2021-10-19 10:19:26.133,,,,UTC+0000,im26HRLwRA,,,,com.qingniu.fitindex,18.752335,c814fb69-b5bb-4a76-a566-4cbd94d751f2,,,
,2021-10-30 13:54:41.967,,169.0,89.0,,2021-10-30 13:54:41.988,2021-10-30 13:54:41.988,,,,UTC+0000,im26HRLwRA,,,,com.qingniu.fitindex,18.187124,f1267cc7-db1d-46cb-8262-f60a751b2c1d,,,
,2021-11-05 12:28:49.213,,169.0,89.7,,2021-11-05 12:28:49.229,2021-11-05 12:28:49.229,,,,UTC+0000,im26HRLwRA,,,,com.qingniu.fitindex,18.383106,82f7dce0-588d-4aac-a152-60494b54bccc,,,
,2021-11-11 12:09:17.892,,169.0,88.6,,2021-11-11 12:09:17.909,2021-11-11 12:09:17.909,,,,UTC+0000,im26HRLwRA,,,,com.qingniu.fitindex,18.054728,da45e4c4-80f8-4229-9908-c4a3a3dbaa87,,,
,2021-11-17 11:18:20.361,,169.0,88.35,,2021-11-17 11:18:20.376,2021-11-17 11:18:20.376,,,,UTC+0000,im26HRLwRA,,,,com.qingniu.fitindex,17.996979,b8f08c4c-f728-490a-9f09-d2ebde7ae683,,,
,2021-11-20 13:48:30.675,,169.0,88.0,,2021-11-20 13:48:30.682,2021-11-20 13:48:30.682,,,,UTC+0000,im26HRLwRA,,,,com.qingniu.fitindex,17.898987,04d4ce28-3a47-4e74-b3f7-65c2a2a4bf50,,,
,2021-11-26 11:33:37.838,,169.0,88.1,,2021-11-26 11:33:37.864,2021-11-26 11:33:37.864,,,,UTC+0000,im26HRLwRA,,,,com.qingniu.fitindex,17.93923,118151f3-2a50-41e8-90b0-0704f9f8a017,,,
,2021-12-02 11:10:17.590,,169.0,88.35,,2021-12-02 11:10:17.624,2021-12-02 11:10:17.624,,,,UTC+0000,im26HRLwRA,,,,com.qingniu.fitindex,17.996979,2066b56d-4549-40d2-93b7-bbda071039bc,,,
,2021-12-08 11:31:16.691,,169.0,87.15,,2021-12-08 11:31:16.713,2021-12-08 11:31:16.713,,,,UTC-0500,im26HRLwRA,,,,com.qingniu.fitindex,17.685497,d8e82b21-a9d2-47bd-8c43-308db483aa4f,,,
,2021-12-14 11:30:25.799,,169.0,87.15,,2021-12-14 11:30:25.835,2021-12-14 11:30:25.835,,,,UTC-0500,im26HRLwRA,,,,com.qingniu.fitindex,17.685497,cb1a9343-2ff4-4f62-827c-b92b35dfebf5,,,
,2021-12-21 11:47:51.656,,169.0,86.85,,2021-12-21 11:47:51.670,2021-12-21 11:47:51.670,,,,UTC-0500,im26HRLwRA,,,,com.qingniu.fitindex,17.593342,a9abcfaa-629d-4bfb-b8ca-397d4e87036d,,,
,2021-12-28 14:45:51.538,,169.0,86.9,,2021-12-28 14:45:51.567,2021-12-28 14:45:51.567,,,,UTC-0500,im26HRLwRA,,,,com.qingniu.fitindex,17.599178,d7ca3228-4f18-4a33-975a-ee4a9fcf81fd,,,
,2022-01-02 13:43:31.718,,169.0,86.8,,2022-01-02 13:43:31.743,2022-01-02 13:43:31.743,,,,UTC-0500,im26HRLwRA,,,,com.qingniu.fitindex,17.587507,0aa1c371-bc88-43cf-a6d7-f814111070c4,,,
,2022-01-08 14:40:34.897,,169.0,85.45,,2022-01-08 14:40:34.917,2022-01-08 14:40:34.917,,,,UTC-0500,im26HRLwRA,,,,com.qingniu.fitindex,17.22995,ee66a98f-f511-4890-b4f5-c95f2553162f,,,
,2022-01-14 11:35:01.912,,169.0,85.75,,2022-01-14 11:35:01.940,2022-01-14 11:35:01.940,,,,UTC-0500,im26HRLwRA,,,,com.qingniu.fitindex,17.322105,81b9e2b3-2aa1-404e-a1be-867205276fca,,,
,2022-01-20 10:41:19.239,,169.0,84.85,,2022-01-20 10:41:19.270,2022-01-20 10:41:19.270,,,,UTC-0500,im26HRLwRA,,,,com.qingniu.fitindex,17.07421,35f0d17b-6b83-4d50-b856-c49eaf0abf85,,,
,2022-01-26 12:10:10.568,,169.0,84.5,,2022-01-26 12:10:10.597,2022-01-26 12:10:10.597,,,,UTC-0500,im26HRLwRA,,,,com.qingniu.fitindex,16.947647,0c52ca08-ee7a-4a5f-91bc-e835fe406d76,,,
,2022-02-01 10:52:44.093,,169.0,83.95,,2022-02-01 10:52:44.128,2022-02-01 10:52:44.128,,,,UTC-0500,im26HRLwRA,,,,com.qingniu.fitindex,16.826315,24bbd51f-d5dc-4297-87f2-adf2aff09925,,,
,2022-02-07 11:32:20.157,,169.0,83.85,,2022-02-07 11:32:20.187,2022-02-07 11:32:20.187,,,,UTC-0500,im26HRLwRA,,,,com.qingniu.fitindex,16.786072,55b1920a-2995-4f08-b157-86c9a4ca20b7,,,
,2022-02-12 14:02:36.000,,169.0,83.5,,2022-02-13 14:27:34.678,2022-02-13 14:27:34.678,,,,UTC+0000,im26HRLwRA,,,,com.qingniu.fitindex,16.716652,fd279510-5229-4664-be73-cb27be598da0,,,
,2022-02-18 11:45:15.392,,169.0,83.25,,2022-02-18 11:45:15.413,2022-02-18 11:45:15.413,,,,UTC-0500,im26HRLwRA,,,,com.qingniu.fitindex,16.630333,a8a87a65-9d59-4a6e-b77e-43988ce63d56,,,
,2022-02-24 11:16:05.397,,169.0,82.85,,2022-02-24 11:16:05.422,2022-02-24 11:16:05.422,,,,UTC-0500,im26HRLwRA,,,,com.qingniu.fitindex,16.526506,a326f71d-72f0-4dd3-93e7-929a6ac79f4b,,,
,2022-03-02 13:23:12.854,,169.0,82.1,,2022-03-02 13:23:12.981,2022-03-02 13:23:12.981,,,,UTC-0500,im26HRLwRA,,,,com.qingniu.fitindex,16.324688,1d05c495-0853-45c6-aabe-f1a8810a79cc,,,
,2022-03-08 11:13:00.468,,169.0,82.05,,2022-03-08 11:13:00.537,2022-03-08 11:13:00.537,,,,UTC-0500,im26HRLwRA,,,,com.qingniu.fitindex,16.318851,c0e77889-d3e8-4ddd-b3fa-7c96e7d50de1,,,
,2022-03-15 10:08:23.066,,169.0,82.05,,2022-03-15 10:08:23.085,2022-03-15 10:08:23.085,,,,UTC-0400,im26HRLwRA,,,,com.qingniu.fitindex,16.318851,ca7f090a-f676-4253-a777-7ca55be550ce,,,
,2022-03-21 10:16:45.952,,169.0,82.15,,2022-03-21 10:16:45.969,2022-03-21 10:16:45.969,,,,UTC-0400,im26HRLwRA,,,,com.qingniu.fitindex,16.330523,2ccb8832-6b4c-467d-be89-f3ad42484082,,,
,2022-03-27 12:29:27.033,,169.0,81.7,,2022-03-27 12:29:27.052,2022-03-27 12:29:27.052,,,,UTC-0400,im26HRLwRA,,,,com.qingniu.fitindex,16.220861,72329b0d-3940-4053-a7ab-20050844df09,,,
,2022-04-03 12:42:15.000,,169.0,81.95,,2022-04-03 12:42:21.925,2022-04-03 12:42:21.925,,,,UTC+0000,im26HRLwRA,,,,com.qingniu.fitindex,16.27861,c61d0192-7b82-4980-a8dc-3c9f6aabaebb,,,
,2022-04-08 10:19:05.684,,169.0,81.65,,2022-04-08 10:19:05.695,2022-04-08 10:19:05.695,,,,UTC-0400,im26HRLwRA,,,,com.qingniu.fitindex,16.186455,e3b53ac7-ed95-42e9-a6eb-a2c1b1e6e7d5,,,
,2022-04-14 10:49:47.774,,169.0,81.75,,2022-04-14 10:49:47.807,2022-04-14 10:49:47.807,,,,UTC-0400,im26HRLwRA,,,,com.qingniu.fitindex,16.226696,ecb063ed-13aa-461d-8af6-b4a277fd9d92,,,
,2022-04-19 09:40:11.669,,169.0,82.35,,2022-04-19 09:40:11.782,2022-04-19 09:40:11.782,,,,UTC-0400,im26HRLwRA,,,,com.qingniu.fitindex,16.382437,4040d0ab-b53e-431b-a88f-178716355b33,,,
,2022-04-24 15:58:14.180,,169.0,81.75,,2022-04-24 15:58:14.191,2022-04-24 15:58:14.191,,,,UTC-0400,im26HRLwRA,,,,com.qingniu.fitindex,16.226696,8d271a2a-6b6a-4a21-853c-ed3f8a212700,,,
,2022-04-30 13:03:19.000,,169.0,82.15,,2022-04-30 13:03:22.498,2022-04-30 13:03:22.498,,,,UTC+0000,im26HRLwRA,,,,com.qingniu.fitindex,16.330523,e6687326-1b3e-449f-8611-136e50ca179d,,,
,2022-05-04 10:37:44.657,,169.0,82.15,,2022-05-04 10:37:44.756,2022-05-04 10:37:44.756,,,,UTC-0400,im26HRLwRA,,,,com.qingniu.fitindex,16.330523,f19ac71e-a273-4b2d-908e-fac3c2485f72,,,
,2022-05-09 10:20:31.102,,169.0,82.45,,2022-05-09 10:20:31.138,2022-05-09 10:20:31.138,,,,UTC-0400,im26HRLwRA,,,,com.qingniu.fitindex,16.422678,5e19f6c6-3161-4339-8ceb-ecc334ca195d,,,
,2022-05-15 12:20:27.812,,169.0,82.25,,2022-05-15 12:20:27.866,2022-05-15 12:20:27.866,,,,UTC-0400,im26HRLwRA,,,,com.qingniu.fitindex,16.370766,e811632a-5e5c-46fe-8010-0b50ee4a9df8,,,
,2022-05-21 13:04:28.128,,169.0,82.45,,2022-05-21 13:04:28.153,2022-05-21 13:04:28.153,,,,UTC-0400,im26HRLwRA,,,,com.qingniu.fitindex,16.394108,c79cf212-520d-43f3-bbe9-4e004211f094,,,
,2022-05-28 12:46:13.502,,169.0,82.45,,2022-05-28 12:46:13.593,2022-05-28 12:46:13.593,,,,UTC-0400,im26HRLwRA,,,,com.qingniu.fitindex,16.422678,e9ca4b1a-c8f2-4cff-8787-77e65aaf91f4,,,
,2022-06-03 11:28:17.612,,169.0,82.0,,2022-06-03 11:28:17.667,2022-06-03 11:28:17.667,,,,UTC-0400,im26HRLwRA,,,,com.qingniu.fitindex,16.284445,86a845e2-98c0-4fa3-b8a4-b5c1a2aece24,,,
,2021-04-06 12:12:21.427,,169.0,88.25,,2021-04-06 12:12:29.046,2021-04-06 12:12:29.046,,,,UTC+0000,im26HRLwRA,,,,com.qingniu.fitindex,,71c69ad0-1783-48f0-8e66-6dca31771382,,,
,2021-04-10 13:52:52.124,,169.0,88.05,,2021-04-10 13:52:57.101,2021-04-10 13:52:57.101,,,,UTC+0000,im26HRLwRA,,,,com.qingniu.fitindex,,534e6aa7-5d9c-411e-b681-a4973cf4c5a0,,,
,2021-04-17 16:01:36.047,,169.0,88.05,,2021-04-17 16:01:36.077,2021-04-17 16:01:36.077,,,,UTC+0000,im26HRLwRA,,,,com.qingniu.fitindex,17.904821,aee0812b-de59-4ba2-ac4d-61dc12991638,,,
,2021-08-29 13:04:27.317,,169.0,93.3,,2021-08-29 13:04:27.344,2021-08-29 13:04:27.344,,,,UTC+0000,im26HRLwRA,,,,com.qingniu.fitindex,19.317547,26f593c5-f246-484d-abbb-450c148c6b25,,,
,2021-09-04 13:25:04.482,,169.0,92.85,,2021-09-04 13:25:04.506,2021-09-04 13:25:04.506,,,,UTC+0000,im26HRLwRA,,,,com.qingniu.fitindex,19.207884,4e5dd961-ac7a-4f3d-9be8-316f19a3c4d3,,,
,2021-09-08 10:41:06.007,,169.0,92.55,,2021-09-08 10:41:18.726,2021-09-08 10:41:18.726,,,,UTC+0000,im26HRLwRA,,,,com.qingniu.fitindex,,d7c43006-b0cb-43ce-9665-5c3e31bf0cfd,,,
,2021-09-13 10:41:30.051,,169.0,92.35,,2021-09-13 10:41:30.068,2021-09-13 10:41:30.068,,,,UTC+0000,im26HRLwRA,,,,com.qingniu.fitindex,19.092386,ce2e7ada-594a-4f30-ab22-a0e267226431,,,
,2021-09-17 10:25:30.668,,169.0,91.95,,2021-09-17 10:25:51.576,2021-09-17 10:25:51.576,,,,UTC+0000,im26HRLwRA,,,,com.qingniu.fitindex,,8476ef65-10a2-433e-9ca6-7b6e1f67a7dc,,,
,2021-09-20 12:21:14.516,,169.0,90.95,,2021-09-20 12:21:14.532,2021-09-20 12:21:14.532,,,,UTC+0000,im26HRLwRA,,,,com.qingniu.fitindex,18.700422,3ac624b9-e2e3-4586-a80b-2657b9aa5a59,,,
,2021-09-26 12:34:51.797,,169.0,91.65,,2021-09-26 12:34:51.833,2021-09-26 12:34:51.833,,,,UTC+0000,im26HRLwRA,,,,com.qingniu.fitindex,18.896404,14969739-4978-49a0-8312-d0bda9e63490,,,
,2021-10-02 13:07:54.804,,169.0,90.5,,2021-10-02 13:07:54.818,2021-10-02 13:07:54.818,,,,UTC+0000,im26HRLwRA,,,,com.qingniu.fitindex,18.59076,5454c46f-8341-43fd-9822-32c1aea7042e,,,
,2021-10-07 10:18:19.617,,169.0,91.75,,2021-10-07 10:18:19.638,2021-10-07 10:18:19.638,,,,UTC+0000,im26HRLwRA,,,,com.qingniu.fitindex,18.908075,4cb10b32-56fa-417f-b1fe-4e72b4c0fc57,,,
,2021-10-12 10:20:42.255,,169.0,90.9,,2021-10-12 10:20:42.267,2021-10-12 10:20:42.267,,,,UTC+0000,im26HRLwRA,,,,com.qingniu.fitindex,18.694586,6fd22322-16b9-4f6d-91e4-5ae2a7d4e8b8,,,
,2021-10-20 10:31:04.254,,169.0,91.25,,2021-10-20 10:31:04.269,2021-10-20 10:31:04.269,,,,UTC+0000,im26HRLwRA,,,,com.qingniu.fitindex,18.792578,78829877-e325-4abc-b6de-e5dd8f24f48b,,,
,2021-10-31 15:39:15.490,,169.0,89.1,,2021-10-31 15:39:15.503,2021-10-31 15:39:15.503,,,,UTC+0000,im26HRLwRA,,,,com.qingniu.fitindex,18.198795,112afede-a8c2-4d14-afaa-b3294b27a9d6,,,
,2021-11-06 16:14:51.269,,169.0,89.85,,2021-11-06 16:14:51.290,2021-11-06 16:14:51.290,,,,UTC+0000,im26HRLwRA,,,,com.qingniu.fitindex,18.400614,667f8808-f58c-46d1-a9d9-47e77fb03d39,,,
,2021-11-12 11:18:49.359,,169.0,88.85,,2021-11-12 11:18:49.379,2021-11-12 11:18:49.379,,,,UTC+0000,im26HRLwRA,,,,com.qingniu.fitindex,18.141047,39aaefe1-80f5-48cc-bf15-b13470aca054,,,
,2021-11-18 11:16:29.061,,169.0,88.15,,2021-11-18 11:16:29.079,2021-11-18 11:16:29.079,,,,UTC+0000,im26HRLwRA,,,,com.qingniu.fitindex,17.945065,92054963-9786-4afc-8c20-1efaa113d745,,,
,2021-11-20 13:48:46.872,,169.0,88.0,,2021-11-20 13:48:46.878,2021-11-20 13:48:46.878,,,,UTC+0000,im26HRLwRA,,,,com.qingniu.fitindex,17.898987,3ea39d45-f057-4a0e-901a-7f8ff8e96071,,,
,2021-11-27 12:06:48.637,,169.0,88.05,,2021-11-27 12:06:48.666,2021-11-27 12:06:48.666,,,,UTC+0000,im26HRLwRA,,,,com.qingniu.fitindex,17.904821,5ed2e3c9-2a5a-4320-acc9-9685c6abc240,,,
,2021-12-03 11:32:52.631,,169.0,87.6,,2021-12-03 11:32:52.660,2021-12-03 11:32:52.660,,,,UTC+0000,im26HRLwRA,,,,com.qingniu.fitindex,17.823732,db968651-9fe5-442a-8da4-f23fb987c41d,,,
,2021-12-09 14:11:32.980,,169.0,86.6,,2021-12-09 14:11:33.013,2021-12-09 14:11:33.013,,,,UTC-0500,im26HRLwRA,,,,com.qingniu.fitindex,17.535593,bce11bbc-086d-4987-9528-fbe5e17317fb,,,
,2021-12-15 11:44:13.872,,169.0,86.85,,2021-12-15 11:44:13.912,2021-12-15 11:44:13.912,,,,UTC-0500,im26HRLwRA,,,,com.qingniu.fitindex,17.621914,3659da5e-b214-41c9-b380-466f8a14d888,,,
,2021-12-22 11:24:35.988,,169.0,86.9,,2021-12-22 11:24:36.003,2021-12-22 11:24:36.003,,,,UTC-0500,im26HRLwRA,,,,com.qingniu.fitindex,17.62775,ab0d51a1-844f-4f55-8e3a-dd5b0fd848c8,,,
,2021-12-29 11:02:18.168,,169.0,87.6,,2021-12-29 11:02:18.183,2021-12-29 11:02:18.183,,,,UTC-0500,im26HRLwRA,,,,com.qingniu.fitindex,17.79516,98cb1308-dabc-4270-b6c3-133271270b83,,,
,2022-01-03 14:37:12.646,,169.0,87.05,,2022-01-03 14:37:12.658,2022-01-03 14:37:12.658,,,,UTC-0500,im26HRLwRA,,,,com.qingniu.fitindex,17.645256,5e11fc4c-e551-47a3-9e4b-ad29f640737d,,,
,2022-01-09 15:00:30.323,,169.0,85.35,,2022-01-09 15:00:30.339,2022-01-09 15:00:30.339,,,,UTC-0500,im26HRLwRA,,,,com.qingniu.fitindex,17.189707,6b6609bb-12b1-445a-b36d-156e639de467,,,
,2022-01-15 13:45:11.987,,169.0,85.45,,2022-01-15 13:45:12.019,2022-01-15 13:45:12.019,,,,UTC-0500,im26HRLwRA,,,,com.qingniu.fitindex,17.22995,0ba0055f-47a3-486c-8bcf-54709413acc5,,,
,2022-01-21 12:44:22.352,,169.0,84.7,,2022-01-21 12:44:22.394,2022-01-21 12:44:22.394,,,,UTC-0500,im26HRLwRA,,,,com.qingniu.fitindex,16.999561,ee24d906-4f38-4675-bdb8-6d620878d8f5,,,
,2022-01-27 12:29:38.481,,169.0,84.05,,2022-01-27 12:29:38.514,2022-01-27 12:29:38.514,,,,UTC-0500,im26HRLwRA,,,,com.qingniu.fitindex,16.866556,816d97dc-f860-45ee-9927-7693090b0006,,,
,2022-02-02 11:20:19.679,,169.0,84.25,,2022-02-02 11:20:19.697,2022-02-02 11:20:19.697,,,,UTC-0500,im26HRLwRA,,,,com.qingniu.fitindex,16.889898,659d6141-d844-4641-892e-75cd88aed080,,,
,2022-02-08 11:35:24.599,,169.0,83.35,,2022-02-08 11:35:24.625,2022-02-08 11:35:24.625,,,,UTC-0500,im26HRLwRA,,,,com.qingniu.fitindex,16.670574,57176a59-0dff-41d4-9d6c-83f71693c733,,,
,2022-02-13 14:27:39.624,,169.0,83.45,,2022-02-13 14:27:39.631,2022-02-13 14:27:39.631,,,,UTC-0500,im26HRLwRA,,,,com.qingniu.fitindex,16.682245,f45f8668-aa5c-467b-9388-2ac0a27cfb03,,,
,2022-02-19 15:16:25.267,,169.0,84.2,,2022-02-19 15:16:25.335,2022-02-19 15:16:25.335,,,,UTC-0500,im26HRLwRA,,,,com.qingniu.fitindex,16.884064,e47e1f2c-de60-45d7-9b04-611915ef5b50,,,
,2022-02-25 11:26:35.261,,169.0,82.65,,2022-02-25 11:26:35.305,2022-02-25 11:26:35.305,,,,UTC-0500,im26HRLwRA,,,,com.qingniu.fitindex,16.44602,bb9dc1ae-0fd4-40eb-aa7b-268d0dfb91dc,,,
,2022-03-03 11:34:23.515,,169.0,82.6,,2022-03-03 11:34:23.606,2022-03-03 11:34:23.606,,,,UTC-0500,im26HRLwRA,,,,com.qingniu.fitindex,16.440186,c96684b0-b64e-4f01-bd8d-f642a86a42b4,,,
,2022-03-09 11:02:44.776,,169.0,82.1,,2022-03-09 11:02:44.833,2022-03-09 11:02:44.833,,,,UTC-0500,im26HRLwRA,,,,com.qingniu.fitindex,16.324688,e11a9b11-356a-460f-ac7a-403b0b2e7e97,,,
,2022-03-16 10:04:01.852,,169.0,81.6,,2022-03-16 10:04:01.987,2022-03-16 10:04:01.987,,,,UTC-0400,im26HRLwRA,,,,com.qingniu.fitindex,16.20919,9c618c7b-407f-4e56-be11-f0fd418213a2,,,
,2022-03-22 10:52:07.766,,169.0,81.5,,2022-03-22 10:52:07.786,2022-03-22 10:52:07.786,,,,UTC-0400,im26HRLwRA,,,,com.qingniu.fitindex,16.168947,7dc43c74-e8f0-4c5e-8fd2-806de65c92c0,,,
,2022-03-28 10:20:19.519,,169.0,82.2,,2022-03-28 10:20:19.796,2022-03-28 10:20:19.796,,,,UTC-0400,im26HRLwRA,,,,com.qingniu.fitindex,16.336359,8899fb32-dc87-41bc-af1b-88188cc7ea45,,,
,2022-04-03 12:42:29.548,,169.0,81.95,,2022-04-03 12:42:29.550,2022-04-03 12:42:29.550,,,,UTC-0400,im26HRLwRA,,,,com.qingniu.fitindex,16.27861,36cfc256-6ed8-462b-b9ed-8f5f3b158cad,,,
,2022-04-09 13:28:03.090,,169.0,80.9,,2022-04-09 13:28:03.122,2022-04-09 13:28:03.122,,,,UTC-0400,im26HRLwRA,,,,com.qingniu.fitindex,16.013208,1e74bafa-03b3-42c4-a8d7-acbb5fad8579,,,
,2022-04-15 14:07:38.596,,169.0,81.3,,2022-04-15 14:07:38.656,2022-04-15 14:07:38.656,,,,UTC-0400,im26HRLwRA,,,,com.qingniu.fitindex,16.117035,7939fff1-5850-4c43-840f-7026493af8c8,,,
,2022-04-20 11:03:40.852,,169.0,82.15,,2022-04-20 11:03:40.939,2022-04-20 11:03:40.939,,,,UTC-0400,im26HRLwRA,,,,com.qingniu.fitindex,16.330523,a81f060c-cfde-45de-9304-01ef9422cbe2,,,
,2022-04-25 10:43:08.709,,169.0,82.95,,2022-04-25 10:43:08.735,2022-04-25 10:43:08.735,,,,UTC-0400,im26HRLwRA,,,,com.qingniu.fitindex,16.538176,ed0f5af7-af4f-4249-91fc-0806791647d9,,,
,2022-04-30 13:03:32.148,,169.0,82.15,,2022-04-30 13:03:32.155,2022-04-30 13:03:32.155,,,,UTC-0400,im26HRLwRA,,,,com.qingniu.fitindex,16.330523,6d6663d9-aa7b-4017-8152-bf89ef385664,,,
,2022-05-05 10:09:27.051,,169.0,82.1,,2022-05-05 10:09:27.120,2022-05-05 10:09:27.120,,,,UTC-0400,im26HRLwRA,,,,com.qingniu.fitindex,16.324688,0cc59b87-d871-4810-9b1b-79af8928f2ef,,,
,2022-05-10 10:28:22.078,,169.0,82.55,,2022-05-10 10:28:22.169,2022-05-10 10:28:22.169,,,,UTC-0400,im26HRLwRA,,,,com.qingniu.fitindex,16.462921,180bf9c3-de70-4afc-910e-3c6506c68208,,,
,2022-05-16 10:28:10.264,,169.0,82.1,,2022-05-16 10:28:10.291,2022-05-16 10:28:10.291,,,,UTC-0400,im26HRLwRA,,,,com.qingniu.fitindex,16.324688,f76abb0e-451a-460c-98ac-395e833e86a2,,,
,2022-05-23 14:08:43.245,,169.0,83.2,,2022-05-23 14:08:43.285,2022-05-23 14:08:43.285,,,,UTC-0400,im26HRLwRA,,,,com.qingniu.fitindex,16.624496,7428dbf8-b482-4c8b-8de7-3fc08016b831,,,
,2022-05-29 13:56:30.895,,169.0,82.85,,2022-05-29 13:56:30.976,2022-05-29 13:56:30.976,,,,UTC-0400,im26HRLwRA,,,,com.qingniu.fitindex,16.526506,7d67db70-262e-4569-9b04-6a1103d45de1,,,
,2022-06-04 11:58:54.572,,169.0,82.25,,2022-06-04 11:58:54.651,2022-06-04 11:58:54.651,,,,UTC-0400,im26HRLwRA,,,,com.qingniu.fitindex,16.370766,822f4492-d1a8-41a8-b55c-d9a368377562,,,
,2021-04-06 12:12:46.158,,169.0,88.25,,2021-04-06 12:12:46.164,2021-04-06 12:12:46.164,,,,UTC+0000,im26HRLwRA,,,,com.qingniu.fitindex,17.956736,4f13a907-8e29-4ed6-b616-de74c3ca0b85,,,
,2021-04-13 11:09:50.635,,169.0,88.8,,2021-04-13 11:09:50.660,2021-04-13 11:09:50.660,,,,UTC+0000,im26HRLwRA,,,,com.qingniu.fitindex,18.10664,48d24ffe-6c10-4d66-a5a7-e4456bad3ef3,,,
,2021-04-20 13:11:57.000,,169.0,88.2,,2021-04-21 12:02:34.736,2021-04-21 12:02:34.736,,,,UTC+0000,im26HRLwRA,,,,com.qingniu.fitindex,17.922329,aca708e2-f632-46f2-aec8-10f55cbe11f6,,,
,2021-08-31 10:10:19.000,,169.0,93.75,,2021-08-31 10:10:38.302,2021-08-31 10:10:38.302,,,,UTC+0000,im26HRLwRA,,,,com.qingniu.fitindex,19.45578,db047e4c-548c-489e-a74d-138085b62eb0,,,
,2021-09-05 13:51:42.196,,169.0,92.55,,2021-09-05 13:51:42.227,2021-09-05 13:51:42.227,,,,UTC+0000,im26HRLwRA,,,,com.qingniu.fitindex,19.1443,f35fce07-0dd1-4d1e-80b2-250a95217123,,,
,2021-09-09 10:25:48.093,,169.0,92.75,,2021-09-09 10:25:48.106,2021-09-09 10:25:48.106,,,,UTC+0000,im26HRLwRA,,,,com.qingniu.fitindex,19.196213,ef14ef90-0cd5-4315-b853-df35066414d8,,,
,2021-09-14 10:43:19.321,,169.0,91.65,,2021-09-14 10:43:19.350,2021-09-14 10:43:19.350,,,,UTC+0000,im26HRLwRA,,,,com.qingniu.fitindex,18.896404,9c8916c6-efd0-4b04-aa4e-b2a15f896196,,,
,2021-09-18 11:09:20.610,,169.0,92.35,,2021-09-18 11:09:20.633,2021-09-18 11:09:20.633,,,,UTC+0000,im26HRLwRA,,,,com.qingniu.fitindex,19.092386,5327ce59-9ebf-45d5-a050-2c470c3e36cb,,,
,2021-09-21 11:50:40.156,,169.0,91.65,,2021-09-21 11:50:40.174,2021-09-21 11:50:40.174,,,,UTC+0000,im26HRLwRA,,,,com.qingniu.fitindex,18.896404,51ae1740-65db-450a-b6be-5ee522a01994,,,
,2021-09-27 10:35:18.608,,169.0,91.05,,2021-09-27 10:35:18.624,2021-09-27 10:35:18.624,,,,UTC+0000,im26HRLwRA,,,,com.qingniu.fitindex,18.740664,32c82a63-8c04-4e71-b61a-672b3c699301,,,
,2021-10-03 12:44:25.035,,169.0,90.7,,2021-10-03 12:44:25.063,2021-10-03 12:44:25.063,,,,UTC+0000,im26HRLwRA,,,,com.qingniu.fitindex,18.642673,a715ab34-f179-4fef-a5f3-9e7b4e6459a7,,,
,2021-10-08 10:40:06.703,,169.0,90.6,,2021-10-08 10:40:06.723,2021-10-08 10:40:06.723,,,,UTC+0000,im26HRLwRA,,,,com.qingniu.fitindex,18.60243,07c07d4b-76e6-452a-9c7a-b98907d8a5f1,,,
,2021-10-13 09:31:48.259,,169.0,90.25,,2021-10-13 09:31:48.272,2021-10-13 09:31:48.272,,,,UTC+0000,im26HRLwRA,,,,com.qingniu.fitindex,18.53301,4aaa586d-2553-4f0d-93c7-cb0918e55dc3,,,
,2021-10-26 10:18:46.154,,169.0,90.1,,2021-10-26 10:18:46.166,2021-10-26 10:18:46.166,,,,UTC+0000,im26HRLwRA,,,,com.qingniu.fitindex,18.458363,a307bb7c-8581-4f08-91e1-6bf56d07fec8,,,
,2021-11-01 09:45:54.824,,169.0,90.1,,2021-11-01 09:45:54.838,2021-11-01 09:45:54.838,,,,UTC+0000,im26HRLwRA,,,,com.qingniu.fitindex,18.458363,38fbc9d6-60b5-456c-a3b1-cd6f682e35c0,,,
,2021-11-07 13:53:24.043,,169.0,89.85,,2021-11-07 13:53:24.066,2021-11-07 13:53:24.066,,,,UTC+0000,im26HRLwRA,,,,com.qingniu.fitindex,18.429184,52de1060-41bb-407f-8f39-6939f0811cd8,,,
,2021-11-13 13:55:37.971,,169.0,88.6,,2021-11-13 13:55:37.993,2021-11-13 13:55:37.993,,,,UTC+0000,im26HRLwRA,,,,com.qingniu.fitindex,18.083298,96dd75b2-7991-49bd-8422-323bc3083ce4,,,
,2021-11-18 11:17:29.112,,169.0,88.45,,2021-11-18 11:17:29.121,2021-11-18 11:17:29.121,,,,UTC+0000,im26HRLwRA,,,,com.qingniu.fitindex,18.03722,d0825eca-438c-4c1f-a673-795f32c1ee67,,,
,2021-11-21 12:27:27.182,,169.0,88.45,,2021-11-21 12:27:27.195,2021-11-21 12:27:27.195,,,,UTC+0000,im26HRLwRA,,,,com.qingniu.fitindex,18.03722,e4eccdfa-8b4c-40ee-989f-37ea3c77a396,,,
,2021-11-28 13:48:41.004,,169.0,87.7,,2021-11-28 13:48:41.041,2021-11-28 13:48:41.041,,,,UTC+0000,im26HRLwRA,,,,com.qingniu.fitindex,17.835403,0d282c45-7526-4b1b-8195-6cf449eb3c68,,,
,2021-12-04 11:54:35.211,,169.0,87.65,,2021-12-04 11:54:35.235,2021-12-04 11:54:35.235,,,,UTC+0000,im26HRLwRA,,,,com.qingniu.fitindex,17.829567,d97da6d8-1678-4d1e-8cdb-062c592e29ff,,,
,2021-12-10 13:16:14.506,,169.0,86.85,,2021-12-10 13:16:14.541,2021-12-10 13:16:14.541,,,,UTC-0500,im26HRLwRA,,,,com.qingniu.fitindex,17.593342,ae2bc379-4001-4809-a967-aac4a7e1bc4e,,,
,2021-12-16 11:18:46.847,,169.0,87.35,,2021-12-16 11:18:46.882,2021-12-16 11:18:46.882,,,,UTC-0500,im26HRLwRA,,,,com.qingniu.fitindex,17.737411,24d7b8e2-e68f-4769-8ddd-071b76adf682,,,
,2021-12-23 11:31:31.731,,169.0,86.85,,2021-12-23 11:31:31.746,2021-12-23 11:31:31.746,,,,UTC-0500,im26HRLwRA,,,,com.qingniu.fitindex,17.593342,8933749d-1f5a-4d46-b2ce-7e8cffef81ee,,,
,2021-12-30 11:16:13.419,,169.0,87.1,,2021-12-30 11:16:13.436,2021-12-30 11:16:13.436,,,,UTC-0500,im26HRLwRA,,,,com.qingniu.fitindex,17.679663,12830a14-0009-444b-a89d-f6d2f6313010,,,
,2022-01-04 11:31:22.166,,169.0,87.0,,2022-01-04 11:31:22.184,2022-01-04 11:31:22.184,,,,UTC-0500,im26HRLwRA,,,,com.qingniu.fitindex,17.63942,07cea1b8-7812-4f86-9106-a5c761d69d47,,,
,2022-01-10 13:04:24.742,,169.0,85.2,,2022-01-10 13:04:24.761,2022-01-10 13:04:24.761,,,,UTC-0500,im26HRLwRA,,,,com.qingniu.fitindex,17.14363,9a2f999d-6e38-42d5-9a4c-a65284e360db,,,
,2022-01-16 15:54:49.927,,169.0,85.35,,2022-01-16 15:54:49.961,2022-01-16 15:54:49.961,,,,UTC-0500,im26HRLwRA,,,,com.qingniu.fitindex,17.189707,da555f82-52d9-4ff1-b5be-559a11896076,,,
,2022-01-22 14:25:57.644,,169.0,84.95,,2022-01-22 14:25:57.686,2022-01-22 14:25:57.686,,,,UTC-0500,im26HRLwRA,,,,com.qingniu.fitindex,17.08588,9c172d99-8ed6-45cb-b682-d834ddb1c605,,,
,2022-01-28 12:20:02.811,,169.0,84.3,,2022-01-28 12:20:02.839,2022-01-28 12:20:02.839,,,,UTC-0500,im26HRLwRA,,,,com.qingniu.fitindex,16.924305,b370d824-8ba1-480a-8433-cfbec5a7485c,,,
,2022-02-03 11:38:18.445,,169.0,83.85,,2022-02-03 11:38:18.476,2022-02-03 11:38:18.476,,,,UTC-0500,im26HRLwRA,,,,com.qingniu.fitindex,16.786072,4b2b1ce6-b0d5-450a-b66c-f7aa3bade3f3,,,
,2022-02-09 11:16:55.170,,169.0,83.5,,2022-02-09 11:16:55.195,2022-02-09 11:16:55.195,,,,UTC-0500,im26HRLwRA,,,,com.qingniu.fitindex,16.716652,1c43fc58-000f-445f-8347-ff41ce0f76b2,,,
,2022-02-14 12:04:19.680,,169.0,83.85,,2022-02-14 12:04:19.690,2022-02-14 12:04:19.690,,,,UTC-0500,im26HRLwRA,,,,com.qingniu.fitindex,16.814644,7e05bf6d-0418-49bb-82db-81fa09f9fc3c,,,
,2022-02-20 14:56:08.547,,169.0,82.7,,2022-02-20 14:56:08.605,2022-02-20 14:56:08.605,,,,UTC-0500,im26HRLwRA,,,,com.qingniu.fitindex,16.480427,ca0e39c4-6bd6-48e9-81d6-2fe3d09fb46d,,,
,2022-02-26 12:40:20.821,,169.0,82.6,,2022-02-26 12:40:20.897,2022-02-26 12:40:20.897,,,,UTC-0500,im26HRLwRA,,,,com.qingniu.fitindex,16.468758,edf33436-2fd4-41d6-8ae3-62b00e8a1cb2,,,
,2022-03-04 11:31:37.156,,169.0,82.3,,2022-03-04 11:31:37.259,2022-03-04 11:31:37.259,,,,UTC-0500,im26HRLwRA,,,,com.qingniu.fitindex,16.3766,ed588859-fd10-44ba-aa84-afe900bd7c8c,,,
,2022-03-10 11:04:19.870,,169.0,82.25,,2022-03-10 11:04:20.011,2022-03-10 11:04:20.011,,,,UTC-0500,im26HRLwRA,,,,com.qingniu.fitindex,16.370766,f3db0638-26ac-4805-9cea-b9b650d92742,,,
,2022-03-17 10:28:26.021,,169.0,81.45,,2022-03-17 10:28:26.051,2022-03-17 10:28:26.051,,,,UTC-0400,im26HRLwRA,,,,com.qingniu.fitindex,16.13454,5014b6ff-031f-4f83-a80b-bf03f416ff54,,,
,2022-03-23 10:27:31.588,,169.0,81.45,,2022-03-23 10:27:31.602,2022-03-23 10:27:31.602,,,,UTC-0400,im26HRLwRA,,,,com.qingniu.fitindex,16.13454,2f51863a-1ead-406f-81de-a9105be037d5,,,
,2022-03-29 10:31:43.324,,169.0,81.85,,2022-03-29 10:31:43.340,2022-03-29 10:31:43.340,,,,UTC-0400,im26HRLwRA,,,,com.qingniu.fitindex,16.26694,d79ae337-684f-492d-bd0d-72dc761f0f90,,,
,2022-04-04 10:34:17.683,,169.0,82.8,,2022-04-04 10:34:17.711,2022-04-04 10:34:17.711,,,,UTC-0400,im26HRLwRA,,,,com.qingniu.fitindex,16.52067,87823912-4c6c-4fde-93b1-2371fecd9938,,,
,2022-04-10 13:10:00.514,,169.0,80.9,,2022-04-10 13:10:00.536,2022-04-10 13:10:00.536,,,,UTC-0400,im26HRLwRA,,,,com.qingniu.fitindex,15.984636,30fcd904-a6f7-4da3-9df3-bf997c3f7c8b,,,
,2022-04-16 13:58:00.206,,169.0,81.35,,2022-04-16 13:58:00.264,2022-04-16 13:58:00.264,,,,UTC-0400,im26HRLwRA,,,,com.qingniu.fitindex,16.12287,3614c7b2-8b05-4f5d-ba20-8520734fcd72,,,
,2022-04-21 10:37:01.646,,169.0,81.95,,2022-04-21 10:37:01.712,2022-04-21 10:37:01.712,,,,UTC-0400,im26HRLwRA,,,,com.qingniu.fitindex,16.27861,48b71c66-8543-45d6-bf85-4579ed64021e,,,
,2022-04-26 10:28:28.462,,169.0,82.75,,2022-04-26 10:28:28.494,2022-04-26 10:28:28.494,,,,UTC-0400,im26HRLwRA,,,,com.qingniu.fitindex,16.514835,05fc4a7e-d0e3-4762-882e-991850517f7f,,,
,2022-05-01 15:39:22.000,,169.0,82.85,,2022-05-01 15:39:33.562,2022-05-01 15:39:33.562,,,,UTC+0000,im26HRLwRA,,,,com.qingniu.fitindex,16.526506,f486ba4a-d93d-42be-8ad8-47bbcac20793,,,
,2022-05-06 11:32:17.840,,169.0,82.35,,2022-05-06 11:32:18.427,2022-05-06 11:32:18.427,,,,UTC-0400,im26HRLwRA,,,,com.qingniu.fitindex,16.411009,dcbdb16f-28eb-497f-b619-141c188e8a3e,,,
,2022-05-11 11:32:24.262,,169.0,82.45,,2022-05-11 11:32:24.291,2022-05-11 11:32:24.291,,,,UTC-0400,im26HRLwRA,,,,com.qingniu.fitindex,16.422678,740f6265-577e-42f9-8196-af2db11b317c,,,
,2022-05-17 11:21:50.522,,169.0,81.85,,2022-05-17 11:21:50.590,2022-05-17 11:21:50.590,,,,UTC-0400,im26HRLwRA,,,,com.qingniu.fitindex,16.238367,24d6f294-8e39-4941-adaf-8ef2b9f6e023,,,
,2022-05-24 09:15:34.720,,169.0,82.85,,2022-05-24 09:15:34.753,2022-05-24 09:15:34.753,,,,UTC-0400,im26HRLwRA,,,,com.qingniu.fitindex,16.526506,9af57a72-b0c2-433a-a502-a208d0becb13,,,
,2022-05-30 10:17:47.209,,169.0,83.05,,2022-05-30 10:17:47.231,2022-05-30 10:17:47.231,,,,UTC-0400,im26HRLwRA,,,,com.qingniu.fitindex,16.578419,0da1b12f-e440-4388-8623-66fe8eb3e837,,,
,2022-06-05 14:41:31.357,,169.0,82.5,,2022-06-05 14:41:31.445,2022-06-05 14:41:31.445,,,,UTC-0400,im26HRLwRA,,,,com.qingniu.fitindex,16.428514,afb3c707-5815-4b3e-a600-a4121276d149,,,
,2021-04-08 11:31:28.000,,169.0,87.75,,2021-04-08 11:32:03.083,2021-04-08 11:32:03.083,,,,UTC+0000,im26HRLwRA,,,,com.qingniu.fitindex,17.812666,a4fe8881-75fa-43f6-9fa7-3d916140da6f,,,
,2021-04-14 11:43:21.876,,169.0,88.45,,2021-04-14 11:43:21.914,2021-04-14 11:43:21.914,,,,UTC+0000,im26HRLwRA,,,,com.qingniu.fitindex,18.008648,5b516e35-3d4a-4cc3-9a10-a4449cb411ae,,,
,2021-04-21 12:02:42.583,,169.0,88.55,,2021-04-21 12:02:42.587,2021-04-21 12:02:42.587,,,,UTC+0000,im26HRLwRA,,,,com.qingniu.fitindex,18.020319,7c62c12c-d7ba-4886-855a-ebfb25766e9d,,,
,2021-08-31 10:10:47.204,,169.0,93.75,,2021-08-31 10:10:47.211,2021-08-31 10:10:47.211,,,,UTC+0000,im26HRLwRA,,,,com.qingniu.fitindex,19.45578,74bbd103-d1ed-4ec2-b7dd-85c6300c685c,,,
,2021-09-06 11:38:17.118,,169.0,93.3,,2021-09-06 11:38:17.142,2021-09-06 11:38:17.142,,,,UTC+0000,im26HRLwRA,,,,com.qingniu.fitindex,19.317547,f939619f-ed69-488c-b5bf-440d2f1d6d89,,,
,2021-09-09 10:26:08.837,,169.0,92.75,,2021-09-09 10:26:08.846,2021-09-09 10:26:08.846,,,,UTC+0000,im26HRLwRA,,,,com.qingniu.fitindex,19.196213,f0b394a5-5e77-4b21-b657-3b515a1e35da,,,
,2021-09-15 10:39:09.113,,169.0,91.9,,2021-09-15 10:39:09.137,2021-09-15 10:39:09.137,,,,UTC+0000,im26HRLwRA,,,,com.qingniu.fitindex,18.954153,b4334e2a-5238-43b3-ac79-75ebbbd921a5,,,
,2021-09-19 14:50:24.000,,169.0,91.05,,2021-09-19 14:51:11.586,2021-09-19 14:51:11.586,,,,UTC+0000,im26HRLwRA,,,,com.qingniu.fitindex,18.740664,c0989d86-64e5-4ed9-9470-e118d90f84b7,,,
,2021-09-22 10:13:21.474,,169.0,92.0,,2021-09-22 10:13:21.501,2021-09-22 10:13:21.501,,,,UTC+0000,im26HRLwRA,,,,com.qingniu.fitindex,18.994396,1fa8273a-dab1-4a86-9415-068d6c4ffd12,,,
,2021-09-28 10:53:08.919,,169.0,90.95,,2021-09-28 10:53:08.934,2021-09-28 10:53:08.934,,,,UTC+0000,im26HRLwRA,,,,com.qingniu.fitindex,18.700422,bff3042f-d088-4095-a017-3e9bd42eab25,,,
,2021-10-04 10:28:18.741,,169.0,91.0,,2021-10-04 10:28:18.750,2021-10-04 10:28:18.750,,,,UTC+0000,im26HRLwRA,,,,com.qingniu.fitindex,18.734829,190453e2-7b4f-4e90-90cc-34ef46df5fed,,,
,2021-10-09 11:54:17.735,,169.0,90.65,,2021-10-09 11:54:17.753,2021-10-09 11:54:17.753,,,,UTC+0000,im26HRLwRA,,,,com.qingniu.fitindex,18.636837,b94542c3-b1b5-488f-8e65-df382d61f281,,,
,2021-10-14 10:09:31.519,,169.0,90.75,,2021-10-14 10:09:31.538,2021-10-14 10:09:31.538,,,,UTC+0000,im26HRLwRA,,,,com.qingniu.fitindex,18.648508,e6aa3410-639d-4726-9512-33824f365a61,,,
,2021-10-27 10:07:25.583,,169.0,89.2,,2021-10-27 10:07:25.601,2021-10-27 10:07:25.601,,,,UTC+0000,im26HRLwRA,,,,com.qingniu.fitindex,18.239038,122cf920-64bf-49c5-b0c7-12c133571392,,,
,2021-11-02 09:46:37.859,,169.0,89.75,,2021-11-02 09:46:37.868,2021-11-02 09:46:37.868,,,,UTC+0000,im26HRLwRA,,,,com.qingniu.fitindex,18.388943,a0952447-05c3-400b-85fa-45098f8fd416,,,
,2021-11-08 11:08:16.424,,169.0,90.5,,2021-11-08 11:08:16.451,2021-11-08 11:08:16.451,,,,UTC+0000,im26HRLwRA,,,,com.qingniu.fitindex,18.59076,831c6f17-4665-488b-9a1d-f92626b9f0ff,,,
,2021-11-14 16:35:27.385,,169.0,88.7,,2021-11-14 16:35:27.401,2021-11-14 16:35:27.401,,,,UTC+0000,im26HRLwRA,,,,com.qingniu.fitindex,18.094969,ae115e49-c412-4865-8c52-41f49bdab82f,,,
,2021-11-19 11:58:33.312,,169.0,87.95,,2021-11-19 11:58:33.347,2021-11-19 11:58:33.347,,,,UTC+0000,im26HRLwRA,,,,com.qingniu.fitindex,17.893152,d8b38b6e-fec3-4ee0-923b-24b2c4107d9e,,,
,2021-11-22 11:25:44.831,,169.0,88.0,,2021-11-22 11:25:44.853,2021-11-22 11:25:44.853,,,,UTC+0000,im26HRLwRA,,,,com.qingniu.fitindex,17.927559,d38482c3-3c73-4536-8a5a-77f40482071c,,,
,2021-11-29 11:41:27.875,,169.0,88.05,,2021-11-29 11:41:27.906,2021-11-29 11:41:27.906,,,,UTC+0000,im26HRLwRA,,,,com.qingniu.fitindex,17.904821,c9c1d713-31f1-491f-a26b-aa45d02570a4,,,
,2021-12-05 12:58:57.176,,169.0,87.4,,2021-12-05 12:58:57.202,2021-12-05 12:58:57.202,,,,UTC+0000,im26HRLwRA,,,,com.qingniu.fitindex,17.743246,16944f13-f4cb-4a8a-8bdc-6a2135d4ac99,,,
,2021-12-11 13:03:40.847,,169.0,87.05,,2021-12-11 13:03:40.874,2021-12-11 13:03:40.874,,,,UTC-0500,im26HRLwRA,,,,com.qingniu.fitindex,17.645256,e22e2e8b-363a-415d-a515-2b012b363e5a,,,
,2021-12-17 11:32:09.025,,169.0,87.3,,2021-12-17 11:32:09.076,2021-12-17 11:32:09.076,,,,UTC-0500,im26HRLwRA,,,,com.qingniu.fitindex,17.731577,516f0b54-d48a-42d1-b94e-d1e17ef14b25,,,
,2021-12-24 14:21:34.399,,169.0,86.05,,2021-12-24 14:21:34.413,2021-12-24 14:21:34.413,,,,UTC-0500,im26HRLwRA,,,,com.qingniu.fitindex,17.385689,5eaa647c-1bcb-424f-accd-87d02cbe73ce,,,
,2021-12-30 11:16:46.605,,169.0,87.1,,2021-12-30 11:16:46.611,2021-12-30 11:16:46.611,,,,UTC-0500,im26HRLwRA,,,,com.qingniu.fitindex,17.679663,bdbe34af-be23-473d-b458-6f20d211a6ea,,,
,2022-01-05 13:15:09.756,,169.0,85.9,,2022-01-05 13:15:09.775,2022-01-05 13:15:09.775,,,,UTC-0500,im26HRLwRA,,,,com.qingniu.fitindex,17.339611,ded92707-6206-4ee5-9e94-bd523f4a8142,,,
,2022-01-11 12:09:34.191,,169.0,85.1,,2022-01-11 12:09:34.215,2022-01-11 12:09:34.215,,,,UTC-0500,im26HRLwRA,,,,com.qingniu.fitindex,17.131958,a7be3080-59a9-4c89-aede-4087a767372c,,,
,2022-01-17 11:40:00.025,,169.0,85.35,,2022-01-17 11:40:00.044,2022-01-17 11:40:00.044,,,,UTC-0500,im26HRLwRA,,,,com.qingniu.fitindex,17.189707,762b7bce-3868-44c2-974e-3998170d50c3,,,
,2022-01-23 14:01:54.736,,169.0,85.35,,2022-01-23 14:01:54.775,2022-01-23 14:01:54.775,,,,UTC-0500,im26HRLwRA,,,,com.qingniu.fitindex,17.189707,e4cc8213-83e4-4912-9fbc-4428a2761341,,,
,2022-01-29 14:10:54.573,,169.0,84.3,,2022-01-29 14:10:54.601,2022-01-29 14:10:54.601,,,,UTC-0500,im26HRLwRA,,,,com.qingniu.fitindex,16.924305,5f475ec1-9690-419d-984a-f718e0f2330b,,,
,2022-02-04 13:02:45.723,,169.0,83.7,,2022-02-04 13:02:45.756,2022-02-04 13:02:45.756,,,,UTC-0500,im26HRLwRA,,,,com.qingniu.fitindex,16.768566,3fbb6813-e187-42bc-87a9-761a2d21eb4c,,,
,2022-02-10 11:31:24.524,,169.0,83.9,,2022-02-10 11:31:24.575,2022-02-10 11:31:24.575,,,,UTC-0500,im26HRLwRA,,,,com.qingniu.fitindex,16.791908,7503e5ba-1e51-4f1b-96e9-12516a1f5453,,,
,2022-02-15 11:18:56.386,,169.0,83.9,,2022-02-15 11:18:56.438,2022-02-15 11:18:56.438,,,,UTC-0500,im26HRLwRA,,,,com.qingniu.fitindex,16.820478,3b568974-31b4-4ca6-b6d0-fe6f0e6fd0d7,,,
,2022-02-21 12:53:49.359,,169.0,83.15,,2022-02-21 12:53:49.407,2022-02-21 12:53:49.407,,,,UTC-0500,im26HRLwRA,,,,com.qingniu.fitindex,16.618662,65446c78-7419-41f8-8ae2-17286d0d8174,,,
,2022-02-27 13:47:33.875,,169.0,82.35,,2022-02-27 13:47:33.952,2022-02-27 13:47:33.952,,,,UTC-0500,im26HRLwRA,,,,com.qingniu.fitindex,16.411009,d07bb5e0-c866-403d-bf6e-700e9a86b595,,,
,2022-03-05 12:51:27.949,,169.0,82.25,,2022-03-05 12:51:28.058,2022-03-05 12:51:28.058,,,,UTC-0500,im26HRLwRA,,,,com.qingniu.fitindex,16.370766,11062556-6139-45c1-bd59-2f24edf2af73,,,
,2022-03-11 11:28:29.182,,169.0,82.2,,2022-03-11 11:28:29.195,2022-03-11 11:28:29.195,,,,UTC-0500,im26HRLwRA,,,,com.qingniu.fitindex,16.364931,501854a8-3064-4fc9-b273-bdfaca61e732,,,
,2022-03-18 11:05:18.669,,169.0,81.5,,2022-03-18 11:05:18.704,2022-03-18 11:05:18.704,,,,UTC-0400,im26HRLwRA,,,,com.qingniu.fitindex,16.140377,46428827-532e-4d5a-8ba3-9d5cd4945a36,,,
,2022-03-24 10:30:25.503,,169.0,81.25,,2022-03-24 10:30:25.676,2022-03-24 10:30:25.676,,,,UTC-0400,im26HRLwRA,,,,com.qingniu.fitindex,16.082628,7f1e1fc3-fb47-4963-add2-d42bf45cca18,,,
,2022-03-31 11:18:40.183,,169.0,81.3,,2022-03-31 11:18:40.199,2022-03-31 11:18:40.199,,,,UTC-0400,im26HRLwRA,,,,com.qingniu.fitindex,16.088463,e9693e31-95ec-432c-a1b6-622991eb034c,,,
,2022-04-05 10:04:17.035,,169.0,81.4,,2022-04-05 10:04:17.069,2022-04-05 10:04:17.069,,,,UTC-0400,im26HRLwRA,,,,com.qingniu.fitindex,16.128706,5ebe7894-d87a-459d-b9f1-c4ec8cabe41c,,,
,2022-04-11 11:21:20.629,,169.0,81.3,,2022-04-11 11:21:20.693,2022-04-11 11:21:20.693,,,,UTC-0400,im26HRLwRA,,,,com.qingniu.fitindex,16.117035,452ee4af-7de5-41cf-8c51-a9b06d5dfa19,,,
,2022-04-17 15:38:44.594,,169.0,82.2,,2022-04-17 15:38:44.638,2022-04-17 15:38:44.638,,,,UTC-0400,im26HRLwRA,,,,com.qingniu.fitindex,16.364931,162db9fb-eb2a-467d-bf44-3641d1ae239f,,,
,2022-04-22 12:03:57.210,,169.0,81.7,,2022-04-22 12:03:57.289,2022-04-22 12:03:57.289,,,,UTC-0400,im26HRLwRA,,,,com.qingniu.fitindex,16.220861,97bc1a97-9ce0-43b7-8372-2736bdc9b64c,,,
,2022-04-27 09:52:03.427,,169.0,82.4,,2022-04-27 09:52:03.459,2022-04-27 09:52:03.459,,,,UTC-0400,im26HRLwRA,,,,com.qingniu.fitindex,16.416843,0e2dffc8-e851-4401-b1c4-cf43f4b446b7,,,
,2022-05-01 15:39:40.468,,169.0,82.85,,2022-05-01 15:39:40.472,2022-05-01 15:39:40.472,,,,UTC-0400,im26HRLwRA,,,,com.qingniu.fitindex,16.526506,472838c0-ce7a-4522-8966-ab2bb7a5ab54,,,
,2022-05-07 13:05:38.006,,169.0,81.85,,2022-05-07 13:05:38.078,2022-05-07 13:05:38.078,,,,UTC-0400,im26HRLwRA,,,,com.qingniu.fitindex,16.26694,b5f99081-fea7-46f8-a693-6b8bea66c4ed,,,
,2022-05-12 10:46:00.328,,169.0,82.65,,2022-05-12 10:46:00.369,2022-05-12 10:46:00.369,,,,UTC-0400,im26HRLwRA,,,,com.qingniu.fitindex,16.474592,df6581e2-f517-4d4d-8cbf-5d7da28bc841,,,
,2022-05-18 10:29:53.149,,169.0,81.7,,2022-05-18 10:29:53.233,2022-05-18 10:29:53.233,,,,UTC-0400,im26HRLwRA,,,,com.qingniu.fitindex,16.220861,3d9235f4-59d8-49aa-a605-d12a799571e2,,,
,2022-05-25 10:25:22.305,,169.0,82.65,,2022-05-25 10:25:22.337,2022-05-25 10:25:22.337,,,,UTC-0400,im26HRLwRA,,,,com.qingniu.fitindex,16.474592,36b38424-5696-41aa-96cf-09e6644d684e,,,
,2022-05-31 13:06:44.150,,169.0,82.45,,2022-05-31 13:06:44.230,2022-05-31 13:06:44.230,,,,UTC-0400,im26HRLwRA,,,,com.qingniu.fitindex,16.422678,333fed92-2fcc-4671-b649-3cb8616c41ab,,,
,2022-06-06 13:12:01.922,,169.0,82.5,,2022-06-06 13:12:01.937,2022-06-06 13:12:01.937,,,,UTC-0400,im26HRLwRA,,,,com.qingniu.fitindex,16.428514,2c9ca4de-3a33-468c-8883-8a209d40ed99,,,
,2021-04-08 11:32:02.736,,169.0,87.45,,2021-04-08 11:32:06.694,2021-04-08 11:32:06.694,,,,UTC+0000,im26HRLwRA,,,,com.qingniu.fitindex,,4ffee18d-6d7b-486b-b3b1-c23b0e7ac688,,,
,2021-04-15 11:40:37.519,,169.0,88.25,,2021-04-15 11:40:37.530,2021-04-15 11:40:37.530,,,,UTC+0000,im26HRLwRA,,,,com.qingniu.fitindex,17.956736,656da43c-aac9-4005-a37b-a57ee4760729,,,
,2021-08-23 10:36:50.667,,169.0,94.1,,2021-08-23 10:36:58.023,2021-08-23 10:36:58.023,,,,UTC+0000,im26HRLwRA,,,,com.qingniu.fitindex,19.55377,b540ace4-7859-4c8c-900c-fea7f6e04458,,,
,2021-09-01 10:12:53.986,,169.0,93.65,,2021-09-01 10:12:54.001,2021-09-01 10:12:54.001,,,,UTC+0000,im26HRLwRA,,,,com.qingniu.fitindex,19.415537,779e2156-3386-4ec5-98d9-8fc9e76d4a83,,,
,2021-09-07 10:31:07.829,,169.0,93.65,,2021-09-07 10:31:20.342,2021-09-07 10:31:20.342,,,,UTC+0000,im26HRLwRA,,,,com.qingniu.fitindex,,4cf2b9cb-cda1-47fc-aeee-31f48e4d8f6a,,,
,2021-09-10 10:20:48.293,,169.0,92.6,,2021-09-10 10:20:48.311,2021-09-10 10:20:48.311,,,,UTC+0000,im26HRLwRA,,,,com.qingniu.fitindex,19.150135,0d3b08c7-a4bb-47f7-8957-f343b1b0e8b5,,,
,2021-09-16 10:32:15.260,,169.0,91.85,,2021-09-16 10:32:17.180,2021-09-16 10:32:17.180,,,,UTC+0000,im26HRLwRA,,,,com.qingniu.fitindex,,361a5625-1f5c-4d27-9bb2-c84b7dc52487,,,
,2021-09-19 14:51:24.533,,169.0,90.75,,2021-09-19 14:51:24.539,2021-09-19 14:51:24.539,,,,UTC+0000,im26HRLwRA,,,,com.qingniu.fitindex,18.648508,0a210fe3-646f-40dd-af0b-0b059b80faa3,,,
,2021-09-23 10:43:25.716,,169.0,91.65,,2021-09-23 10:43:25.731,2021-09-23 10:43:25.731,,,,UTC+0000,im26HRLwRA,,,,com.qingniu.fitindex,18.896404,3bd05dfc-3732-4233-b3ca-24161d96d647,,,
,2021-09-29 10:49:21.973,,169.0,90.75,,2021-09-29 10:49:21.986,2021-09-29 10:49:21.986,,,,UTC+0000,im26HRLwRA,,,,com.qingniu.fitindex,18.648508,dace2bda-617a-4740-8bb0-efd560898a3f,,,
,2021-10-05 10:24:46.000,,169.0,91.1,,2021-10-05 10:25:02.778,2021-10-05 10:25:02.778,,,,UTC+0000,im26HRLwRA,,,,com.qingniu.fitindex,18.7465,f8a30ebf-3d49-4695-8a60-31c41886c373,,,
,2021-10-10 12:46:17.709,,169.0,90.85,,2021-10-10 12:46:17.722,2021-10-10 12:46:17.722,,,,UTC+0000,im26HRLwRA,,,,com.qingniu.fitindex,18.66018,445cb3be-bc30-42a9-be4f-48116381865c,,,
,2021-10-15 10:38:55.027,,169.0,90.55,,2021-10-15 10:38:55.051,2021-10-15 10:38:55.051,,,,UTC+0000,im26HRLwRA,,,,com.qingniu.fitindex,18.596596,f1a351b5-4b32-4bbb-a3e4-ae979f398177,,,
,2021-10-28 10:12:31.130,,169.0,89.35,,2021-10-28 10:12:31.143,2021-10-28 10:12:31.143,,,,UTC+0000,im26HRLwRA,,,,com.qingniu.fitindex,18.256544,3358625c-e0b5-495b-9ab2-d1da894b2978,,,
,2021-11-03 09:49:47.016,,169.0,89.65,,2021-11-03 09:49:47.030,2021-11-03 09:49:47.030,,,,UTC+0000,im26HRLwRA,,,,com.qingniu.fitindex,18.3487,18984807-a607-45e6-93d8-4fdfce5825ba,,,
,2021-11-09 11:09:50.632,,169.0,89.0,,2021-11-09 11:09:50.648,2021-11-09 11:09:50.648,,,,UTC+0000,im26HRLwRA,,,,com.qingniu.fitindex,18.187124,40285421-35f2-4dc7-9c5f-8a57b7f2d26b,,,
,2021-11-15 11:53:27.540,,169.0,88.8,,2021-11-15 11:53:27.558,2021-11-15 11:53:27.558,,,,UTC+0000,im26HRLwRA,,,,com.qingniu.fitindex,18.135212,49da527d-4182-438d-87af-91a165f0aacf,,,
,2021-11-20 13:47:40.216,,169.0,86.15,,2021-11-20 13:47:40.236,2021-11-20 13:47:40.236,,,,UTC+0000,im26HRLwRA,,,,com.qingniu.fitindex,17.425932,9430aa3f-3c9b-4691-95b5-4e03c80f21e2,,,
,2021-11-23 10:07:13.320,,169.0,88.55,,2021-11-23 10:07:13.368,2021-11-23 10:07:13.368,,,,UTC+0000,im26HRLwRA,,,,com.qingniu.fitindex,18.048891,46a1c011-d9bc-447d-9545-3f50ab942cef,,,
,2021-11-30 10:41:56.782,,169.0,87.8,,2021-11-30 10:41:56.824,2021-11-30 10:41:56.824,,,,UTC+0000,im26HRLwRA,,,,com.qingniu.fitindex,17.847073,0a1f3bfe-09c0-43e2-a1f8-1c9e0c2133f7,,,
,2021-12-06 11:25:28.794,,169.0,88.25,,2021-12-06 11:25:28.825,2021-12-06 11:25:28.825,,,,UTC+0000,im26HRLwRA,,,,com.qingniu.fitindex,17.985308,87066589-f50a-4684-937c-7eadd213c10c,,,
,2021-12-12 13:03:22.247,,169.0,87.6,,2021-12-12 13:03:22.275,2021-12-12 13:03:22.275,,,,UTC-0500,im26HRLwRA,,,,com.qingniu.fitindex,17.823732,ef3e5764-459d-48bf-926f-f13bd889915e,,,
,2021-12-19 13:21:33.016,,169.0,86.6,,2021-12-19 13:21:33.029,2021-12-19 13:21:33.029,,,,UTC-0500,im26HRLwRA,,,,com.qingniu.fitindex,17.535593,de190b34-8f58-44e0-b135-54cc98495855,,,
,2021-12-25 15:09:59.709,,169.0,87.0,,2021-12-25 15:09:59.735,2021-12-25 15:09:59.735,,,,UTC-0500,im26HRLwRA,,,,com.qingniu.fitindex,17.63942,4595f184-b358-462f-b12e-f19abf6ea3ed,,,
,2021-12-31 13:38:58.241,,169.0,86.35,,2021-12-31 13:38:58.290,2021-12-31 13:38:58.290,,,,UTC-0500,im26HRLwRA,,,,com.qingniu.fitindex,17.477844,72943e5d-5dec-4fc2-bfde-513dac815f36,,,
,2022-01-06 12:20:36.944,,169.0,86.25,,2022-01-06 12:20:36.956,2022-01-06 12:20:36.956,,,,UTC-0500,im26HRLwRA,,,,com.qingniu.fitindex,17.437603,51446d5c-c38f-4137-8635-4549514cfbdf,,,
,2022-01-12 12:47:52.933,,169.0,84.9,,2022-01-12 12:47:52.958,2022-01-12 12:47:52.958,,,,UTC-0500,im26HRLwRA,,,,com.qingniu.fitindex,17.051474,23565ad4-4c54-4f69-897f-414dbee26792,,,
,2022-01-18 11:57:09.267,,169.0,85.2,,2022-01-18 11:57:09.291,2022-01-18 11:57:09.291,,,,UTC-0500,im26HRLwRA,,,,com.qingniu.fitindex,17.172201,47efcce7-b7ff-48a0-a272-28b8eba758dc,,,
,2022-01-24 11:31:04.425,,169.0,84.95,,2022-01-24 11:31:04.448,2022-01-24 11:31:04.448,,,,UTC-0500,im26HRLwRA,,,,com.qingniu.fitindex,17.08588,577a6dcb-70b4-48a6-9ec2-3c31ee6729b9,,,
,2022-01-30 13:35:49.255,,169.0,84.1,,2022-01-30 13:35:49.273,2022-01-30 13:35:49.273,,,,UTC-0500,im26HRLwRA,,,,com.qingniu.fitindex,16.84382,8f5d13f7-bb2b-483c-a1a0-9dc5cdeb2390,,,
,2022-02-05 13:34:32.764,,169.0,83.65,,2022-02-05 13:34:32.788,2022-02-05 13:34:32.788,,,,UTC-0500,im26HRLwRA,,,,com.qingniu.fitindex,16.73416,23e89704-b491-4697-a824-37f5c1e75dc6,,,
,2022-02-11 11:53:15.283,,169.0,83.6,,2022-02-11 11:53:15.301,2022-02-11 11:53:15.301,,,,UTC-0500,im26HRLwRA,,,,com.qingniu.fitindex,16.728323,6428ef71-f331-44b0-a233-32c18ac9bf14,,,
,2022-02-16 11:44:54.749,,169.0,84.05,,2022-02-16 11:44:54.817,2022-02-16 11:44:54.817,,,,UTC-0500,im26HRLwRA,,,,com.qingniu.fitindex,16.866556,02f3a03a-4abb-4d73-b43c-6cdb644d440b,,,
,2022-02-22 11:37:07.732,,169.0,82.65,,2022-02-22 11:37:07.792,2022-02-22 11:37:07.792,,,,UTC-0500,im26HRLwRA,,,,com.qingniu.fitindex,16.474592,33b5f134-77db-46e2-bea3-8da65390a50d,,,
,2022-02-28 11:44:44.536,,169.0,82.9,,2022-02-28 11:44:50.290,2022-02-28 11:44:50.290,,,,UTC-0500,im26HRLwRA,,,,com.qingniu.fitindex,,cabf1adc-8da2-457d-9734-167ac41cb55b,,,
,2022-03-06 15:30:41.777,,169.0,82.15,,2022-03-06 15:30:41.862,2022-03-06 15:30:41.862,,,,UTC-0500,im26HRLwRA,,,,com.qingniu.fitindex,16.330523,e76b376c-6bd1-408b-8cba-a7eab6a66db4,,,
,2022-03-12 12:45:24.610,,169.0,81.45,,2022-03-12 12:45:24.657,2022-03-12 12:45:24.657,,,,UTC-0500,im26HRLwRA,,,,com.qingniu.fitindex,16.13454,93ac674e-759f-4a06-b078-5994fec0df94,,,
,2022-03-19 12:54:17.254,,169.0,81.1,,2022-03-19 12:54:17.302,2022-03-19 12:54:17.302,,,,UTC-0400,im26HRLwRA,,,,com.qingniu.fitindex,16.06512,d832086b-28f8-48b8-93d0-3b9dd33af591,,,
,2022-03-25 10:48:20.065,,169.0,81.15,,2022-03-25 10:48:20.138,2022-03-25 10:48:20.138,,,,UTC-0400,im26HRLwRA,,,,com.qingniu.fitindex,16.070957,6c3b4801-980e-4116-b85f-b90cfe2878df,,,
,2022-04-01 10:38:34.936,,169.0,81.65,,2022-04-01 10:38:35.006,2022-04-01 10:38:35.006,,,,UTC-0400,im26HRLwRA,,,,com.qingniu.fitindex,16.186455,23a6978c-4f38-497e-b831-e877c72d2943,,,
,2022-04-06 10:14:36.972,,169.0,81.25,,2022-04-06 10:14:36.994,2022-04-06 10:14:36.994,,,,UTC-0400,im26HRLwRA,,,,com.qingniu.fitindex,16.082628,49a1d2bb-8185-49d6-b43a-a6979205d289,,,
,2022-04-12 12:31:21.975,,169.0,80.75,,2022-04-12 12:31:22.022,2022-04-12 12:31:22.022,,,,UTC-0400,im26HRLwRA,,,,com.qingniu.fitindex,15.967131,1bac9c3f-a402-408f-a861-4e230f21f023,,,
,2022-04-18 10:53:10.331,,169.0,83.2,,2022-04-18 10:53:10.425,2022-04-18 10:53:10.425,,,,UTC-0400,im26HRLwRA,,,,com.qingniu.fitindex,16.624496,dd349ea0-4bf2-48ba-9769-003854207dc0,,,
,2022-04-22 12:04:13.478,,169.0,81.7,,2022-04-22 12:04:13.484,2022-04-22 12:04:13.484,,,,UTC-0400,im26HRLwRA,,,,com.qingniu.fitindex,16.220861,3025dcac-b2b6-4aa1-9a4a-b76d10b2c1cb,,,
,2022-04-28 11:06:56.924,,169.0,82.55,,2022-04-28 11:06:56.961,2022-04-28 11:06:56.961,,,,UTC-0400,im26HRLwRA,,,,com.qingniu.fitindex,16.43435,4c8a92fe-b64c-49e4-8500-3a5e0fb9e3cd,,,
,2022-05-02 09:32:02.525,,169.0,83.25,,2022-05-02 09:32:02.557,2022-05-02 09:32:02.557,,,,UTC-0400,im26HRLwRA,,,,com.qingniu.fitindex,16.630333,a8b375f3-8f1c-43a4-add8-eb02d4e420ed,,,
,2022-05-08 11:55:21.739,,169.0,82.25,,2022-05-08 11:55:21.791,2022-05-08 11:55:21.791,,,,UTC-0400,im26HRLwRA,,,,com.qingniu.fitindex,16.370766,cf8a3504-d522-4af7-a109-54c7805ae114,,,
,2022-05-13 10:45:31.078,,169.0,82.15,,2022-05-13 10:45:31.100,2022-05-13 10:45:31.100,,,,UTC-0400,im26HRLwRA,,,,com.qingniu.fitindex,16.330523,9b7f5d05-adc5-47b1-b48f-26e5033c9913,,,
,2022-05-19 11:11:20.540,,169.0,82.35,,2022-05-19 11:11:20.579,2022-05-19 11:11:20.579,,,,UTC-0400,im26HRLwRA,,,,com.qingniu.fitindex,16.382437,e60f4cb2-e50c-488f-90f0-cb5728426cad,,,
,2022-05-26 10:25:00.409,,169.0,82.7,,2022-05-26 10:25:00.494,2022-05-26 10:25:00.494,,,,UTC-0400,im26HRLwRA,,,,com.qingniu.fitindex,16.480427,956d04b8-a0bd-45bc-a9f6-70bc7a038078,,,
,2022-06-01 12:09:55.336,,169.0,82.5,,2022-06-01 12:09:55.380,2022-06-01 12:09:55.380,,,,UTC-0400,im26HRLwRA,,,,com.qingniu.fitindex,16.428514,548a0f1f-e4d2-4351-8eb7-770586cf8721,,,
,2022-06-07 10:51:40.847,,169.0,82.7,,2022-06-07 10:51:40.929,2022-06-07 10:51:40.929,,,,UTC-0400,im26HRLwRA,,,,com.qingniu.fitindex,16.508999,6cc0970f-ae94-4843-a477-a4fef17b7aca,,,
,2021-04-09 12:54:00.884,,169.0,87.25,,2021-04-09 12:54:00.914,2021-04-09 12:54:00.914,,,,UTC+0000,im26HRLwRA,,,,com.qingniu.fitindex,17.697168,46a6500d-9b02-42ba-a1f6-2071abc3e152,,,
,2021-04-14 13:08:38.000,,169.0,57.05,,2021-04-15 11:40:49.022,2021-04-15 11:40:49.022,,,,UTC+0000,im26HRLwRA,,,,com.qingniu.fitindex,9.572549,db3fe2a2-fe71-4156-b30e-0ed2c2115500,,,
,2021-08-24 10:35:12.017,,169.0,93.9,,2021-08-24 10:35:12.037,2021-08-24 10:35:12.037,,,,UTC+0000,im26HRLwRA,,,,com.qingniu.fitindex,19.501858,33e5e41a-0638-4e7e-ab4a-a363f36ac9b1,,,
,2021-09-02 10:30:03.701,,169.0,93.15,,2021-09-02 10:30:03.714,2021-09-02 10:30:03.714,,,,UTC+0000,im26HRLwRA,,,,com.qingniu.fitindex,19.30004,9c9bf03e-4c4e-4eba-b989-6ebaf25e5024,,,
,2021-09-07 10:31:22.095,,169.0,93.65,,2021-09-07 10:31:22.103,2021-09-07 10:31:22.103,,,,UTC+0000,im26HRLwRA,,,,com.qingniu.fitindex,19.415537,4178502a-8b59-49c5-b718-604816554677,,,
,2021-09-11 12:50:19.815,,169.0,92.55,,2021-09-11 12:50:19.843,2021-09-11 12:50:19.843,,,,UTC+0000,im26HRLwRA,,,,com.qingniu.fitindex,19.1443,5046d5bb-12f0-43f2-af56-d48146658768,,,
,2021-09-16 10:32:29.808,,169.0,91.85,,2021-09-16 10:32:29.815,2021-09-16 10:32:29.815,,,,UTC+0000,im26HRLwRA,,,,com.qingniu.fitindex,18.948317,0458ce5f-ae8d-4017-8b4f-1cfc22ec6f89,,,
,2021-09-19 14:51:59.689,,169.0,90.45,,2021-09-19 14:51:59.696,2021-09-19 14:51:59.696,,,,UTC+0000,im26HRLwRA,,,,com.qingniu.fitindex,18.556353,3aaf0628-dc2d-4dc2-a31b-8a3f7d4569f8,,,
,2021-09-24 10:41:15.404,,169.0,91.7,,2021-09-24 10:41:15.431,2021-09-24 10:41:15.431,,,,UTC+0000,im26HRLwRA,,,,com.qingniu.fitindex,18.902239,5410b2d6-dbdd-43ca-96cd-4a05a8b097c0,,,
,2021-09-30 10:42:47.909,,169.0,91.05,,2021-09-30 10:42:47.921,2021-09-30 10:42:47.921,,,,UTC+0000,im26HRLwRA,,,,com.qingniu.fitindex,18.712093,96ecb0e7-5daa-44a1-bbad-a0f38cef8b24,,,
,2021-10-05 10:25:08.677,,169.0,91.1,,2021-10-05 10:25:08.682,2021-10-05 10:25:08.682,,,,UTC+0000,im26HRLwRA,,,,com.qingniu.fitindex,18.7465,5ef11aa3-efbc-4f45-b3f8-2deff5c24d8a,,,
,2021-10-11 11:37:51.389,,169.0,90.7,,2021-10-11 11:37:54.196,2021-10-11 11:37:54.196,,,,UTC+0000,im26HRLwRA,,,,com.qingniu.fitindex,,33f27be2-2c37-4f9d-ac8b-d1740b03b8df,,,
,2021-10-18 10:34:49.959,,169.0,91.4,,2021-10-18 10:34:49.984,2021-10-18 10:34:49.984,,,,UTC+0000,im26HRLwRA,,,,com.qingniu.fitindex,18.810083,ef58aea9-5ec5-41ec-a750-81ca495811b7,,,
,2021-10-29 10:10:13.442,,169.0,89.9,,2021-10-29 10:10:13.457,2021-10-29 10:10:13.457,,,,UTC+0000,im26HRLwRA,,,,com.qingniu.fitindex,18.406448,61732bd7-01ba-4f12-9fa2-a8fc456ee99d,,,
,2021-11-04 10:15:27.658,,169.0,89.1,,2021-11-04 10:15:27.676,2021-11-04 10:15:27.676,,,,UTC+0000,im26HRLwRA,,,,com.qingniu.fitindex,18.198795,f15fd6f8-a177-47f8-bde5-d00b2bb80b4c,,,
,2021-11-10 11:10:17.607,,169.0,88.9,,2021-11-10 11:10:17.622,2021-11-10 11:10:17.622,,,,UTC+0000,im26HRLwRA,,,,com.qingniu.fitindex,18.146883,7be3fde0-167b-4c51-99de-c208849e5c47,,,
,2021-11-16 10:24:58.886,,169.0,88.4,,2021-11-16 10:24:58.900,2021-11-16 10:24:58.900,,,,UTC+0000,im26HRLwRA,,,,com.qingniu.fitindex,18.002813,abc14f9a-aaad-4cb0-bfe6-decebdcfebf0,,,
,2021-11-20 13:48:25.939,,169.0,88.0,,2021-11-20 13:48:25.949,2021-11-20 13:48:25.949,,,,UTC+0000,im26HRLwRA,,,,com.qingniu.fitindex,17.927559,c91db831-726d-4b39-af91-5486ba33f7e6,,,
,2021-11-24 11:20:00.625,,169.0,88.05,,2021-11-24 11:20:00.667,2021-11-24 11:20:00.667,,,,UTC+0000,im26HRLwRA,,,,com.qingniu.fitindex,17.933393,c6493506-5e41-4b71-b29b-d489560ccd12,,,
,2021-12-01 11:56:01.980,,169.0,87.75,,2021-12-01 11:56:02.001,2021-12-01 11:56:02.001,,,,UTC+0000,im26HRLwRA,,,,com.qingniu.fitindex,17.841238,17bf01da-a30a-4104-ab54-978b17c63bb6,,,
,2021-12-07 11:09:24.835,,169.0,87.3,,2021-12-07 11:09:24.878,2021-12-07 11:09:24.878,,,,UTC-0500,im26HRLwRA,,,,com.qingniu.fitindex,17.731577,d869e66e-922a-47d1-a4ad-30eac7cdcd96,,,
,2021-12-13 11:31:10.730,,169.0,87.55,,2021-12-13 11:31:10.758,2021-12-13 11:31:10.758,,,,UTC-0500,im26HRLwRA,,,,com.qingniu.fitindex,17.789326,6ef1441d-5d31-448d-9882-302bd4e28c2a,,,
,2021-12-20 11:42:12.780,,169.0,87.55,,2021-12-20 11:42:12.801,2021-12-20 11:42:12.801,,,,UTC-0500,im26HRLwRA,,,,com.qingniu.fitindex,17.789326,1f7d112e-b27b-418e-93ac-4c657da93863,,,
,2021-12-27 15:00:26.371,,169.0,87.55,,2021-12-27 15:00:26.398,2021-12-27 15:00:26.398,,,,UTC-0500,im26HRLwRA,,,,com.qingniu.fitindex,17.789326,368f7942-f8c9-4b87-b0a4-2349b51524c6,,,
,2022-01-01 17:41:26.593,,169.0,86.65,,2022-01-01 17:41:26.610,2022-01-01 17:41:26.610,,,,UTC-0500,im26HRLwRA,,,,com.qingniu.fitindex,17.54143,0b8bfd80-ed91-45a1-aab8-3915e9f63430,,,
,2022-01-07 11:43:56.288,,169.0,86.35,,2022-01-07 11:43:56.308,2022-01-07 11:43:56.308,,,,UTC-0500,im26HRLwRA,,,,com.qingniu.fitindex,17.477844,322d879a-aad1-40bd-bcd3-a5f8a7f72e26,,,
,2022-01-13 12:53:04.011,,169.0,84.95,,2022-01-13 12:53:04.036,2022-01-13 12:53:04.036,,,,UTC-0500,im26HRLwRA,,,,com.qingniu.fitindex,17.08588,a22bb4b4-795a-4e72-a461-db5a6d4e0a20,,,
,2022-01-19 12:15:25.904,,169.0,84.3,,2022-01-19 12:15:25.926,2022-01-19 12:15:25.926,,,,UTC-0500,im26HRLwRA,,,,com.qingniu.fitindex,16.924305,6a2a0ae2-d9a2-4d3a-aec1-84e64f8719a1,,,
,2022-01-25 11:50:51.557,,169.0,84.65,,2022-01-25 11:50:51.570,2022-01-25 11:50:51.570,,,,UTC-0500,im26HRLwRA,,,,com.qingniu.fitindex,16.993725,9f0fc46a-adb5-4ede-a7bd-92ba60a8cfd1,,,
,2022-01-31 11:03:38.233,,169.0,83.85,,2022-01-31 11:03:38.264,2022-01-31 11:03:38.264,,,,UTC-0500,im26HRLwRA,,,,com.qingniu.fitindex,16.786072,8a5919ce-a61c-4e78-bfd1-34b05af5c33e,,,
,2022-02-06 15:01:05.927,,169.0,83.65,,2022-02-06 15:01:05.983,2022-02-06 15:01:05.983,,,,UTC-0500,im26HRLwRA,,,,com.qingniu.fitindex,16.73416,9bb8939a-bcfd-4ded-ad3b-6e3784716c15,,,
,2022-02-12 14:03:00.000,,169.0,83.5,,2022-02-13 14:27:34.675,2022-02-13 14:27:34.675,,,,UTC+0000,im26HRLwRA,,,,com.qingniu.fitindex,16.716652,b8af95ff-3a6d-4aff-8e99-17d59c73d6bb,,,
,2022-02-17 11:34:14.523,,169.0,83.65,,2022-02-17 11:34:14.599,2022-02-17 11:34:14.599,,,,UTC-0500,im26HRLwRA,,,,com.qingniu.fitindex,16.73416,60ca46ab-868a-4232-ab30-07592cab679b,,,
,2022-02-23 11:57:14.176,,169.0,83.05,,2022-02-23 11:57:14.225,2022-02-23 11:57:14.225,,,,UTC-0500,im26HRLwRA,,,,com.qingniu.fitindex,16.578419,1b5098bc-0a2a-49c1-9318-94ecb8ca4d62,,,
,2022-03-01 11:10:02.838,,169.0,82.65,,2022-03-01 11:10:02.867,2022-03-01 11:10:02.867,,,,UTC-0500,im26HRLwRA,,,,com.qingniu.fitindex,16.474592,728e9ef5-51e8-40c5-b8a3-d2d0522d4a21,,,
,2022-03-07 11:22:37.290,,169.0,82.4,,2022-03-07 11:22:37.439,2022-03-07 11:22:37.439,,,,UTC-0500,im26HRLwRA,,,,com.qingniu.fitindex,16.416843,fdf80d88-c609-47b8-9b25-fd56a01ed911,,,
,2022-03-14 10:24:53.582,,169.0,82.35,,2022-03-14 10:24:53.647,2022-03-14 10:24:53.647,,,,UTC-0400,im26HRLwRA,,,,com.qingniu.fitindex,16.382437,c6695a2d-5e9a-4c35-86cd-13b2e192c6b0,,,
,2022-03-20 13:21:23.987,,169.0,81.45,,2022-03-20 13:21:24.020,2022-03-20 13:21:24.020,,,,UTC-0400,im26HRLwRA,,,,com.qingniu.fitindex,16.13454,add0afee-7f27-4362-bf40-e1566b9c77a5,,,
,2022-03-26 14:46:35.536,,169.0,81.15,,2022-03-26 14:46:35.602,2022-03-26 14:46:35.602,,,,UTC-0400,im26HRLwRA,,,,com.qingniu.fitindex,16.070957,c955856f-4fe5-4108-997f-97c794c2749b,,,
,2022-04-02 12:44:51.245,,169.0,81.45,,2022-04-02 12:44:51.280,2022-04-02 12:44:51.280,,,,UTC-0400,im26HRLwRA,,,,com.qingniu.fitindex,16.163113,9ae68707-2bfa-4de2-b74f-119d9413ab99,,,
,2022-04-07 10:08:45.701,,169.0,81.65,,2022-04-07 10:08:45.860,2022-04-07 10:08:45.860,,,,UTC-0400,im26HRLwRA,,,,com.qingniu.fitindex,16.215025,08e9a740-54f8-4377-b754-17ee72c014ec,,,
,2022-04-13 12:17:27.335,,169.0,80.95,,2022-04-13 12:17:27.374,2022-04-13 12:17:27.374,,,,UTC-0400,im26HRLwRA,,,,com.qingniu.fitindex,16.019043,714a0182-63aa-4ab7-8cb0-6bb088565213,,,
,2022-04-18 10:53:30.826,,169.0,83.1,,2022-04-18 10:53:30.836,2022-04-18 10:53:30.836,,,,UTC-0400,im26HRLwRA,,,,com.qingniu.fitindex,16.612825,63fb9e37-9a3a-4c53-91ba-6028decf7f41,,,
,2022-04-23 12:21:42.035,,169.0,82.05,,2022-04-23 12:21:42.053,2022-04-23 12:21:42.053,,,,UTC-0400,im26HRLwRA,,,,com.qingniu.fitindex,16.318851,106f8899-8959-4575-aa75-b778a45fff37,,,
,2022-04-29 10:31:08.382,,169.0,82.95,,2022-04-29 10:31:08.429,2022-04-29 10:31:08.429,,,,UTC-0400,im26HRLwRA,,,,com.qingniu.fitindex,16.538176,03cd49c8-204d-4b1d-a15a-072f9563801b,,,
,2022-05-03 12:11:55.530,,169.0,82.3,,2022-05-03 12:11:55.635,2022-05-03 12:11:55.635,,,,UTC-0400,im26HRLwRA,,,,com.qingniu.fitindex,16.3766,8de2e4a7-2399-43b1-8393-1be02344da59,,,
,2022-05-08 11:55:40.046,,169.0,82.25,,2022-05-08 11:55:40.056,2022-05-08 11:55:40.056,,,,UTC-0400,im26HRLwRA,,,,com.qingniu.fitindex,16.370766,92f38b01-d651-47e8-85e0-43b0469dc05b,,,
,2022-05-14 12:17:37.831,,169.0,82.05,,2022-05-14 12:17:37.924,2022-05-14 12:17:37.924,,,,UTC-0400,im26HRLwRA,,,,com.qingniu.fitindex,16.318851,dd31ba54-3a8a-4294-ab11-95d81c8e33c3,,,
,2022-05-20 11:12:12.671,,169.0,81.85,,2022-05-20 11:12:12.714,2022-05-20 11:12:12.714,,,,UTC-0400,im26HRLwRA,,,,com.qingniu.fitindex,16.26694,a9495196-765b-4570-a6df-8190dd825191,,,
,2022-05-27 12:10:21.032,,169.0,82.55,,2022-05-27 12:10:21.094,2022-05-27 12:10:21.094,,,,UTC-0400,im26HRLwRA,,,,com.qingniu.fitindex,16.43435,98fd698b-2ac8-441d-b084-ea72f13093d9,,,
,2022-06-02 11:21:41.592,,169.0,82.25,,2022-06-02 11:21:41.701,2022-06-02 11:21:41.701,,,,UTC-0400,im26HRLwRA,,,,com.qingniu.fitindex,16.342194,d3223656-d8ad-4fb2-bd36-db7c8b57a0d7,,,
,2022-06-08 10:39:39.169,,169.0,82.65,,2022-06-08 10:39:39.203,2022-06-08 10:39:39.203,,,,UTC-0400,im26HRLwRA,,,,com.qingniu.fitindex,16.474592,34b7ea94-4f9a-4ca7-b8a4-bda8153b7490,,,
