Date,Meal,Calories,Fat (g),Saturated Fat,Polyunsaturated Fat,Monounsaturated Fat,Trans Fat,Cholesterol,Sodium (mg),Potassium,Carbohydrates (g),Fiber,Sugar,Protein (g),Vitamin A,Vitamin C,Calcium,Iron,Note
2017-12-18,Breakfast,453.0,17.0,6.6,2.9,4.7,0.0,387.0,192.0,298.0,45.7,4.0,18.4,28.6,12.8,0.0,20.6,19.7,
2017-12-18,Lunch,599.9,18.9,5.2,5.7,6.0,0.0,466.2,654.0,425.6,41.1,6.0,6.8,65.0,10.8,0.0,9.6,21.7,
2017-12-19,Breakfast,453.0,17.0,6.6,2.9,4.7,0.0,387.0,192.0,298.0,45.7,4.0,18.4,28.6,12.8,0.0,20.6,19.7,
2017-12-19,Lunch,647.0,24.4,5.9,4.4,5.0,0.0,372.0,777.0,590.6,70.1,9.0,15.8,37.6,10.8,0.0,15.6,39.7,
2017-12-19,Dinner,602.2,27.1,4.5,3.9,15.7,0.0,94.2,144.7,1221.1,50.7,15.7,4.0,43.1,179.0,48.4,5.9,8.6,
2017-12-20,Breakfast,603.0,23.0,5.6,3.6,5.2,0.0,372.0,347.0,423.0,76.7,12.0,26.4,24.6,12.8,8.0,15.6,31.7,
2017-12-20,Lunch,807.0,29.9,9.1,5.6,5.2,0.0,387.0,827.0,700.6,86.1,9.0,32.8,48.6,12.8,0.0,26.6,31.7,
2017-12-20,Dinner,445.1,25.5,4.2,3.5,15.3,0.0,94.2,124.0,1030.2,18.0,12.7,3.4,39.3,179.0,48.4,4.4,8.6,
2017-12-21,Breakfast,613.0,21.5,9.6,2.9,4.7,0.0,402.0,242.0,458.0,63.7,4.0,35.4,39.6,14.8,0.0,35.6,19.7,
2017-12-22,Breakfast,398.5,12.5,5.1,2.0,2.8,0.0,201.0,176.0,282.8,45.6,4.0,18.4,26.3,7.4,0.0,17.8,14.9,
2017-12-22,Lunch,542.7,33.7,4.2,3.6,15.3,0.0,94.2,137.2,1193.2,21.5,13.8,4.7,40.6,174.2,80.8,4.4,8.6,
2018-05-07,Breakfast,489.6,15.3,4.5,2.7,5.0,0.0,494.0,702.2,686.1,3.1,0.6,1.6,84.0,10.8,1.2,5.6,12.2,
2018-05-07,Snacks,420.0,13.0,4.0,3.0,5.0,0.0,0.0,270.0,555.0,68.0,7.0,29.0,13.0,0.0,0.0,2.0,8.0,
2018-05-09,Breakfast,122.5,5.4,1.6,1.0,1.8,0.0,186.0,236.0,230.4,1.0,0.0,0.8,18.3,5.4,0.0,2.8,4.9,
2018-05-09,Lunch,544.6,15.1,5.1,2.7,4.5,0.0,271.7,487.2,733.6,43.6,4.6,20.8,59.9,5.4,0.0,2.8,4.9,
2018-06-06,Breakfast,1175.3,52.5,24.0,3.8,5.3,0.0,561.4,3494.4,1048.7,59.0,7.0,11.8,120.2,10.8,1.9,17.6,33.6,
2018-06-18,Lunch,499.8,15.1,4.1,2.7,4.9,0.0,457.7,674.5,1314.4,21.3,6.5,10.5,71.6,609.7,38.4,13.2,17.4,
2018-06-18,Dinner,1252.7,33.1,13.5,2.0,2.3,0.2,94.8,2176.9,664.1,170.5,20.0,48.7,72.2,29.7,1.0,58.2,28.5,
2018-06-18,Snacks,170.0,7.0,1.5,2.0,3.5,0.0,0.0,100.0,115.0,26.0,3.0,9.0,3.0,0.0,0.0,2.0,8.0,
2018-06-19,Lunch,689.4,25.6,5.7,4.1,11.9,0.0,461.0,712.5,1767.5,37.2,11.5,20.2,81.0,611.7,50.4,23.6,19.4,
2018-06-19,Dinner,908.0,28.0,11.0,3.6,1.2,0.3,80.0,1960.0,400.0,111.0,12.0,17.0,51.0,22.0,0.0,34.0,44.0,
2018-06-19,Snacks,394.0,8.0,1.5,3.0,3.5,0.0,35.0,400.0,460.0,44.5,5.0,21.0,46.0,30.0,342.0,40.0,16.0,
2018-06-20,Breakfast,19.0,1.5,0.0,0.0,0.0,0.0,5.0,0.0,0.0,0.0,0.0,0.0,10.0,50.0,250.0,10.0,0.0,
2018-06-20,Lunch,689.4,25.6,5.7,4.1,11.9,0.0,461.0,712.5,1767.5,37.2,11.5,20.2,81.0,611.7,50.4,23.6,19.4,
2018-06-20,Dinner,1268.0,44.0,19.8,2.4,0.8,1.4,145.0,3240.0,360.0,145.0,15.0,25.0,74.0,26.0,12.0,42.9,64.0,
2018-06-20,Snacks,134.0,1.0,0.5,0.0,0.0,0.0,35.0,170.0,0.0,5.0,1.0,2.0,35.0,0.0,2.0,15.0,6.0,
2018-06-21,Breakfast,19.0,1.5,0.0,0.0,0.0,0.0,5.0,0.0,0.0,0.0,0.0,0.0,10.0,50.0,250.0,10.0,0.0,
2018-06-21,Lunch,1015.1,29.0,4.7,3.4,10.7,0.0,400.3,637.9,1767.5,92.2,11.5,20.2,73.8,611.7,50.4,23.6,19.4,
2018-06-21,Dinner,626.3,25.6,9.0,2.5,1.8,0.2,175.7,1414.6,200.0,44.0,6.0,12.0,55.2,12.0,0.0,28.0,24.0,
2018-06-21,Snacks,429.0,10.5,4.5,0.0,0.0,0.0,65.0,965.0,0.0,40.0,2.0,4.0,48.0,10.0,22.0,35.0,17.0,
2018-06-22,Breakfast,15.0,1.5,0.0,0.0,0.0,0.0,5.0,0.0,0.0,0.0,0.0,0.0,0.0,50.0,250.0,10.0,0.0,
2018-06-25,Breakfast,19.0,1.5,0.0,0.0,0.0,0.0,5.0,0.0,0.0,0.0,0.0,0.0,10.0,50.0,250.0,10.0,0.0,
2018-06-25,Lunch,949.4,32.6,7.2,6.1,14.9,0.0,461.0,952.5,1987.5,78.2,15.5,40.2,91.0,621.7,60.4,43.6,29.4,
2018-06-25,Dinner,1066.0,39.0,17.9,1.2,0.4,0.2,140.0,2550.0,180.0,116.0,6.0,18.0,54.0,32.0,0.0,30.0,40.0,
2018-06-26,Breakfast,15.0,1.5,0.0,0.0,0.0,0.0,5.0,0.0,0.0,0.0,0.0,0.0,0.0,50.0,250.0,10.0,0.0,
2018-06-26,Lunch,55.0,0.8,0.1,0.0,0.0,0.0,1.7,41.7,0.0,6.0,0.2,0.8,2.3,0.0,0.0,0.3,1.7,
2018-06-27,Breakfast,23.0,1.5,0.0,0.0,0.0,0.0,5.0,0.0,0.0,0.0,0.0,0.0,20.0,50.0,250.0,10.0,0.0,
2018-06-27,Lunch,1039.4,39.1,9.7,5.1,13.4,0.0,461.0,952.5,2312.5,87.2,19.0,42.7,94.0,611.7,50.4,25.6,24.4,
2018-06-27,Dinner,863.5,25.2,11.2,2.8,2.4,0.2,256.0,1921.0,446.6,97.8,9.0,13.6,58.3,23.4,0.0,26.8,34.9,
2018-06-27,Snacks,130.0,1.0,0.5,0.0,0.0,0.0,35.0,170.0,0.0,5.0,1.0,2.0,25.0,0.0,2.0,15.0,6.0,
2018-06-28,Breakfast,19.0,1.5,0.0,0.0,0.0,0.0,5.0,0.0,0.0,0.0,0.0,0.0,10.0,50.0,250.0,10.0,0.0,
2018-07-09,Breakfast,19.0,1.5,0.0,0.0,0.0,0.0,5.0,0.0,0.0,0.0,0.0,0.0,10.0,50.0,250.0,10.0,0.0,
2018-07-09,Lunch,744.8,21.9,5.0,5.0,7.9,0.0,457.7,647.3,1528.0,62.1,12.8,24.4,80.6,76.0,32.9,13.9,25.6,
2018-07-09,Dinner,1276.5,43.0,13.9,3.4,2.6,0.2,291.0,2316.0,482.8,127.6,15.0,19.4,89.3,23.4,2.0,43.8,50.9,
2018-07-10,Breakfast,19.0,1.5,0.0,0.0,0.0,0.0,5.0,0.0,0.0,0.0,0.0,0.0,10.0,50.0,250.0,10.0,0.0,
2018-07-10,Lunch,694.3,29.9,5.6,10.6,10.3,0.0,271.7,665.6,764.9,42.1,6.4,18.5,70.7,69.6,14.2,7.8,19.1,
2018-07-27,Breakfast,20.0,2.0,0.0,0.5,0.0,0.0,5.0,0.0,0.0,0.0,0.0,0.0,0.0,50.0,250.0,10.0,0.0,
2018-07-27,Lunch,860.0,42.0,11.0,1.5,3.5,1.0,80.0,2000.0,105.0,80.0,5.0,18.0,45.0,0.0,0.0,2.0,6.0,
2019-01-05,Breakfast,49.0,1.0,0.0,0.0,0.0,0.0,5.0,0.0,0.0,2.0,1.0,0.0,5.2,100.0,500.0,20.0,0.0,
2019-01-05,Lunch,455.0,17.7,7.1,2.9,5.7,0.0,389.0,631.0,561.8,26.9,12.0,6.6,56.6,10.8,1.0,27.6,10.7,
2019-01-05,Dinner,183.4,4.0,1.0,1.0,1.0,0.0,95.7,0.0,286.0,0.0,0.0,0.0,34.9,0.0,0.0,12.0,1.0,
2019-02-25,Breakfast,32.0,1.0,0.0,0.0,0.0,0.0,5.0,0.0,0.0,0.5,0.0,0.0,4.1,100.0,500.0,20.0,0.0,
2019-02-25,Lunch,620.1,18.7,5.5,3.8,6.4,0.1,617.3,588.0,696.2,25.1,2.2,2.0,87.4,16.2,0.0,31.8,21.2,
2019-02-25,Dinner,711.5,36.8,9.6,1.0,1.8,0.1,266.0,1349.0,69.0,52.4,8.0,10.2,45.3,9.4,8.0,42.8,33.9,
2019-04-08,Breakfast,20.8,0.3,0.0,0.0,0.0,0.0,1.3,0.0,0.0,1.5,0.0,0.0,4.1,50.0,750.0,10.0,0.0,
2019-04-08,Lunch,637.6,14.3,1.2,1.6,3.8,0.0,34.0,984.3,141.8,56.1,15.8,8.2,72.4,272.8,5.1,27.8,13.2,
2019-04-08,Dinner,1749.0,41.5,22.8,1.8,1.8,1.1,117.4,1290.7,1514.5,260.0,21.0,9.2,77.0,21.0,0.0,650.7,45.7,
2019-04-08,Snacks,829.2,12.1,1.9,5.1,0.3,0.0,0.0,2430.6,17229.2,144.2,74.6,37.7,88.2,5670.6,1496.3,310.7,458.6,
2019-04-09,Breakfast,185.8,0.3,0.0,0.0,0.0,0.0,1.3,105.0,0.0,3.5,0.0,0.0,41.6,50.0,250.0,32.5,0.0,
2019-04-09,Lunch,775.1,31.0,10.8,4.0,2.0,0.2,242.0,1228.6,329.0,68.7,6.6,10.4,52.2,152.5,12.5,19.5,25.1,
2019-04-09,Dinner,350.0,3.2,0.4,1.0,1.8,0.0,0.0,158.0,590.0,68.0,10.0,5.2,12.0,22.0,36.0,8.0,26.0,
2019-04-09,Snacks,1204.8,30.5,4.5,10.0,6.1,0.0,72.9,2594.3,17726.1,165.9,81.7,48.4,121.4,5841.5,1510.3,318.8,469.1,
2019-04-10,Breakfast,390.0,9.0,2.3,0.0,0.0,0.0,185.0,570.0,70.0,63.0,8.0,4.0,22.0,6.0,0.0,10.0,24.0,
2019-04-10,Lunch,1649.6,3.4,0.0,0.0,0.0,0.0,0.0,68.0,3292.8,332.7,47.6,6.8,64.0,16.4,13.6,57.2,84.4,
2019-04-11,Lunch,611.0,23.3,6.2,2.7,6.3,0.0,654.3,609.3,177.2,20.4,4.6,3.3,78.0,15.0,0.0,19.4,26.2,
2019-04-12,Breakfast,201.1,0.3,0.0,0.0,0.0,0.0,1.3,105.0,0.0,4.0,0.0,0.0,45.3,50.0,250.0,32.5,0.0,
2019-04-12,Lunch,363.5,13.5,3.0,0.0,0.0,0.0,370.0,502.3,140.0,21.6,4.6,2.3,39.9,12.0,0.0,4.0,8.0,
2019-04-12,Dinner,537.6,21.3,11.8,0.0,0.0,0.4,36.4,701.5,45.5,61.1,3.5,5.4,21.4,12.4,4.7,229.7,17.7,
2019-04-12,Snacks,894.5,18.0,2.4,6.6,4.1,0.0,0.0,2402.7,17047.1,145.8,76.3,35.0,90.8,5820.7,1473.9,312.6,457.9,
2019-04-13,Breakfast,36.1,0.3,0.0,0.0,0.0,0.0,1.3,0.0,0.0,1.0,0.0,0.0,7.8,50.0,250.0,10.0,0.0,
2019-04-13,Lunch,1287.8,21.4,5.3,0.0,0.0,0.0,555.0,997.9,464.8,226.2,11.5,6.4,50.0,31.7,4.7,27.7,52.1,
2019-04-13,Dinner,406.2,9.1,2.3,0.0,0.0,0.0,185.0,570.0,70.0,63.2,8.0,4.0,25.6,6.0,0.0,10.0,24.0,
2019-04-14,Breakfast,46.1,0.3,0.0,0.0,0.0,0.0,1.3,0.0,0.0,3.0,1.0,0.0,8.0,50.0,250.0,10.0,0.0,
2019-04-14,Lunch,1406.9,37.2,9.8,0.2,0.0,0.0,381.3,1242.0,1041.9,158.5,11.3,13.3,104.0,582.2,104.3,22.8,43.1,
2019-04-14,Dinner,242.9,10.5,6.3,0.0,0.0,0.3,29.1,64.0,420.8,3.2,0.4,1.1,34.4,0.9,42.8,182.5,3.1,
2019-04-14,Snacks,428.7,12.1,1.4,4.0,4.0,0.0,0.0,1185.7,8519.0,60.3,35.1,8.9,45.7,2813.4,726.8,152.2,228.7,
2019-04-15,Breakfast,211.1,0.3,0.0,0.0,0.0,0.0,1.3,105.0,0.0,6.0,1.0,0.0,45.5,50.0,250.0,32.5,0.0,
2019-04-15,Lunch,872.9,24.6,9.2,0.0,0.0,0.0,370.0,712.5,1389.3,42.6,1.2,6.4,116.4,25.1,139.2,6.3,23.8,
2019-04-15,Dinner,701.1,26.8,13.1,0.7,2.0,0.5,285.4,837.3,82.1,65.1,8.0,4.1,58.5,4.9,0.0,330.4,27.9,
2019-04-15,Snacks,471.6,19.6,4.2,1.6,3.8,0.4,5.5,344.6,1020.1,66.6,12.6,27.8,14.3,325.0,121.8,27.5,33.6,
2019-04-16,Breakfast,211.1,0.3,0.0,0.0,0.0,0.0,1.3,105.0,0.0,6.0,1.0,0.0,45.5,50.0,250.0,32.5,0.0,
2019-04-16,Lunch,387.3,14.4,4.4,0.7,2.0,0.0,412.7,371.4,88.5,32.8,4.0,2.1,35.7,10.9,0.0,8.2,28.9,
2019-04-16,Dinner,1013.4,41.0,14.5,0.3,0.0,0.1,75.8,1438.8,0.0,106.3,5.5,13.4,43.0,156.4,10.7,21.4,46.0,
2019-04-16,Snacks,414.0,14.0,4.6,3.6,4.8,0.0,17.0,303.3,1096.1,55.9,23.2,17.1,30.0,313.0,122.8,41.4,23.5,
2019-04-17,Breakfast,46.1,0.3,0.0,0.0,0.0,0.0,1.3,0.0,0.0,3.0,1.0,0.0,8.0,50.0,250.0,10.0,0.0,
2019-04-17,Lunch,828.0,12.2,4.4,0.4,0.0,0.0,71.7,137.9,384.4,1.7,0.4,1.1,51.6,0.9,42.8,0.7,22.0,
2019-04-17,Dinner,320.0,4.0,0.8,0.0,0.0,0.0,0.0,500.0,0.0,62.0,8.0,4.0,16.0,0.0,0.0,8.0,20.0,
2019-04-17,Snacks,210.0,7.0,4.0,0.0,0.0,0.0,15.0,160.0,0.0,25.0,12.0,5.0,20.0,0.0,0.0,20.0,2.0,
2019-04-18,Breakfast,211.1,0.3,0.0,0.0,0.0,0.0,1.3,105.0,0.0,7.0,1.0,0.0,45.5,50.0,750.0,32.5,0.0,
2019-04-18,Lunch,410.5,13.2,3.6,0.7,0.6,0.0,429.3,174.6,317.2,15.9,5.0,2.1,59.5,216.6,3.8,12.9,9.4,
2019-04-18,Dinner,150.0,12.0,1.0,0.0,0.0,0.0,10.0,230.0,0.0,7.0,2.0,1.0,3.0,130.0,6.0,4.0,6.0,
2019-04-18,Snacks,723.3,13.9,4.6,2.5,5.8,0.0,17.0,422.2,1272.9,136.6,25.6,97.1,27.3,232.3,141.5,47.3,24.5,
2019-04-19,Breakfast,211.1,0.3,0.0,0.0,0.0,0.0,1.3,105.0,0.0,6.0,1.0,0.0,45.5,50.0,250.0,32.5,0.0,
2019-04-19,Lunch,354.7,12.3,3.4,0.1,0.9,0.0,414.1,298.7,140.0,17.0,4.9,4.6,49.4,376.9,8.7,8.5,12.9,
2019-04-19,Snacks,210.0,7.0,4.0,0.0,0.0,0.0,15.0,160.0,0.0,25.0,12.0,5.0,20.0,0.0,0.0,20.0,2.0,
2019-04-20,Lunch,1120.0,52.0,20.0,0.0,0.0,0.0,120.0,2840.0,0.0,112.0,8.0,8.0,48.0,24.0,32.0,60.0,40.0,
2019-04-21,Breakfast,266.1,0.3,0.0,0.0,0.0,0.0,1.3,140.0,0.0,7.0,1.0,0.0,58.0,50.0,250.0,40.0,0.0,
2019-04-21,Lunch,292.9,12.2,3.4,0.0,0.9,0.0,414.1,237.0,140.0,3.7,0.0,0.9,45.8,12.0,1.8,5.8,11.5,
2019-04-21,Dinner,556.4,39.3,26.2,0.0,0.0,1.3,130.9,49.1,163.6,6.5,0.0,0.0,45.8,0.0,0.0,818.2,3.3,
2019-04-21,Snacks,210.0,7.0,4.0,0.0,0.0,0.0,15.0,160.0,0.0,25.0,12.0,5.0,20.0,0.0,0.0,20.0,2.0,
2019-08-19,Breakfast,10.0,0.0,0.0,0.0,0.0,0.0,0.0,0.0,0.0,2.0,1.0,0.0,0.2,0.0,0.0,0.0,0.0,
2019-08-19,Lunch,369.2,15.4,5.0,4.7,4.5,0.0,81.3,86.1,343.8,25.0,11.0,5.0,38.5,4.0,2.0,4.0,18.4,
2019-08-20,Breakfast,180.0,4.0,1.5,1.5,0.0,0.0,70.0,240.0,75.0,5.0,0.0,1.0,30.0,50.0,250.0,27.0,5.0,
2019-09-03,Lunch,90.0,7.0,1.0,0.0,0.0,0.0,0.0,0.1,0.0,5.0,1.0,3.0,2.0,0.0,0.0,3.0,5.0,
2019-09-05,Snacks,200.0,6.0,3.0,0.0,0.0,0.0,10.0,200.0,140.0,16.0,1.0,2.0,20.0,25.0,25.0,20.0,8.0,
2019-11-17,Dinner,379.7,6.7,2.0,1.4,2.0,0.0,157.5,192.0,472.4,15.2,5.8,3.3,63.6,320.6,6.0,2.4,7.8,
2019-11-18,Breakfast,158.2,0.4,0.1,0.1,0.0,0.0,0.0,31.6,422.0,29.6,4.1,14.3,11.5,1.0,17.0,2.0,1.0,
2019-11-18,Lunch,659.7,20.7,2.0,1.4,2.0,0.0,157.5,692.0,472.4,49.2,9.8,17.3,73.6,360.6,36.0,14.4,27.8,
2019-11-18,Dinner,747.0,39.0,3.7,0.6,3.7,0.7,370.0,483.0,780.8,43.3,5.0,1.2,60.4,12.0,0.0,7.0,23.0,
2019-11-18,Snacks,560.0,26.0,7.0,1.5,2.5,0.0,0.0,420.0,350.0,57.0,9.0,39.0,26.0,32.0,58.0,43.0,21.0,
2019-11-19,Breakfast,158.2,0.4,0.1,0.1,0.0,0.0,0.0,31.6,422.0,29.6,4.1,14.3,11.5,1.0,17.0,2.0,1.0,
2019-11-19,Lunch,659.7,20.7,2.0,1.4,2.0,0.0,157.5,692.0,472.4,49.2,9.8,17.3,73.6,360.6,36.0,14.4,27.8,
2019-11-19,Dinner,1097.0,42.2,4.1,1.6,5.5,0.7,370.0,641.0,1370.8,111.3,15.0,6.4,72.4,34.0,36.0,15.0,49.0,
2019-11-19,Snacks,560.0,25.0,8.0,0.9,2.0,0.0,0.0,290.0,400.0,59.0,10.0,35.0,26.0,2.0,8.0,12.0,36.0,
2019-11-20,Breakfast,388.2,17.0,0.1,0.1,0.0,0.0,9.0,31.6,422.0,36.6,4.1,14.3,43.5,1.0,17.0,2.0,1.0,
2019-11-20,Lunch,659.7,20.7,2.0,1.4,2.0,0.0,157.5,692.0,472.4,49.2,9.8,17.3,73.6,360.6,36.0,14.4,27.8,
2019-11-20,Dinner,747.0,39.0,3.7,0.6,3.7,0.7,370.0,483.0,780.8,43.3,5.0,1.2,60.4,12.0,0.0,7.0,23.0,
2019-11-20,Snacks,560.0,25.0,8.0,0.9,2.0,0.0,0.0,290.0,400.0,59.0,10.0,35.0,26.0,2.0,8.0,12.0,36.0,
2019-11-21,Breakfast,388.2,17.0,0.1,0.1,0.0,0.0,9.0,31.6,422.0,36.6,4.1,14.3,43.5,1.0,17.0,2.0,1.0,
2019-11-21,Lunch,1029.7,45.7,6.5,1.4,2.0,0.0,262.5,1152.0,472.4,51.2,9.8,18.3,106.6,362.6,38.0,20.4,31.8,
2019-11-21,Snacks,290.0,23.0,3.0,0.0,0.0,0.0,0.0,101.0,0.0,11.0,3.0,5.0,8.0,0.0,0.0,3.0,9.0,
2019-11-25,Breakfast,158.2,0.4,0.1,0.1,0.0,0.0,0.0,31.6,422.0,29.6,4.1,14.3,11.5,1.0,17.0,2.0,1.0,
2019-11-25,Lunch,776.9,12.8,0.8,1.6,0.9,0.0,32.0,555.1,513.8,65.0,7.7,0.9,96.1,0.0,2.2,5.3,22.4,
2019-11-25,Snacks,460.0,30.0,4.0,0.0,0.0,0.0,0.0,112.0,170.0,38.0,9.0,24.0,10.0,2.0,8.0,14.0,16.0,
2019-11-26,Breakfast,248.2,1.9,1.1,0.1,0.0,0.0,10.0,81.6,542.0,31.6,4.1,15.3,31.5,1.0,17.0,11.0,1.0,
2019-11-26,Lunch,1045.5,33.9,11.2,3.9,2.8,0.0,92.0,608.7,813.4,68.5,9.5,1.2,111.2,90.0,22.4,40.1,44.8,
2019-11-26,Dinner,757.0,35.0,3.7,0.6,3.7,0.7,370.0,470.0,462.8,4.3,0.0,1.2,52.4,12.0,0.0,4.0,8.0,
2019-11-26,Snacks,90.0,7.0,1.0,0.0,0.0,0.0,0.0,11.0,0.0,5.0,1.0,3.0,2.0,0.0,0.0,3.0,5.0,
2019-11-27,Breakfast,248.2,1.9,1.1,0.1,0.0,0.0,10.0,81.6,542.0,31.6,4.1,15.3,31.5,1.0,17.0,11.0,1.0,
2019-11-27,Lunch,1045.5,33.9,11.2,3.9,2.8,0.0,92.0,608.7,813.4,68.5,9.5,1.2,111.2,90.0,22.4,40.1,44.8,
2019-11-27,Snacks,560.0,32.0,8.0,2.0,2.0,0.0,0.0,461.0,150.0,40.0,5.0,27.0,28.0,30.0,50.0,38.0,24.0,
2019-11-28,Breakfast,248.2,1.9,1.1,0.1,0.0,0.0,10.0,81.6,542.0,31.6,4.1,15.3,31.5,1.0,17.0,11.0,1.0,
2019-11-28,Lunch,776.9,12.8,0.8,1.6,0.9,0.0,32.0,555.1,513.8,65.0,7.7,0.9,96.1,0.0,2.2,5.3,22.4,
2019-11-28,Dinner,547.0,35.1,3.7,0.7,3.7,0.7,370.0,505.7,857.8,8.5,1.8,3.2,54.0,104.0,36.0,8.0,15.5,
2019-11-28,Snacks,350.0,9.0,5.0,2.0,2.0,0.0,0.0,360.0,320.0,51.0,7.0,38.0,20.0,32.0,58.0,43.0,17.0,
2019-11-29,Lunch,360.0,9.0,2.5,0.0,0.0,0.0,65.0,1030.0,0.0,43.0,2.0,9.0,27.0,8.0,0.0,0.0,20.0,
2019-11-30,Lunch,2200.0,0.0,0.0,0.0,0.0,0.0,0.0,0.0,0.0,400.0,0.0,0.0,100.0,0.0,0.0,0.0,0.0,
2019-12-01,Breakfast,372.1,2.5,0.5,0.3,0.2,0.0,0.0,11.0,0.0,70.0,2.5,0.6,9.3,50.0,250.0,10.0,0.0,
2019-12-02,Breakfast,208.2,1.9,1.1,0.1,0.0,0.0,10.0,91.6,542.0,31.6,4.1,15.3,21.5,1.0,17.0,28.0,1.0,
2019-12-02,Lunch,876.0,9.2,0.1,0.2,0.1,0.0,0.0,1.0,358.5,100.2,5.7,0.3,91.5,0.0,2.0,7.4,24.9,
2019-12-02,Dinner,650.0,46.5,0.7,0.6,3.7,0.7,9.0,384.8,53.8,23.3,6.0,6.2,55.0,12.0,6.0,0.0,0.0,
2019-12-02,Snacks,360.0,9.0,6.0,0.9,2.0,0.0,0.0,200.0,400.0,53.0,8.0,33.0,20.0,2.0,8.0,12.0,32.0,
2019-12-03,Breakfast,208.2,1.9,1.1,0.1,0.0,0.0,10.0,91.6,542.0,31.6,4.1,15.3,21.5,1.0,17.0,28.0,1.0,
2019-12-03,Lunch,1166.0,23.2,4.6,0.2,0.1,0.0,0.0,1.0,358.5,100.2,8.7,0.3,104.5,0.0,2.0,7.4,24.9,
2019-12-03,Snacks,100.0,6.0,3.5,0.0,0.0,0.1,2.5,22.5,0.0,12.0,1.0,11.0,1.0,0.0,0.0,1.0,7.5,
2019-12-05,Lunch,1560.0,104.0,46.6,0.0,0.0,0.0,0.0,2800.0,0.0,6.6,0.0,0.0,154.0,0.0,0.0,0.0,0.0,
2019-12-08,Lunch,246.0,7.5,4.6,0.0,0.0,0.2,34.0,176.0,120.0,16.4,0.0,14.2,30.8,18.0,0.0,45.0,0.0,
2019-12-09,Breakfast,212.5,2.7,1.1,0.1,0.0,0.0,10.0,91.0,552.8,31.0,4.1,15.0,21.5,51.0,267.0,38.0,1.0,
2019-12-09,Lunch,932.5,9.4,0.1,0.4,0.1,0.0,0.0,1.5,537.8,110.3,8.5,0.4,96.0,0.0,3.0,8.9,32.9,
2019-12-09,Dinner,522.0,25.2,3.0,0.0,0.0,0.0,370.0,970.0,462.8,37.2,4.0,15.2,46.0,52.0,30.0,16.0,28.0,
2019-12-09,Snacks,215.0,12.0,2.3,3.8,6.0,0.0,0.0,48.8,170.0,26.5,6.5,18.3,6.0,2.0,8.0,9.5,8.0,
2019-12-10,Breakfast,212.5,2.7,1.1,0.1,0.0,0.0,10.0,91.0,552.8,31.0,4.1,15.0,21.5,51.0,267.0,38.0,1.0,
2019-12-10,Lunch,932.5,9.4,0.1,0.4,0.1,0.0,0.0,1.5,537.8,110.3,8.5,0.4,96.0,0.0,3.0,8.9,32.9,
2019-12-10,Dinner,794.0,32.0,6.6,0.0,0.0,0.2,394.0,1138.0,462.8,78.3,16.9,39.5,57.5,70.0,36.4,64.0,47.4,
2019-12-10,Snacks,265.0,15.0,4.1,3.8,6.0,0.0,1.3,60.1,170.0,32.5,7.0,23.8,6.5,2.0,8.0,10.0,11.8,
2019-12-11,Breakfast,316.5,8.1,2.6,0.1,0.0,0.0,195.0,271.0,730.4,32.4,4.1,15.4,35.5,57.0,267.0,40.0,5.0,
2019-12-11,Lunch,932.5,9.4,0.1,0.4,0.1,0.0,0.0,1.5,537.8,110.3,8.5,0.4,96.0,0.0,3.0,8.9,32.9,
2019-12-11,Dinner,600.0,39.5,13.0,0.0,0.0,0.2,80.0,1200.0,75.0,40.0,2.0,6.0,23.0,4.0,0.0,10.0,14.0,
2019-12-11,Snacks,765.0,44.0,4.1,3.8,6.0,0.0,1.3,60.1,170.0,87.5,7.0,23.8,11.5,2.0,8.0,10.0,11.8,
2019-12-16,Breakfast,212.5,2.7,1.1,0.1,0.0,0.0,10.0,91.0,552.8,31.0,4.1,15.0,21.5,51.0,267.0,38.0,1.0,
2019-12-16,Lunch,876.0,9.2,0.1,0.2,0.1,0.0,0.0,1.0,358.5,100.2,5.7,0.3,91.5,0.0,2.0,7.4,24.9,
2019-12-16,Snacks,370.0,23.0,4.5,2.5,4.0,0.0,0.0,172.5,380.0,41.0,13.0,22.5,10.0,2.0,8.0,13.0,16.0,
2019-12-17,Breakfast,212.5,2.7,1.1,0.1,0.0,0.0,10.0,91.0,552.8,31.0,4.1,15.0,21.5,51.0,267.0,38.0,1.0,
2019-12-17,Lunch,876.0,9.2,0.1,0.2,0.1,0.0,0.0,1.0,358.5,100.2,5.7,0.3,91.5,0.0,2.0,7.4,24.9,
2019-12-17,Snacks,180.0,14.0,2.0,0.0,0.0,0.0,0.0,22.0,0.0,10.0,2.0,6.0,4.0,0.0,0.0,6.0,10.0,
2019-12-27,Breakfast,267.5,2.7,1.1,0.1,0.0,0.0,10.0,52.0,542.0,30.0,3.1,15.0,26.3,51.0,267.0,19.0,1.0,
2019-12-27,Lunch,211.2,4.6,0.6,0.0,0.0,0.0,77.7,155.1,145.9,8.6,4.2,2.8,36.6,7.5,49.3,3.9,11.2,
2019-12-27,Dinner,432.0,13.1,3.5,1.0,0.5,0.0,370.0,728.8,637.8,37.2,4.0,5.2,41.6,12.0,0.0,10.0,18.0,
2019-12-27,Snacks,369.0,20.3,0.9,3.0,7.6,0.0,0.0,136.2,345.9,43.1,14.3,17.0,7.6,2.0,8.0,72.6,2.9,
2019-12-28,Breakfast,222.5,2.7,1.1,0.1,0.0,0.0,10.0,51.0,542.0,29.0,3.1,15.0,26.3,51.0,267.0,19.0,1.0,
2019-12-28,Lunch,1644.0,96.0,0.0,0.0,0.0,0.0,0.0,200.0,0.0,174.0,2.0,0.0,124.0,0.0,0.0,0.0,0.0,
2019-12-29,Lunch,687.1,11.0,0.0,0.0,0.0,0.0,0.0,0.0,0.0,40.0,0.0,0.0,98.1,0.0,0.0,2.2,4.4,
2019-12-30,Breakfast,487.1,26.8,9.1,3.4,9.9,0.0,524.9,694.7,406.3,4.5,0.0,4.0,49.1,246.7,250.0,85.0,4.6,
2019-12-30,Lunch,509.3,11.0,0.0,0.0,0.0,0.0,0.0,0.0,0.0,0.0,0.0,0.0,94.8,0.0,0.0,0.0,0.0,
2019-12-30,Dinner,589.1,39.5,23.7,0.0,0.0,0.7,132.7,457.3,90.9,3.6,0.0,0.0,57.2,4.0,0.0,456.5,7.8,
2019-12-30,Snacks,415.0,37.3,4.8,13.9,17.3,0.0,0.0,66.0,251.5,13.5,6.1,4.4,15.8,0.0,0.4,67.7,11.7,
2019-12-31,Breakfast,117.5,2.3,1.0,0.0,0.0,0.0,10.0,50.0,120.0,2.0,0.0,1.0,25.0,50.0,250.0,19.0,0.0,
2019-12-31,Lunch,698.2,9.2,0.1,0.2,0.1,0.0,0.0,1.0,358.5,60.2,5.7,0.3,88.1,0.0,2.0,5.2,20.4,
2019-12-31,Snacks,170.0,8.0,1.5,2.5,4.0,0.0,0.0,32.5,170.0,25.0,6.0,17.5,4.0,2.0,8.0,9.0,6.0,
2020-01-01,Breakfast,222.5,2.7,1.1,0.1,0.0,0.0,10.0,51.0,542.0,29.0,3.1,15.0,26.3,51.0,267.0,19.0,1.0,
2020-01-01,Lunch,256.6,16.2,6.3,1.7,4.4,0.0,0.0,268.6,457.6,4.5,2.6,1.6,24.9,80.0,20.0,26.6,7.8,
2020-01-01,Dinner,1353.1,74.1,17.1,0.4,0.1,0.9,85.1,133.4,644.2,121.6,9.5,0.4,105.3,0.0,3.0,536.3,26.1,
2020-01-01,Snacks,80.0,0.0,0.0,0.0,0.0,0.0,0.0,0.0,170.0,22.0,5.0,16.0,0.0,2.0,8.0,8.0,2.0,
2020-01-02,Breakfast,222.5,2.7,1.1,0.1,0.0,0.0,10.0,51.0,542.0,29.0,3.1,15.0,26.3,51.0,267.0,19.0,1.0,
2020-01-02,Lunch,698.2,9.2,0.1,0.2,0.1,0.0,0.0,1.0,358.5,60.2,5.7,0.3,88.1,0.0,2.0,5.2,20.4,
2020-01-02,Dinner,731.1,51.3,23.8,0.0,0.0,0.7,446.7,551.3,412.9,5.0,0.0,1.4,68.4,0.0,0.0,454.5,1.8,
2020-01-02,Snacks,215.0,12.0,2.3,3.8,6.0,0.0,0.0,48.8,170.0,26.5,6.5,18.3,6.0,2.0,8.0,9.5,8.0,
2020-01-03,Breakfast,222.5,2.7,1.1,0.1,0.0,0.0,10.0,51.0,542.0,29.0,3.1,15.0,26.3,51.0,267.0,19.0,1.0,
2020-01-03,Lunch,698.2,9.2,0.1,0.2,0.1,0.0,0.0,1.0,358.5,60.2,5.7,0.3,88.1,0.0,2.0,5.2,20.4,
2020-01-03,Dinner,813.6,54.0,31.0,0.0,0.0,1.1,599.1,600.9,136.4,7.5,0.0,0.0,77.9,16.0,0.0,687.8,16.7,
2020-01-03,Snacks,260.0,16.0,1.0,4.0,10.0,0.0,0.0,0.0,170.0,28.0,9.0,18.0,7.0,2.0,8.0,16.0,10.0,
2020-01-04,Breakfast,222.5,2.7,1.1,0.1,0.0,0.0,10.0,51.0,542.0,29.0,3.1,15.0,26.3,51.0,267.0,19.0,1.0,
2020-01-04,Lunch,833.4,29.6,6.1,0.5,0.3,0.0,372.5,1826.1,549.5,39.8,8.1,4.8,43.0,19.1,5.1,7.9,16.1,
2020-01-04,Dinner,868.0,23.4,5.1,5.0,2.5,0.0,0.0,1403.5,0.0,137.0,18.5,8.0,28.0,7.0,3.0,2.0,11.5,
2020-01-04,Snacks,195.0,5.8,1.5,0.0,0.0,0.0,189.2,128.3,295.0,3.5,0.8,0.0,35.2,6.0,0.0,2.0,4.0,
2020-01-05,Breakfast,222.5,2.7,1.1,0.1,0.0,0.0,10.0,51.0,542.0,29.0,3.1,15.0,26.3,51.0,267.0,19.0,1.0,
2020-01-05,Lunch,918.6,29.6,4.4,0.0,0.0,0.2,21.8,1939.7,78.7,123.4,8.0,1.4,15.7,26.7,19.6,138.7,5.6,
2020-01-06,Breakfast,267.5,2.7,1.1,0.1,0.0,0.0,10.0,52.0,542.0,30.0,3.1,15.0,26.3,51.0,267.0,19.0,1.0,
2020-01-06,Lunch,509.3,11.0,0.0,0.0,0.0,0.0,0.0,0.0,0.0,0.0,0.0,0.0,94.8,0.0,0.0,0.0,0.0,
2020-01-06,Dinner,781.1,52.1,28.3,0.0,0.0,0.7,627.7,566.1,623.7,7.8,0.0,1.2,74.4,18.0,0.0,460.5,13.8,
2020-01-06,Snacks,235.0,21.3,1.8,8.9,9.3,0.0,0.0,1.0,251.5,7.5,4.1,1.4,7.8,0.0,0.4,65.7,3.7,
2020-01-07,Breakfast,222.5,2.7,1.1,0.1,0.0,0.0,10.0,51.0,542.0,29.0,3.1,15.0,26.3,51.0,267.0,19.0,1.0,
2020-01-07,Lunch,520.4,9.2,0.1,0.2,0.1,0.0,0.0,1.0,358.5,20.2,5.7,0.3,84.8,0.0,2.0,3.0,16.0,
2020-01-07,Dinner,730.1,38.2,20.3,1.0,0.5,0.7,442.7,591.3,566.9,40.3,4.0,4.7,58.6,12.0,0.0,464.5,19.8,
2020-01-07,Snacks,174.0,8.5,0.5,2.1,5.1,0.0,0.0,0.0,242.0,24.3,9.2,15.1,4.5,0.0,12.7,4.8,4.0,
2020-01-08,Breakfast,202.5,2.7,1.1,0.1,0.0,0.0,10.0,51.0,542.0,29.0,3.1,15.0,21.3,51.0,267.0,19.0,1.0,
2020-01-08,Lunch,980.9,31.5,0.1,0.3,0.1,0.0,0.0,301.2,430.2,25.2,6.8,0.3,142.7,2.0,2.4,3.6,19.2,
2020-01-08,Dinner,865.1,38.3,18.3,0.0,0.0,0.7,445.2,596.3,391.9,20.2,1.5,0.7,51.8,12.0,0.0,458.5,9.8,
2020-01-08,Snacks,141.0,8.0,0.5,2.0,5.0,0.0,0.0,0.0,0.0,16.0,6.0,10.0,4.5,0.0,8.0,4.0,4.0,
2020-01-09,Breakfast,202.5,2.7,1.1,0.1,0.0,0.0,10.0,51.0,542.0,29.0,3.1,15.0,21.3,51.0,267.0,19.0,1.0,
2020-01-09,Lunch,581.9,9.4,0.1,0.4,0.1,0.0,0.0,301.5,537.8,31.3,8.5,0.4,89.4,2.0,3.0,4.5,24.0,
2020-01-09,Dinner,650.0,39.1,22.2,0.0,0.0,1.0,466.0,504.0,582.0,8.2,0.0,1.4,67.2,12.0,0.0,604.0,10.4,
2020-01-09,Snacks,231.0,8.0,2.0,0.0,0.0,0.0,0.0,210.0,75.0,29.0,9.0,13.0,20.0,0.0,8.0,125.0,2.0,
2020-01-10,Breakfast,418.9,13.0,4.0,1.3,3.6,0.0,338.2,290.1,662.9,46.0,4.1,16.0,35.4,182.1,267.0,63.0,8.0,
2020-01-10,Lunch,586.9,9.4,0.1,0.4,0.1,0.0,0.0,601.5,537.8,32.3,8.5,0.4,89.5,4.0,3.0,4.5,24.0,
2020-01-10,Dinner,390.7,22.1,14.5,0.0,0.0,0.7,72.7,289.7,348.5,4.8,0.0,1.1,42.8,0.0,0.0,454.5,1.8,
2020-01-10,Snacks,348.0,14.3,2.0,2.1,5.0,0.0,0.0,231.5,200.0,36.0,10.0,20.0,22.5,1.0,11.0,19.0,15.0,
2020-01-11,Breakfast,202.5,2.7,1.1,0.1,0.0,0.0,10.0,51.0,542.0,29.0,3.1,15.0,21.3,51.0,267.0,19.0,1.0,
2020-01-11,Lunch,977.5,28.1,5.2,2.9,10.2,0.1,6.3,1326.0,751.0,99.8,11.6,28.5,14.2,1.0,0.0,11.5,12.5,
2020-01-13,Breakfast,307.5,2.2,0.1,0.1,0.0,0.0,5.0,72.0,692.0,31.0,4.1,14.0,36.3,51.0,267.0,10.0,1.0,
2020-01-13,Lunch,713.0,15.4,0.0,0.0,0.0,0.0,0.0,0.0,0.0,0.0,0.0,0.0,132.7,0.0,0.0,0.0,0.0,
2020-01-13,Dinner,486.6,34.4,17.5,0.0,0.0,0.7,442.7,176.7,376.8,8.6,1.1,0.0,38.6,19.5,46.9,460.0,16.2,
2020-01-14,Breakfast,262.5,2.2,0.1,0.1,0.0,0.0,5.0,71.0,692.0,30.0,4.1,14.0,36.3,51.0,267.0,10.0,1.0,
2020-01-14,Lunch,819.1,21.6,2.1,5.2,2.1,0.2,10.0,571.0,358.5,23.2,5.7,0.3,123.5,2.0,2.0,3.0,16.0,
2020-01-14,Dinner,738.8,40.7,19.6,0.0,0.0,0.7,450.5,762.9,453.4,25.7,3.0,1.4,69.4,16.0,2.0,432.1,36.6,
2020-01-14,Snacks,231.0,8.0,2.0,0.0,0.0,0.0,0.0,210.0,75.0,29.0,9.0,13.0,20.0,0.0,8.0,125.0,2.0,
2020-01-15,Breakfast,262.5,2.2,0.1,0.1,0.0,0.0,5.0,71.0,692.0,30.0,4.1,14.0,36.3,51.0,267.0,10.0,1.0,
2020-01-15,Lunch,578.0,29.0,11.8,8.0,0.0,0.0,418.0,229.0,112.0,0.0,0.0,0.0,64.0,8.0,0.0,13.0,23.0,
2020-01-15,Dinner,551.1,32.1,17.5,0.0,0.0,0.7,442.7,495.3,552.9,7.0,0.0,1.4,59.1,12.0,0.0,458.5,9.8,
2020-01-16,Breakfast,262.5,2.2,0.1,0.1,0.0,0.0,5.0,71.0,692.0,30.0,4.1,14.0,36.3,1.0,17.0,0.0,1.0,
2020-01-16,Lunch,826.6,21.9,2.1,5.2,2.1,0.2,10.0,296.0,533.5,24.7,7.0,1.1,124.7,132.5,14.5,5.5,18.5,
2020-01-16,Dinner,577.5,45.0,3.0,0.0,0.0,0.0,370.0,140.0,140.0,16.0,0.0,0.0,36.5,12.0,0.0,4.0,8.0,
2020-01-16,Snacks,231.0,6.0,1.5,0.0,0.0,0.0,0.0,230.0,50.0,29.0,9.0,15.0,20.0,0.0,8.0,15.0,10.0,
2020-01-17,Breakfast,266.5,2.2,0.1,0.1,0.0,0.0,5.0,71.0,692.0,31.0,4.1,14.0,36.3,1.0,17.0,0.0,1.0,
2020-01-17,Lunch,1081.6,28.4,3.7,0.3,0.1,0.0,4.5,780.7,605.2,66.8,8.1,26.8,133.2,136.5,14.9,6.1,21.7,
2020-01-17,Dinner,524.1,36.5,17.5,0.0,0.0,0.7,442.7,167.3,230.9,12.7,0.0,0.0,38.5,12.0,0.0,458.5,9.8,
2020-01-17,Snacks,51.0,0.0,0.0,0.0,0.0,0.0,0.0,0.0,0.0,13.0,4.0,9.0,1.0,0.0,8.0,0.0,0.0,
2020-01-18,Breakfast,266.5,2.2,0.1,0.1,0.0,0.0,5.0,71.0,692.0,31.0,4.1,14.0,36.3,1.0,17.0,0.0,1.0,
2020-01-18,Lunch,189.1,11.3,7.4,0.2,0.1,0.4,36.4,37.0,496.9,9.1,2.3,5.0,14.8,48.5,49.2,229.1,5.5,
2020-01-19,Breakfast,266.5,2.2,0.1,0.1,0.0,0.0,5.0,71.0,692.0,31.0,4.1,14.0,36.3,1.0,17.0,0.0,1.0,
2020-01-19,Lunch,1018.0,36.6,3.3,0.2,0.1,0.0,0.0,358.1,96.0,64.6,10.2,0.5,104.3,3.1,3.1,6.2,20.1,
2020-01-19,Dinner,1106.0,42.0,18.4,1.8,6.3,0.0,228.0,2566.0,1095.0,5.4,2.9,0.6,111.5,2.1,29.4,7.2,21.9,
2020-01-20,Breakfast,202.5,1.8,0.0,0.0,0.0,0.0,5.0,71.0,270.0,4.0,1.0,0.0,35.0,50.0,250.0,10.0,0.0,
2020-01-20,Lunch,628.6,13.5,0.0,0.0,0.0,0.0,0.0,325.0,175.0,3.5,1.3,0.8,115.2,134.5,12.5,2.5,2.5,
2020-01-20,Dinner,513.8,32.2,17.5,0.0,0.0,0.7,442.7,167.3,230.9,6.4,0.0,0.0,51.9,12.0,0.0,458.5,9.8,
2020-01-20,Snacks,264.3,23.8,2.0,10.0,10.3,0.0,0.0,1.6,283.8,8.5,4.5,1.6,8.9,0.0,0.5,66.1,5.1,
2020-01-21,Breakfast,262.5,2.2,0.1,0.1,0.0,0.0,5.0,71.0,692.0,30.0,4.1,14.0,36.3,51.0,267.0,10.0,1.0,
2020-01-21,Lunch,831.6,21.9,2.1,5.2,2.1,0.2,10.0,596.0,533.5,25.7,7.0,1.1,124.8,134.5,14.5,5.5,18.5,
2020-01-21,Dinner,499.1,24.3,15.0,1.0,0.5,0.7,72.7,287.3,265.9,37.6,4.0,4.0,33.5,0.0,0.0,460.5,11.8,
2020-01-21,Snacks,260.0,6.0,1.5,0.0,0.0,0.0,0.0,230.0,220.0,38.0,10.0,22.0,19.0,2.0,8.0,23.0,12.0,
2020-01-22,Breakfast,598.9,23.0,6.8,2.8,8.1,0.0,355.7,790.1,932.9,47.0,5.1,16.5,57.9,182.1,267.0,54.0,11.0,
2020-01-22,Lunch,996.5,21.4,26.8,0.2,0.1,0.0,64.0,147.3,358.5,46.9,9.2,4.7,147.8,0.0,2.0,3.0,16.0,
2020-01-22,Dinner,464.2,17.9,9.0,0.5,0.9,0.4,221.4,162.6,410.5,37.6,5.0,2.6,39.1,17.0,18.0,233.3,17.9,
2020-01-23,Breakfast,262.5,2.2,0.1,0.1,0.0,0.0,5.0,71.0,692.0,30.0,4.1,14.0,36.3,51.0,267.0,10.0,1.0,
2020-01-23,Lunch,954.1,19.1,1.1,2.2,2.6,0.0,0.0,2546.0,898.5,60.2,9.7,12.8,128.3,0.0,2.0,3.0,16.0,
2020-01-23,Dinner,420.0,2.0,0.0,0.0,0.0,0.0,0.0,0.0,210.0,82.0,4.0,4.0,14.0,0.0,0.0,0.0,20.0,
2020-01-24,Breakfast,626.4,25.1,6.7,2.7,8.1,0.0,385.7,1219.1,520.9,37.5,3.0,2.5,68.6,131.1,0.0,44.0,19.0,
2020-01-24,Lunch,994.1,25.1,1.5,0.2,0.1,0.0,0.0,740.0,761.5,54.0,14.1,2.0,131.7,15.0,26.0,9.0,38.0,
2020-01-24,Dinner,141.5,11.9,0.4,0.3,1.9,0.4,0.0,0.0,0.0,0.6,0.0,0.0,8.2,0.0,0.0,0.0,0.0,
2020-01-25,Breakfast,272.5,2.2,0.1,0.1,0.0,0.0,5.0,71.0,692.0,32.0,5.1,14.0,36.5,51.0,267.0,10.0,1.0,
2020-01-25,Lunch,559.7,20.4,5.0,1.0,0.5,0.0,192.5,735.0,245.0,58.8,5.5,4.0,33.9,13.5,30.0,18.0,26.5,
2020-01-26,Breakfast,272.5,2.2,0.1,0.1,0.0,0.0,5.0,71.0,692.0,32.0,5.1,14.0,36.5,51.0,267.0,10.0,1.0,
2020-01-26,Dinner,1753.0,91.0,20.0,0.0,0.0,1.0,100.0,2655.0,0.0,171.0,3.0,68.0,66.0,10.0,2.0,40.0,6.0,
2020-01-27,Breakfast,202.5,1.8,0.0,0.0,0.0,0.0,5.0,71.0,270.0,4.0,1.0,0.0,35.0,50.0,250.0,10.0,0.0,
2020-01-27,Lunch,611.1,13.2,0.0,0.0,0.0,0.0,0.0,0.0,0.0,0.0,0.0,0.0,113.8,0.0,0.0,0.0,0.0,
2020-01-27,Dinner,933.2,62.4,26.9,5.1,9.3,1.9,210.2,176.1,658.0,15.5,6.0,3.1,80.2,31.5,31.4,599.0,41.3,
2020-01-27,Snacks,180.0,16.0,1.0,4.0,10.0,0.0,0.0,0.0,0.0,6.0,4.0,2.0,7.0,0.0,0.0,8.0,8.0,
2020-01-28,Breakfast,272.5,2.2,0.1,0.1,0.0,0.0,5.0,71.0,692.0,32.0,5.1,14.0,36.5,51.0,267.0,10.0,1.0,
2020-01-28,Lunch,704.9,11.0,0.0,0.0,0.0,0.0,0.0,0.0,0.0,44.0,0.0,0.0,98.5,0.0,0.0,2.4,4.9,
2020-01-28,Dinner,457.3,32.5,16.1,0.0,0.0,0.6,613.2,231.8,282.7,5.9,0.0,0.0,38.4,18.0,0.0,369.6,13.5,
2020-01-28,Snacks,800.0,36.0,1.8,4.0,10.0,0.0,0.0,62.5,0.0,110.0,8.5,59.5,8.0,0.0,0.0,12.0,49.0,
2020-01-29,Breakfast,262.5,2.2,0.1,0.1,0.0,0.0,5.0,71.0,692.0,30.0,4.1,14.0,36.3,51.0,267.0,10.0,1.0,
2020-01-29,Lunch,874.2,41.0,21.9,0.0,0.0,1.8,198.7,178.3,265.9,50.1,1.3,0.8,74.6,132.5,12.5,459.4,40.7,
2020-01-29,Dinner,599.9,37.3,19.0,0.0,0.0,0.7,627.7,237.3,300.9,7.6,0.0,0.0,61.5,18.0,0.0,460.5,13.8,
2020-01-29,Snacks,51.0,0.0,0.0,0.0,0.0,0.0,0.0,0.0,0.0,13.0,4.0,9.0,1.0,0.0,8.0,0.0,0.0,
2020-01-30,Breakfast,552.5,15.5,3.1,0.1,0.0,0.0,405.0,641.0,842.0,51.5,6.1,14.0,60.5,63.0,267.0,14.0,18.0,
2020-01-30,Lunch,740.0,50.0,9.0,0.0,0.0,0.0,210.0,920.0,0.0,4.0,0.0,2.0,66.0,4.0,4.0,12.0,8.0,
2020-01-30,Dinner,577.5,37.1,17.5,0.0,0.0,0.7,257.7,260.4,160.9,9.3,2.6,0.4,54.0,9.1,3.1,457.4,8.9,
2020-01-30,Snacks,104.3,1.3,0.5,0.0,0.0,0.0,0.0,41.7,0.0,22.3,4.3,11.3,1.7,0.0,8.0,0.0,0.7,
2020-01-31,Breakfast,272.5,2.2,0.1,0.1,0.0,0.0,5.0,71.0,692.0,32.0,5.1,14.0,36.5,51.0,267.0,10.0,1.0,
2020-01-31,Lunch,704.9,11.0,0.0,0.0,0.0,0.0,0.0,0.0,0.0,44.0,0.0,0.0,98.5,0.0,0.0,2.4,4.9,
2020-02-01,Breakfast,272.5,2.2,0.1,0.1,0.0,0.0,5.0,71.0,692.0,32.0,5.1,14.0,36.5,51.0,267.0,10.0,1.0,
2020-02-01,Lunch,1267.6,44.7,19.7,0.0,0.0,1.1,201.0,678.5,0.0,147.0,4.0,78.0,66.8,16.0,1.0,20.4,47.4,
2020-02-01,Dinner,1136.7,42.3,12.4,2.0,0.6,0.3,396.9,1970.1,278.6,127.7,8.0,24.0,61.6,12.0,8.0,191.2,25.7,
2020-02-01,Snacks,60.0,0.0,0.0,0.0,0.0,0.0,0.0,55.0,620.0,15.0,0.0,13.0,0.0,0.0,100.0,6.0,0.0,
2020-02-03,Breakfast,202.5,1.8,0.0,0.0,0.0,0.0,5.0,71.0,270.0,4.0,1.0,0.0,35.0,50.0,250.0,10.0,0.0,
2020-02-03,Lunch,521.8,11.3,0.0,0.0,0.0,0.0,0.0,25.0,175.0,2.5,1.3,0.8,96.1,132.5,12.5,2.5,2.5,
2020-02-03,Dinner,792.5,52.0,24.7,2.0,4.0,1.9,209.6,427.4,104.5,8.2,0.0,0.0,73.4,0.0,0.0,522.7,33.6,
2020-02-03,Snacks,180.0,16.0,1.0,4.0,10.0,0.0,0.0,0.0,0.0,6.0,4.0,2.0,7.0,0.0,0.0,8.0,8.0,
2020-02-04,Breakfast,374.8,7.4,1.6,0.1,0.0,0.0,190.0,141.0,762.0,33.4,5.1,14.0,49.7,57.0,267.0,12.0,5.0,
2020-02-04,Lunch,569.5,24.5,9.1,0.2,0.1,1.2,147.0,388.0,358.5,24.2,5.7,4.3,60.9,0.0,2.0,3.0,52.8,
2020-02-04,Dinner,593.8,28.2,16.0,0.0,0.0,0.7,262.7,167.3,430.9,8.4,1.0,0.0,80.9,6.0,0.0,456.5,5.8,
2020-02-04,Snacks,424.3,17.3,10.5,0.8,5.0,0.0,60.0,291.7,780.0,46.3,4.3,35.3,17.7,20.0,8.0,60.0,0.7,
2020-02-05,Breakfast,272.5,2.2,0.1,0.1,0.0,0.0,5.0,71.0,692.0,32.0,5.1,14.0,36.5,51.0,267.0,10.0,1.0,
2020-02-05,Lunch,657.4,11.8,0.1,0.3,0.1,0.0,0.0,26.2,605.2,26.7,8.1,1.1,106.9,132.5,14.9,6.1,21.7,
2020-02-05,Dinner,599.0,41.8,19.0,0.0,0.0,0.7,442.7,330.4,230.9,9.7,2.6,0.4,49.2,15.1,3.1,459.4,12.9,
2020-02-05,Snacks,314.0,13.6,3.5,2.0,4.5,0.0,0.0,20.0,171.0,48.5,10.0,20.0,5.0,20.0,28.0,2.0,6.0,
2020-02-06,Breakfast,453.7,9.8,1.6,0.1,0.0,0.0,190.0,501.0,1002.0,49.2,5.1,14.0,48.9,57.0,684.0,16.0,11.0,
2020-02-06,Lunch,1071.3,41.9,7.7,6.2,13.0,0.2,21.8,79.1,1339.8,51.3,16.4,7.9,122.0,44.5,55.8,175.5,30.4,
2020-02-06,Dinner,1916.0,48.0,23.2,0.0,0.0,0.0,0.0,4967.0,620.0,280.6,0.0,13.0,78.4,0.0,100.0,6.0,0.0,
2020-02-07,Breakfast,0.0,0.0,0.0,0.0,0.0,0.0,0.0,220.0,190.0,0.0,0.0,0.0,0.0,0.0,0.0,0.0,0.0,
2020-02-10,Breakfast,312.5,2.8,0.0,0.0,0.0,0.0,10.0,370.0,710.0,7.0,2.0,0.0,77.0,50.0,667.0,14.0,0.0,
2020-02-10,Lunch,400.0,22.0,9.0,0.0,0.0,0.4,110.0,1150.0,0.0,11.0,3.0,4.0,43.0,10.0,190.0,6.0,25.0,
2020-02-10,Dinner,768.8,51.6,29.9,0.0,0.0,0.9,456.5,172.5,248.2,7.5,0.0,0.0,73.5,12.0,0.0,544.9,10.2,
2020-02-10,Snacks,76.2,6.7,0.6,2.0,3.9,0.0,0.0,0.1,92.3,2.7,1.6,0.5,2.7,0.0,0.0,32.4,0.5,
2020-02-11,Breakfast,387.5,12.8,3.0,0.0,0.0,0.0,375.0,790.0,780.0,23.0,3.0,0.0,57.2,62.0,250.0,14.0,14.0,
2020-02-11,Lunch,616.7,11.4,0.1,0.2,0.1,0.0,0.0,1.0,340.6,19.2,5.4,0.3,103.4,0.0,1.9,2.9,15.2,
2020-02-11,Dinner,154.5,10.9,7.3,0.0,0.0,0.4,36.4,13.6,45.5,1.8,0.0,0.0,12.7,0.0,0.0,227.3,0.9,
2020-02-11,Snacks,798.8,29.7,5.4,5.0,5.5,0.0,3.8,622.2,471.0,116.7,16.6,34.4,29.1,35.0,57.5,26.0,33.1,
2020-02-12,Breakfast,167.5,1.8,0.0,0.0,0.0,0.0,5.0,520.0,630.0,5.0,2.0,0.0,42.2,50.0,250.0,10.0,0.0,
2020-02-12,Lunch,851.1,32.8,6.1,0.2,0.1,0.0,210.0,561.0,340.6,45.2,9.4,0.3,96.5,8.0,1.9,10.9,35.2,
2020-02-12,Snacks,278.7,13.4,3.5,0.0,0.0,0.0,0.0,50.0,209.4,32.4,3.7,9.7,9.6,0.0,0.0,4.0,11.7,
2020-02-13,Breakfast,272.5,2.2,0.1,0.1,0.0,0.0,5.0,521.0,1052.0,32.0,5.1,14.0,43.5,51.0,267.0,10.0,1.0,
2020-02-13,Lunch,591.1,14.3,1.2,2.7,1.1,0.1,5.0,179.8,548.5,25.6,7.1,1.8,86.1,140.7,15.6,5.6,17.9,
2020-02-13,Dinner,883.1,56.3,21.1,4.7,14.7,0.7,442.7,457.3,1138.9,52.6,14.0,4.0,48.4,16.0,24.0,465.5,24.8,
2020-02-13,Snacks,210.0,16.0,1.5,0.0,0.0,0.0,0.0,140.0,190.0,13.0,5.0,5.0,6.0,0.0,0.0,6.0,6.0,
2020-02-14,Breakfast,587.4,20.5,5.1,0.2,0.1,0.0,175.0,706.0,1145.6,26.7,8.7,1.1,86.1,190.5,264.4,23.4,37.7,
2020-02-14,Lunch,203.7,4.4,0.0,0.0,0.0,0.0,0.0,0.0,0.0,0.0,0.0,0.0,37.9,0.0,0.0,0.0,0.0,
2020-02-14,Snacks,262.5,15.5,2.8,0.0,0.0,0.0,0.0,45.0,190.0,26.0,3.5,14.3,7.3,2.0,2.0,5.0,7.0,
2020-02-15,Breakfast,341.2,6.5,1.6,0.1,0.0,0.0,190.0,141.0,762.0,31.2,4.1,14.0,45.9,7.0,17.0,2.0,5.0,
2020-02-15,Lunch,608.0,24.5,14.5,0.0,0.0,0.0,50.0,550.0,0.0,80.0,0.0,50.0,19.0,30.0,18.0,19.0,24.0,
2020-02-16,Breakfast,804.8,21.4,3.3,0.2,0.0,0.0,195.0,881.1,1975.4,68.3,10.8,30.2,102.9,58.0,284.0,12.0,9.1,
2020-02-16,Snacks,56.5,3.6,0.4,0.0,0.0,0.0,0.0,58.5,123.0,7.8,0.4,0.2,0.6,15.0,103.0,15.0,0.8,
2020-02-18,Breakfast,299.2,2.9,0.4,0.1,0.0,0.0,5.0,91.8,692.0,36.7,5.3,15.2,36.8,51.0,267.0,10.0,1.3,
2020-02-18,Lunch,672.3,21.4,0.1,0.2,0.1,0.0,0.0,111.0,358.5,20.2,5.7,0.3,103.8,0.0,2.0,3.0,16.0,
2020-02-18,Dinner,1116.9,62.4,17.7,7.6,2.7,0.5,422.0,1184.3,694.9,80.3,10.1,12.9,61.2,18.8,2.0,249.2,34.5,
2020-02-18,Snacks,51.0,0.0,0.0,0.0,0.0,0.0,0.0,0.0,0.0,13.0,4.0,9.0,1.0,0.0,8.0,0.0,0.0,
2020-02-19,Breakfast,272.5,2.2,0.1,0.1,0.0,0.0,5.0,71.0,692.0,32.0,5.1,14.0,36.5,51.0,267.0,10.0,1.0,
2020-02-19,Lunch,672.3,21.4,0.1,0.2,0.1,0.0,0.0,111.0,358.5,20.2,5.7,0.3,103.8,0.0,2.0,3.0,16.0,
2020-02-19,Dinner,649.1,35.3,18.0,2.0,0.7,0.7,442.7,447.3,430.9,40.6,4.0,3.0,45.5,12.0,0.0,464.5,20.8,
2020-02-19,Snacks,253.3,14.3,2.0,0.0,0.0,0.0,0.0,51.7,190.0,26.3,3.3,11.3,6.7,2.0,2.0,4.0,6.7,
2020-02-20,Breakfast,377.5,2.6,0.2,0.2,0.0,0.0,5.0,72.0,1114.0,59.0,8.2,28.0,37.8,52.0,284.0,10.0,2.0,
2020-02-20,Lunch,348.5,25.7,4.4,0.0,0.0,0.0,176.0,322.0,175.0,2.5,1.3,0.8,40.9,136.9,12.5,2.5,20.1,
2020-02-20,Dinner,1033.1,39.0,20.4,0.0,0.0,0.7,442.7,646.9,338.5,111.0,6.5,9.4,67.0,18.0,10.0,463.5,47.8,
2020-02-20,Snacks,220.0,9.0,2.5,0.0,0.0,0.0,0.0,95.0,150.0,32.0,17.0,4.0,16.0,0.0,0.0,8.0,25.0,
2020-02-21,Breakfast,527.5,3.6,0.2,0.2,0.0,0.0,10.0,142.0,1384.0,62.0,9.2,28.0,72.8,52.0,284.0,10.0,2.0,
2020-02-21,Lunch,1048.6,37.9,2.5,0.2,0.1,0.0,0.0,487.3,1016.9,79.0,12.8,14.4,106.2,164.6,25.5,7.7,20.7,
2020-02-21,Dinner,770.0,40.9,14.0,4.7,10.9,162.0,0.0,622.0,518.0,59.7,5.2,6.3,42.0,3.0,1.0,47.0,265.0,
2020-02-22,Breakfast,650.7,28.3,6.4,1.2,0.5,0.0,176.0,392.6,458.5,46.2,9.2,4.3,57.9,4.4,2.0,6.0,41.9,
2020-02-22,Lunch,748.0,24.7,15.0,0.0,0.0,0.7,72.7,397.3,90.9,93.9,5.8,8.5,42.7,6.0,10.0,459.0,35.2,
2020-02-24,Breakfast,357.5,2.2,0.1,0.1,0.0,0.0,5.0,82.0,702.0,42.0,4.1,23.0,36.8,51.0,267.0,10.0,1.4,
2020-02-24,Lunch,559.3,21.0,0.0,0.0,0.0,0.0,0.0,110.0,0.0,0.0,0.0,0.0,94.8,0.0,0.0,0.0,0.0,
2020-02-24,Dinner,827.8,48.3,21.6,2.0,0.7,0.8,452.9,723.8,551.2,45.0,6.6,3.8,57.1,15.1,3.1,529.1,24.2,
2020-02-24,Snacks,80.0,0.0,0.0,0.0,0.0,0.0,0.0,0.0,170.0,22.0,5.0,16.0,0.0,2.0,8.0,8.0,2.0,
2020-02-25,Breakfast,422.5,3.2,0.1,0.1,0.0,0.0,10.0,141.0,962.0,35.0,6.1,14.0,71.5,51.0,267.0,10.0,1.0,
2020-02-25,Lunch,610.0,45.0,10.5,0.0,0.0,0.0,262.5,390.0,0.0,0.0,0.0,0.0,63.0,7.0,0.0,7.0,28.0,
2020-02-25,Dinner,1082.1,47.1,18.0,0.0,0.0,1.0,476.8,397.2,895.1,100.4,46.5,21.0,65.6,25.6,0.0,511.9,33.1,
2020-02-25,Snacks,183.0,5.1,2.9,0.1,0.0,0.0,4.0,16.0,195.0,35.4,4.8,29.0,1.7,2.6,14.0,3.4,1.0,
2020-02-26,Breakfast,272.5,2.2,0.1,0.1,0.0,0.0,5.0,71.0,692.0,32.0,5.1,14.0,36.5,51.0,267.0,10.0,1.0,
2020-02-26,Lunch,564.3,21.0,0.0,0.0,0.0,0.0,0.0,133.8,0.0,0.8,0.3,0.3,95.3,20.0,0.0,2.0,0.0,
2020-02-26,Dinner,1022.5,57.6,26.6,3.0,1.0,1.1,477.6,644.2,574.5,63.7,7.3,5.8,66.7,12.0,0.0,685.7,29.7,
2020-02-26,Snacks,242.8,6.3,3.3,0.2,0.1,0.0,4.0,57.5,206.5,46.8,6.2,29.7,2.5,3.4,7.7,18.4,1.0,
2020-02-27,Breakfast,272.5,2.2,0.1,0.1,0.0,0.0,5.0,71.0,692.0,32.0,5.1,14.0,36.5,51.0,267.0,10.0,1.0,
2020-02-27,Lunch,656.7,32.4,8.4,0.0,0.0,0.0,210.0,247.8,0.0,0.8,0.3,0.3,88.8,25.6,0.0,7.6,22.4,
2020-02-27,Dinner,950.5,46.7,28.5,0.0,0.0,0.0,495.0,165.0,140.0,81.4,46.5,7.3,54.8,52.0,0.0,106.3,51.3,
2020-02-28,Breakfast,272.5,2.2,0.1,0.1,0.0,0.0,5.0,71.0,692.0,32.0,5.1,14.0,36.5,51.0,267.0,10.0,1.0,
2020-02-28,Lunch,799.3,25.0,4.5,0.0,0.0,0.0,0.0,0.0,0.0,0.0,3.0,0.0,107.8,0.0,0.0,0.0,0.0,
2020-02-28,Snacks,338.3,13.6,5.6,0.1,0.0,0.0,0.0,68.7,345.0,55.3,7.7,33.3,4.2,1.0,14.0,5.0,5.7,
2020-03-01,Breakfast,272.5,2.2,0.1,0.1,0.0,0.0,5.0,71.0,692.0,32.0,6.1,14.0,36.5,51.0,267.0,10.0,1.0,
2020-03-01,Lunch,1380.3,38.1,8.6,3.0,1.0,0.0,0.0,469.8,300.0,156.7,56.8,30.1,102.7,0.0,0.0,15.3,52.3,
2020-03-02,Breakfast,307.5,2.2,0.1,0.1,0.0,0.0,5.0,72.0,692.0,31.0,4.1,14.0,36.3,51.0,267.0,10.0,1.0,
2020-03-02,Lunch,559.3,21.0,0.0,0.0,0.0,0.0,0.0,110.0,0.0,0.0,0.0,0.0,94.8,0.0,0.0,0.0,0.0,
2020-03-02,Dinner,640.0,35.3,19.7,1.0,0.0,0.0,453.3,426.7,298.0,41.3,8.0,5.3,44.0,38.7,0.0,74.7,33.3,
2020-03-02,Snacks,274.9,7.0,1.1,0.1,0.1,0.0,0.0,130.8,285.0,23.4,2.7,14.0,4.9,9.0,16.0,0.1,2.9,
2020-03-03,Breakfast,272.5,2.2,0.1,0.1,0.0,0.0,5.0,71.0,692.0,32.0,6.1,14.0,36.5,51.0,267.0,10.0,1.0,
2020-03-03,Lunch,679.3,26.0,0.5,0.0,0.0,0.0,20.0,310.0,0.0,13.0,2.0,0.0,102.8,0.0,0.0,0.0,0.0,
2020-03-03,Dinner,977.7,42.1,22.1,0.0,0.0,0.0,278.5,224.1,0.0,77.7,46.5,5.6,76.7,31.6,0.0,69.0,56.1,
2020-03-03,Snacks,124.0,0.0,0.0,0.0,0.0,0.0,0.0,0.0,170.0,36.0,5.0,26.0,0.0,2.0,8.0,8.0,2.0,
2020-03-04,Breakfast,272.5,2.2,0.1,0.1,0.0,0.0,5.0,71.0,692.0,32.0,6.1,14.0,36.5,51.0,267.0,10.0,1.0,
2020-03-04,Lunch,629.3,16.0,0.5,0.0,0.0,0.0,20.0,200.0,0.0,13.0,2.0,0.0,102.8,0.0,0.0,0.0,0.0,
2020-03-04,Dinner,649.1,33.8,17.5,1.0,0.0,0.7,442.7,437.3,388.9,41.6,8.0,2.0,49.5,12.0,0.0,462.5,21.8,
2020-03-04,Snacks,200.0,13.0,3.5,0.0,0.0,0.0,0.0,50.0,170.0,17.0,3.0,9.0,7.0,0.0,0.0,4.0,8.0,
2020-03-05,Breakfast,272.5,2.2,0.1,0.1,0.0,0.0,5.0,71.0,692.0,32.0,6.1,14.0,36.5,51.0,267.0,10.0,1.0,
2020-03-05,Lunch,1815.0,107.5,27.2,0.0,0.0,0.6,395.0,1815.0,0.0,94.0,11.0,15.0,120.0,32.0,80.0,16.0,40.0,
2020-03-06,Snacks,200.0,13.0,3.5,0.0,0.0,0.0,0.0,50.0,170.0,17.0,3.0,9.0,7.0,0.0,0.0,4.0,8.0,
2020-03-07,Breakfast,320.0,10.9,3.1,0.1,0.0,0.0,372.5,176.0,697.0,30.5,3.6,14.0,30.8,13.0,17.0,4.0,9.0,
2020-03-08,Breakfast,272.5,2.2,0.1,0.1,0.0,0.0,5.0,71.0,692.0,32.0,6.1,14.0,36.5,51.0,267.0,10.0,1.0,
2020-03-08,Lunch,586.0,17.9,3.2,3.0,9.8,0.0,144.0,457.0,763.0,40.2,0.0,9.4,63.2,0.0,0.0,0.0,6.0,
2020-03-09,Breakfast,307.5,2.2,0.1,0.1,0.0,0.0,5.0,72.0,692.0,31.0,4.1,14.0,36.3,51.0,267.0,10.0,1.0,
2020-03-09,Lunch,463.6,18.8,2.6,1.8,2.6,0.0,211.2,294.8,633.6,0.0,0.0,0.0,79.2,0.0,0.0,0.0,8.8,
2020-03-09,Dinner,782.9,49.4,26.8,0.5,0.0,1.1,666.3,386.7,428.1,26.6,4.0,1.0,62.9,18.0,0.0,703.5,20.8,
2020-03-09,Snacks,432.8,22.4,6.1,1.6,7.4,0.0,0.0,127.8,570.3,56.6,10.8,23.2,4.8,7.1,15.2,26.0,1.4,
2020-03-10,Breakfast,272.5,2.2,0.1,0.1,0.0,0.0,5.0,71.0,692.0,32.0,6.1,14.0,36.5,51.0,267.0,10.0,1.0,
2020-03-10,Lunch,563.6,29.7,4.4,1.8,2.6,0.0,215.7,449.3,633.6,0.9,0.0,0.9,79.2,0.0,0.0,0.0,8.8,
2020-03-10,Dinner,809.6,33.5,18.0,0.0,0.0,0.7,442.7,167.3,230.9,80.0,46.5,2.3,50.3,12.0,0.0,460.8,33.1,
2020-03-10,Snacks,200.0,15.0,3.0,0.0,0.0,0.0,0.0,125.0,190.0,16.0,7.0,5.0,6.0,0.0,0.0,6.0,8.0,
2020-03-11,Breakfast,1126.3,42.7,4.8,1.6,0.0,0.0,5.0,643.1,929.0,111.1,24.8,29.7,73.5,51.0,267.0,16.0,28.4,
2020-03-11,Lunch,705.8,22.1,6.4,0.0,0.0,0.0,240.0,260.3,0.0,66.3,3.2,3.2,66.6,6.0,0.0,2.1,50.3,
2020-03-11,Dinner,569.1,42.8,19.1,1.4,7.3,0.7,442.7,172.6,594.7,12.0,5.0,0.5,39.0,17.3,7.5,467.5,10.2,
2020-03-12,Breakfast,272.5,2.2,0.1,0.1,0.0,0.0,5.0,71.0,692.0,32.0,6.1,14.0,36.5,51.0,267.0,10.0,1.0,
2020-03-12,Lunch,736.0,26.6,29.3,1.8,2.6,0.0,275.2,441.1,633.6,26.7,3.5,4.4,104.2,0.0,0.0,0.0,8.8,
2020-03-12,Dinner,519.1,36.8,19.0,0.0,0.0,0.7,627.7,237.3,300.9,6.6,0.0,0.0,43.5,18.0,0.0,460.5,13.8,
2020-03-12,Snacks,354.8,16.5,3.5,0.2,0.1,0.0,0.0,183.5,416.5,52.4,12.8,24.7,7.3,1.8,7.7,20.0,11.0,
2020-03-13,Breakfast,272.5,2.2,0.1,0.1,0.0,0.0,5.0,71.0,692.0,32.0,6.1,14.0,36.5,51.0,267.0,10.0,1.0,
2020-03-13,Lunch,463.6,18.8,2.6,1.8,2.6,0.0,211.2,294.8,633.6,0.0,0.0,0.0,79.2,0.0,0.0,0.0,8.8,
2020-03-13,Snacks,570.0,13.0,1.9,0.0,0.0,0.0,0.0,40.0,0.0,105.0,10.0,26.0,11.0,80.0,80.0,2.0,24.0,
2020-03-14,Snacks,100.0,3.0,1.0,0.0,0.0,0.0,0.0,10.0,0.0,16.0,2.0,6.0,1.0,20.0,20.0,2.0,8.0,
2020-03-15,Breakfast,1136.3,51.1,7.9,0.2,0.0,0.0,380.0,446.1,1524.0,78.1,14.9,32.7,103.6,64.0,284.0,14.0,19.4,
2020-03-15,Dinner,474.1,29.6,11.9,0.0,0.0,0.0,0.0,237.0,0.0,41.5,0.0,8.9,5.9,0.0,0.0,3.0,0.0,
2020-03-16,Breakfast,272.5,2.2,0.1,0.1,0.0,0.0,5.0,71.0,692.0,32.0,6.1,14.0,36.5,51.0,267.0,10.0,1.0,
2020-03-16,Lunch,463.6,18.8,2.6,1.8,2.6,0.0,211.2,294.8,633.6,0.0,0.0,0.0,79.2,0.0,0.0,0.0,8.8,
2020-03-16,Dinner,809.6,33.5,18.0,0.0,0.0,0.7,442.7,167.3,230.9,80.0,46.5,2.3,50.3,12.0,0.0,460.8,33.1,
2020-03-16,Snacks,80.0,0.0,0.0,0.0,0.0,0.0,0.0,0.0,170.0,22.0,5.0,16.0,0.0,2.0,8.0,8.0,2.0,
2020-03-18,Breakfast,464.8,11.4,2.3,0.1,0.0,0.0,5.0,318.5,885.1,54.6,10.3,18.9,40.7,154.1,269.9,13.9,8.2,
2020-03-18,Lunch,261.6,12.6,0.9,0.0,0.0,0.0,114.6,242.3,0.0,0.0,0.0,0.0,45.9,0.0,3.5,3.5,7.1,
2020-03-18,Dinner,990.7,55.1,16.9,1.6,7.3,0.5,419.5,629.6,818.7,82.0,14.4,11.0,37.3,41.2,105.0,328.5,24.3,
2020-03-19,Breakfast,464.8,11.4,2.3,0.1,0.0,0.0,5.0,318.5,885.1,54.6,10.3,18.9,40.7,154.1,269.9,13.9,8.2,
2020-03-25,Breakfast,494.6,14.5,1.9,2.0,0.0,0.0,5.0,553.1,440.0,44.8,13.6,2.4,49.0,53.1,253.1,14.9,15.1,
2020-03-25,Lunch,490.5,12.4,2.8,0.0,0.0,0.0,113.2,799.0,0.0,40.0,2.0,2.0,51.3,20.0,15.2,11.2,30.3,
2020-03-25,Dinner,638.5,19.0,5.7,0.0,0.0,0.0,459.6,241.1,140.0,76.1,3.5,3.5,46.3,14.2,0.0,6.4,46.4,
2020-04-06,Breakfast,632.1,23.4,4.6,0.1,0.0,0.0,190.0,206.8,855.8,51.2,7.1,20.2,58.4,57.0,267.0,12.0,9.0,
2020-04-06,Dinner,720.0,60.0,21.0,0.0,0.0,0.0,120.0,1950.0,0.0,12.0,0.0,6.0,30.0,0.0,0.0,0.0,18.0,
2020-04-06,Snacks,180.0,5.0,1.0,0.0,0.0,0.4,0.0,140.0,0.0,30.0,2.0,12.0,4.0,8.0,0.0,4.0,4.0,
2020-07-27,Breakfast,330.0,12.5,3.5,1.0,0.5,0.0,390.0,390.0,315.0,36.0,4.0,4.0,20.0,20.0,0.0,10.0,22.0,
2020-08-24,Breakfast,298.7,2.2,0.7,0.3,0.0,0.0,35.0,116.9,686.6,46.2,5.4,23.7,27.2,1.9,46.1,25.6,5.6,
2020-08-24,Lunch,623.7,17.7,5.2,1.0,0.5,0.3,314.5,1089.1,406.4,41.9,4.0,8.9,67.2,19.4,2.6,27.3,22.6,
2020-08-24,Dinner,828.4,14.4,3.8,0.0,0.0,0.0,165.9,254.7,0.0,98.7,1.9,6.9,75.3,3.0,1.4,24.3,14.8,
2020-08-24,Snacks,570.0,31.9,1.4,0.2,0.8,0.0,0.8,6.5,0.0,64.3,0.0,3.5,5.9,0.0,0.0,0.0,0.6,
2020-08-25,Breakfast,287.5,2.1,0.7,0.2,0.0,0.0,35.0,116.5,633.0,43.5,4.7,22.0,27.0,1.5,25.5,20.0,5.5,
2020-08-25,Lunch,841.0,26.6,5.0,2.0,1.0,0.8,287.7,1402.1,581.4,79.3,8.0,16.3,51.0,32.9,0.0,47.6,30.7,
2020-08-25,Snacks,70.0,2.9,1.4,0.2,0.8,0.0,0.8,6.5,0.0,9.3,0.0,3.5,0.9,0.0,0.0,0.0,0.6,
2020-08-26,Breakfast,287.5,2.1,0.7,0.2,0.0,0.0,35.0,116.5,633.0,43.5,4.7,22.0,27.0,1.5,25.5,20.0,5.5,
2020-08-26,Lunch,981.6,33.6,5.8,0.4,0.0,0.5,121.9,410.7,346.5,115.1,4.4,16.0,46.0,23.5,71.7,22.2,15.9,
2020-08-26,Dinner,806.5,23.2,1.6,0.8,1.4,0.8,220.7,500.9,442.5,56.5,7.5,9.4,65.2,38.3,28.3,34.6,38.0,
2020-08-26,Snacks,100.0,3.0,1.0,0.0,0.0,0.0,0.0,10.0,0.0,16.0,2.0,6.0,1.0,20.0,20.0,2.0,8.0,
2020-08-28,Breakfast,287.5,2.1,0.7,0.2,0.0,0.0,35.0,116.5,633.0,43.5,4.7,22.0,27.0,1.5,25.5,20.0,5.5,
2020-08-28,Lunch,911.7,29.5,5.0,1.5,0.8,0.5,331.9,1064.3,797.7,72.7,9.0,22.7,78.5,29.6,72.6,31.1,35.2,
2020-08-31,Breakfast,465.0,12.5,6.0,1.0,0.5,0.0,0.0,397.5,175.0,74.5,4.0,19.5,11.5,0.0,0.0,8.0,15.0,
2020-08-31,Lunch,770.8,23.3,6.9,1.0,0.5,0.4,296.8,960.4,298.8,71.7,4.0,9.7,52.1,30.2,1.8,22.5,30.0,
2020-09-01,Breakfast,600.0,27.6,4.0,2.9,7.4,0.0,35.0,118.4,820.0,58.3,9.6,25.6,38.2,1.5,25.6,57.9,6.9,
2020-09-02,Breakfast,235.0,1.9,0.6,0.1,0.0,0.0,35.0,116.0,422.0,30.0,3.1,15.0,26.3,1.0,17.0,20.0,5.0,
2020-09-02,Lunch,446.0,16.8,2.8,1.0,0.5,0.0,202.5,879.4,703.4,46.1,7.0,6.1,27.8,10.0,0.0,11.0,25.0,
2020-09-02,Dinner,158.7,2.0,0.7,0.0,0.0,0.0,86.0,99.2,0.0,0.0,0.0,0.0,34.4,0.0,2.6,2.6,5.3,
2020-09-02,Snacks,143.0,7.6,2.4,0.0,0.0,0.0,0.0,19.5,0.0,15.3,0.4,5.7,2.7,0.0,0.4,0.0,6.8,
2020-09-03,Lunch,495.8,23.6,14.5,0.0,0.0,0.1,125.6,677.8,4.0,26.3,7.0,4.3,49.9,20.7,1.8,60.5,14.8,
2020-09-03,Snacks,115.8,8.3,2.6,1.0,3.4,0.0,0.0,10.0,0.0,8.0,0.1,1.4,2.2,0.0,0.1,0.2,1.0,
2020-09-06,Breakfast,373.0,7.3,2.1,0.1,0.0,0.0,230.0,400.2,707.2,31.8,3.1,15.8,46.7,11.0,17.0,22.0,11.0,
2020-09-06,Lunch,490.4,5.5,2.4,0.4,0.1,0.0,120.8,156.2,398.7,52.0,6.3,0.3,58.0,1.6,5.5,7.7,24.6,
2020-09-06,Dinner,640.0,36.8,20.2,2.0,0.7,0.0,473.3,426.7,340.0,40.3,4.0,6.3,40.0,46.7,0.0,76.7,36.3,
2020-09-06,Snacks,124.0,9.2,1.8,0.0,0.0,0.0,0.0,0.0,0.0,6.0,0.8,1.2,3.6,0.0,0.8,0.0,10.0,
2020-09-07,Breakfast,373.0,7.3,2.1,0.1,0.0,0.0,230.0,400.2,707.2,31.8,3.1,15.8,46.7,11.0,17.0,22.0,11.0,
2020-09-07,Lunch,938.0,43.0,22.5,0.0,0.0,0.5,75.0,1666.0,250.0,104.0,3.0,12.0,30.0,20.0,25.0,23.0,27.0,
2020-09-07,Snacks,207.3,14.4,4.4,0.0,0.0,0.2,9.0,66.1,8.6,14.7,1.3,7.8,4.4,0.8,6.8,1.6,13.2,
2020-09-08,Breakfast,351.0,8.7,1.5,0.1,0.0,0.0,35.0,116.4,146.1,42.9,4.3,27.2,27.4,4.1,6.3,28.2,4.2,
2020-09-08,Lunch,914.0,41.0,17.6,0.0,0.0,0.0,318.0,1632.2,634.2,66.1,5.0,8.0,69.2,24.0,11.0,9.0,54.0,
2020-09-08,Dinner,585.3,22.8,8.4,0.1,0.9,0.0,177.9,787.9,82.8,49.6,8.2,0.5,51.7,8.3,0.6,5.8,35.7,
2020-09-08,Snacks,85.0,4.0,2.0,0.0,0.0,0.0,2.5,52.5,0.0,11.0,0.0,4.0,1.5,0.0,0.0,1.0,1.0,
2020-09-09,Breakfast,385.0,8.9,1.6,0.1,0.0,0.0,35.0,116.0,422.0,51.0,4.1,27.0,28.3,1.0,17.0,20.0,5.0,
2020-09-09,Lunch,438.0,28.7,18.2,0.0,0.0,0.0,278.3,300.9,285.2,5.1,0.0,4.1,40.4,36.7,0.0,68.7,19.3,
2020-09-09,Dinner,776.0,46.7,13.2,0.4,0.1,0.1,56.0,1581.1,234.9,71.8,9.6,1.2,20.7,12.0,40.0,36.2,42.3,
2020-09-09,Snacks,54.0,2.0,1.0,0.0,0.0,0.0,0.0,13.0,0.0,8.2,0.0,3.4,0.6,0.0,0.0,0.0,1.2,
2020-09-10,Breakfast,436.0,9.2,1.6,0.1,0.0,0.0,35.0,280.4,583.4,51.6,4.1,27.6,39.1,1.0,17.0,20.0,5.0,
2020-09-10,Lunch,420.1,14.3,3.9,2.4,2.9,0.0,367.6,245.5,70.0,1.3,0.0,0.0,68.6,10.0,0.0,2.0,6.0,
2020-09-10,Dinner,821.0,32.6,18.2,0.0,0.0,0.0,278.3,846.1,231.4,88.9,0.0,3.9,44.8,36.7,0.0,68.7,19.3,
2020-09-10,Snacks,140.0,5.8,2.8,0.5,1.6,0.0,1.5,13.0,0.0,18.6,0.0,6.9,1.7,0.0,0.0,0.0,1.2,
2020-09-11,Breakfast,385.0,8.9,2.1,0.1,0.0,0.0,60.0,346.0,422.0,51.0,4.1,26.0,28.3,1.0,17.0,26.0,13.0,
2020-09-11,Lunch,992.6,48.1,21.7,1.4,2.4,0.0,449.6,750.9,286.0,40.3,9.0,10.3,101.5,76.7,30.0,74.7,33.3,
2020-09-11,Dinner,561.3,22.2,9.5,0.0,0.0,0.3,171.4,518.2,200.8,68.8,2.2,12.4,26.1,21.6,7.3,0.6,14.4,
2020-09-12,Breakfast,350.0,8.5,4.4,0.1,0.0,0.1,80.5,182.2,521.8,43.3,4.2,21.2,28.5,10.7,20.6,20.3,8.3,
2020-09-12,Lunch,871.0,51.1,21.7,0.0,0.0,0.0,278.3,986.1,447.4,56.9,9.0,10.9,49.8,76.7,30.0,74.7,33.3,
2020-09-14,Breakfast,266.2,2.8,0.6,0.1,0.0,0.0,35.0,116.5,510.7,36.3,4.2,19.7,26.4,52.4,269.1,32.7,5.1,
2020-09-14,Lunch,564.3,21.0,12.0,0.7,1.2,0.0,140.7,385.6,0.0,44.2,0.0,2.2,48.4,17.6,0.0,44.0,8.8,
2020-09-14,Dinner,853.3,44.6,20.5,0.7,1.2,0.1,371.2,1167.4,356.6,35.3,7.0,11.0,79.1,36.6,4.0,59.0,25.5,
2020-09-14,Snacks,208.7,8.5,2.0,0.0,0.0,0.0,0.0,23.0,0.0,29.0,2.0,8.6,2.6,20.0,20.0,2.0,9.2,
2020-09-15,Breakfast,266.2,2.8,0.6,0.1,0.0,0.0,35.0,116.5,510.7,36.3,4.2,19.7,26.4,52.4,269.1,32.7,5.1,
2020-09-15,Lunch,551.0,16.8,2.5,0.0,0.0,0.0,195.0,609.4,231.4,61.6,17.0,0.6,34.8,10.0,0.0,4.0,14.0,
2020-09-15,Dinner,763.7,17.3,5.0,1.7,1.5,0.0,502.1,832.1,417.0,71.6,9.6,7.2,77.8,20.0,4.0,32.0,56.0,
2020-09-15,Snacks,308.7,10.0,3.0,0.0,0.0,0.0,10.0,53.0,0.0,43.0,2.0,19.6,10.6,20.0,22.0,10.0,9.2,
2020-09-16,Breakfast,337.1,3.0,0.7,0.2,0.0,0.0,35.0,117.8,656.7,55.1,7.5,33.9,26.8,56.5,275.4,40.9,5.2,
2020-09-16,Lunch,401.0,18.8,2.5,0.0,0.0,0.0,205.0,739.4,231.4,30.6,9.0,1.6,29.8,70.0,6.0,8.0,22.0,
2020-09-16,Dinner,797.5,19.5,5.0,0.6,0.2,0.0,188.0,595.8,690.4,59.8,12.0,3.0,59.6,6.7,8.0,17.0,89.8,
2020-09-16,Snacks,529.4,24.5,4.0,0.0,0.0,0.1,40.0,300.0,0.0,64.6,2.0,30.4,13.0,22.0,22.0,12.0,12.0,
2020-09-17,Breakfast,467.1,4.5,1.2,0.2,0.0,0.0,70.0,232.8,656.7,58.1,7.5,34.9,51.8,56.5,275.4,60.9,9.2,
2020-09-17,Lunch,717.3,33.7,19.2,0.7,1.2,0.0,364.0,600.7,231.4,26.9,7.0,3.9,78.0,36.7,0.0,70.7,27.3,
2020-09-17,Dinner,547.3,16.3,3.9,0.0,0.0,0.0,156.0,165.8,0.0,57.2,0.0,0.0,40.3,3.9,0.0,0.0,15.6,
2020-09-17,Snacks,289.4,15.0,2.0,0.0,0.0,0.0,0.0,120.0,0.0,33.6,2.0,9.4,3.0,20.0,20.0,2.0,8.0,
2020-09-18,Breakfast,365.0,3.4,1.1,0.1,0.0,0.0,70.0,231.0,422.0,33.0,3.1,16.0,51.3,1.0,17.0,40.0,9.0,
2020-09-18,Lunch,670.4,29.5,5.0,0.6,1.0,0.0,262.7,1000.3,620.2,48.8,10.6,13.2,56.9,82.0,54.0,11.2,24.8,
2020-09-18,Dinner,1240.0,33.2,2.3,1.1,1.3,0.0,0.0,496.0,586.0,213.8,11.8,3.6,41.2,88.0,142.0,36.0,136.0,
2020-09-18,Snacks,200.0,6.0,2.0,0.0,0.0,0.0,0.0,20.0,0.0,32.0,4.0,2.0,2.0,40.0,40.0,4.0,16.0,
2020-09-19,Breakfast,467.1,4.5,1.2,0.2,0.0,0.0,70.0,232.8,656.7,58.1,7.5,34.9,51.8,56.5,275.4,60.9,9.2,
2020-09-21,Breakfast,152.5,2.3,0.5,0.0,0.0,0.0,35.0,115.0,40.0,7.0,0.0,1.0,25.0,50.0,250.0,30.0,4.0,
2020-09-21,Lunch,510.4,12.5,3.1,1.1,1.9,0.0,328.6,625.7,231.4,23.6,7.0,0.6,75.5,10.0,0.0,4.0,14.0,
2020-09-21,Dinner,940.0,42.3,21.7,2.0,1.0,0.0,243.3,706.7,350.0,71.3,8.0,11.3,72.0,30.7,0.0,78.7,49.3,
2020-09-21,Snacks,70.4,4.2,1.2,0.0,0.0,0.0,0.0,6.5,0.0,6.2,0.3,2.1,1.6,0.0,0.3,0.0,4.1,
2020-09-22,Breakfast,337.5,11.1,1.7,2.8,4.2,0.0,35.0,535.0,245.0,27.0,1.5,4.0,38.0,50.0,250.0,35.0,12.5,
2020-09-22,Lunch,574.0,26.0,10.7,0.0,0.0,0.0,345.8,697.9,285.2,25.0,7.0,2.0,64.8,22.9,0.0,28.7,30.9,
2020-09-22,Dinner,597.8,14.3,3.5,0.0,0.0,0.0,425.0,354.6,247.6,62.6,0.0,1.4,49.4,20.0,0.0,24.0,16.0,
2020-09-23,Breakfast,483.5,12.6,2.2,2.8,4.2,0.0,70.0,650.0,245.0,32.0,1.5,7.0,63.0,50.0,252.0,55.0,16.5,
2020-09-23,Lunch,299.0,13.2,7.0,0.0,0.0,6.0,10.0,269.6,107.6,28.4,6.0,1.4,17.2,0.0,0.0,8.0,15.0,
2020-09-23,Dinner,873.0,41.1,21.4,0.4,0.1,0.0,278.3,1396.1,423.4,74.5,12.6,4.1,55.5,36.7,0.0,76.7,61.3,
2020-09-23,Snacks,276.5,17.8,3.0,0.0,0.0,0.0,0.0,217.3,0.0,29.6,2.0,0.0,4.0,0.0,29.6,0.0,4.0,
2020-09-24,Breakfast,568.5,13.3,2.3,3.2,4.3,0.0,70.0,795.0,270.0,49.0,2.0,9.0,66.0,50.0,252.0,58.0,23.0,
2020-09-24,Lunch,574.4,27.2,6.2,2.5,9.2,0.0,133.6,541.6,363.8,28.9,8.0,11.0,54.7,5.3,7.5,15.0,9.4,
2020-09-24,Dinner,720.0,34.7,19.9,0.4,0.1,0.0,453.3,765.9,547.2,50.7,5.6,4.3,54.1,38.7,0.0,74.7,55.3,
2020-09-24,Snacks,33.7,0.1,0.0,0.0,0.0,0.0,0.0,0.0,95.1,8.7,0.4,8.2,0.3,1.1,13.6,1.1,1.1,
2020-09-25,Breakfast,387.5,4.2,1.1,0.1,0.0,0.0,70.0,231.0,462.0,37.0,3.1,16.0,51.3,51.0,267.0,50.0,9.0,
2020-09-25,Lunch,875.1,45.3,17.1,3.5,10.9,0.0,234.2,625.2,363.8,31.6,8.3,13.1,86.2,21.3,7.5,55.3,18.0,
2020-09-25,Dinner,645.0,15.0,0.0,0.0,0.0,0.0,97.5,750.0,0.0,60.0,4.5,0.0,52.5,0.0,0.0,0.0,0.0,
2020-09-25,Snacks,455.0,26.0,0.2,0.0,0.0,0.0,2.5,295.0,0.0,58.5,4.5,24.0,7.0,0.0,1.0,16.0,23.0,
2020-09-26,Breakfast,387.5,4.2,1.1,0.1,0.0,0.0,70.0,451.0,642.0,37.0,3.1,16.0,58.3,51.0,267.0,50.0,9.0,
2020-09-26,Lunch,776.0,48.1,19.7,0.0,0.0,0.0,283.3,876.1,231.4,37.4,10.0,5.4,51.3,122.7,9.0,76.7,37.3,
2020-09-26,Dinner,521.6,10.1,1.9,0.8,1.3,0.0,92.5,81.1,0.0,61.4,5.0,3.4,41.3,0.0,0.0,0.0,0.0,
2020-09-26,Snacks,356.3,14.8,8.2,0.0,3.4,0.2,14.5,208.3,0.0,49.8,0.0,26.4,4.3,3.0,0.0,3.8,0.8,
2020-09-27,Breakfast,661.0,20.5,3.3,5.4,8.3,0.0,70.0,630.0,50.0,52.0,3.0,10.0,62.0,0.0,2.0,50.0,25.0,
2020-09-27,Lunch,392.6,5.1,0.0,0.0,0.0,0.0,0.0,666.7,0.0,72.0,0.0,0.0,5.2,0.0,0.0,0.0,0.0,
2020-09-27,Dinner,960.0,60.0,0.0,0.0,0.0,0.0,0.0,0.0,0.0,25.0,0.0,0.0,80.0,0.0,0.0,0.0,0.0,
2020-09-27,Snacks,232.0,9.2,5.0,0.0,3.4,0.0,0.0,150.0,0.0,34.0,0.0,16.0,3.0,0.0,0.0,0.0,0.0,
2020-09-28,Breakfast,387.5,4.2,1.1,0.1,0.0,0.0,70.0,451.0,642.0,37.0,3.1,16.0,58.3,51.0,267.0,50.0,9.0,
2020-09-28,Lunch,637.7,28.8,7.2,2.4,6.6,0.0,316.9,746.7,359.5,27.8,5.8,11.2,67.6,8.6,3.8,12.8,13.8,
2020-09-28,Dinner,1089.4,39.1,21.1,0.0,0.0,0.0,243.3,188.5,0.0,114.5,5.3,6.8,75.4,30.7,0.0,70.2,64.6,
2020-09-28,Snacks,65.0,2.0,0.2,0.0,0.0,0.0,2.5,40.0,0.0,10.5,1.5,3.0,1.0,0.0,1.0,1.0,2.0,
2020-09-29,Breakfast,485.5,4.4,1.1,0.1,0.0,0.0,70.0,452.7,827.8,60.5,7.1,33.8,58.7,52.7,267.0,62.0,9.2,
2020-09-29,Lunch,615.3,22.3,6.3,1.3,2.2,0.0,339.2,788.6,231.4,24.1,3.0,11.1,77.5,6.0,0.0,8.0,13.0,
2020-09-29,Dinner,929.3,32.2,20.0,0.0,0.0,0.0,275.8,144.7,123.8,113.0,5.2,7.2,50.3,35.1,0.0,78.1,52.9,
2020-09-29,Snacks,251.7,7.3,2.4,0.0,0.0,0.0,2.5,103.3,0.0,41.2,3.5,13.7,3.3,20.0,21.0,3.0,10.7,
2020-09-30,Breakfast,686.5,13.2,2.3,2.9,4.2,0.0,70.0,652.7,852.8,82.5,8.6,38.8,64.7,52.7,269.0,67.0,17.7,
2020-09-30,Lunch,682.2,22.7,6.2,1.0,1.6,0.0,301.5,1065.8,231.4,49.1,6.0,13.1,70.8,6.0,0.0,10.0,23.0,
2020-09-30,Dinner,934.0,68.3,31.0,0.0,0.0,0.0,502.3,988.8,161.4,39.7,3.0,5.6,45.3,41.1,0.0,92.8,30.7,
2020-09-30,Snacks,420.0,23.0,5.0,0.0,0.0,0.0,0.0,450.0,0.0,48.6,2.0,6.0,1.6,20.0,20.0,2.0,8.0,
2020-10-01,Breakfast,829.5,17.9,2.9,4.4,6.3,0.0,70.0,825.2,877.8,102.0,9.6,42.3,69.2,52.7,270.0,71.0,25.2,
2020-10-01,Lunch,1042.7,45.9,10.7,1.2,2.1,0.0,534.3,1626.3,140.0,76.0,9.0,16.0,85.5,12.0,0.0,14.0,37.0,
2020-10-01,Dinner,437.5,35.0,0.0,0.0,0.0,0.0,0.0,0.0,0.0,14.0,0.0,0.0,24.5,0.0,0.0,0.0,0.0,
2020-10-01,Snacks,466.0,27.5,8.5,0.0,0.0,0.2,14.5,454.6,0.0,45.5,0.0,7.5,5.5,3.0,0.0,18.0,0.0,
2020-10-05,Breakfast,242.5,2.7,0.6,0.1,0.0,0.0,35.0,336.0,642.0,30.0,3.1,15.0,33.3,51.0,267.0,30.0,5.0,
2020-10-05,Lunch,723.4,28.6,6.3,1.1,1.8,0.0,498.5,911.5,463.6,41.4,5.0,9.4,76.1,52.0,30.0,10.0,24.0,
2020-10-05,Dinner,743.0,34.2,19.7,2.0,0.7,0.0,278.3,910.9,485.2,52.6,4.0,18.6,56.8,35.7,3.0,82.7,28.3,
2020-10-05,Snacks,244.5,12.2,1.7,0.0,0.0,0.0,11.5,251.6,169.6,33.6,5.1,20.3,2.0,1.6,1.0,12.0,2.2,
2020-10-06,Breakfast,453.5,12.2,1.9,3.4,4.3,0.0,35.0,531.0,729.5,52.0,6.1,19.5,40.3,51.0,269.0,35.0,12.5,
2020-10-06,Lunch,669.8,27.1,4.1,1.0,1.7,0.0,122.5,788.9,618.7,49.4,15.5,19.8,60.5,3.1,3.1,9.4,19.8,
2020-10-06,Dinner,773.9,29.8,18.4,0.0,0.0,0.0,268.3,252.3,231.4,79.0,3.5,6.3,49.7,32.7,0.0,71.1,40.8,
2020-10-06,Snacks,330.0,14.5,2.5,8.0,3.2,0.1,5.0,955.0,200.0,38.0,4.0,6.0,9.2,6.0,6.0,6.0,11.0,
2020-10-07,Breakfast,242.5,2.7,0.6,0.1,0.0,0.0,35.0,336.0,642.0,30.0,3.1,15.0,33.3,51.0,267.0,30.0,5.0,
2020-10-07,Lunch,596.8,22.0,4.7,2.1,7.7,0.0,310.1,662.3,801.2,26.9,12.0,1.2,77.2,10.2,6.0,11.2,11.3,
2020-10-07,Dinner,840.0,42.3,22.2,2.0,0.6,0.0,253.3,491.7,175.0,48.3,4.0,16.3,72.0,30.7,0.0,80.7,40.3,
2020-10-07,Snacks,287.5,10.0,2.3,0.0,0.0,0.1,23.8,320.0,0.0,45.3,2.8,18.5,4.0,1.0,4.5,4.5,10.5,
2020-10-08,Breakfast,448.5,5.7,1.1,2.1,0.6,0.0,35.0,616.0,817.0,66.0,7.1,20.0,41.3,51.0,269.0,36.0,16.0,
2020-10-08,Lunch,756.1,28.2,5.5,1.4,2.0,0.0,322.1,1013.6,1741.3,51.9,11.7,22.2,77.4,185.7,250.3,18.6,26.2,
2020-10-08,Dinner,656.1,29.9,16.0,0.0,1.0,0.7,257.7,732.1,294.7,54.8,2.0,2.0,43.1,6.0,0.0,44.5,25.8,
2020-10-08,Snacks,251.2,6.2,5.8,0.0,0.0,0.0,1.3,152.6,169.6,46.8,4.6,25.6,2.1,1.6,0.0,14.1,9.2,
2020-10-09,Breakfast,242.5,2.7,0.6,0.1,0.0,0.0,35.0,336.0,642.0,30.0,3.1,15.0,33.3,51.0,267.0,30.0,5.0,
2020-10-09,Lunch,689.1,14.8,4.1,2.0,3.1,0.0,395.7,1317.8,1417.3,33.9,8.7,14.7,100.7,131.7,211.3,12.6,17.2,
2020-10-09,Dinner,644.2,12.0,2.4,1.8,6.3,0.0,227.2,1610.5,1091.2,37.4,0.9,32.6,91.2,2.1,29.3,7.2,21.8,
2020-10-13,Breakfast,137.5,2.3,0.5,0.0,0.0,0.0,35.0,335.0,220.0,3.0,0.0,1.0,32.0,50.0,250.0,30.0,4.0,
2020-10-13,Lunch,1016.8,60.7,21.3,0.0,0.0,0.0,178.6,446.4,745.0,29.7,0.0,0.0,86.3,4.5,4.5,0.0,8.9,
2020-10-14,Breakfast,332.0,2.9,0.6,0.1,0.0,0.0,35.0,337.6,811.6,51.5,6.7,31.3,33.7,52.6,267.0,41.0,5.2,
2020-10-14,Lunch,679.1,25.7,4.3,0.0,0.0,0.0,92.6,1182.3,324.0,43.0,10.0,10.5,71.5,62.6,52.9,10.6,19.6,
2020-10-14,Dinner,621.0,31.6,18.8,1.4,0.4,0.0,268.3,491.1,391.4,42.9,6.0,7.9,44.8,32.7,0.0,72.7,25.3,
2020-10-14,Snacks,100.0,3.0,1.0,0.0,0.0,0.0,0.0,10.0,0.0,16.0,2.0,6.0,1.0,20.0,20.0,2.0,8.0,
2020-10-15,Breakfast,432.0,8.5,2.4,0.8,0.2,0.0,220.0,780.8,805.8,51.8,6.1,18.2,47.8,9.0,19.0,24.0,13.0,
2020-10-15,Lunch,1154.1,73.0,23.6,4.5,22.1,0.1,381.0,1261.3,425.2,17.0,2.8,5.7,122.5,11.3,12.2,110.4,5.5,
2020-10-16,Breakfast,235.0,1.9,0.6,0.1,0.0,0.0,35.0,336.0,602.0,30.6,3.1,15.0,33.9,1.0,17.0,20.0,5.0,
2020-10-16,Lunch,719.9,48.8,14.8,2.8,13.8,0.1,210.3,689.6,425.2,17.0,2.8,5.7,64.9,6.1,4.8,107.9,3.0,
2020-10-16,Snacks,436.5,19.6,11.4,0.0,0.0,0.5,45.0,278.5,123.0,57.8,1.4,50.2,3.6,10.0,3.0,10.0,8.8,
2020-10-17,Breakfast,351.4,24.2,9.7,1.0,3.4,0.0,33.2,510.0,0.0,22.1,0.0,7.5,9.4,0.0,0.0,0.0,2.0,
2020-10-19,Breakfast,130.0,1.5,0.5,0.0,0.0,0.0,35.0,115.0,0.0,3.0,0.0,1.0,25.0,0.0,0.0,20.0,4.0,
2020-10-19,Lunch,677.0,28.7,5.7,1.3,2.3,0.0,347.8,736.1,555.4,22.6,3.0,11.1,80.7,66.0,45.0,8.0,13.0,
2020-10-19,Dinner,827.8,38.9,20.7,0.0,0.0,0.0,460.3,218.7,373.0,74.5,4.0,3.3,41.2,40.7,0.0,72.7,33.3,
2020-10-19,Snacks,100.0,3.0,0.0,0.0,0.0,0.0,0.0,0.0,0.0,17.0,0.0,0.0,2.0,0.0,0.0,0.0,0.0,
2020-10-23,Breakfast,425.0,8.0,1.2,0.0,0.0,0.0,37.5,270.0,200.0,56.5,5.5,17.0,32.0,0.0,1.0,25.0,56.0,
2020-11-09,Breakfast,148.0,1.4,0.6,0.2,0.1,0.0,0.0,27.8,206.5,35.3,5.5,20.8,1.4,1.8,7.7,16.0,1.1,
2020-11-09,Lunch,535.0,33.5,11.0,0.0,0.0,0.3,140.0,935.0,337.5,52.0,6.5,15.0,12.5,8.0,0.0,13.0,18.5,
2020-11-09,Snacks,310.0,15.0,3.0,0.0,0.0,0.0,60.0,290.0,0.0,39.0,0.5,20.0,4.0,0.0,0.0,0.0,0.0,
2021-04-05,Lunch,582.7,28.2,5.7,1.2,2.1,0.0,155.6,686.8,440.0,22.0,4.0,6.0,59.1,10.0,10.0,12.0,12.0,
2021-04-05,Dinner,749.6,20.4,4.2,1.0,0.3,0.0,120.0,365.4,87.5,106.3,3.6,1.8,36.7,4.9,1.9,3.5,19.4,
2021-04-05,Snacks,210.0,9.0,1.0,0.0,0.0,0.0,0.0,170.0,0.0,30.0,3.0,12.0,4.0,0.0,0.0,2.0,10.0,
2021-08-23,Breakfast,571.0,16.3,7.4,0.7,3.0,0.0,76.1,563.8,422.3,24.4,4.7,4.6,73.6,0.0,2.6,22.3,8.4,
2021-08-23,Lunch,125.4,0.0,0.0,0.0,0.0,0.0,0.0,0.0,0.0,31.3,0.0,0.0,4.2,0.0,0.0,0.0,0.0,
2021-08-23,Dinner,1660.5,59.5,15.6,0.0,0.0,0.2,72.6,390.0,213.0,202.8,4.3,79.6,70.8,15.0,9.0,38.0,20.0,
2021-08-24,Breakfast,271.7,0.7,0.3,0.0,0.0,0.0,10.0,313.3,313.3,12.7,1.7,1.3,40.2,0.0,0.0,18.7,0.0,
2021-08-24,Lunch,475.5,21.0,3.3,0.0,0.0,0.0,33.0,616.0,0.0,50.3,4.4,12.5,23.3,33.0,99.0,22.0,8.8,
2021-08-25,Breakfast,271.7,0.7,0.3,0.0,0.0,0.0,10.0,313.3,313.3,12.7,1.7,1.3,40.2,0.0,0.0,18.7,0.0,
2021-08-26,Lunch,130.0,11.0,7.0,0.0,0.0,0.4,35.0,190.0,0.0,1.0,0.0,0.0,5.0,15.0,0.0,8.0,0.0,
2021-08-30,Breakfast,279.5,1.1,0.4,0.0,0.0,0.0,26.3,166.3,80.0,23.8,1.0,0.8,19.0,0.0,0.0,15.0,3.0,
2021-08-30,Lunch,623.2,26.5,5.6,1.6,2.7,0.2,201.0,649.2,373.5,18.3,3.3,5.0,75.3,0.0,0.0,83.0,1.7,
2021-08-30,Dinner,1097.5,34.6,14.1,1.2,0.4,0.0,243.3,1131.7,250.0,131.9,11.0,15.3,63.8,46.7,92.0,56.7,35.3,
2021-08-30,Snacks,327.9,21.0,10.2,0.0,0.0,0.0,0.0,66.0,10.0,30.7,5.0,9.5,5.4,0.0,0.0,0.0,0.1,
2021-08-31,Breakfast,352.0,1.0,0.0,0.0,0.0,0.0,0.0,190.0,80.0,22.5,1.0,0.0,40.2,0.0,0.0,0.0,0.0,
2021-08-31,Lunch,550.0,28.3,4.2,0.8,0.3,0.0,17.5,1212.5,87.5,65.8,10.5,11.3,11.8,20.0,90.0,41.5,11.0,
2021-08-31,Dinner,165.0,6.8,1.2,0.5,0.2,0.0,0.0,210.0,100.0,22.0,1.5,3.0,6.0,0.0,0.0,4.0,9.5,
2021-08-31,Snacks,240.0,12.0,4.0,0.0,0.0,0.0,0.0,20.0,0.0,28.0,2.0,8.0,4.0,0.0,0.0,0.0,0.0,
2021-09-06,Breakfast,200.0,1.0,0.0,0.0,0.0,0.0,0.0,210.0,18.0,1.0,0.0,0.0,47.2,0.0,0.0,0.0,0.0,
2021-09-06,Lunch,1277.6,52.8,19.0,1.4,2.4,0.4,206.3,1739.7,0.0,106.0,2.0,8.0,90.5,15.0,0.0,8.0,6.0,
2021-09-06,Dinner,160.0,12.0,1.0,0.0,0.0,0.0,10.0,290.0,150.0,11.0,1.0,4.0,2.0,0.0,0.0,2.0,2.0,
2021-09-06,Snacks,175.5,1.1,0.1,0.4,0.3,0.0,0.0,0.0,855.0,42.9,6.8,37.8,4.1,72.0,29.7,27.0,1.1,
2021-09-07,Breakfast,210.0,1.0,0.0,0.0,0.0,0.0,0.0,210.0,18.0,3.0,1.0,0.0,47.4,0.0,0.0,0.0,0.0,
2021-09-07,Lunch,504.0,8.6,2.0,1.4,2.4,0.0,171.3,289.2,0.0,34.5,0.0,4.0,65.5,0.0,0.0,0.0,0.0,
2021-09-07,Dinner,666.6,31.5,14.0,3.0,2.6,0.0,243.3,976.7,245.0,64.1,4.0,9.9,33.9,24.7,0.0,54.7,24.3,
2021-09-07,Snacks,165.0,15.0,9.0,0.0,0.0,0.0,0.0,82.5,15.0,7.5,4.5,3.0,3.0,0.0,0.0,0.0,0.2,
2021-09-08,Breakfast,367.0,2.8,0.6,0.5,0.5,0.0,0.0,258.3,588.0,38.6,5.5,27.9,50.8,48.0,19.8,18.7,1.5,
2021-09-08,Lunch,529.5,15.0,3.0,1.8,3.5,0.0,287.8,434.5,70.0,38.1,0.0,4.0,57.3,6.0,0.0,2.0,4.0,
2021-09-08,Dinner,669.0,34.9,3.1,1.4,0.4,0.1,16.0,464.7,189.3,65.4,1.5,8.7,31.3,0.0,0.0,14.9,20.4,
2021-09-08,Snacks,194.0,18.0,10.0,0.0,0.0,0.2,28.0,83.0,10.0,7.0,3.0,4.0,4.0,6.0,0.0,6.0,0.1,
2021-09-09,Breakfast,210.0,1.0,0.0,0.0,0.0,0.0,0.0,210.0,18.0,3.0,1.0,0.0,47.4,0.0,0.0,0.0,0.0,
2021-09-09,Lunch,565.5,28.6,16.7,1.5,0.5,0.0,259.2,334.8,245.0,37.6,4.0,5.0,41.6,29.7,0.0,136.3,17.9,
2021-09-09,Dinner,822.1,25.3,8.0,4.7,5.2,0.1,104.5,558.1,112.5,87.0,5.0,9.5,60.4,46.0,36.0,55.0,34.5,
2021-09-09,Snacks,171.4,7.7,1.2,0.1,0.1,0.0,0.0,185.5,325.3,25.6,3.0,13.3,3.0,24.0,9.9,9.0,2.0,
2021-09-10,Lunch,282.5,16.4,10.0,0.2,0.3,0.4,35.0,388.3,0.0,23.0,1.3,4.0,8.2,15.0,0.0,8.7,8.2,
2021-09-10,Snacks,110.0,10.0,6.0,0.0,0.0,0.0,0.0,55.0,10.0,5.0,3.0,2.0,2.0,0.0,0.0,0.0,0.1,
2021-09-11,Breakfast,764.4,17.5,7.0,12.2,0.1,0.0,20.0,1216.5,434.0,142.4,4.6,59.7,3.1,4.4,14.4,387.9,10.9,
2021-09-13,Breakfast,230.0,1.0,0.0,0.0,0.0,0.0,0.0,240.0,18.0,1.0,0.0,0.0,55.2,0.0,0.0,0.0,0.0,
2021-09-13,Lunch,510.3,25.5,3.4,3.1,5.7,0.0,127.4,527.2,518.1,21.7,4.5,3.8,47.4,0.6,5.0,6.9,10.1,
2021-09-13,Dinner,658.0,28.7,9.2,0.0,0.0,0.0,228.0,776.0,0.0,44.5,4.0,11.5,62.8,8.2,0.0,13.0,28.8,
2021-09-14,Breakfast,235.0,1.0,0.0,0.0,0.0,0.0,0.0,245.0,18.0,1.0,0.0,0.0,56.2,0.0,0.0,0.0,0.0,
2021-09-14,Lunch,556.9,26.5,3.7,3.3,6.0,0.0,151.4,548.1,518.1,21.7,4.5,3.8,56.2,0.6,5.0,6.9,10.1,
2021-09-14,Dinner,854.9,34.5,18.3,0.0,0.0,0.0,449.2,836.0,140.0,95.1,5.5,16.4,45.1,50.7,4.0,71.7,51.4,
2021-09-14,Snacks,116.0,0.4,0.1,0.0,0.0,0.0,0.0,2.0,238.6,30.8,5.4,23.2,0.6,0.0,0.0,13.4,0.0,
2021-09-15,Breakfast,235.0,1.0,0.0,0.0,0.0,0.0,0.0,245.0,18.0,1.0,0.0,0.0,56.2,0.0,0.0,0.0,0.0,
2021-09-15,Lunch,548.8,24.5,4.0,2.8,5.2,0.0,95.7,507.4,405.6,40.2,4.5,30.3,44.4,0.6,5.0,13.4,7.1,
2021-09-15,Dinner,1156.7,56.0,2.7,2.4,0.8,0.0,20.0,1140.0,225.0,107.0,9.0,10.0,53.7,0.0,0.0,81.0,17.0,
2021-09-15,Snacks,58.5,0.4,0.0,0.1,0.1,0.0,0.0,0.0,285.0,14.3,2.3,12.6,1.4,24.0,9.9,9.0,0.4,
2021-09-16,Lunch,275.0,25.0,15.0,0.0,0.0,0.0,0.0,137.5,25.0,12.5,7.5,5.0,5.0,0.0,0.0,0.0,0.3,
2021-09-17,Breakfast,351.0,4.4,2.1,0.0,0.0,0.0,85.0,277.0,256.6,34.8,6.4,25.2,46.8,0.0,8.0,34.4,5.0,
2021-09-19,Breakfast,430.0,16.5,3.4,1.5,0.5,0.0,10.0,405.0,325.0,54.0,6.0,14.0,21.0,0.0,0.0,85.0,8.0,
2021-09-20,Dinner,240.0,20.0,8.0,0.0,0.0,0.0,60.0,1000.0,0.0,4.0,0.0,0.0,12.0,0.0,0.0,0.0,0.0,
2021-09-21,Breakfast,398.5,8.4,4.0,0.1,0.1,0.0,170.0,280.0,285.0,22.3,4.3,16.6,61.4,24.0,25.9,51.0,10.4,
2021-09-21,Lunch,455.1,17.1,2.4,2.7,5.7,0.0,169.6,224.3,1042.3,8.5,2.3,2.9,68.1,1.7,5.0,5.2,11.4,
2021-09-21,Dinner,346.2,21.5,13.3,1.0,1.8,0.0,244.3,82.7,69.0,3.5,0.0,2.5,34.7,98.7,0.0,74.7,10.2,
2021-09-21,Snacks,67.5,3.0,1.5,0.0,0.0,0.0,0.0,75.0,0.0,9.0,0.0,2.8,1.0,0.0,0.0,0.0,0.0,
2021-09-22,Breakfast,463.5,8.4,4.0,0.1,0.1,0.0,170.0,415.0,303.0,22.3,4.3,16.6,77.6,24.0,25.9,51.0,10.4,
2021-09-22,Lunch,597.6,22.4,2.7,0.5,1.6,0.0,168.6,757.2,936.0,26.3,1.6,2.9,76.2,1.1,0.0,7.5,10.1,
2021-09-22,Dinner,598.5,26.1,14.6,1.5,0.5,0.0,253.3,356.7,245.0,47.9,4.0,14.3,45.8,24.7,0.0,131.7,15.3,
2021-09-22,Snacks,366.7,18.7,5.0,0.0,0.0,0.0,10.0,440.0,0.0,38.7,2.0,11.3,7.7,0.0,0.0,2.7,3.7,
2021-09-23,Breakfast,568.5,8.8,4.1,0.2,0.1,0.0,170.0,416.2,725.4,49.3,7.4,31.0,78.9,27.5,36.2,56.9,10.7,
2021-09-23,Lunch,641.9,30.3,7.2,2.1,4.0,0.0,32.5,1897.8,173.1,33.7,1.5,7.6,57.7,8.6,5.0,20.9,6.6,
2021-09-23,Dinner,554.2,29.5,5.9,8.7,11.1,0.0,368.9,1084.2,173.7,49.2,0.1,0.7,18.5,201.5,0.0,60.2,2.1,
2021-09-23,Snacks,265.0,6.0,3.0,0.0,0.0,0.0,5.0,200.0,160.0,38.0,0.0,24.5,14.0,0.0,0.0,15.0,0.0,
2021-09-24,Breakfast,510.0,8.4,4.1,0.1,0.0,0.0,170.0,416.2,440.4,35.0,5.1,18.4,77.5,3.5,26.3,47.9,10.3,
2021-09-24,Lunch,928.5,41.4,25.5,3.0,1.0,0.0,102.5,680.7,350.0,98.2,8.0,17.8,41.4,32.8,0.0,233.5,22.5,
2021-09-25,Breakfast,540.0,8.4,4.1,0.1,0.0,0.0,170.0,516.2,458.4,35.0,5.1,18.4,84.7,3.5,26.3,47.9,10.3,
2021-09-25,Lunch,541.8,20.3,2.6,1.3,2.2,0.0,161.7,699.2,205.0,25.0,1.3,2.3,61.7,132.5,12.5,2.5,4.0,
2021-09-25,Dinner,559.7,19.3,2.3,6.3,2.6,0.1,19.7,780.3,144.0,76.1,5.1,14.2,17.1,1.5,4.2,13.6,23.7,
2021-09-26,Breakfast,510.0,8.4,4.1,0.1,0.0,0.0,170.0,416.2,440.4,35.0,5.1,18.4,77.5,3.5,26.3,47.9,10.3,
2021-09-26,Snacks,490.0,18.0,0.0,0.0,0.0,0.0,5.0,50.0,160.0,66.0,0.0,19.0,16.0,0.0,0.0,15.0,0.0,
2021-09-27,Breakfast,673.5,9.0,4.1,0.2,0.1,0.0,170.0,448.2,970.4,84.3,11.4,57.0,79.9,35.5,38.2,70.9,12.7,
2021-09-27,Lunch,717.7,33.9,4.3,3.5,5.8,0.0,118.9,844.8,458.1,51.1,4.2,5.3,52.9,72.6,11.0,9.9,19.1,
2021-09-27,Dinner,850.0,40.0,21.0,0.0,0.0,0.0,420.0,1430.0,140.0,89.0,1.0,9.0,36.0,28.0,0.0,44.0,16.0,
2021-09-27,Snacks,295.0,7.2,3.7,0.0,0.0,0.0,5.0,226.2,170.0,44.0,0.0,25.2,14.5,0.0,0.0,15.5,0.5,
2021-09-28,Breakfast,615.0,8.6,4.1,0.1,0.0,0.0,170.0,448.2,685.4,70.0,9.1,44.4,78.5,11.5,28.3,61.9,12.3,
2021-09-28,Lunch,611.8,26.9,3.1,3.4,6.2,0.0,161.7,677.0,173.1,27.7,1.5,2.3,61.1,0.6,5.0,0.9,2.6,
2021-09-28,Dinner,771.1,26.3,4.2,6.4,3.2,0.1,241.4,1580.2,143.9,86.1,5.1,8.3,37.9,6.0,0.0,17.2,28.4,
2021-09-28,Snacks,180.0,9.0,0.0,0.0,0.0,0.0,0.0,0.0,0.0,23.0,0.0,0.0,2.0,0.0,0.0,0.0,0.0,
2021-09-29,Breakfast,535.0,8.6,4.1,0.1,0.0,0.0,170.0,446.2,465.4,40.0,5.1,20.4,78.5,3.5,26.3,47.9,10.3,
2021-09-29,Lunch,636.3,45.1,14.9,2.5,4.7,0.0,478.9,317.5,573.1,13.1,2.7,4.3,45.0,100.6,11.0,48.9,26.6,
2021-09-29,Dinner,1320.0,72.0,36.0,0.0,0.0,0.0,120.0,2320.0,0.0,116.0,4.0,8.0,48.0,24.0,60.0,16.0,40.0,
2021-09-29,Snacks,27.0,1.0,0.5,0.0,0.0,0.0,0.0,6.5,0.0,4.1,0.0,1.7,0.3,0.0,0.0,0.0,0.6,
2021-09-30,Breakfast,535.0,8.6,4.1,0.1,0.0,0.0,170.0,446.2,465.4,40.0,5.1,20.4,78.5,3.5,26.3,47.9,10.3,
2021-09-30,Lunch,508.3,29.7,11.4,0.0,0.0,0.0,243.7,368.3,384.0,26.1,1.6,21.3,38.4,19.3,0.0,56.7,11.3,
2021-10-01,Breakfast,535.0,8.6,4.1,0.1,0.0,0.0,170.0,446.2,465.4,40.0,5.1,20.4,78.5,3.5,26.3,47.9,10.3,
2021-10-01,Snacks,140.0,9.0,1.5,0.0,0.0,0.1,2.5,215.0,0.0,13.5,0.0,1.0,1.5,0.0,0.0,1.0,2.0,
2021-10-02,Breakfast,535.0,8.6,4.1,0.1,0.0,0.0,170.0,446.2,465.4,40.0,5.1,20.4,78.5,3.5,26.3,47.9,10.3,
2021-10-02,Lunch,684.4,29.9,3.6,7.1,4.3,0.1,133.5,697.9,0.0,43.0,4.0,3.0,55.1,0.0,2.0,8.0,16.0,
2021-10-02,Dinner,1361.0,56.6,5.2,0.0,0.0,0.0,15.0,4967.0,457.0,181.0,25.2,19.8,51.8,92.0,107.0,40.0,50.0,
2021-10-02,Snacks,215.0,9.8,2.2,0.5,0.2,0.0,0.5,215.0,100.0,27.5,2.0,8.5,6.5,0.0,0.0,5.0,11.5,
2021-10-03,Breakfast,405.0,8.0,4.0,0.0,0.0,0.0,170.0,415.0,18.0,8.0,2.0,4.0,76.2,0.0,16.0,42.0,10.0,
2021-10-03,Lunch,510.8,25.3,3.1,3.3,6.1,0.0,159.1,254.8,433.1,9.1,2.7,2.3,57.6,72.6,11.0,4.9,10.6,
2021-10-03,Dinner,760.0,21.5,8.0,0.0,0.0,0.5,50.0,1620.0,0.0,105.0,13.0,19.0,39.0,33.0,55.0,65.0,40.0,
2021-10-03,Snacks,335.0,9.8,2.2,0.5,0.2,0.0,5.5,265.0,270.0,46.5,2.0,26.5,18.5,0.0,0.0,20.0,11.5,
2021-10-04,Breakfast,405.0,8.0,12.0,0.0,0.0,0.0,170.0,415.0,18.0,8.0,2.0,4.0,76.2,0.0,16.0,42.0,10.0,
2021-10-04,Lunch,926.3,48.2,5.8,5.9,10.5,0.0,166.7,407.8,798.2,45.0,6.6,14.0,76.7,13.2,65.0,18.9,20.2,
2021-10-04,Dinner,988.0,34.2,13.2,0.0,0.0,0.0,213.0,1551.0,395.0,104.0,4.0,25.0,70.8,5.2,0.0,19.0,23.8,
2021-10-06,Breakfast,405.0,8.0,12.0,0.0,0.0,0.0,170.0,415.0,18.0,8.0,2.0,4.0,76.2,0.0,16.0,42.0,10.0,
2021-10-06,Lunch,369.4,17.4,2.3,1.1,1.8,0.0,136.0,231.9,30.0,1.5,0.0,1.5,47.1,0.0,0.0,0.0,1.5,
2021-10-06,Dinner,696.3,26.6,6.0,0.0,0.0,0.0,740.0,1324.5,393.9,76.1,2.1,1.3,31.9,24.0,2.0,15.2,32.4,
2021-10-07,Breakfast,155.0,1.0,8.0,0.0,0.0,0.0,40.0,100.0,0.0,4.0,0.0,0.0,33.0,0.0,0.0,0.5,0.0,
2021-10-07,Lunch,571.9,28.8,3.0,3.2,5.8,0.0,138.5,349.7,264.1,22.2,4.5,2.8,52.8,0.6,5.0,0.9,9.1,
2021-10-07,Dinner,918.5,26.5,9.8,0.0,0.0,0.0,226.7,463.3,313.0,79.3,9.0,2.7,71.8,20.3,2.0,37.3,48.7,
2021-10-07,Snacks,459.0,22.5,10.3,0.0,0.0,0.3,35.5,388.0,0.0,60.5,1.5,32.5,8.0,6.0,0.0,9.0,16.5,
2021-10-08,Breakfast,155.0,1.0,8.0,0.0,0.0,0.0,40.0,100.0,0.0,4.0,0.0,0.0,33.0,0.0,0.0,0.5,0.0,
2021-10-08,Lunch,453.3,19.4,2.0,2.1,4.0,0.0,185.0,372.8,375.1,38.2,7.5,1.8,34.7,6.6,7.0,2.9,17.1,
2021-10-08,Snacks,280.0,15.0,6.0,0.0,0.0,0.1,0.0,280.0,0.0,30.0,1.0,3.0,6.0,0.0,0.0,2.0,15.0,
2021-10-09,Breakfast,260.0,1.4,8.1,0.1,0.0,0.0,40.0,101.2,422.4,31.0,3.1,14.4,34.3,3.5,10.3,6.4,0.3,
2021-10-09,Lunch,1149.4,34.4,7.5,13.1,1.8,0.0,154.5,1631.9,352.0,142.0,7.0,37.0,58.1,0.0,0.0,377.0,22.5,
2021-10-10,Snacks,544.0,44.8,16.0,0.0,0.0,0.0,64.0,1216.0,0.0,41.6,6.4,22.4,6.4,19.2,12.8,6.4,12.8,
2021-10-19,Breakfast,350.0,1.4,0.1,0.1,0.0,0.0,40.0,103.2,642.4,63.0,9.1,38.4,34.5,11.5,12.3,20.4,2.3,
2021-10-19,Lunch,1249.9,77.7,22.8,5.5,14.2,0.0,163.5,1204.9,349.7,74.8,5.5,11.3,60.1,2.6,5.2,6.6,13.0,
2021-10-19,Dinner,461.5,11.7,3.1,0.2,0.1,0.0,370.0,291.0,660.5,52.8,11.7,0.3,41.8,12.0,2.0,7.0,36.0,
2021-10-20,Breakfast,233.8,0.8,0.2,0.0,0.0,0.0,0.0,2.8,230.9,65.3,4.0,41.2,1.9,8.0,2.1,15.3,2.1,
2021-10-20,Lunch,931.9,34.3,5.6,3.2,5.8,0.0,498.5,680.7,445.1,80.2,11.5,3.8,77.6,12.6,7.0,12.9,37.1,
2021-10-20,Dinner,718.5,26.3,11.0,0.0,0.0,0.0,370.0,1420.0,140.0,87.6,4.0,7.0,34.8,12.0,0.0,8.0,12.0,
2021-11-08,Breakfast,335.0,2.0,0.0,0.0,0.0,0.0,80.0,160.0,0.0,25.0,0.0,16.0,57.0,0.0,0.0,0.5,0.0,
2021-11-08,Lunch,628.3,32.3,3.8,6.2,11.8,0.0,213.7,340.8,163.1,6.2,1.5,1.8,73.5,0.6,5.0,0.9,2.1,
2021-11-08,Dinner,374.6,17.5,9.9,0.0,0.0,0.0,226.7,304.3,374.3,25.9,2.1,6.7,29.6,19.3,0.0,35.9,16.1,
2021-11-08,Snacks,253.3,4.4,0.8,0.8,2.4,0.0,5.0,53.2,456.0,52.0,4.3,42.6,13.8,8.0,2.0,29.3,5.7,
2021-11-09,Breakfast,219.9,1.0,0.0,0.0,0.0,0.0,40.0,100.6,28.7,22.6,0.0,16.3,33.1,0.3,9.8,1.1,0.7,
2021-11-09,Lunch,557.1,26.7,3.4,3.5,6.4,0.0,178.8,277.0,303.1,9.8,2.6,2.3,64.5,36.6,8.0,2.9,6.6,
2021-11-09,Dinner,627.0,22.7,13.2,0.0,0.0,0.0,283.3,481.7,656.7,44.7,3.1,12.3,63.1,24.7,0.0,49.8,23.8,
2021-11-09,Snacks,335.0,5.2,0.4,0.0,0.0,0.0,5.0,110.0,585.0,70.0,9.0,44.0,5.0,50.0,142.0,14.0,8.0,
2021-11-10,Breakfast,219.9,1.0,0.0,0.0,0.0,0.0,40.0,100.6,28.7,22.6,0.0,16.3,33.1,0.3,9.8,1.1,0.7,
2021-11-10,Lunch,672.1,29.2,5.0,3.5,6.4,0.0,181.3,412.0,273.1,27.4,7.1,0.8,68.5,36.6,8.0,2.9,5.1,
2021-11-10,Dinner,697.0,27.7,14.7,0.0,0.0,0.0,468.3,551.7,726.7,45.7,3.1,12.3,69.1,30.7,0.0,51.8,27.8,
2021-11-10,Snacks,271.3,6.7,2.5,0.0,0.0,0.0,2.5,184.5,245.0,59.0,5.5,33.2,3.5,8.0,3.0,15.0,4.0,
2021-11-11,Breakfast,205.0,2.0,8.0,0.0,0.0,0.0,20.0,145.0,0.0,2.0,1.0,1.0,44.0,0.0,0.0,0.5,0.0,
2021-11-11,Lunch,509.5,19.5,4.5,2.0,3.3,0.0,207.0,486.5,274.0,5.4,1.5,0.9,74.1,37.0,6.0,2.0,8.0,
2021-11-11,Dinner,830.8,29.1,14.7,0.0,0.0,0.0,448.3,761.7,807.7,60.5,7.1,15.3,81.9,30.7,0.0,51.8,33.8,
2021-11-11,Snacks,183.0,2.0,0.2,0.0,0.0,0.0,2.5,40.0,148.2,44.5,6.5,28.0,2.0,3.0,14.0,3.0,5.0,
2021-11-12,Breakfast,269.9,2.0,0.0,0.0,0.0,0.0,20.0,145.6,28.7,20.6,1.0,17.3,44.1,0.3,9.8,1.1,0.7,
2021-11-12,Lunch,372.2,28.4,0.1,0.1,0.2,0.0,105.0,400.0,481.3,23.5,0.8,0.3,56.3,37.0,3.0,4.0,13.0,
2021-11-12,Dinner,1386.9,40.4,7.6,2.4,8.4,0.0,366.9,2514.5,2258.8,93.6,5.9,38.8,129.6,14.6,55.6,15.1,48.8,
2021-11-12,Snacks,288.0,2.0,0.0,0.0,0.0,0.0,20.0,105.0,148.2,36.0,6.0,26.0,36.0,3.0,13.0,2.0,3.0,
2021-11-13,Breakfast,245.0,3.5,0.0,0.0,0.0,0.0,20.0,147.5,0.0,8.0,1.0,1.0,44.0,50.0,250.0,43.8,0.0,
2021-11-13,Lunch,550.5,24.9,13.8,0.5,0.5,0.6,245.4,840.9,730.4,41.1,5.5,20.5,40.8,1075.8,10.6,72.9,11.9,
2021-11-13,Dinner,1066.7,40.3,15.2,0.0,0.0,1.0,88.3,2443.3,0.0,123.3,16.0,27.7,51.3,51.3,73.3,75.0,52.5,
2021-11-13,Snacks,208.0,0.5,0.0,0.0,0.0,0.0,0.0,0.0,428.2,56.0,8.0,43.0,2.0,28.0,83.0,8.0,5.0,
2021-11-14,Breakfast,245.0,3.5,0.0,0.0,0.0,0.0,20.0,147.5,0.0,8.0,1.0,1.0,44.0,50.0,250.0,43.8,0.0,
2021-11-14,Lunch,746.9,34.4,5.2,7.1,4.4,0.1,141.1,861.4,0.0,47.8,4.0,5.0,56.6,0.0,0.0,8.5,16.0,
2021-11-14,Dinner,522.8,24.0,1.6,1.2,4.2,0.0,151.5,1290.3,727.4,6.6,4.6,0.4,62.8,31.4,44.5,14.8,19.5,
2021-11-14,Snacks,297.5,11.0,3.5,0.0,0.0,0.0,6.3,250.0,0.0,44.3,3.8,13.0,4.5,0.0,2.5,2.5,5.0,
2021-11-15,Breakfast,245.0,3.5,0.0,0.0,0.0,0.0,20.0,147.5,0.0,8.0,1.0,1.0,44.0,50.0,250.0,43.8,0.0,
2021-11-15,Lunch,495.1,21.2,3.3,3.5,6.4,0.0,171.3,382.0,143.1,9.2,1.5,2.8,63.6,0.6,5.0,0.9,1.1,
2021-11-15,Dinner,706.9,35.6,14.6,0.0,0.0,0.5,422.4,585.2,946.9,43.1,4.8,7.9,52.8,29.0,8.5,37.9,28.0,
2021-11-15,Snacks,155.0,4.2,0.4,0.0,0.0,0.0,5.0,110.0,25.0,26.0,3.0,8.0,3.0,0.0,2.0,2.0,4.0,
2021-11-16,Breakfast,245.0,3.5,0.0,0.0,0.0,0.0,20.0,147.5,0.0,8.0,1.0,1.0,44.0,50.0,250.0,43.8,0.0,
2021-11-16,Lunch,460.0,32.0,9.0,0.0,0.0,0.0,100.0,1960.0,0.0,16.0,2.0,6.0,32.0,100.0,70.0,50.0,12.0,
2021-11-16,Dinner,914.5,45.1,15.8,6.0,2.5,0.6,447.4,654.6,792.2,39.0,3.1,6.3,85.0,12.0,0.0,30.0,17.8,
2021-11-16,Snacks,130.0,4.0,0.4,0.0,0.0,0.0,5.0,80.0,0.0,21.0,3.0,6.0,2.0,0.0,2.0,2.0,4.0,
2021-11-21,Breakfast,407.5,8.5,0.5,0.0,0.0,0.0,26.3,247.5,0.0,34.3,4.8,8.5,46.5,50.0,252.5,46.3,5.0,
2021-11-21,Lunch,755.9,27.9,7.8,2.1,8.7,0.0,43.3,1083.4,390.0,105.4,8.5,26.5,26.0,39.5,7.5,14.2,7.9,
2021-11-21,Dinner,858.0,18.0,3.2,2.4,8.4,0.0,324.0,2193.0,1460.0,9.2,2.2,1.8,157.0,2.8,39.2,9.6,29.2,
2021-11-22,Breakfast,245.0,3.5,0.0,0.0,0.0,0.0,20.0,147.5,0.0,8.0,1.0,1.0,44.0,50.0,250.0,43.8,0.0,
2021-11-22,Lunch,645.9,36.1,9.5,0.0,0.0,0.0,151.8,2027.3,175.0,34.3,2.4,9.9,44.1,141.9,17.2,11.9,16.6,
2021-11-22,Dinner,1160.0,54.0,13.9,0.0,0.0,0.6,307.5,1725.0,337.5,111.0,8.3,34.0,63.8,18.0,4.0,12.5,40.5,
2021-11-23,Breakfast,245.0,3.5,0.0,0.0,0.0,0.0,20.0,147.5,0.0,8.0,1.0,1.0,44.0,50.0,250.0,43.8,0.0,
2021-11-24,Breakfast,245.0,3.5,0.0,0.0,0.0,0.0,20.0,147.5,0.0,8.0,1.0,1.0,44.0,50.0,250.0,43.8,0.0,
2021-11-24,Lunch,1010.2,35.6,4.3,5.2,9.8,0.0,183.8,829.3,304.7,96.2,12.3,24.4,72.9,1.1,14.2,14.7,20.0,
2021-11-24,Dinner,765.7,34.3,7.7,0.0,0.0,0.5,473.6,862.3,294.7,32.4,1.6,8.0,58.2,46.3,2.0,50.5,30.3,
2021-11-24,Snacks,370.0,18.5,2.0,0.0,0.0,0.0,0.0,290.0,280.0,48.0,5.0,18.0,4.0,25.0,90.0,8.0,6.0,
2021-11-25,Breakfast,313.0,4.3,0.0,0.0,0.0,0.0,28.0,189.5,0.0,8.8,1.4,1.4,58.0,50.0,250.0,43.8,0.0,
2021-11-25,Lunch,1006.3,36.7,8.1,5.8,12.5,0.0,193.7,372.7,471.9,92.0,10.4,10.9,73.7,5.6,12.7,7.1,17.1,
2021-11-25,Dinner,926.1,35.3,7.7,0.0,0.0,0.5,473.6,1259.4,618.7,81.2,13.6,8.0,63.3,45.8,2.0,49.5,44.3,
2021-11-25,Snacks,133.3,11.0,2.0,2.0,6.0,0.0,0.0,3.0,165.0,7.5,0.8,1.5,4.5,0.0,0.0,0.8,9.3,
2021-11-26,Breakfast,323.0,4.3,0.0,0.0,0.0,0.0,28.0,189.5,0.0,10.8,2.4,1.4,58.2,50.0,250.0,43.8,0.0,
2021-11-26,Lunch,702.7,27.1,3.6,5.2,9.8,0.0,175.1,404.3,345.7,42.5,8.1,6.9,70.4,1.1,10.7,3.2,11.0,
2021-11-26,Dinner,989.1,31.8,5.7,7.7,15.5,0.0,339.3,495.5,383.0,134.4,16.9,8.0,40.8,9.7,8.7,11.6,18.8,
2021-11-26,Snacks,138.9,2.8,1.1,0.3,1.0,0.0,1.3,0.0,280.0,28.3,3.0,18.0,1.7,25.0,70.0,6.0,2.0,
2021-11-27,Breakfast,427.2,10.1,3.7,0.0,0.0,0.0,28.0,205.5,0.0,22.1,2.4,12.4,59.7,50.0,250.0,43.8,0.0,
2021-11-27,Lunch,1302.3,55.8,14.8,7.3,19.2,0.7,413.8,1019.0,614.8,92.7,9.3,22.2,92.7,37.5,34.7,41.9,41.9,
2021-11-29,Breakfast,323.0,4.3,0.0,0.0,0.0,0.0,28.0,189.5,0.0,10.8,2.4,1.4,58.2,50.0,250.0,43.8,0.0,
2021-11-29,Lunch,480.3,19.0,2.6,5.0,9.5,0.0,145.6,471.9,264.7,20.7,3.8,11.4,54.7,1.1,9.2,1.7,4.0,
2021-11-29,Dinner,1003.7,39.0,11.5,0.0,0.0,0.5,433.6,1731.6,372.0,95.9,6.4,12.7,51.8,43.5,3.0,37.2,28.6,
2021-11-29,Snacks,297.5,11.0,3.5,0.0,0.0,0.0,6.3,250.0,0.0,44.3,3.8,13.0,4.5,0.0,2.5,2.5,5.0,
2021-11-30,Breakfast,85.0,1.5,0.0,0.0,0.0,0.0,0.0,42.5,0.0,8.0,1.0,0.0,9.2,50.0,250.0,43.8,0.0,
2021-12-01,Breakfast,317.1,16.0,3.0,2.0,6.0,0.0,2.5,123.0,165.0,30.5,3.3,5.9,15.2,50.0,251.0,45.6,11.3,
2021-12-01,Lunch,510.2,19.6,2.8,5.1,9.7,0.0,161.1,485.3,264.7,20.7,3.8,11.4,60.3,1.1,9.2,1.7,4.0,
2021-12-01,Snacks,293.8,9.5,1.6,0.0,0.0,0.0,10.0,197.5,0.0,46.5,6.0,13.4,4.5,0.0,4.0,4.0,8.0,
2021-12-03,Breakfast,256.7,14.6,2.4,2.4,6.8,0.0,0.0,81.9,172.3,19.2,2.8,2.7,14.5,50.0,250.0,71.1,6.0,
2021-12-03,Lunch,482.5,18.9,1.5,0.0,0.0,0.3,224.5,681.5,70.0,41.9,4.0,8.3,28.0,15.0,0.0,17.3,6.3,
2021-12-03,Snacks,485.9,25.8,6.4,0.0,0.0,0.0,0.0,435.5,0.0,56.9,2.0,12.8,5.6,0.0,20.0,2.0,4.0,
2021-12-04,Breakfast,85.0,1.5,0.0,0.0,0.0,0.0,0.0,42.5,0.0,8.0,1.0,0.0,9.2,50.0,250.0,43.8,0.0,
2021-12-04,Lunch,519.0,22.0,2.5,2.0,1.0,0.0,0.0,701.0,473.0,75.0,7.0,8.0,7.0,0.0,4.0,0.0,4.0,
2021-12-05,Breakfast,325.5,4.3,0.0,0.0,0.0,0.0,28.0,189.5,0.0,11.8,2.4,1.4,58.2,50.0,250.0,43.8,0.0,
2021-12-05,Lunch,940.1,34.2,11.0,0.0,0.0,0.4,420.9,1690.9,140.0,103.5,4.0,13.9,45.0,23.6,0.0,22.5,14.9,
2021-12-05,Dinner,1552.0,39.2,36.0,0.0,0.0,0.0,0.0,0.0,0.0,281.2,0.0,0.0,73.1,0.0,0.0,0.0,0.0,
2021-12-06,Breakfast,85.0,1.5,0.0,0.0,0.0,0.0,0.0,42.5,0.0,8.0,1.0,0.0,9.2,50.0,250.0,43.8,0.0,
2021-12-06,Lunch,1031.3,43.4,20.7,1.4,2.4,0.0,231.3,1350.7,10.5,66.7,5.0,9.9,88.1,204.2,39.5,11.4,22.7,
2021-12-06,Dinner,1246.5,56.4,21.0,0.0,0.0,0.4,508.9,1577.9,140.0,66.3,3.4,8.3,104.5,35.6,30.0,26.5,30.9,
2021-12-07,Breakfast,400.0,17.5,5.0,0.0,0.0,0.0,230.0,972.5,0.0,45.0,2.0,4.0,18.2,50.0,250.0,43.3,0.0,
2021-12-07,Lunch,1048.5,53.8,12.3,14.2,12.5,0.3,205.2,2257.8,591.2,33.1,2.6,8.4,65.8,63.5,101.5,32.1,25.5,
2021-12-07,Dinner,686.8,16.4,0.8,0.0,0.0,0.4,44.5,519.5,112.5,71.9,3.0,7.0,58.2,10.2,0.0,12.7,2.5,
2021-12-08,Breakfast,75.0,1.5,8.0,0.0,0.0,0.0,0.0,42.5,0.0,6.0,0.0,0.0,9.0,50.0,250.0,43.8,0.0,
2021-12-08,Lunch,616.8,15.0,1.5,6.0,2.5,0.1,5.0,310.0,162.0,68.4,6.0,2.0,55.2,0.0,0.0,0.0,12.0,
2021-12-09,Breakfast,75.0,1.5,0.0,0.0,0.0,0.0,0.0,42.5,0.0,6.0,0.0,0.0,9.0,50.0,250.0,43.8,0.0,
2021-12-09,Lunch,862.6,22.3,2.4,1.4,2.4,0.0,171.3,1179.2,24.0,90.0,14.0,8.0,80.5,0.0,0.0,12.0,6.0,
2021-12-13,Breakfast,313.0,4.3,0.0,0.0,0.0,0.0,28.0,189.5,0.0,8.8,1.4,1.4,58.0,50.0,250.0,43.8,0.0,
2021-12-13,Lunch,621.8,30.4,3.5,7.8,14.9,0.0,189.9,611.7,439.7,16.7,4.8,4.4,69.0,13.1,21.2,3.7,4.0,
2021-12-13,Dinner,742.5,36.9,3.5,0.0,0.0,0.5,433.6,1126.6,372.0,48.7,6.4,10.7,40.2,49.5,11.0,37.2,24.6,
2021-12-13,Snacks,424.7,15.2,2.9,1.2,3.6,0.0,28.0,395.5,99.0,22.0,2.9,2.3,57.4,0.0,0.0,5.1,10.9,
2021-12-14,Breakfast,313.0,4.3,0.0,0.0,0.0,0.0,28.0,189.5,0.0,8.8,1.4,1.4,58.0,50.0,250.0,43.8,0.0,
2021-12-14,Lunch,825.2,38.1,3.4,7.7,14.8,0.0,181.3,1024.3,439.7,52.7,8.8,8.4,69.9,13.1,21.2,7.7,4.0,
2021-12-14,Dinner,842.5,30.9,3.5,0.0,0.0,0.5,433.6,976.6,412.0,82.7,7.4,9.7,43.2,49.5,9.0,39.2,32.6,
2021-12-14,Snacks,206.0,3.5,2.0,0.0,0.0,0.0,20.0,310.0,180.0,14.0,1.5,1.5,32.0,0.0,10.0,24.0,8.0,
2021-12-15,Breakfast,245.0,2.0,0.0,0.0,0.0,0.0,0.0,97.5,160.0,7.0,0.0,0.0,49.0,50.0,250.0,63.8,0.0,
2021-12-15,Lunch,510.2,21.1,2.9,5.2,9.8,0.0,171.3,404.3,439.7,13.7,3.8,3.4,64.7,1.1,9.2,1.7,2.0,
2021-12-15,Dinner,2221.0,151.7,62.3,0.0,0.0,0.0,412.5,830.0,0.0,77.1,2.0,34.3,118.6,0.0,0.0,0.0,0.0,
2021-12-16,Breakfast,40.0,1.5,0.0,0.0,0.0,0.0,0.0,2.5,0.0,6.0,0.0,0.0,0.0,50.0,250.0,43.3,0.0,
2021-12-16,Lunch,780.2,24.1,3.9,5.2,9.8,0.0,171.3,914.3,439.7,70.7,6.2,10.4,70.7,7.1,15.2,7.7,8.0,
2021-12-16,Dinner,1180.0,44.6,12.5,0.0,0.0,0.8,650.5,1785.5,210.0,129.5,4.0,47.5,46.4,39.8,0.0,37.3,21.5,
2021-12-16,Snacks,42.0,2.4,0.3,0.4,1.2,0.0,0.0,36.0,62.0,4.4,0.4,0.4,0.6,0.0,3.0,0.4,0.8,
2021-12-20,Breakfast,223.5,3.5,1.0,0.0,0.0,0.0,20.0,350.0,380.0,11.0,1.5,1.5,34.7,50.0,260.0,64.3,4.0,
2021-12-20,Lunch,401.8,9.1,2.4,1.1,1.8,0.0,128.5,295.9,585.5,23.5,5.6,8.2,51.6,315.4,21.5,14.0,17.0,
2021-12-20,Snacks,128.8,2.5,0.9,0.0,0.0,0.0,0.0,467.5,0.0,25.0,1.0,2.4,2.5,0.0,0.0,1.0,10.0,
2021-12-21,Breakfast,303.5,3.5,1.0,0.0,0.0,0.0,20.0,352.0,600.0,41.0,5.5,25.5,34.7,58.0,262.0,78.3,6.0,
2021-12-21,Lunch,435.1,9.9,2.6,1.2,2.1,0.0,145.6,310.8,585.5,23.5,5.6,8.2,57.8,315.4,21.5,14.0,17.0,
2021-12-21,Dinner,572.3,20.3,3.0,0.0,0.0,0.5,433.6,733.6,302.0,46.0,6.0,11.6,40.7,26.5,0.0,22.2,23.6,
2021-12-21,Snacks,360.8,14.2,4.2,0.0,0.0,0.3,4.0,895.0,28.6,56.1,3.0,5.0,7.2,0.0,0.0,7.8,17.2,
2021-12-22,Breakfast,303.5,3.5,1.0,0.0,0.0,0.0,20.0,352.0,600.0,41.0,5.5,25.5,34.7,58.0,262.0,78.3,6.0,
2021-12-22,Lunch,366.1,6.4,2.1,1.2,2.1,0.0,145.6,162.8,353.5,19.0,3.2,6.1,55.3,298.4,18.5,3.0,4.0,
2021-12-22,Snacks,330.8,12.2,3.4,0.0,0.0,0.3,4.0,680.0,123.6,49.6,3.0,7.5,8.7,0.0,0.0,7.5,17.2,
2022-01-03,Breakfast,231.0,3.5,1.0,0.0,0.0,0.0,20.0,367.5,380.0,9.0,0.5,1.5,39.0,50.0,260.0,64.3,4.0,
2022-01-03,Lunch,501.8,20.4,3.0,5.3,9.9,0.0,179.9,161.7,264.7,9.7,2.8,1.4,66.8,1.1,9.2,1.7,2.0,
2022-01-03,Dinner,552.0,18.5,3.9,1.5,3.0,0.0,185.0,1115.9,373.2,39.4,7.2,0.9,61.6,6.4,3.7,5.9,17.2,
2022-01-03,Snacks,371.3,12.5,6.7,0.0,0.0,0.1,30.0,206.7,0.0,55.7,1.1,31.9,5.9,6.0,0.0,14.0,2.3,
2022-01-04,Breakfast,293.5,3.5,1.0,0.0,0.0,0.0,20.0,352.0,600.0,39.0,4.5,25.5,34.5,58.0,262.0,78.3,6.0,
2022-01-04,Lunch,841.4,25.8,4.8,5.6,11.2,0.0,183.3,1131.6,572.2,74.8,10.1,14.3,79.0,6.8,14.7,10.1,28.4,
2022-01-04,Dinner,838.4,32.7,10.5,2.1,0.8,0.0,416.0,2555.8,914.9,54.9,10.2,10.3,93.8,165.0,24.0,7.2,34.4,
2022-01-04,Snacks,106.7,2.7,1.0,0.0,0.0,0.0,0.0,83.3,0.0,18.7,0.7,4.7,1.3,0.0,0.0,0.0,1.3,
2022-01-05,Breakfast,303.5,3.5,1.0,0.0,0.0,0.0,20.0,352.0,600.0,41.0,5.5,25.5,34.7,58.0,262.0,78.3,6.0,
2022-01-05,Lunch,518.4,18.4,3.4,4.3,8.5,0.0,151.6,724.4,276.6,30.0,2.8,11.5,56.9,5.7,11.8,5.5,10.8,
2022-01-05,Dinner,745.1,34.6,14.0,3.6,6.0,0.0,243.3,720.9,365.6,56.4,6.3,12.4,55.3,39.6,11.5,60.1,31.0,
2022-01-05,Snacks,26.7,0.7,0.3,0.0,0.0,0.0,0.0,20.8,0.0,4.7,0.2,1.2,0.3,0.0,0.0,0.0,0.3,
2022-01-06,Breakfast,293.5,3.5,1.0,0.0,0.0,0.0,20.0,352.0,600.0,39.0,4.5,25.5,34.5,58.0,262.0,78.3,6.0,
2022-01-11,Breakfast,173.5,2.0,1.0,0.0,0.0,0.0,20.0,347.5,380.0,3.0,0.5,1.5,34.5,0.0,10.0,21.0,4.0,
2022-01-11,Lunch,377.4,6.2,1.7,1.2,2.1,0.0,145.6,174.8,224.0,20.7,3.3,6.7,55.1,0.0,0.0,0.0,0.0,
2022-01-11,Snacks,100.0,2.0,1.0,0.0,0.0,0.0,0.0,105.0,0.0,20.0,1.0,7.0,1.0,0.0,0.0,0.0,0.0,
2022-03-07,Breakfast,202.9,1.0,0.1,0.0,0.0,0.0,0.5,67.8,80.5,21.0,1.7,1.3,29.8,1.4,12.8,22.5,0.8,
2022-03-07,Lunch,717.3,45.5,9.7,7.1,22.6,0.0,217.8,329.5,294.6,10.5,2.3,3.8,63.2,0.9,7.5,12.5,3.7,
2022-03-07,Dinner,964.0,40.2,22.9,1.0,1.8,0.0,252.7,1396.6,408.6,104.3,4.9,17.0,48.6,110.3,50.4,88.0,12.7,
2022-03-07,Snacks,541.5,19.0,5.2,0.0,0.0,0.0,0.0,473.8,260.0,98.7,6.0,44.0,5.9,58.0,252.0,73.3,15.0,
2022-03-08,Breakfast,411.9,16.4,5.1,0.0,0.0,0.0,80.0,297.3,412.5,45.1,4.9,12.5,39.4,1.4,12.8,51.6,17.0,
2022-03-08,Lunch,560.9,27.7,6.3,4.7,11.4,0.0,212.8,329.1,276.8,9.9,2.1,3.7,63.1,0.8,6.8,12.4,3.5,
2022-03-08,Dinner,1110.0,57.0,27.3,1.9,3.7,1.0,503.7,2044.2,138.0,89.7,1.6,10.6,59.6,181.3,10.7,136.3,57.4,
2022-03-08,Snacks,729.0,29.3,7.8,0.5,0.2,0.0,2.8,579.1,70.0,79.5,3.5,32.0,38.9,50.0,250.0,53.4,20.5,
2022-03-09,Breakfast,282.9,1.0,0.1,0.0,0.0,0.0,0.5,69.8,300.5,51.0,5.7,25.3,29.8,9.4,14.8,36.5,2.8,
2022-03-09,Lunch,580.6,24.2,6.2,4.2,7.9,0.0,219.6,401.8,614.6,19.1,5.2,9.5,64.8,0.9,7.5,12.5,3.7,
2022-03-09,Dinner,961.8,34.0,14.9,0.6,1.4,0.0,223.7,1001.2,524.5,108.4,10.5,27.7,60.9,42.8,92.5,112.5,44.2,
2022-03-09,Snacks,427.9,24.6,7.4,0.0,0.0,0.0,0.0,395.8,108.0,65.5,2.8,22.2,12.4,0.0,0.0,19.3,19.0,
2022-03-10,Breakfast,378.9,16.6,3.1,0.0,0.0,0.0,0.5,153.8,408.5,59.4,7.5,27.1,35.2,9.4,14.8,37.7,11.8,
2022-03-10,Lunch,458.4,21.4,5.8,3.4,8.9,0.0,145.3,147.4,107.3,6.6,1.1,3.3,56.7,0.4,3.7,9.8,0.8,
2022-03-10,Dinner,1306.4,54.9,27.1,2.3,8.3,0.1,396.7,1744.1,225.0,110.7,5.1,13.0,94.0,37.8,6.8,73.9,30.6,
2022-03-10,Snacks,271.5,5.9,2.8,0.1,0.0,0.0,0.0,198.0,422.4,54.2,3.1,21.9,3.7,3.5,10.3,5.9,2.3,
2022-03-11,Breakfast,507.9,22.3,4.1,0.0,0.0,0.0,1.0,233.9,540.5,65.3,9.0,29.4,57.0,9.4,14.8,38.1,14.8,
2022-03-11,Lunch,891.6,30.7,7.1,5.5,13.3,0.0,195.8,193.5,214.6,63.7,5.9,4.7,84.7,0.9,7.5,10.5,1.7,
2022-03-11,Dinner,391.0,7.4,4.1,0.1,0.0,0.2,40.0,241.2,602.4,42.0,3.6,26.9,40.3,18.5,20.3,55.9,49.3,
2022-03-11,Snacks,668.3,41.5,13.6,0.6,2.7,0.1,0.0,784.5,0.0,60.8,3.2,8.4,12.3,0.0,0.0,6.4,6.2,
2022-03-12,Breakfast,456.4,27.0,6.6,0.0,0.0,0.0,1.0,378.1,224.5,30.9,4.1,6.3,58.3,1.4,12.8,24.1,12.8,
2022-03-12,Lunch,862.5,46.2,13.6,6.0,2.5,2.1,135.0,470.5,0.0,61.1,1.6,9.1,49.9,0.0,0.0,1.1,40.6,
2022-03-13,Lunch,70.0,4.0,2.5,0.0,0.0,0.0,2.5,25.0,0.0,9.0,0.0,8.0,0.5,0.0,0.0,0.0,0.0,
2022-03-14,Breakfast,273.1,9.0,2.1,0.0,0.0,0.0,0.0,136.1,138.1,27.0,3.7,1.9,37.6,1.4,12.8,33.1,5.6,
2022-03-14,Lunch,1111.8,54.8,24.2,3.7,9.3,0.0,248.7,1249.1,107.3,62.0,2.1,3.7,92.9,12.4,15.7,37.6,20.8,
2022-03-14,Dinner,775.7,32.5,15.5,1.9,6.8,0.0,435.7,318.5,863.4,58.1,8.1,26.7,66.0,24.8,10.3,56.5,31.2,
2022-03-14,Snacks,182.4,4.6,2.3,0.0,0.0,0.0,0.0,115.8,220.0,43.7,4.0,28.2,1.5,8.0,2.0,14.0,2.0,
2022-03-15,Breakfast,307.9,1.0,0.5,0.0,0.0,0.0,0.0,93.3,300.5,52.5,6.7,25.8,34.8,9.4,14.8,46.5,2.8,
2022-03-15,Lunch,818.1,28.7,6.8,5.0,11.7,0.0,214.7,449.0,193.3,43.8,5.4,4.0,91.9,0.7,6.0,10.6,7.3,
2022-03-15,Dinner,719.3,32.6,19.0,1.0,2.8,0.0,397.3,435.2,533.1,53.4,9.5,13.3,58.3,43.7,47.4,76.9,34.1,
2022-03-15,Snacks,238.0,4.0,2.1,0.0,0.0,0.0,0.0,160.5,0.0,24.1,1.0,7.3,27.0,0.0,0.0,10.0,2.0,
2022-03-16,Breakfast,307.9,1.0,0.5,0.0,0.0,0.0,0.0,153.3,360.5,52.5,6.7,25.8,34.8,9.4,14.8,46.5,2.8,
2022-03-16,Lunch,513.2,22.6,6.1,3.6,9.3,0.0,173.6,172.0,107.3,6.6,1.1,3.3,67.0,0.4,3.7,9.8,0.8,
2022-03-16,Dinner,605.5,30.4,13.9,2.0,8.0,0.0,366.5,352.4,453.3,37.2,6.5,11.7,50.5,64.5,47.4,44.7,21.5,
2022-03-16,Snacks,661.0,20.4,3.2,0.1,0.0,0.0,20.0,501.2,602.4,71.0,7.6,20.9,36.3,3.5,20.3,27.9,14.3,
2022-03-17,Breakfast,337.9,3.0,1.6,0.0,0.0,0.0,80.0,228.3,620.5,53.5,6.7,27.3,34.8,9.4,14.8,49.8,7.0,
2022-03-17,Lunch,538.9,23.9,6.3,4.0,10.0,0.0,180.4,178.4,128.8,7.4,1.4,3.4,69.6,0.5,4.5,9.9,1.0,
2022-03-17,Dinner,1026.5,48.8,25.9,2.0,10.0,0.0,504.5,588.4,1054.3,68.0,12.5,13.7,85.9,80.5,47.4,86.7,51.5,
2022-03-17,Snacks,498.0,22.5,4.0,0.5,0.2,0.0,0.0,540.5,30.0,65.1,2.5,8.8,8.0,0.0,20.0,5.9,13.5,
2022-03-18,Breakfast,227.9,1.0,0.5,0.0,0.0,0.0,0.0,91.3,80.5,22.5,2.7,1.8,34.8,1.4,12.8,32.5,0.8,
2022-03-18,Lunch,599.6,27.4,7.7,3.3,10.8,0.0,186.2,249.5,567.8,11.6,1.7,3.1,74.1,0.5,4.5,10.8,11.0,
2022-03-18,Dinner,820.0,0.0,0.0,0.0,0.0,0.0,0.0,0.0,0.0,0.0,0.0,0.0,0.0,0.0,0.0,0.0,0.0,
2022-03-18,Snacks,296.3,14.8,3.6,0.0,0.0,0.0,1.0,156.7,90.0,36.4,1.3,15.2,5.5,0.0,0.7,1.6,7.1,
2022-03-21,Breakfast,227.9,1.0,0.5,0.0,0.0,0.0,0.0,91.3,80.5,22.5,2.7,1.8,34.8,1.4,12.8,32.5,0.8,
2022-03-21,Lunch,698.8,27.7,6.5,5.3,12.3,0.0,166.7,932.2,275.9,39.7,2.8,4.7,68.5,0.9,9.3,13.5,9.6,
2022-03-21,Dinner,852.3,48.7,23.0,2.0,4.0,1.5,528.2,1338.2,162.0,38.6,6.0,2.2,63.7,8.7,0.0,96.7,25.3,
2022-03-21,Snacks,403.4,15.9,5.1,0.0,0.0,0.0,0.0,413.8,126.0,57.7,1.4,15.6,10.7,0.0,22.0,15.3,12.8,
2022-03-22,Breakfast,307.9,1.0,0.5,0.0,0.0,0.0,0.0,93.3,300.5,52.5,6.7,25.8,34.8,9.4,14.8,46.5,2.8,
2022-03-22,Lunch,559.2,27.3,6.4,5.1,12.1,0.0,162.4,168.1,214.6,10.9,2.3,4.2,64.4,0.9,7.5,11.7,1.7,
2022-03-22,Dinner,888.5,43.1,23.5,3.0,6.0,0.5,648.6,359.2,0.0,78.2,3.4,3.6,38.5,14.5,0.0,24.2,21.6,
2022-03-22,Snacks,757.9,20.7,7.1,0.1,0.0,0.2,21.0,353.1,668.4,90.7,7.9,45.3,40.5,18.5,16.3,48.5,56.9,
2022-03-23,Breakfast,227.9,1.0,0.5,0.0,0.0,0.0,0.0,91.3,80.5,22.5,2.7,1.8,34.8,1.4,12.8,32.5,0.8,
2022-03-23,Lunch,592.5,28.1,6.6,5.3,12.4,0.0,179.5,183.0,214.6,10.9,2.3,4.2,70.6,0.9,7.5,11.7,1.7,
2022-03-23,Dinner,490.3,17.8,3.9,2.1,4.1,0.0,390.0,1463.5,195.0,56.0,0.9,2.1,26.7,0.0,3.0,7.3,30.3,
2022-03-23,Snacks,1031.8,40.4,16.9,0.1,0.0,0.2,38.5,757.9,791.4,107.2,9.1,46.0,48.6,21.5,22.4,57.0,60.7,
2022-03-24,Breakfast,307.9,1.0,0.5,0.0,0.0,0.0,0.0,93.3,300.5,52.5,6.7,25.8,34.8,9.4,14.8,46.5,2.8,
2022-03-24,Lunch,812.5,28.4,6.6,5.4,12.4,0.0,177.0,1484.3,319.6,60.3,3.2,5.1,74.2,0.9,10.5,14.7,15.2,
2022-03-24,Dinner,482.3,19.8,3.4,2.0,4.0,0.5,453.6,348.6,0.0,8.0,1.0,4.1,55.1,14.5,0.0,32.2,15.6,
2022-03-24,Snacks,442.0,22.4,5.0,0.0,0.0,0.0,0.0,398.2,236.0,52.5,2.9,14.9,7.3,0.0,8.0,1.2,7.4,
2022-03-25,Breakfast,307.9,1.0,0.5,0.0,0.0,0.0,0.0,93.3,300.5,52.5,6.7,25.8,34.8,9.4,14.8,46.5,2.8,
2022-03-25,Lunch,481.8,16.4,3.3,4.0,8.3,0.0,88.0,370.2,713.6,41.8,3.3,5.1,42.0,0.9,7.5,11.2,26.7,
2022-03-25,Dinner,954.0,52.2,12.6,0.0,0.0,12.6,180.0,2718.0,0.0,59.4,10.8,12.6,66.6,162.0,180.0,45.0,36.0,
2022-03-25,Snacks,805.9,33.4,10.9,2.5,5.3,0.0,0.0,256.3,135.0,72.5,7.5,33.5,41.5,0.0,6.0,13.4,15.2,
2022-03-28,Breakfast,307.9,1.0,0.5,0.0,0.0,0.0,0.0,93.3,300.5,52.5,6.7,25.8,34.8,9.4,14.8,46.5,2.8,
2022-03-28,Lunch,679.3,27.4,6.2,5.0,11.9,0.0,145.3,728.2,214.6,43.9,3.1,5.0,61.2,2.4,7.5,13.2,7.8,
2022-03-28,Dinner,588.5,20.4,3.0,2.0,4.0,0.5,453.6,723.6,162.0,46.2,6.0,11.6,44.3,14.5,0.0,22.2,27.6,
2022-03-28,Snacks,546.4,18.7,6.1,0.0,0.0,0.0,0.0,373.8,120.0,39.3,3.0,14.8,57.5,0.0,0.0,35.4,14.4,
2022-03-29,Breakfast,318.9,2.0,0.1,0.0,0.0,0.0,2.0,74.3,425.5,51.5,5.7,25.3,35.8,9.4,16.8,46.5,3.8,
2022-03-29,Lunch,853.1,31.0,6.7,5.8,13.4,0.0,179.5,1083.7,250.4,63.8,3.9,5.6,75.5,3.4,8.7,14.3,11.5,
2022-03-29,Dinner,718.5,26.0,5.3,2.9,5.4,0.5,453.6,1037.1,147.0,68.2,4.7,17.8,42.7,14.5,0.0,29.1,48.6,
2022-03-29,Snacks,1097.4,51.9,14.4,0.1,0.0,0.2,22.0,741.0,1492.4,114.8,7.6,48.7,49.3,18.5,27.3,49.3,59.0,
2022-03-30,Lunch,803.2,29.9,6.4,5.6,13.0,0.0,153.8,1061.4,250.4,63.8,3.9,5.6,66.2,3.4,8.7,14.3,11.5,
2022-03-30,Dinner,512.9,24.4,4.4,6.5,11.3,0.0,390.0,424.9,310.4,45.7,3.7,5.3,29.9,1.0,8.7,13.4,28.9,
2022-03-30,Snacks,1097.4,51.9,14.4,0.1,0.0,0.2,22.0,741.0,1492.4,114.8,7.6,48.7,49.3,18.5,27.3,49.3,59.0,
2022-03-31,Breakfast,318.9,2.0,0.1,0.0,0.0,0.0,2.0,74.3,425.5,51.5,5.7,25.3,35.8,9.4,16.8,46.5,3.8,
2022-03-31,Lunch,767.5,28.9,6.5,5.3,12.3,0.0,177.0,855.8,214.6,49.6,3.2,5.1,73.3,2.7,7.5,13.5,8.9,
2022-03-31,Dinner,898.0,35.2,10.3,1.0,2.8,0.7,396.7,1596.7,100.0,90.3,4.0,12.3,35.5,26.9,0.0,31.6,16.7,
2022-03-31,Snacks,842.4,37.4,10.9,0.1,0.0,0.0,20.0,555.0,1217.4,89.8,7.1,38.2,42.3,3.5,29.3,29.3,16.5,
2022-04-04,Breakfast,333.9,2.5,1.1,0.0,0.0,0.0,20.0,228.3,540.5,48.0,7.2,34.8,40.0,9.4,24.8,56.5,6.8,
2022-04-04,Lunch,691.8,28.2,6.4,5.2,12.2,0.0,165.0,666.7,214.6,39.2,3.0,4.5,67.1,2.2,7.5,11.8,7.0,
2022-04-04,Dinner,942.5,47.4,24.9,1.8,6.8,1.1,423.1,746.2,701.5,66.0,9.7,21.3,69.9,17.0,47.4,62.0,23.5,
2022-04-04,Snacks,477.8,16.6,5.7,3.3,3.6,0.0,24.0,342.5,250.4,77.5,4.1,39.5,6.6,0.0,0.0,17.2,18.2,
2022-04-05,Breakfast,333.9,2.5,1.1,0.0,0.0,0.0,20.0,228.3,540.5,48.0,7.2,34.8,40.0,9.4,24.8,56.5,6.8,
2022-04-05,Lunch,684.2,27.9,6.3,5.1,12.1,0.0,158.1,664.4,214.6,39.6,3.0,4.9,65.5,2.2,7.5,13.0,7.0,
2022-04-05,Dinner,972.6,41.6,16.7,3.0,12.8,0.6,375.8,701.1,514.4,60.2,8.6,17.8,53.3,17.0,47.4,39.6,22.3,
2022-04-05,Snacks,649.4,21.8,7.4,5.0,5.4,0.0,36.0,403.8,183.0,106.5,3.1,53.7,9.4,0.0,0.0,18.0,28.0,
2022-04-06,Breakfast,177.9,0.5,0.1,0.0,0.0,0.0,0.0,98.3,360.5,45.0,6.7,33.3,10.0,9.4,14.8,36.5,2.8,
2022-04-06,Lunch,1023.2,33.9,6.3,5.1,12.1,0.0,158.1,664.4,214.6,62.6,7.0,4.9,82.5,2.2,7.5,13.0,7.0,
2022-04-06,Dinner,339.0,6.0,0.0,0.0,0.0,0.0,0.0,0.0,0.0,23.0,4.0,0.0,17.0,0.0,0.0,0.0,0.0,
2022-04-06,Snacks,791.0,18.9,11.5,0.1,0.0,0.0,25.0,271.2,602.4,110.0,9.6,82.9,48.3,3.5,20.3,25.9,30.3,
2022-04-07,Snacks,160.0,6.0,3.0,0.0,0.0,0.0,0.0,64.0,0.0,24.0,0.0,13.0,2.0,0.0,0.0,1.0,3.0,
