[{"sleepStartTimestampGMT":"2020-01-04T07:48:00.0","sleepEndTimestampGMT":"2020-01-04T14:12:00.0","calendarDate":"2020-01-04","sleepWindowConfirmationType":"ENHANCED_CONFIRMED_FINAL","deepSleepSeconds":2760,"lightSleepSeconds":15660,"remSleepSeconds":4620,"awakeSleepSeconds":0,"unmeasurableSeconds":0,"spo2SleepSummary":{"userProfilePk":82576128,"deviceId":3317189130,"sleepMeasurementStartGMT":"2020-01-04T07:24:13.0","sleepMeasurementEndGMT":"2020-01-04T11:24:13.0","alertThresholdValue":0,"averageHR":57.0},"averageRespiration":14.0,"lowestRespiration":7.0,"highestRespiration":29.0,"retro":false},{"sleepStartTimestampGMT":"2020-01-05T03:30:00.0","sleepEndTimestampGMT":"2020-01-05T10:45:00.0","calendarDate":"2020-01-05","sleepWindowConfirmationType":"UNCONFIRMED","retro":false},{"sleepStartTimestampGMT":"2020-01-06T04:25:00.0","sleepEndTimestampGMT":"2020-01-06T10:09:00.0","calendarDate":"2020-01-06","sleepWindowConfirmationType":"ENHANCED_CONFIRMED_FINAL","deepSleepSeconds":4500,"lightSleepSeconds":12060,"remSleepSeconds":4080,"awakeSleepSeconds":0,"unmeasurableSeconds":0,"averageRespiration":15.0,"lowestRespiration":10.0,"highestRespiration":21.0,"retro":false},{"sleepStartTimestampGMT":"2020-01-07T02:26:00.0","sleepEndTimestampGMT":"2020-01-07T10:02:00.0","calendarDate":"2020-01-07","sleepWindowConfirmationType":"ENHANCED_CONFIRMED_FINAL","deepSleepSeconds":4500,"lightSleepSeconds":16500,"remSleepSeconds":6180,"awakeSleepSeconds":180,"unmeasurableSeconds":0,"averageRespiration":15.0,"lowestRespiration":7.0,"highestRespiration":21.0,"retro":false},{"sleepStartTimestampGMT":"2020-01-08T03:01:00.0","sleepEndTimestampGMT":"2020-01-08T10:44:00.0","calendarDate":"2020-01-08","sleepWindowConfirmationType":"ENHANCED_CONFIRMED_FINAL","deepSleepSeconds":2880,"lightSleepSeconds":16560,"remSleepSeconds":8280,"awakeSleepSeconds":60,"unmeasurableSeconds":0,"averageRespiration":13.0,"lowestRespiration":6.0,"highestRespiration":18.0,"retro":false},{"sleepStartTimestampGMT":"2020-01-09T03:16:00.0","sleepEndTimestampGMT":"2020-01-09T10:40:00.0","calendarDate":"2020-01-09","sleepWindowConfirmationType":"ENHANCED_CONFIRMED_FINAL","deepSleepSeconds":2640,"lightSleepSeconds":19140,"remSleepSeconds":4800,"awakeSleepSeconds":60,"unmeasurableSeconds":0,"averageRespiration":13.0,"lowestRespiration":6.0,"highestRespiration":19.0,"retro":false},{"sleepStartTimestampGMT":"2020-01-10T03:17:00.0","sleepEndTimestampGMT":"2020-01-10T10:46:00.0","calendarDate":"2020-01-10","sleepWindowConfirmationType":"ENHANCED_CONFIRMED_FINAL","deepSleepSeconds":6300,"lightSleepSeconds":15660,"remSleepSeconds":4920,"awakeSleepSeconds":60,"unmeasurableSeconds":0,"spo2SleepSummary":{"userProfilePk":82576128,"deviceId":3317189130,"sleepMeasurementStartGMT":"2020-01-10T10:42:00.0","sleepMeasurementEndGMT":"2020-01-10T10:42:00.0","averageSPO2":95.0,"averageHR":54.0,"lowestSPO2":95},"averageRespiration":12.0,"lowestRespiration":6.0,"highestRespiration":28.0,"retro":false},{"sleepStartTimestampGMT":"2020-01-11T06:17:00.0","sleepEndTimestampGMT":"2020-01-11T14:12:00.0","calendarDate":"2020-01-11","sleepWindowConfirmationType":"ENHANCED_CONFIRMED_FINAL","deepSleepSeconds":2820,"lightSleepSeconds":18840,"remSleepSeconds":6840,"awakeSleepSeconds":0,"unmeasurableSeconds":0,"spo2SleepSummary":{"userProfilePk":82576128,"deviceId":3317189130,"sleepMeasurementStartGMT":"2020-01-11T06:18:00.0","sleepMeasurementEndGMT":"2020-01-11T10:45:00.0","averageSPO2":96.0,"averageHR":54.0,"lowestSPO2":88},"averageRespiration":13.0,"lowestRespiration":7.0,"highestRespiration":17.0,"retro":false},{"sleepStartTimestampGMT":"2020-01-12T04:01:00.0","sleepEndTimestampGMT":"2020-01-12T13:51:00.0","calendarDate":"2020-01-12","sleepWindowConfirmationType":"AUTO_CONFIRMED_FINAL","deepSleepSeconds":34560,"lightSleepSeconds":840,"awakeSleepSeconds":0,"unmeasurableSeconds":0,"spo2SleepSummary":{"userProfilePk":82576128,"deviceId":3317189130,"sleepMeasurementStartGMT":"2020-01-13T03:30:00.0","sleepMeasurementEndGMT":"2020-01-13T07:30:00.0","alertThresholdValue":0,"averageHR":66.0},"retro":false},{"sleepStartTimestampGMT":"2020-01-13T03:54:00.0","sleepEndTimestampGMT":"2020-01-13T10:05:00.0","calendarDate":"2020-01-13","sleepWindowConfirmationType":"ENHANCED_CONFIRMED_FINAL","deepSleepSeconds":420,"lightSleepSeconds":13200,"remSleepSeconds":7800,"awakeSleepSeconds":840,"unmeasurableSeconds":0,"spo2SleepSummary":{"userProfilePk":82576128,"deviceId":3317189130,"sleepMeasurementStartGMT":"2020-01-13T03:55:00.0","sleepMeasurementEndGMT":"2020-01-13T09:55:00.0","averageSPO2":94.0,"averageHR":63.0,"lowestSPO2":85},"averageRespiration":13.0,"lowestRespiration":7.0,"highestRespiration":19.0,"retro":false},{"sleepStartTimestampGMT":"2020-01-14T03:15:00.0","sleepEndTimestampGMT":"2020-01-14T10:46:00.0","calendarDate":"2020-01-14","sleepWindowConfirmationType":"ENHANCED_CONFIRMED","deepSleepSeconds":5400,"lightSleepSeconds":14700,"remSleepSeconds":6840,"awakeSleepSeconds":120,"unmeasurableSeconds":0,"spo2SleepSummary":{"userProfilePk":82576128,"deviceId":3317189130,"sleepMeasurementStartGMT":"2020-01-14T03:31:00.0","sleepMeasurementEndGMT":"2020-01-14T10:45:00.0","averageSPO2":96.0,"averageHR":55.0,"lowestSPO2":86},"averageRespiration":13.0,"lowestRespiration":7.0,"highestRespiration":18.0,"retro":false},{"sleepStartTimestampGMT":"2020-01-15T04:27:00.0","sleepEndTimestampGMT":"2020-01-15T10:19:00.0","calendarDate":"2020-01-15","sleepWindowConfirmationType":"ENHANCED_CONFIRMED_FINAL","deepSleepSeconds":3360,"lightSleepSeconds":10440,"remSleepSeconds":7260,"awakeSleepSeconds":60,"unmeasurableSeconds":0,"spo2SleepSummary":{"userProfilePk":82576128,"deviceId":3317189130,"sleepMeasurementStartGMT":"2020-01-15T04:28:00.0","sleepMeasurementEndGMT":"2020-01-15T10:19:00.0","averageSPO2":95.0,"averageHR":55.0,"lowestSPO2":88},"averageRespiration":13.0,"lowestRespiration":6.0,"highestRespiration":17.0,"retro":false},{"sleepStartTimestampGMT":"2020-01-16T02:01:00.0","sleepEndTimestampGMT":"2020-01-16T11:09:00.0","calendarDate":"2020-01-16","sleepWindowConfirmationType":"OFF_WRIST","deepSleepSeconds":0,"lightSleepSeconds":0,"awakeSleepSeconds":0,"unmeasurableSeconds":0,"spo2SleepSummary":{"userProfilePk":82576128,"deviceId":3317189130,"sleepMeasurementStartGMT":"2020-01-17T03:30:00.0","sleepMeasurementEndGMT":"2020-01-17T07:30:00.0","alertThresholdValue":0},"retro":false},{"sleepStartTimestampGMT":"2020-01-17T03:39:00.0","sleepEndTimestampGMT":"2020-01-17T10:42:00.0","calendarDate":"2020-01-17","sleepWindowConfirmationType":"ENHANCED_CONFIRMED_FINAL","deepSleepSeconds":4980,"lightSleepSeconds":13380,"remSleepSeconds":6840,"awakeSleepSeconds":180,"unmeasurableSeconds":0,"spo2SleepSummary":{"userProfilePk":82576128,"deviceId":3317189130,"sleepMeasurementStartGMT":"2020-01-17T03:40:00.0","sleepMeasurementEndGMT":"2020-01-17T10:42:00.0","averageSPO2":96.0,"averageHR":54.0,"lowestSPO2":86},"averageRespiration":13.0,"lowestRespiration":6.0,"highestRespiration":18.0,"retro":false},{"sleepStartTimestampGMT":"2020-01-18T06:57:00.0","sleepEndTimestampGMT":"2020-01-18T14:24:00.0","calendarDate":"2020-01-18","sleepWindowConfirmationType":"ENHANCED_CONFIRMED_FINAL","deepSleepSeconds":2160,"lightSleepSeconds":19140,"remSleepSeconds":5280,"awakeSleepSeconds":240,"unmeasurableSeconds":0,"spo2SleepSummary":{"userProfilePk":82576128,"deviceId":3317189130,"sleepMeasurementStartGMT":"2020-01-18T06:58:00.0","sleepMeasurementEndGMT":"2020-01-18T10:45:00.0","averageSPO2":94.0,"averageHR":58.0,"lowestSPO2":84},"averageRespiration":12.0,"lowestRespiration":7.0,"highestRespiration":17.0,"retro":false},{"sleepStartTimestampGMT":"2020-01-19T05:29:00.0","sleepEndTimestampGMT":"2020-01-19T13:16:00.0","calendarDate":"2020-01-19","sleepWindowConfirmationType":"ENHANCED_CONFIRMED","deepSleepSeconds":0,"lightSleepSeconds":19560,"remSleepSeconds":8220,"awakeSleepSeconds":240,"unmeasurableSeconds":0,"spo2SleepSummary":{"userProfilePk":82576128,"deviceId":3317189130,"sleepMeasurementStartGMT":"2020-01-19T05:30:00.0","sleepMeasurementEndGMT":"2020-01-19T10:46:00.0","averageSPO2":96.0,"averageHR":62.0,"lowestSPO2":88},"averageRespiration":12.0,"lowestRespiration":6.0,"highestRespiration":18.0,"retro":false},{"sleepStartTimestampGMT":"2020-01-20T04:29:00.0","sleepEndTimestampGMT":"2020-01-20T10:09:00.0","calendarDate":"2020-01-20","sleepWindowConfirmationType":"ENHANCED_CONFIRMED_FINAL","deepSleepSeconds":2640,"lightSleepSeconds":14640,"remSleepSeconds":2760,"awakeSleepSeconds":360,"unmeasurableSeconds":0,"spo2SleepSummary":{"userProfilePk":82576128,"deviceId":3317189130,"sleepMeasurementStartGMT":"2020-01-20T04:30:00.0","sleepMeasurementEndGMT":"2020-01-20T10:06:00.0","averageSPO2":97.0,"averageHR":64.0,"lowestSPO2":89},"averageRespiration":13.0,"lowestRespiration":7.0,"highestRespiration":19.0,"retro":false},{"sleepStartTimestampGMT":"2020-01-21T02:20:00.0","sleepEndTimestampGMT":"2020-01-21T10:33:00.0","calendarDate":"2020-01-21","sleepWindowConfirmationType":"ENHANCED_CONFIRMED","deepSleepSeconds":4020,"lightSleepSeconds":16620,"remSleepSeconds":8220,"awakeSleepSeconds":720,"unmeasurableSeconds":0,"spo2SleepSummary":{"userProfilePk":82576128,"deviceId":3317189130,"sleepMeasurementStartGMT":"2020-01-21T03:39:00.0","sleepMeasurementEndGMT":"2020-01-21T10:32:00.0","averageSPO2":97.0,"averageHR":56.0,"lowestSPO2":87},"averageRespiration":13.0,"lowestRespiration":7.0,"highestRespiration":18.0,"retro":false},{"sleepStartTimestampGMT":"2020-01-22T02:01:00.0","sleepEndTimestampGMT":"2020-01-22T10:55:00.0","calendarDate":"2020-01-22","sleepWindowConfirmationType":"OFF_WRIST","deepSleepSeconds":0,"lightSleepSeconds":0,"awakeSleepSeconds":0,"unmeasurableSeconds":0,"spo2SleepSummary":{"userProfilePk":82576128,"deviceId":3317189130,"sleepMeasurementStartGMT":"2020-01-23T03:30:00.0","sleepMeasurementEndGMT":"2020-01-23T07:30:00.0","alertThresholdValue":0},"retro":false},{"sleepStartTimestampGMT":"2020-01-23T02:01:00.0","sleepEndTimestampGMT":"2020-01-23T11:13:00.0","calendarDate":"2020-01-23","sleepWindowConfirmationType":"OFF_WRIST","deepSleepSeconds":0,"lightSleepSeconds":0,"awakeSleepSeconds":0,"unmeasurableSeconds":0,"spo2SleepSummary":{"userProfilePk":82576128,"deviceId":3317189130,"sleepMeasurementStartGMT":"2020-01-23T07:05:42.0","sleepMeasurementEndGMT":"2020-01-23T11:05:42.0","alertThresholdValue":0},"retro":false},{"sleepStartTimestampGMT":"2020-01-24T02:54:00.0","sleepEndTimestampGMT":"2020-01-24T10:20:00.0","calendarDate":"2020-01-24","sleepWindowConfirmationType":"ENHANCED_CONFIRMED_FINAL","deepSleepSeconds":6360,"lightSleepSeconds":18360,"remSleepSeconds":2040,"awakeSleepSeconds":0,"unmeasurableSeconds":0,"spo2SleepSummary":{"userProfilePk":82576128,"deviceId":3317189130,"sleepMeasurementStartGMT":"2020-01-24T03:45:00.0","sleepMeasurementEndGMT":"2020-01-24T10:17:00.0","averageSPO2":95.0,"averageHR":58.0,"lowestSPO2":83},"averageRespiration":13.0,"lowestRespiration":7.0,"highestRespiration":18.0,"retro":false},{"sleepStartTimestampGMT":"2020-01-25T02:27:00.0","sleepEndTimestampGMT":"2020-01-25T14:11:00.0","calendarDate":"2020-01-25","sleepWindowConfirmationType":"OFF_WRIST","deepSleepSeconds":0,"lightSleepSeconds":0,"awakeSleepSeconds":0,"unmeasurableSeconds":0,"spo2SleepSummary":{"userProfilePk":82576128,"deviceId":3317189130,"sleepMeasurementStartGMT":"2020-01-26T03:30:00.0","sleepMeasurementEndGMT":"2020-01-26T07:30:00.0","alertThresholdValue":0},"retro":false},{"sleepStartTimestampGMT":"2020-01-26T06:42:00.0","sleepEndTimestampGMT":"2020-01-26T13:02:00.0","calendarDate":"2020-01-26","sleepWindowConfirmationType":"ENHANCED_CONFIRMED_FINAL","deepSleepSeconds":0,"lightSleepSeconds":15300,"remSleepSeconds":7140,"awakeSleepSeconds":360,"unmeasurableSeconds":0,"spo2SleepSummary":{"userProfilePk":82576128,"deviceId":3317189130,"sleepMeasurementStartGMT":"2020-01-26T06:50:00.0","sleepMeasurementEndGMT":"2020-01-26T10:45:00.0","averageSPO2":93.0,"averageHR":63.0,"lowestSPO2":84},"averageRespiration":13.0,"lowestRespiration":7.0,"highestRespiration":18.0,"retro":false},{"sleepStartTimestampGMT":"2020-01-27T03:23:00.0","sleepEndTimestampGMT":"2020-01-27T10:30:00.0","calendarDate":"2020-01-27","sleepWindowConfirmationType":"ENHANCED_CONFIRMED_FINAL","deepSleepSeconds":0,"lightSleepSeconds":21240,"remSleepSeconds":4020,"awakeSleepSeconds":360,"unmeasurableSeconds":0,"spo2SleepSummary":{"userProfilePk":82576128,"deviceId":3317189130,"sleepMeasurementStartGMT":"2020-01-27T03:31:00.0","sleepMeasurementEndGMT":"2020-01-27T10:30:00.0","averageSPO2":96.0,"averageHR":65.0,"lowestSPO2":85},"averageRespiration":13.0,"lowestRespiration":6.0,"highestRespiration":19.0,"retro":false},{"sleepStartTimestampGMT":"2020-01-28T00:55:00.0","sleepEndTimestampGMT":"2020-01-28T09:57:00.0","calendarDate":"2020-01-28","sleepWindowConfirmationType":"ENHANCED_CONFIRMED","deepSleepSeconds":2880,"lightSleepSeconds":23580,"remSleepSeconds":2700,"awakeSleepSeconds":1620,"unmeasurableSeconds":1740,"spo2SleepSummary":{"userProfilePk":82576128,"deviceId":3317189130,"sleepMeasurementStartGMT":"2020-01-28T03:31:00.0","sleepMeasurementEndGMT":"2020-01-28T09:57:00.0","averageSPO2":94.0,"averageHR":55.0,"lowestSPO2":85},"averageRespiration":13.0,"lowestRespiration":6.0,"highestRespiration":18.0,"retro":false},{"sleepStartTimestampGMT":"2020-01-29T06:30:00.0","sleepEndTimestampGMT":"2020-01-29T11:11:00.0","calendarDate":"2020-01-29","sleepWindowConfirmationType":"ENHANCED_CONFIRMED_FINAL","deepSleepSeconds":4800,"lightSleepSeconds":9720,"remSleepSeconds":2340,"awakeSleepSeconds":0,"unmeasurableSeconds":0,"spo2SleepSummary":{"userProfilePk":82576128,"deviceId":3317189130,"sleepMeasurementStartGMT":"2020-01-29T06:31:00.0","sleepMeasurementEndGMT":"2020-01-29T10:45:00.0","averageSPO2":95.0,"averageHR":57.0,"lowestSPO2":86},"averageRespiration":13.0,"lowestRespiration":6.0,"highestRespiration":19.0,"retro":false},{"sleepStartTimestampGMT":"2020-01-30T02:46:00.0","sleepEndTimestampGMT":"2020-01-30T10:06:00.0","calendarDate":"2020-01-30","sleepWindowConfirmationType":"ENHANCED_CONFIRMED_FINAL","deepSleepSeconds":5820,"lightSleepSeconds":14760,"remSleepSeconds":5820,"awakeSleepSeconds":0,"unmeasurableSeconds":0,"spo2SleepSummary":{"userProfilePk":82576128,"deviceId":3317189130,"sleepMeasurementStartGMT":"2020-01-30T03:31:00.0","sleepMeasurementEndGMT":"2020-01-30T10:03:00.0","averageSPO2":95.0,"averageHR":56.0,"lowestSPO2":88},"averageRespiration":13.0,"lowestRespiration":6.0,"highestRespiration":18.0,"retro":false},{"sleepStartTimestampGMT":"2020-01-31T03:17:00.0","sleepEndTimestampGMT":"2020-01-31T10:44:00.0","calendarDate":"2020-01-31","sleepWindowConfirmationType":"ENHANCED_CONFIRMED","deepSleepSeconds":1800,"lightSleepSeconds":18000,"remSleepSeconds":6240,"awakeSleepSeconds":780,"unmeasurableSeconds":0,"spo2SleepSummary":{"userProfilePk":82576128,"deviceId":3317189130,"sleepMeasurementStartGMT":"2020-01-31T03:31:00.0","sleepMeasurementEndGMT":"2020-01-31T10:35:00.0","averageSPO2":96.0,"averageHR":58.0,"lowestSPO2":86},"averageRespiration":12.0,"lowestRespiration":6.0,"highestRespiration":28.0,"retro":false},{"sleepStartTimestampGMT":"2020-02-01T02:57:00.0","sleepEndTimestampGMT":"2020-02-01T14:16:00.0","calendarDate":"2020-02-01","sleepWindowConfirmationType":"OFF_WRIST","deepSleepSeconds":0,"lightSleepSeconds":0,"awakeSleepSeconds":0,"unmeasurableSeconds":0,"spo2SleepSummary":{"userProfilePk":82576128,"deviceId":3317189130,"sleepMeasurementStartGMT":"2020-02-02T03:30:00.0","sleepMeasurementEndGMT":"2020-02-02T07:30:00.0","alertThresholdValue":0},"retro":false},{"sleepStartTimestampGMT":"2020-02-02T05:18:00.0","sleepEndTimestampGMT":"2020-02-02T14:00:00.0","calendarDate":"2020-02-02","sleepWindowConfirmationType":"ENHANCED_CONFIRMED","deepSleepSeconds":0,"lightSleepSeconds":17340,"remSleepSeconds":13440,"awakeSleepSeconds":540,"unmeasurableSeconds":0,"spo2SleepSummary":{"userProfilePk":82576128,"deviceId":3317189130,"sleepMeasurementStartGMT":"2020-02-02T05:20:00.0","sleepMeasurementEndGMT":"2020-02-02T10:45:00.0","averageSPO2":95.0,"averageHR":58.0,"lowestSPO2":86},"averageRespiration":13.0,"lowestRespiration":7.0,"highestRespiration":18.0,"retro":false},{"sleepStartTimestampGMT":"2020-02-03T03:52:00.0","sleepEndTimestampGMT":"2020-02-03T09:56:00.0","calendarDate":"2020-02-03","sleepWindowConfirmationType":"ENHANCED_CONFIRMED_FINAL","deepSleepSeconds":4380,"lightSleepSeconds":13260,"remSleepSeconds":3960,"awakeSleepSeconds":240,"unmeasurableSeconds":0,"spo2SleepSummary":{"userProfilePk":82576128,"deviceId":3317189130,"sleepMeasurementStartGMT":"2020-02-03T03:53:00.0","sleepMeasurementEndGMT":"2020-02-03T09:46:00.0","averageSPO2":94.0,"averageHR":61.0,"lowestSPO2":86},"averageRespiration":14.0,"lowestRespiration":7.0,"highestRespiration":21.0,"retro":false},{"sleepStartTimestampGMT":"2020-02-04T03:56:00.0","sleepEndTimestampGMT":"2020-02-04T10:30:00.0","calendarDate":"2020-02-04","sleepWindowConfirmationType":"ENHANCED_CONFIRMED_FINAL","deepSleepSeconds":2100,"lightSleepSeconds":14760,"remSleepSeconds":6660,"awakeSleepSeconds":120,"unmeasurableSeconds":0,"spo2SleepSummary":{"userProfilePk":82576128,"deviceId":3317189130,"sleepMeasurementStartGMT":"2020-02-04T03:58:00.0","sleepMeasurementEndGMT":"2020-02-04T10:25:00.0","averageSPO2":95.0,"averageHR":52.0,"lowestSPO2":87},"averageRespiration":13.0,"lowestRespiration":7.0,"highestRespiration":18.0,"retro":false},{"sleepStartTimestampGMT":"2020-02-05T02:01:00.0","sleepEndTimestampGMT":"2020-02-05T10:51:00.0","calendarDate":"2020-02-05","sleepWindowConfirmationType":"OFF_WRIST","deepSleepSeconds":0,"lightSleepSeconds":0,"awakeSleepSeconds":0,"unmeasurableSeconds":0,"spo2SleepSummary":{"userProfilePk":82576128,"deviceId":3317189130,"sleepMeasurementStartGMT":"2020-02-06T03:30:00.0","sleepMeasurementEndGMT":"2020-02-06T07:30:00.0","alertThresholdValue":0},"retro":false},{"sleepStartTimestampGMT":"2020-02-06T03:18:00.0","sleepEndTimestampGMT":"2020-02-06T10:42:00.0","calendarDate":"2020-02-06","sleepWindowConfirmationType":"ENHANCED_CONFIRMED_FINAL","deepSleepSeconds":4560,"lightSleepSeconds":17880,"remSleepSeconds":4140,"awakeSleepSeconds":60,"unmeasurableSeconds":0,"spo2SleepSummary":{"userProfilePk":82576128,"deviceId":3317189130,"sleepMeasurementStartGMT":"2020-02-06T03:31:00.0","sleepMeasurementEndGMT":"2020-02-06T10:39:00.0","averageSPO2":94.0,"averageHR":60.0,"lowestSPO2":84},"averageRespiration":14.0,"lowestRespiration":7.0,"highestRespiration":21.0,"retro":false},{"sleepStartTimestampGMT":"2020-02-07T05:06:00.0","sleepEndTimestampGMT":"2020-02-07T11:21:00.0","calendarDate":"2020-02-07","sleepWindowConfirmationType":"ENHANCED_CONFIRMED_FINAL","deepSleepSeconds":3960,"lightSleepSeconds":12720,"remSleepSeconds":5640,"awakeSleepSeconds":180,"unmeasurableSeconds":0,"spo2SleepSummary":{"userProfilePk":82576128,"deviceId":3317189130,"sleepMeasurementStartGMT":"2020-02-07T05:07:00.0","sleepMeasurementEndGMT":"2020-02-07T10:45:00.0","averageSPO2":95.0,"averageHR":57.0,"lowestSPO2":87},"averageRespiration":13.0,"lowestRespiration":6.0,"highestRespiration":22.0,"retro":false},{"sleepStartTimestampGMT":"2020-02-08T06:55:00.0","sleepEndTimestampGMT":"2020-02-08T13:46:00.0","calendarDate":"2020-02-08","sleepWindowConfirmationType":"ENHANCED_CONFIRMED_FINAL","deepSleepSeconds":5160,"lightSleepSeconds":14820,"remSleepSeconds":4680,"awakeSleepSeconds":0,"unmeasurableSeconds":0,"spo2SleepSummary":{"userProfilePk":82576128,"deviceId":3317189130,"sleepMeasurementStartGMT":"2020-02-08T06:57:00.0","sleepMeasurementEndGMT":"2020-02-08T10:45:00.0","averageSPO2":94.0,"averageHR":59.0,"lowestSPO2":87},"averageRespiration":14.0,"lowestRespiration":8.0,"highestRespiration":20.0,"retro":false},{"sleepStartTimestampGMT":"2020-02-09T05:51:00.0","sleepEndTimestampGMT":"2020-02-09T13:09:00.0","calendarDate":"2020-02-09","sleepWindowConfirmationType":"ENHANCED_CONFIRMED_FINAL","deepSleepSeconds":3720,"lightSleepSeconds":16620,"remSleepSeconds":5880,"awakeSleepSeconds":60,"unmeasurableSeconds":0,"spo2SleepSummary":{"userProfilePk":82576128,"deviceId":3317189130,"sleepMeasurementStartGMT":"2020-02-09T05:52:00.0","sleepMeasurementEndGMT":"2020-02-09T10:45:00.0","averageSPO2":95.0,"averageHR":57.0,"lowestSPO2":85},"averageRespiration":14.0,"lowestRespiration":6.0,"highestRespiration":19.0,"retro":false},{"sleepStartTimestampGMT":"2020-02-10T04:43:00.0","sleepEndTimestampGMT":"2020-02-10T10:42:00.0","calendarDate":"2020-02-10","sleepWindowConfirmationType":"ENHANCED_CONFIRMED_FINAL","deepSleepSeconds":4020,"lightSleepSeconds":13920,"remSleepSeconds":3480,"awakeSleepSeconds":120,"unmeasurableSeconds":0,"spo2SleepSummary":{"userProfilePk":82576128,"deviceId":3317189130,"sleepMeasurementStartGMT":"2020-02-10T04:44:00.0","sleepMeasurementEndGMT":"2020-02-10T10:42:00.0","averageSPO2":94.0,"averageHR":65.0,"lowestSPO2":80},"averageRespiration":15.0,"lowestRespiration":7.0,"highestRespiration":19.0,"retro":false},{"sleepStartTimestampGMT":"2020-02-11T03:35:00.0","sleepEndTimestampGMT":"2020-02-11T10:28:00.0","calendarDate":"2020-02-11","sleepWindowConfirmationType":"ENHANCED_CONFIRMED_FINAL","deepSleepSeconds":5220,"lightSleepSeconds":14220,"remSleepSeconds":5160,"awakeSleepSeconds":180,"unmeasurableSeconds":0,"spo2SleepSummary":{"userProfilePk":82576128,"deviceId":3317189130,"sleepMeasurementStartGMT":"2020-02-11T03:36:00.0","sleepMeasurementEndGMT":"2020-02-11T10:28:00.0","averageSPO2":94.0,"averageHR":60.0,"lowestSPO2":83},"averageRespiration":13.0,"lowestRespiration":7.0,"highestRespiration":20.0,"retro":false},{"sleepStartTimestampGMT":"2020-02-12T01:50:00.0","sleepEndTimestampGMT":"2020-02-12T10:36:00.0","calendarDate":"2020-02-12","sleepWindowConfirmationType":"ENHANCED_CONFIRMED","deepSleepSeconds":3480,"lightSleepSeconds":21540,"remSleepSeconds":6180,"awakeSleepSeconds":360,"unmeasurableSeconds":0,"spo2SleepSummary":{"userProfilePk":82576128,"deviceId":3317189130,"sleepMeasurementStartGMT":"2020-02-12T03:32:00.0","sleepMeasurementEndGMT":"2020-02-12T10:28:00.0","averageSPO2":96.0,"averageHR":56.0,"lowestSPO2":88},"averageRespiration":13.0,"lowestRespiration":7.0,"highestRespiration":19.0,"retro":false},{"sleepStartTimestampGMT":"2020-02-13T05:10:00.0","sleepEndTimestampGMT":"2020-02-13T10:48:00.0","calendarDate":"2020-02-13","sleepWindowConfirmationType":"ENHANCED_CONFIRMED","deepSleepSeconds":5280,"lightSleepSeconds":10860,"remSleepSeconds":3900,"awakeSleepSeconds":240,"unmeasurableSeconds":0,"spo2SleepSummary":{"userProfilePk":82576128,"deviceId":3317189130,"sleepMeasurementStartGMT":"2020-02-13T05:11:00.0","sleepMeasurementEndGMT":"2020-02-13T10:45:00.0","alertThresholdValue":0,"averageSPO2":94.0,"averageHR":59.0,"lowestSPO2":85},"averageRespiration":13.0,"lowestRespiration":8.0,"highestRespiration":17.0,"retro":false},{"sleepStartTimestampGMT":"2020-02-14T02:58:00.0","sleepEndTimestampGMT":"2020-02-14T10:35:00.0","calendarDate":"2020-02-14","sleepWindowConfirmationType":"ENHANCED_CONFIRMED_FINAL","deepSleepSeconds":3420,"lightSleepSeconds":17940,"remSleepSeconds":6000,"awakeSleepSeconds":60,"unmeasurableSeconds":0,"spo2SleepSummary":{"userProfilePk":82576128,"deviceId":3317189130,"sleepMeasurementStartGMT":"2020-02-14T03:31:00.0","sleepMeasurementEndGMT":"2020-02-14T10:33:00.0","averageSPO2":95.0,"averageHR":57.0,"lowestSPO2":77},"averageRespiration":12.0,"lowestRespiration":7.0,"highestRespiration":18.0,"retro":false},{"sleepStartTimestampGMT":"2020-02-15T04:32:00.0","sleepEndTimestampGMT":"2020-02-15T14:41:00.0","calendarDate":"2020-02-15","sleepWindowConfirmationType":"OFF_WRIST","deepSleepSeconds":0,"lightSleepSeconds":0,"awakeSleepSeconds":0,"unmeasurableSeconds":0,"spo2SleepSummary":{"userProfilePk":82576128,"deviceId":3317189130,"sleepMeasurementStartGMT":"2020-02-16T03:30:00.0","sleepMeasurementEndGMT":"2020-02-16T07:30:00.0","alertThresholdValue":0},"retro":false},{"sleepStartTimestampGMT":"2020-02-16T06:03:00.0","sleepEndTimestampGMT":"2020-02-16T12:43:00.0","calendarDate":"2020-02-16","sleepWindowConfirmationType":"ENHANCED_CONFIRMED_FINAL","deepSleepSeconds":2340,"lightSleepSeconds":17520,"remSleepSeconds":4140,"awakeSleepSeconds":0,"unmeasurableSeconds":0,"spo2SleepSummary":{"userProfilePk":82576128,"deviceId":3317189130,"sleepMeasurementStartGMT":"2020-02-16T06:08:00.0","sleepMeasurementEndGMT":"2020-02-16T10:45:00.0","averageSPO2":95.0,"averageHR":59.0,"lowestSPO2":88},"averageRespiration":14.0,"lowestRespiration":7.0,"highestRespiration":18.0,"retro":false},{"sleepStartTimestampGMT":"2020-02-17T04:01:00.0","sleepEndTimestampGMT":"2020-02-17T13:51:00.0","calendarDate":"2020-02-17","sleepWindowConfirmationType":"OFF_WRIST","deepSleepSeconds":0,"lightSleepSeconds":0,"awakeSleepSeconds":0,"unmeasurableSeconds":0,"retro":false},{"sleepStartTimestampGMT":"2020-02-18T02:35:00.0","sleepEndTimestampGMT":"2020-02-18T13:36:00.0","calendarDate":"2020-02-18","sleepWindowConfirmationType":"OFF_WRIST","deepSleepSeconds":0,"lightSleepSeconds":0,"awakeSleepSeconds":0,"unmeasurableSeconds":0,"spo2SleepSummary":{"userProfilePk":82576128,"deviceId":3317189130,"sleepMeasurementStartGMT":"2020-02-19T03:30:00.0","sleepMeasurementEndGMT":"2020-02-19T07:30:00.0","alertThresholdValue":0},"retro":false},{"sleepStartTimestampGMT":"2020-02-19T02:01:00.0","sleepEndTimestampGMT":"2020-02-19T11:08:00.0","calendarDate":"2020-02-19","sleepWindowConfirmationType":"OFF_WRIST","deepSleepSeconds":0,"lightSleepSeconds":0,"awakeSleepSeconds":0,"unmeasurableSeconds":0,"spo2SleepSummary":{"userProfilePk":82576128,"deviceId":3317189130,"sleepMeasurementStartGMT":"2020-02-20T03:30:00.0","sleepMeasurementEndGMT":"2020-02-20T07:30:00.0","alertThresholdValue":0},"retro":false},{"sleepStartTimestampGMT":"2020-02-20T04:01:00.0","sleepEndTimestampGMT":"2020-02-20T10:49:00.0","calendarDate":"2020-02-20","sleepWindowConfirmationType":"ENHANCED_CONFIRMED_FINAL","deepSleepSeconds":2460,"lightSleepSeconds":13440,"remSleepSeconds":8580,"awakeSleepSeconds":0,"unmeasurableSeconds":0,"spo2SleepSummary":{"userProfilePk":82576128,"deviceId":3317189130,"sleepMeasurementStartGMT":"2020-02-20T04:02:00.0","sleepMeasurementEndGMT":"2020-02-20T10:44:00.0","averageSPO2":94.0,"averageHR":55.0,"lowestSPO2":86},"averageRespiration":12.0,"lowestRespiration":6.0,"highestRespiration":17.0,"retro":false},{"sleepStartTimestampGMT":"2020-02-21T02:01:00.0","sleepEndTimestampGMT":"2020-02-21T11:28:00.0","calendarDate":"2020-02-21","sleepWindowConfirmationType":"OFF_WRIST","deepSleepSeconds":0,"lightSleepSeconds":0,"awakeSleepSeconds":0,"unmeasurableSeconds":0,"spo2SleepSummary":{"userProfilePk":82576128,"deviceId":3317189130,"sleepMeasurementStartGMT":"2020-02-22T03:30:00.0","sleepMeasurementEndGMT":"2020-02-22T07:30:00.0","alertThresholdValue":0},"retro":false},{"sleepStartTimestampGMT":"2020-02-22T08:07:00.0","sleepEndTimestampGMT":"2020-02-22T14:21:00.0","calendarDate":"2020-02-22","sleepWindowConfirmationType":"OFF_WRIST","deepSleepSeconds":0,"lightSleepSeconds":0,"awakeSleepSeconds":0,"unmeasurableSeconds":0,"spo2SleepSummary":{"userProfilePk":82576128,"deviceId":3317189130,"sleepMeasurementStartGMT":"2020-02-23T03:30:00.0","sleepMeasurementEndGMT":"2020-02-23T07:30:00.0","alertThresholdValue":0},"retro":false},{"sleepStartTimestampGMT":"2020-02-23T05:24:00.0","sleepEndTimestampGMT":"2020-02-23T13:10:00.0","calendarDate":"2020-02-23","sleepWindowConfirmationType":"ENHANCED_CONFIRMED_FINAL","deepSleepSeconds":2280,"lightSleepSeconds":19920,"remSleepSeconds":4920,"awakeSleepSeconds":60,"unmeasurableSeconds":780,"spo2SleepSummary":{"userProfilePk":82576128,"deviceId":3317189130,"sleepMeasurementStartGMT":"2020-02-23T05:25:00.0","sleepMeasurementEndGMT":"2020-02-23T10:45:00.0","averageSPO2":94.0,"averageHR":60.0,"lowestSPO2":83},"averageRespiration":12.0,"lowestRespiration":6.0,"highestRespiration":17.0,"retro":false},{"sleepStartTimestampGMT":"2020-02-24T02:01:00.0","sleepEndTimestampGMT":"2020-02-24T11:14:00.0","calendarDate":"2020-02-24","sleepWindowConfirmationType":"OFF_WRIST","deepSleepSeconds":0,"lightSleepSeconds":0,"awakeSleepSeconds":0,"unmeasurableSeconds":0,"spo2SleepSummary":{"userProfilePk":82576128,"deviceId":3317189130,"sleepMeasurementStartGMT":"2020-02-25T03:30:00.0","sleepMeasurementEndGMT":"2020-02-25T07:30:00.0","alertThresholdValue":0},"retro":false},{"sleepStartTimestampGMT":"2020-02-25T02:19:00.0","sleepEndTimestampGMT":"2020-02-25T11:27:00.0","calendarDate":"2020-02-25","sleepWindowConfirmationType":"OFF_WRIST","deepSleepSeconds":0,"lightSleepSeconds":0,"awakeSleepSeconds":0,"unmeasurableSeconds":0,"spo2SleepSummary":{"userProfilePk":82576128,"deviceId":3317189130,"sleepMeasurementStartGMT":"2020-02-26T03:30:00.0","sleepMeasurementEndGMT":"2020-02-26T07:30:00.0","alertThresholdValue":0},"retro":false},{"sleepStartTimestampGMT":"2020-02-26T03:37:00.0","sleepEndTimestampGMT":"2020-02-26T11:04:00.0","calendarDate":"2020-02-26","sleepWindowConfirmationType":"ENHANCED_CONFIRMED_FINAL","deepSleepSeconds":3000,"lightSleepSeconds":17460,"remSleepSeconds":6360,"awakeSleepSeconds":0,"unmeasurableSeconds":0,"spo2SleepSummary":{"userProfilePk":82576128,"deviceId":3317189130,"sleepMeasurementStartGMT":"2020-02-26T03:38:00.0","sleepMeasurementEndGMT":"2020-02-26T10:45:00.0","averageSPO2":95.0,"averageHR":55.0,"lowestSPO2":86},"averageRespiration":13.0,"lowestRespiration":7.0,"highestRespiration":19.0,"retro":false},{"sleepStartTimestampGMT":"2020-02-27T02:37:00.0","sleepEndTimestampGMT":"2020-02-27T11:15:00.0","calendarDate":"2020-02-27","sleepWindowConfirmationType":"ENHANCED_CONFIRMED_FINAL","deepSleepSeconds":2940,"lightSleepSeconds":21300,"remSleepSeconds":6780,"awakeSleepSeconds":60,"unmeasurableSeconds":0,"spo2SleepSummary":{"userProfilePk":82576128,"deviceId":3317189130,"sleepMeasurementStartGMT":"2020-02-27T03:31:00.0","sleepMeasurementEndGMT":"2020-02-27T10:45:00.0","averageSPO2":96.0,"averageHR":57.0,"lowestSPO2":83},"averageRespiration":12.0,"lowestRespiration":7.0,"highestRespiration":18.0,"retro":false},{"sleepStartTimestampGMT":"2020-02-28T02:01:00.0","sleepEndTimestampGMT":"2020-02-28T11:29:00.0","calendarDate":"2020-02-28","sleepWindowConfirmationType":"OFF_WRIST","deepSleepSeconds":0,"lightSleepSeconds":0,"awakeSleepSeconds":0,"unmeasurableSeconds":0,"spo2SleepSummary":{"userProfilePk":82576128,"deviceId":3317189130,"sleepMeasurementStartGMT":"2020-02-29T03:30:00.0","sleepMeasurementEndGMT":"2020-02-29T07:30:00.0","alertThresholdValue":0},"retro":false},{"sleepStartTimestampGMT":"2020-02-29T10:33:00.0","sleepEndTimestampGMT":"2020-02-29T17:33:00.0","calendarDate":"2020-02-29","sleepWindowConfirmationType":"ENHANCED_CONFIRMED","deepSleepSeconds":4860,"lightSleepSeconds":13620,"remSleepSeconds":6720,"awakeSleepSeconds":0,"unmeasurableSeconds":0,"spo2SleepSummary":{"userProfilePk":82576128,"deviceId":3317189130,"sleepMeasurementStartGMT":"2020-02-29T10:34:00.0","sleepMeasurementEndGMT":"2020-02-29T10:45:00.0","averageSPO2":91.0,"averageHR":55.0,"lowestSPO2":87},"averageRespiration":13.0,"lowestRespiration":7.0,"highestRespiration":17.0,"retro":false},{"sleepStartTimestampGMT":"2020-03-01T04:25:00.0","sleepEndTimestampGMT":"2020-03-01T13:42:00.0","calendarDate":"2020-03-01","sleepWindowConfirmationType":"OFF_WRIST","deepSleepSeconds":0,"lightSleepSeconds":0,"awakeSleepSeconds":0,"unmeasurableSeconds":0,"spo2SleepSummary":{"userProfilePk":82576128,"deviceId":3317189130,"sleepMeasurementStartGMT":"2020-03-02T03:30:00.0","sleepMeasurementEndGMT":"2020-03-02T07:30:00.0","alertThresholdValue":0},"retro":false},{"sleepStartTimestampGMT":"2020-03-02T03:58:00.0","sleepEndTimestampGMT":"2020-03-02T10:46:00.0","calendarDate":"2020-03-02","sleepWindowConfirmationType":"ENHANCED_CONFIRMED_FINAL","deepSleepSeconds":1920,"lightSleepSeconds":16140,"remSleepSeconds":5760,"awakeSleepSeconds":660,"unmeasurableSeconds":0,"spo2SleepSummary":{"userProfilePk":82576128,"deviceId":3317189130,"sleepMeasurementStartGMT":"2020-03-02T03:59:00.0","sleepMeasurementEndGMT":"2020-03-02T10:41:00.0","averageSPO2":95.0,"averageHR":62.0,"lowestSPO2":86},"averageRespiration":12.0,"lowestRespiration":7.0,"highestRespiration":19.0,"retro":false},{"sleepStartTimestampGMT":"2020-03-03T03:34:00.0","sleepEndTimestampGMT":"2020-03-03T10:45:00.0","calendarDate":"2020-03-03","sleepWindowConfirmationType":"ENHANCED_CONFIRMED","deepSleepSeconds":2520,"lightSleepSeconds":16920,"remSleepSeconds":6360,"awakeSleepSeconds":60,"unmeasurableSeconds":0,"spo2SleepSummary":{"userProfilePk":82576128,"deviceId":3317189130,"sleepMeasurementStartGMT":"2020-03-03T03:36:00.0","sleepMeasurementEndGMT":"2020-03-03T10:43:00.0","averageSPO2":95.0,"averageHR":57.0,"lowestSPO2":85},"averageRespiration":13.0,"lowestRespiration":6.0,"highestRespiration":19.0,"retro":false},{"sleepStartTimestampGMT":"2020-03-04T02:12:00.0","sleepEndTimestampGMT":"2020-03-04T10:08:00.0","calendarDate":"2020-03-04","sleepWindowConfirmationType":"ENHANCED_CONFIRMED_FINAL","deepSleepSeconds":4920,"lightSleepSeconds":18900,"remSleepSeconds":4680,"awakeSleepSeconds":60,"unmeasurableSeconds":0,"spo2SleepSummary":{"userProfilePk":82576128,"deviceId":3317189130,"sleepMeasurementStartGMT":"2020-03-04T03:31:00.0","sleepMeasurementEndGMT":"2020-03-04T10:05:00.0","averageSPO2":93.0,"averageHR":60.0,"lowestSPO2":82},"averageRespiration":13.0,"lowestRespiration":7.0,"highestRespiration":19.0,"retro":false},{"sleepStartTimestampGMT":"2020-03-05T02:01:00.0","sleepEndTimestampGMT":"2020-03-05T11:07:00.0","calendarDate":"2020-03-05","sleepWindowConfirmationType":"OFF_WRIST","deepSleepSeconds":0,"lightSleepSeconds":0,"awakeSleepSeconds":0,"unmeasurableSeconds":0,"spo2SleepSummary":{"userProfilePk":82576128,"deviceId":3317189130,"sleepMeasurementStartGMT":"2020-03-06T03:30:00.0","sleepMeasurementEndGMT":"2020-03-06T07:30:00.0","alertThresholdValue":0},"retro":false},{"sleepStartTimestampGMT":"2020-03-06T02:01:00.0","sleepEndTimestampGMT":"2020-03-06T10:45:00.0","calendarDate":"2020-03-06","sleepWindowConfirmationType":"OFF_WRIST","deepSleepSeconds":0,"lightSleepSeconds":0,"awakeSleepSeconds":0,"unmeasurableSeconds":0,"spo2SleepSummary":{"userProfilePk":82576128,"deviceId":3317189130,"sleepMeasurementStartGMT":"2020-03-07T03:30:00.0","sleepMeasurementEndGMT":"2020-03-07T07:30:00.0","alertThresholdValue":0},"retro":false},{"sleepStartTimestampGMT":"2020-03-07T02:43:00.0","sleepEndTimestampGMT":"2020-03-07T14:07:00.0","calendarDate":"2020-03-07","sleepWindowConfirmationType":"OFF_WRIST","deepSleepSeconds":0,"lightSleepSeconds":0,"awakeSleepSeconds":0,"unmeasurableSeconds":0,"spo2SleepSummary":{"userProfilePk":82576128,"deviceId":3317189130,"sleepMeasurementStartGMT":"2020-03-08T03:30:00.0","sleepMeasurementEndGMT":"2020-03-08T07:30:00.0","alertThresholdValue":0},"retro":false},{"sleepStartTimestampGMT":"2020-03-08T01:22:00.0","sleepEndTimestampGMT":"2020-03-08T12:31:00.0","calendarDate":"2020-03-08","sleepWindowConfirmationType":"OFF_WRIST","deepSleepSeconds":0,"lightSleepSeconds":0,"awakeSleepSeconds":0,"unmeasurableSeconds":0,"spo2SleepSummary":{"userProfilePk":82576128,"deviceId":3317189130,"sleepMeasurementStartGMT":"2020-03-09T02:30:00.0","sleepMeasurementEndGMT":"2020-03-09T06:30:00.0","alertThresholdValue":0},"retro":false},{"sleepStartTimestampGMT":"2020-03-09T01:01:00.0","sleepEndTimestampGMT":"2020-03-09T10:21:00.0","calendarDate":"2020-03-09","sleepWindowConfirmationType":"OFF_WRIST","deepSleepSeconds":0,"lightSleepSeconds":0,"awakeSleepSeconds":0,"unmeasurableSeconds":0,"retro":false},{"sleepStartTimestampGMT":"2020-03-10T01:01:00.0","sleepEndTimestampGMT":"2020-03-10T09:37:00.0","calendarDate":"2020-03-10","sleepWindowConfirmationType":"OFF_WRIST","deepSleepSeconds":0,"lightSleepSeconds":0,"awakeSleepSeconds":0,"unmeasurableSeconds":0,"spo2SleepSummary":{"userProfilePk":82576128,"deviceId":3317189130,"sleepMeasurementStartGMT":"2020-03-10T09:36:38.0","sleepMeasurementEndGMT":"2020-03-10T13:36:38.0","alertThresholdValue":0},"retro":false},{"sleepStartTimestampGMT":"2020-03-11T01:27:00.0","sleepEndTimestampGMT":"2020-03-11T13:11:00.0","calendarDate":"2020-03-11","sleepWindowConfirmationType":"OFF_WRIST","deepSleepSeconds":0,"lightSleepSeconds":0,"awakeSleepSeconds":0,"unmeasurableSeconds":0,"spo2SleepSummary":{"userProfilePk":82576128,"deviceId":3317189130,"sleepMeasurementStartGMT":"2020-03-12T02:30:00.0","sleepMeasurementEndGMT":"2020-03-12T06:30:00.0","alertThresholdValue":0},"retro":false},{"sleepStartTimestampGMT":"2020-03-12T01:01:00.0","sleepEndTimestampGMT":"2020-03-12T10:15:00.0","calendarDate":"2020-03-12","sleepWindowConfirmationType":"OFF_WRIST","deepSleepSeconds":0,"lightSleepSeconds":0,"awakeSleepSeconds":0,"unmeasurableSeconds":0,"spo2SleepSummary":{"userProfilePk":82576128,"deviceId":3317189130,"sleepMeasurementStartGMT":"2020-03-13T02:30:00.0","sleepMeasurementEndGMT":"2020-03-13T06:30:00.0","alertThresholdValue":0},"retro":false},{"sleepStartTimestampGMT":"2020-03-13T01:08:00.0","sleepEndTimestampGMT":"2020-03-13T10:28:00.0","calendarDate":"2020-03-13","sleepWindowConfirmationType":"OFF_WRIST","deepSleepSeconds":0,"lightSleepSeconds":0,"awakeSleepSeconds":0,"unmeasurableSeconds":0,"spo2SleepSummary":{"userProfilePk":82576128,"deviceId":3317189130,"sleepMeasurementStartGMT":"2020-03-14T02:30:00.0","sleepMeasurementEndGMT":"2020-03-14T06:30:00.0","alertThresholdValue":0},"retro":false},{"sleepStartTimestampGMT":"2020-03-14T02:49:00.0","sleepEndTimestampGMT":"2020-03-14T13:21:00.0","calendarDate":"2020-03-14","sleepWindowConfirmationType":"OFF_WRIST","deepSleepSeconds":0,"lightSleepSeconds":0,"awakeSleepSeconds":0,"unmeasurableSeconds":0,"spo2SleepSummary":{"userProfilePk":82576128,"deviceId":3317189130,"sleepMeasurementStartGMT":"2020-03-15T02:30:00.0","sleepMeasurementEndGMT":"2020-03-15T06:30:00.0","alertThresholdValue":0},"retro":false},{"sleepStartTimestampGMT":"2020-03-15T03:01:00.0","sleepEndTimestampGMT":"2020-03-15T12:46:00.0","calendarDate":"2020-03-15","sleepWindowConfirmationType":"OFF_WRIST","deepSleepSeconds":0,"lightSleepSeconds":0,"awakeSleepSeconds":0,"unmeasurableSeconds":0,"spo2SleepSummary":{"userProfilePk":82576128,"deviceId":3317189130,"sleepMeasurementStartGMT":"2020-03-16T02:30:00.0","sleepMeasurementEndGMT":"2020-03-16T06:30:00.0","alertThresholdValue":0},"retro":false},{"sleepStartTimestampGMT":"2020-03-16T01:22:00.0","sleepEndTimestampGMT":"2020-03-16T12:26:00.0","calendarDate":"2020-03-16","sleepWindowConfirmationType":"OFF_WRIST","deepSleepSeconds":0,"lightSleepSeconds":0,"awakeSleepSeconds":0,"unmeasurableSeconds":0,"spo2SleepSummary":{"userProfilePk":82576128,"deviceId":3317189130,"sleepMeasurementStartGMT":"2020-03-17T02:30:00.0","sleepMeasurementEndGMT":"2020-03-17T06:30:00.0","alertThresholdValue":0},"retro":false},{"sleepStartTimestampGMT":"2020-03-17T01:27:00.0","sleepEndTimestampGMT":"2020-03-17T13:04:00.0","calendarDate":"2020-03-17","sleepWindowConfirmationType":"OFF_WRIST","deepSleepSeconds":0,"lightSleepSeconds":0,"awakeSleepSeconds":0,"unmeasurableSeconds":0,"spo2SleepSummary":{"userProfilePk":82576128,"deviceId":3317189130,"sleepMeasurementStartGMT":"2020-03-18T02:30:00.0","sleepMeasurementEndGMT":"2020-03-18T06:30:00.0","alertThresholdValue":0},"retro":false},{"sleepStartTimestampGMT":"2020-03-18T01:32:00.0","sleepEndTimestampGMT":"2020-03-18T13:01:00.0","calendarDate":"2020-03-18","sleepWindowConfirmationType":"OFF_WRIST","deepSleepSeconds":0,"lightSleepSeconds":0,"awakeSleepSeconds":0,"unmeasurableSeconds":0,"spo2SleepSummary":{"userProfilePk":82576128,"deviceId":3317189130,"sleepMeasurementStartGMT":"2020-03-19T02:30:00.0","sleepMeasurementEndGMT":"2020-03-19T06:30:00.0","alertThresholdValue":0},"retro":false},{"sleepStartTimestampGMT":"2020-03-19T01:27:00.0","sleepEndTimestampGMT":"2020-03-19T12:46:00.0","calendarDate":"2020-03-19","sleepWindowConfirmationType":"OFF_WRIST","deepSleepSeconds":0,"lightSleepSeconds":0,"awakeSleepSeconds":0,"unmeasurableSeconds":0,"spo2SleepSummary":{"userProfilePk":82576128,"deviceId":3317189130,"sleepMeasurementStartGMT":"2020-03-20T02:30:00.0","sleepMeasurementEndGMT":"2020-03-20T06:30:00.0","alertThresholdValue":0},"retro":false},{"sleepStartTimestampGMT":"2020-03-20T01:26:00.0","sleepEndTimestampGMT":"2020-03-20T12:01:00.0","calendarDate":"2020-03-20","sleepWindowConfirmationType":"OFF_WRIST","deepSleepSeconds":0,"lightSleepSeconds":0,"awakeSleepSeconds":0,"unmeasurableSeconds":0,"spo2SleepSummary":{"userProfilePk":82576128,"deviceId":3317189130,"sleepMeasurementStartGMT":"2020-03-21T02:30:00.0","sleepMeasurementEndGMT":"2020-03-21T06:30:00.0","alertThresholdValue":0},"retro":false},{"sleepStartTimestampGMT":"2020-03-21T01:32:00.0","sleepEndTimestampGMT":"2020-03-21T13:11:00.0","calendarDate":"2020-03-21","sleepWindowConfirmationType":"OFF_WRIST","deepSleepSeconds":0,"lightSleepSeconds":0,"awakeSleepSeconds":0,"unmeasurableSeconds":0,"spo2SleepSummary":{"userProfilePk":82576128,"deviceId":3317189130,"sleepMeasurementStartGMT":"2020-03-22T02:30:00.0","sleepMeasurementEndGMT":"2020-03-22T06:30:00.0","alertThresholdValue":0},"retro":false},{"sleepStartTimestampGMT":"2020-03-22T01:32:00.0","sleepEndTimestampGMT":"2020-03-22T13:16:00.0","calendarDate":"2020-03-22","sleepWindowConfirmationType":"OFF_WRIST","deepSleepSeconds":0,"lightSleepSeconds":0,"awakeSleepSeconds":0,"unmeasurableSeconds":0,"spo2SleepSummary":{"userProfilePk":82576128,"deviceId":3317189130,"sleepMeasurementStartGMT":"2020-03-23T02:30:00.0","sleepMeasurementEndGMT":"2020-03-23T06:30:00.0","alertThresholdValue":0},"retro":false},{"sleepStartTimestampGMT":"2020-03-23T01:27:00.0","sleepEndTimestampGMT":"2020-03-23T13:11:00.0","calendarDate":"2020-03-23","sleepWindowConfirmationType":"OFF_WRIST","deepSleepSeconds":0,"lightSleepSeconds":0,"awakeSleepSeconds":0,"unmeasurableSeconds":0,"spo2SleepSummary":{"userProfilePk":82576128,"deviceId":3317189130,"sleepMeasurementStartGMT":"2020-03-24T02:30:00.0","sleepMeasurementEndGMT":"2020-03-24T06:30:00.0","alertThresholdValue":0},"retro":false},{"sleepStartTimestampGMT":"2020-03-24T01:27:00.0","sleepEndTimestampGMT":"2020-03-24T13:11:00.0","calendarDate":"2020-03-24","sleepWindowConfirmationType":"OFF_WRIST","deepSleepSeconds":0,"lightSleepSeconds":0,"awakeSleepSeconds":0,"unmeasurableSeconds":0,"spo2SleepSummary":{"userProfilePk":82576128,"deviceId":3317189130,"sleepMeasurementStartGMT":"2020-03-25T02:30:00.0","sleepMeasurementEndGMT":"2020-03-25T06:30:00.0","alertThresholdValue":0},"retro":false},{"sleepStartTimestampGMT":"2020-03-25T01:27:00.0","sleepEndTimestampGMT":"2020-03-25T13:06:00.0","calendarDate":"2020-03-25","sleepWindowConfirmationType":"OFF_WRIST","deepSleepSeconds":0,"lightSleepSeconds":0,"awakeSleepSeconds":0,"unmeasurableSeconds":0,"retro":false},{"sleepStartTimestampGMT":"2020-03-26T01:27:00.0","sleepEndTimestampGMT":"2020-03-26T13:11:00.0","calendarDate":"2020-03-26","sleepWindowConfirmationType":"OFF_WRIST","deepSleepSeconds":0,"lightSleepSeconds":0,"awakeSleepSeconds":0,"unmeasurableSeconds":0,"retro":false},{"sleepStartTimestampGMT":"2020-03-27T01:12:00.0","sleepEndTimestampGMT":"2020-03-27T07:59:00.0","calendarDate":"2020-03-27","sleepWindowConfirmationType":"OFF_WRIST","deepSleepSeconds":0,"lightSleepSeconds":0,"awakeSleepSeconds":0,"unmeasurableSeconds":0,"spo2SleepSummary":{"userProfilePk":82576128,"deviceId":3317189130,"sleepMeasurementStartGMT":"2020-03-27T07:58:56.0","sleepMeasurementEndGMT":"2020-03-27T11:58:56.0","alertThresholdValue":0},"retro":false}]