[{"sleepStartTimestampGMT":"2020-07-24T02:30:00.0","sleepEndTimestampGMT":"2020-07-24T09:45:00.0","calendarDate":"2020-07-24","sleepWindowConfirmationType":"UNCONFIRMED","spo2SleepSummary":{"userProfilePk":82576128,"deviceId":3317189130,"sleepMeasurementStartGMT":"2020-07-25T02:30:00.0","sleepMeasurementEndGMT":"2020-07-25T06:30:00.0","alertThresholdValue":0},"retro":false},{"sleepStartTimestampGMT":"2020-07-25T01:27:00.0","sleepEndTimestampGMT":"2020-07-25T13:11:00.0","calendarDate":"2020-07-25","sleepWindowConfirmationType":"OFF_WRIST","deepSleepSeconds":0,"lightSleepSeconds":0,"awakeSleepSeconds":0,"unmeasurableSeconds":0,"spo2SleepSummary":{"userProfilePk":82576128,"deviceId":3317189130,"sleepMeasurementStartGMT":"2020-07-26T02:30:00.0","sleepMeasurementEndGMT":"2020-07-26T06:30:00.0","alertThresholdValue":0},"retro":false},{"sleepStartTimestampGMT":"2020-07-26T05:27:00.0","sleepEndTimestampGMT":"2020-07-26T13:41:00.0","calendarDate":"2020-07-26","sleepWindowConfirmationType":"OFF_WRIST","deepSleepSeconds":0,"lightSleepSeconds":0,"awakeSleepSeconds":0,"unmeasurableSeconds":0,"spo2SleepSummary":{"userProfilePk":82576128,"deviceId":3317189130,"sleepMeasurementStartGMT":"2020-07-27T02:30:00.0","sleepMeasurementEndGMT":"2020-07-27T06:30:00.0","alertThresholdValue":0},"retro":false},{"sleepStartTimestampGMT":"2020-07-27T01:02:00.0","sleepEndTimestampGMT":"2020-07-27T10:46:00.0","calendarDate":"2020-07-27","sleepWindowConfirmationType":"OFF_WRIST","deepSleepSeconds":0,"lightSleepSeconds":0,"awakeSleepSeconds":0,"unmeasurableSeconds":0,"spo2SleepSummary":{"userProfilePk":82576128,"deviceId":3317189130,"sleepMeasurementStartGMT":"2020-07-28T02:30:00.0","sleepMeasurementEndGMT":"2020-07-28T06:30:00.0","alertThresholdValue":0},"retro":false},{"sleepStartTimestampGMT":"2020-07-28T01:02:00.0","sleepEndTimestampGMT":"2020-07-28T10:46:00.0","calendarDate":"2020-07-28","sleepWindowConfirmationType":"OFF_WRIST","deepSleepSeconds":0,"lightSleepSeconds":0,"awakeSleepSeconds":0,"unmeasurableSeconds":0,"spo2SleepSummary":{"userProfilePk":82576128,"deviceId":3317189130,"sleepMeasurementStartGMT":"2020-07-29T02:30:00.0","sleepMeasurementEndGMT":"2020-07-29T06:30:00.0","alertThresholdValue":0},"retro":false},{"sleepStartTimestampGMT":"2020-07-29T01:06:00.0","sleepEndTimestampGMT":"2020-07-29T09:24:00.0","calendarDate":"2020-07-29","sleepWindowConfirmationType":"OFF_WRIST","deepSleepSeconds":0,"lightSleepSeconds":0,"awakeSleepSeconds":0,"unmeasurableSeconds":0,"spo2SleepSummary":{"userProfilePk":82576128,"deviceId":3317189130,"sleepMeasurementStartGMT":"2020-07-30T02:30:00.0","sleepMeasurementEndGMT":"2020-07-30T06:30:00.0","alertThresholdValue":0},"retro":false},{"sleepStartTimestampGMT":"2020-07-30T01:02:00.0","sleepEndTimestampGMT":"2020-07-30T09:21:00.0","calendarDate":"2020-07-30","sleepWindowConfirmationType":"OFF_WRIST","deepSleepSeconds":0,"lightSleepSeconds":0,"awakeSleepSeconds":0,"unmeasurableSeconds":0,"spo2SleepSummary":{"userProfilePk":82576128,"deviceId":3317189130,"sleepMeasurementStartGMT":"2020-07-31T02:30:00.0","sleepMeasurementEndGMT":"2020-07-31T06:30:00.0","alertThresholdValue":0},"retro":false},{"sleepStartTimestampGMT":"2020-07-31T01:07:00.0","sleepEndTimestampGMT":"2020-07-31T09:36:00.0","calendarDate":"2020-07-31","sleepWindowConfirmationType":"OFF_WRIST","deepSleepSeconds":0,"lightSleepSeconds":0,"awakeSleepSeconds":0,"unmeasurableSeconds":0,"spo2SleepSummary":{"userProfilePk":82576128,"deviceId":3317189130,"sleepMeasurementStartGMT":"2020-08-01T02:30:00.0","sleepMeasurementEndGMT":"2020-08-01T06:30:00.0","alertThresholdValue":0},"retro":false},{"sleepStartTimestampGMT":"2020-08-01T01:32:00.0","sleepEndTimestampGMT":"2020-08-01T13:11:00.0","calendarDate":"2020-08-01","sleepWindowConfirmationType":"OFF_WRIST","deepSleepSeconds":0,"lightSleepSeconds":0,"awakeSleepSeconds":0,"unmeasurableSeconds":0,"spo2SleepSummary":{"userProfilePk":82576128,"deviceId":3317189130,"sleepMeasurementStartGMT":"2020-08-02T02:30:00.0","sleepMeasurementEndGMT":"2020-08-02T06:30:00.0","alertThresholdValue":0},"retro":false},{"sleepStartTimestampGMT":"2020-08-02T01:27:00.0","sleepEndTimestampGMT":"2020-08-02T13:11:00.0","calendarDate":"2020-08-02","sleepWindowConfirmationType":"OFF_WRIST","deepSleepSeconds":0,"lightSleepSeconds":0,"awakeSleepSeconds":0,"unmeasurableSeconds":0,"spo2SleepSummary":{"userProfilePk":82576128,"deviceId":3317189130,"sleepMeasurementStartGMT":"2020-08-03T02:30:00.0","sleepMeasurementEndGMT":"2020-08-03T06:30:00.0","alertThresholdValue":0},"retro":false},{"sleepStartTimestampGMT":"2020-08-03T01:07:00.0","sleepEndTimestampGMT":"2020-08-03T11:36:00.0","calendarDate":"2020-08-03","sleepWindowConfirmationType":"OFF_WRIST","deepSleepSeconds":0,"lightSleepSeconds":0,"awakeSleepSeconds":0,"unmeasurableSeconds":0,"spo2SleepSummary":{"userProfilePk":82576128,"deviceId":3317189130,"sleepMeasurementStartGMT":"2020-08-04T02:30:00.0","sleepMeasurementEndGMT":"2020-08-04T06:30:00.0","alertThresholdValue":0},"retro":false},{"sleepStartTimestampGMT":"2020-08-04T01:02:00.0","sleepEndTimestampGMT":"2020-08-04T09:36:00.0","calendarDate":"2020-08-04","sleepWindowConfirmationType":"OFF_WRIST","deepSleepSeconds":0,"lightSleepSeconds":0,"awakeSleepSeconds":0,"unmeasurableSeconds":0,"spo2SleepSummary":{"userProfilePk":82576128,"deviceId":3317189130,"sleepMeasurementStartGMT":"2020-08-05T02:30:00.0","sleepMeasurementEndGMT":"2020-08-05T06:30:00.0","alertThresholdValue":0},"retro":false},{"sleepStartTimestampGMT":"2020-08-05T01:07:00.0","sleepEndTimestampGMT":"2020-08-05T09:41:00.0","calendarDate":"2020-08-05","sleepWindowConfirmationType":"OFF_WRIST","deepSleepSeconds":0,"lightSleepSeconds":0,"awakeSleepSeconds":0,"unmeasurableSeconds":0,"spo2SleepSummary":{"userProfilePk":82576128,"deviceId":3317189130,"sleepMeasurementStartGMT":"2020-08-06T02:30:00.0","sleepMeasurementEndGMT":"2020-08-06T06:30:00.0","alertThresholdValue":0},"retro":false},{"sleepStartTimestampGMT":"2020-08-06T01:27:00.0","sleepEndTimestampGMT":"2020-08-06T13:11:00.0","calendarDate":"2020-08-06","sleepWindowConfirmationType":"OFF_WRIST","deepSleepSeconds":0,"lightSleepSeconds":0,"awakeSleepSeconds":0,"unmeasurableSeconds":0,"spo2SleepSummary":{"userProfilePk":82576128,"deviceId":3317189130,"sleepMeasurementStartGMT":"2020-08-07T02:30:00.0","sleepMeasurementEndGMT":"2020-08-07T06:30:00.0","alertThresholdValue":0},"retro":false},{"sleepStartTimestampGMT":"2020-08-07T01:22:00.0","sleepEndTimestampGMT":"2020-08-07T12:27:00.0","calendarDate":"2020-08-07","sleepWindowConfirmationType":"OFF_WRIST","deepSleepSeconds":0,"lightSleepSeconds":0,"awakeSleepSeconds":0,"unmeasurableSeconds":0,"spo2SleepSummary":{"userProfilePk":82576128,"deviceId":3317189130,"sleepMeasurementStartGMT":"2020-08-07T06:17:13.0","sleepMeasurementEndGMT":"2020-08-07T10:17:13.0","alertThresholdValue":0},"retro":false},{"sleepStartTimestampGMT":"2020-08-08T01:32:00.0","sleepEndTimestampGMT":"2020-08-08T13:11:00.0","calendarDate":"2020-08-08","sleepWindowConfirmationType":"OFF_WRIST","deepSleepSeconds":0,"lightSleepSeconds":0,"awakeSleepSeconds":0,"unmeasurableSeconds":0,"spo2SleepSummary":{"userProfilePk":82576128,"deviceId":3317189130,"sleepMeasurementStartGMT":"2020-08-08T04:45:33.0","sleepMeasurementEndGMT":"2020-08-08T08:45:33.0","alertThresholdValue":0},"retro":false},{"sleepStartTimestampGMT":"2020-08-09T01:27:00.0","sleepEndTimestampGMT":"2020-08-09T13:11:00.0","calendarDate":"2020-08-09","sleepWindowConfirmationType":"OFF_WRIST","deepSleepSeconds":0,"lightSleepSeconds":0,"awakeSleepSeconds":0,"unmeasurableSeconds":0,"spo2SleepSummary":{"userProfilePk":82576128,"deviceId":3317189130,"sleepMeasurementStartGMT":"2020-08-10T02:30:00.0","sleepMeasurementEndGMT":"2020-08-10T06:30:00.0","alertThresholdValue":0},"retro":false},{"sleepStartTimestampGMT":"2020-08-10T01:07:00.0","sleepEndTimestampGMT":"2020-08-10T09:46:00.0","calendarDate":"2020-08-10","sleepWindowConfirmationType":"OFF_WRIST","deepSleepSeconds":0,"lightSleepSeconds":0,"awakeSleepSeconds":0,"unmeasurableSeconds":0,"spo2SleepSummary":{"userProfilePk":82576128,"deviceId":3317189130,"sleepMeasurementStartGMT":"2020-08-11T02:30:00.0","sleepMeasurementEndGMT":"2020-08-11T06:30:00.0","alertThresholdValue":0},"retro":false},{"sleepStartTimestampGMT":"2020-08-11T01:07:00.0","sleepEndTimestampGMT":"2020-08-11T09:41:00.0","calendarDate":"2020-08-11","sleepWindowConfirmationType":"OFF_WRIST","deepSleepSeconds":0,"lightSleepSeconds":0,"awakeSleepSeconds":0,"unmeasurableSeconds":0,"spo2SleepSummary":{"userProfilePk":82576128,"deviceId":3317189130,"sleepMeasurementStartGMT":"2020-08-12T02:30:00.0","sleepMeasurementEndGMT":"2020-08-12T06:30:00.0","alertThresholdValue":0},"retro":false},{"sleepStartTimestampGMT":"2020-08-12T01:08:00.0","sleepEndTimestampGMT":"2020-08-12T09:36:00.0","calendarDate":"2020-08-12","sleepWindowConfirmationType":"OFF_WRIST","deepSleepSeconds":0,"lightSleepSeconds":0,"awakeSleepSeconds":0,"unmeasurableSeconds":0,"spo2SleepSummary":{"userProfilePk":82576128,"deviceId":3317189130,"sleepMeasurementStartGMT":"2020-08-13T02:30:00.0","sleepMeasurementEndGMT":"2020-08-13T06:30:00.0","alertThresholdValue":0},"retro":false},{"sleepStartTimestampGMT":"2020-08-13T01:27:00.0","sleepEndTimestampGMT":"2020-08-13T13:11:00.0","calendarDate":"2020-08-13","sleepWindowConfirmationType":"OFF_WRIST","deepSleepSeconds":0,"lightSleepSeconds":0,"awakeSleepSeconds":0,"unmeasurableSeconds":0,"spo2SleepSummary":{"userProfilePk":82576128,"deviceId":3317189130,"sleepMeasurementStartGMT":"2020-08-14T02:30:00.0","sleepMeasurementEndGMT":"2020-08-14T06:30:00.0","alertThresholdValue":0},"retro":false},{"sleepStartTimestampGMT":"2020-08-14T01:02:00.0","sleepEndTimestampGMT":"2020-08-14T09:41:00.0","calendarDate":"2020-08-14","sleepWindowConfirmationType":"OFF_WRIST","deepSleepSeconds":0,"lightSleepSeconds":0,"awakeSleepSeconds":0,"unmeasurableSeconds":0,"spo2SleepSummary":{"userProfilePk":82576128,"deviceId":3317189130,"sleepMeasurementStartGMT":"2020-08-15T02:30:00.0","sleepMeasurementEndGMT":"2020-08-15T06:30:00.0","alertThresholdValue":0},"retro":false},{"sleepStartTimestampGMT":"2020-08-15T01:01:00.0","sleepEndTimestampGMT":"2020-08-15T10:56:00.0","calendarDate":"2020-08-15","sleepWindowConfirmationType":"OFF_WRIST","deepSleepSeconds":0,"lightSleepSeconds":0,"awakeSleepSeconds":0,"unmeasurableSeconds":0,"spo2SleepSummary":{"userProfilePk":82576128,"deviceId":3317189130,"sleepMeasurementStartGMT":"2020-08-16T02:30:00.0","sleepMeasurementEndGMT":"2020-08-16T06:30:00.0","alertThresholdValue":0},"retro":false},{"sleepStartTimestampGMT":"2020-08-16T01:27:00.0","sleepEndTimestampGMT":"2020-08-16T13:11:00.0","calendarDate":"2020-08-16","sleepWindowConfirmationType":"OFF_WRIST","deepSleepSeconds":0,"lightSleepSeconds":0,"awakeSleepSeconds":0,"unmeasurableSeconds":0,"retro":false},{"sleepStartTimestampGMT":"2020-08-17T01:27:00.0","sleepEndTimestampGMT":"2020-08-17T13:11:00.0","calendarDate":"2020-08-17","sleepWindowConfirmationType":"OFF_WRIST","deepSleepSeconds":0,"lightSleepSeconds":0,"awakeSleepSeconds":0,"unmeasurableSeconds":0,"spo2SleepSummary":{"userProfilePk":82576128,"deviceId":3317189130,"sleepMeasurementStartGMT":"2020-08-18T02:30:00.0","sleepMeasurementEndGMT":"2020-08-18T06:30:00.0","alertThresholdValue":0},"retro":false},{"sleepStartTimestampGMT":"2020-08-18T01:27:00.0","sleepEndTimestampGMT":"2020-08-18T13:11:00.0","calendarDate":"2020-08-18","sleepWindowConfirmationType":"OFF_WRIST","deepSleepSeconds":0,"lightSleepSeconds":0,"awakeSleepSeconds":0,"unmeasurableSeconds":0,"spo2SleepSummary":{"userProfilePk":82576128,"deviceId":3317189130,"sleepMeasurementStartGMT":"2020-08-19T02:30:00.0","sleepMeasurementEndGMT":"2020-08-19T06:30:00.0","alertThresholdValue":0},"retro":false},{"sleepStartTimestampGMT":"2020-08-19T01:02:00.0","sleepEndTimestampGMT":"2020-08-19T09:36:00.0","calendarDate":"2020-08-19","sleepWindowConfirmationType":"OFF_WRIST","deepSleepSeconds":0,"lightSleepSeconds":0,"awakeSleepSeconds":0,"unmeasurableSeconds":0,"spo2SleepSummary":{"userProfilePk":82576128,"deviceId":3317189130,"sleepMeasurementStartGMT":"2020-08-20T02:30:00.0","sleepMeasurementEndGMT":"2020-08-20T06:30:00.0","alertThresholdValue":0},"retro":false},{"sleepStartTimestampGMT":"2020-08-20T01:07:00.0","sleepEndTimestampGMT":"2020-08-20T09:36:00.0","calendarDate":"2020-08-20","sleepWindowConfirmationType":"OFF_WRIST","deepSleepSeconds":0,"lightSleepSeconds":0,"awakeSleepSeconds":0,"unmeasurableSeconds":0,"spo2SleepSummary":{"userProfilePk":82576128,"deviceId":3317189130,"sleepMeasurementStartGMT":"2020-08-21T02:30:00.0","sleepMeasurementEndGMT":"2020-08-21T06:30:00.0","alertThresholdValue":0},"retro":false},{"sleepStartTimestampGMT":"2020-08-21T01:27:00.0","sleepEndTimestampGMT":"2020-08-21T13:06:00.0","calendarDate":"2020-08-21","sleepWindowConfirmationType":"OFF_WRIST","deepSleepSeconds":0,"lightSleepSeconds":0,"awakeSleepSeconds":0,"unmeasurableSeconds":0,"spo2SleepSummary":{"userProfilePk":82576128,"deviceId":3317189130,"sleepMeasurementStartGMT":"2020-08-22T02:30:00.0","sleepMeasurementEndGMT":"2020-08-22T06:30:00.0","alertThresholdValue":0},"retro":false},{"sleepStartTimestampGMT":"2020-08-22T07:56:00.0","sleepEndTimestampGMT":"2020-08-22T13:44:00.0","calendarDate":"2020-08-22","sleepWindowConfirmationType":"OFF_WRIST","deepSleepSeconds":0,"lightSleepSeconds":0,"awakeSleepSeconds":0,"unmeasurableSeconds":0,"spo2SleepSummary":{"userProfilePk":82576128,"deviceId":3317189130,"sleepMeasurementStartGMT":"2020-08-23T02:30:00.0","sleepMeasurementEndGMT":"2020-08-23T06:30:00.0","alertThresholdValue":0},"retro":false},{"sleepStartTimestampGMT":"2020-08-23T01:07:00.0","sleepEndTimestampGMT":"2020-08-23T11:36:00.0","calendarDate":"2020-08-23","sleepWindowConfirmationType":"OFF_WRIST","deepSleepSeconds":0,"lightSleepSeconds":0,"awakeSleepSeconds":0,"unmeasurableSeconds":0,"spo2SleepSummary":{"userProfilePk":82576128,"deviceId":3317189130,"sleepMeasurementStartGMT":"2020-08-24T02:30:00.0","sleepMeasurementEndGMT":"2020-08-24T06:30:00.0","alertThresholdValue":0},"retro":false},{"sleepStartTimestampGMT":"2020-08-24T01:02:00.0","sleepEndTimestampGMT":"2020-08-24T09:41:00.0","calendarDate":"2020-08-24","sleepWindowConfirmationType":"OFF_WRIST","deepSleepSeconds":0,"lightSleepSeconds":0,"awakeSleepSeconds":0,"unmeasurableSeconds":0,"retro":false},{"sleepStartTimestampGMT":"2020-08-25T01:02:00.0","sleepEndTimestampGMT":"2020-08-25T09:28:00.0","calendarDate":"2020-08-25","sleepWindowConfirmationType":"OFF_WRIST","deepSleepSeconds":0,"lightSleepSeconds":0,"awakeSleepSeconds":0,"unmeasurableSeconds":0,"spo2SleepSummary":{"userProfilePk":82576128,"deviceId":3317189130,"sleepMeasurementStartGMT":"2020-08-25T09:27:54.0","sleepMeasurementEndGMT":"2020-08-25T13:27:54.0","alertThresholdValue":0},"retro":false},{"sleepStartTimestampGMT":"2020-08-26T01:03:00.0","sleepEndTimestampGMT":"2020-08-26T09:41:00.0","calendarDate":"2020-08-26","sleepWindowConfirmationType":"OFF_WRIST","deepSleepSeconds":0,"lightSleepSeconds":0,"awakeSleepSeconds":0,"unmeasurableSeconds":0,"spo2SleepSummary":{"userProfilePk":82576128,"deviceId":3317189130,"sleepMeasurementStartGMT":"2020-08-27T02:30:00.0","sleepMeasurementEndGMT":"2020-08-27T06:30:00.0","alertThresholdValue":0},"retro":false},{"sleepStartTimestampGMT":"2020-08-27T01:03:00.0","sleepEndTimestampGMT":"2020-08-27T09:36:00.0","calendarDate":"2020-08-27","sleepWindowConfirmationType":"OFF_WRIST","deepSleepSeconds":0,"lightSleepSeconds":0,"awakeSleepSeconds":0,"unmeasurableSeconds":0,"spo2SleepSummary":{"userProfilePk":82576128,"deviceId":3317189130,"sleepMeasurementStartGMT":"2020-08-28T02:30:00.0","sleepMeasurementEndGMT":"2020-08-28T06:30:00.0","alertThresholdValue":0},"retro":false},{"sleepStartTimestampGMT":"2020-08-28T01:12:00.0","sleepEndTimestampGMT":"2020-08-28T10:01:00.0","calendarDate":"2020-08-28","sleepWindowConfirmationType":"OFF_WRIST","deepSleepSeconds":0,"lightSleepSeconds":0,"awakeSleepSeconds":0,"unmeasurableSeconds":0,"spo2SleepSummary":{"userProfilePk":82576128,"deviceId":3317189130,"sleepMeasurementStartGMT":"2020-08-29T02:30:00.0","sleepMeasurementEndGMT":"2020-08-29T06:30:00.0","alertThresholdValue":0},"retro":false},{"sleepStartTimestampGMT":"2020-08-29T01:14:00.0","sleepEndTimestampGMT":"2020-08-29T10:06:00.0","calendarDate":"2020-08-29","sleepWindowConfirmationType":"OFF_WRIST","deepSleepSeconds":0,"lightSleepSeconds":0,"awakeSleepSeconds":0,"unmeasurableSeconds":0,"spo2SleepSummary":{"userProfilePk":82576128,"deviceId":3317189130,"sleepMeasurementStartGMT":"2020-08-30T02:30:00.0","sleepMeasurementEndGMT":"2020-08-30T06:30:00.0","alertThresholdValue":0},"retro":false},{"sleepStartTimestampGMT":"2020-08-30T01:02:00.0","sleepEndTimestampGMT":"2020-08-30T11:26:00.0","calendarDate":"2020-08-30","sleepWindowConfirmationType":"OFF_WRIST","deepSleepSeconds":0,"lightSleepSeconds":0,"awakeSleepSeconds":0,"unmeasurableSeconds":0,"spo2SleepSummary":{"userProfilePk":82576128,"deviceId":3317189130,"sleepMeasurementStartGMT":"2020-08-31T02:30:00.0","sleepMeasurementEndGMT":"2020-08-31T06:30:00.0","alertThresholdValue":0},"retro":false},{"sleepStartTimestampGMT":"2020-08-31T01:27:00.0","sleepEndTimestampGMT":"2020-08-31T13:11:00.0","calendarDate":"2020-08-31","sleepWindowConfirmationType":"OFF_WRIST","deepSleepSeconds":0,"lightSleepSeconds":0,"awakeSleepSeconds":0,"unmeasurableSeconds":0,"spo2SleepSummary":{"userProfilePk":82576128,"deviceId":3317189130,"sleepMeasurementStartGMT":"2020-09-01T02:30:00.0","sleepMeasurementEndGMT":"2020-09-01T06:30:00.0","alertThresholdValue":0},"retro":false},{"sleepStartTimestampGMT":"2020-09-01T01:32:00.0","sleepEndTimestampGMT":"2020-09-01T13:11:00.0","calendarDate":"2020-09-01","sleepWindowConfirmationType":"OFF_WRIST","deepSleepSeconds":0,"lightSleepSeconds":0,"awakeSleepSeconds":0,"unmeasurableSeconds":0,"spo2SleepSummary":{"userProfilePk":82576128,"deviceId":3317189130,"sleepMeasurementStartGMT":"2020-09-02T02:30:00.0","sleepMeasurementEndGMT":"2020-09-02T06:30:00.0","alertThresholdValue":0},"retro":false},{"sleepStartTimestampGMT":"2020-09-02T01:02:00.0","sleepEndTimestampGMT":"2020-09-02T09:36:00.0","calendarDate":"2020-09-02","sleepWindowConfirmationType":"OFF_WRIST","deepSleepSeconds":0,"lightSleepSeconds":0,"awakeSleepSeconds":0,"unmeasurableSeconds":0,"retro":false},{"sleepStartTimestampGMT":"2020-09-03T01:27:00.0","sleepEndTimestampGMT":"2020-09-03T13:13:00.0","calendarDate":"2020-09-03","sleepWindowConfirmationType":"OFF_WRIST","deepSleepSeconds":0,"lightSleepSeconds":0,"awakeSleepSeconds":0,"unmeasurableSeconds":0,"spo2SleepSummary":{"userProfilePk":82576128,"deviceId":3317189130,"sleepMeasurementStartGMT":"2020-09-04T02:30:00.0","sleepMeasurementEndGMT":"2020-09-04T06:30:00.0","alertThresholdValue":0},"retro":false},{"sleepStartTimestampGMT":"2020-09-04T01:10:00.0","sleepEndTimestampGMT":"2020-09-04T09:36:00.0","calendarDate":"2020-09-04","sleepWindowConfirmationType":"OFF_WRIST","deepSleepSeconds":0,"lightSleepSeconds":0,"awakeSleepSeconds":0,"unmeasurableSeconds":0,"spo2SleepSummary":{"userProfilePk":82576128,"deviceId":3317189130,"sleepMeasurementStartGMT":"2020-09-05T02:30:00.0","sleepMeasurementEndGMT":"2020-09-05T06:30:00.0","alertThresholdValue":0},"retro":false},{"sleepStartTimestampGMT":"2020-09-05T01:12:00.0","sleepEndTimestampGMT":"2020-09-05T11:21:00.0","calendarDate":"2020-09-05","sleepWindowConfirmationType":"OFF_WRIST","deepSleepSeconds":0,"lightSleepSeconds":0,"awakeSleepSeconds":0,"unmeasurableSeconds":0,"spo2SleepSummary":{"userProfilePk":82576128,"deviceId":3317189130,"sleepMeasurementStartGMT":"2020-09-06T02:30:00.0","sleepMeasurementEndGMT":"2020-09-06T06:30:00.0","alertThresholdValue":0},"retro":false},{"sleepStartTimestampGMT":"2020-09-06T01:07:00.0","sleepEndTimestampGMT":"2020-09-06T11:36:00.0","calendarDate":"2020-09-06","sleepWindowConfirmationType":"OFF_WRIST","deepSleepSeconds":0,"lightSleepSeconds":0,"awakeSleepSeconds":0,"unmeasurableSeconds":0,"spo2SleepSummary":{"userProfilePk":82576128,"deviceId":3317189130,"sleepMeasurementStartGMT":"2020-09-07T02:30:00.0","sleepMeasurementEndGMT":"2020-09-07T06:30:00.0","alertThresholdValue":0},"retro":false},{"sleepStartTimestampGMT":"2020-09-07T01:02:00.0","sleepEndTimestampGMT":"2020-09-07T10:41:00.0","calendarDate":"2020-09-07","sleepWindowConfirmationType":"OFF_WRIST","deepSleepSeconds":0,"lightSleepSeconds":0,"awakeSleepSeconds":0,"unmeasurableSeconds":0,"spo2SleepSummary":{"userProfilePk":82576128,"deviceId":3317189130,"sleepMeasurementStartGMT":"2020-09-08T02:30:00.0","sleepMeasurementEndGMT":"2020-09-08T06:30:00.0","alertThresholdValue":0},"retro":false},{"sleepStartTimestampGMT":"2020-09-08T01:02:00.0","sleepEndTimestampGMT":"2020-09-08T09:36:00.0","calendarDate":"2020-09-08","sleepWindowConfirmationType":"OFF_WRIST","deepSleepSeconds":0,"lightSleepSeconds":0,"awakeSleepSeconds":0,"unmeasurableSeconds":0,"spo2SleepSummary":{"userProfilePk":82576128,"deviceId":3317189130,"sleepMeasurementStartGMT":"2020-09-09T02:30:00.0","sleepMeasurementEndGMT":"2020-09-09T06:30:00.0","alertThresholdValue":0},"retro":false},{"sleepStartTimestampGMT":"2020-09-09T01:03:00.0","sleepEndTimestampGMT":"2020-09-09T09:36:00.0","calendarDate":"2020-09-09","sleepWindowConfirmationType":"OFF_WRIST","deepSleepSeconds":0,"lightSleepSeconds":0,"awakeSleepSeconds":0,"unmeasurableSeconds":0,"spo2SleepSummary":{"userProfilePk":82576128,"deviceId":3317189130,"sleepMeasurementStartGMT":"2020-09-10T02:30:00.0","sleepMeasurementEndGMT":"2020-09-10T06:30:00.0","alertThresholdValue":0},"retro":false},{"sleepStartTimestampGMT":"2020-09-10T01:32:00.0","sleepEndTimestampGMT":"2020-09-10T12:39:00.0","calendarDate":"2020-09-10","sleepWindowConfirmationType":"OFF_WRIST","deepSleepSeconds":0,"lightSleepSeconds":0,"awakeSleepSeconds":0,"unmeasurableSeconds":0,"spo2SleepSummary":{"userProfilePk":82576128,"deviceId":3317189130,"sleepMeasurementStartGMT":"2020-09-11T02:30:00.0","sleepMeasurementEndGMT":"2020-09-11T06:30:00.0","alertThresholdValue":0},"retro":false},{"sleepStartTimestampGMT":"2020-09-11T01:07:00.0","sleepEndTimestampGMT":"2020-09-11T09:36:00.0","calendarDate":"2020-09-11","sleepWindowConfirmationType":"OFF_WRIST","deepSleepSeconds":0,"lightSleepSeconds":0,"awakeSleepSeconds":0,"unmeasurableSeconds":0,"spo2SleepSummary":{"userProfilePk":82576128,"deviceId":3317189130,"sleepMeasurementStartGMT":"2020-09-12T02:30:00.0","sleepMeasurementEndGMT":"2020-09-12T06:30:00.0","alertThresholdValue":0},"retro":false},{"sleepStartTimestampGMT":"2020-09-12T01:07:00.0","sleepEndTimestampGMT":"2020-09-12T11:36:00.0","calendarDate":"2020-09-12","sleepWindowConfirmationType":"OFF_WRIST","deepSleepSeconds":0,"lightSleepSeconds":0,"awakeSleepSeconds":0,"unmeasurableSeconds":0,"spo2SleepSummary":{"userProfilePk":82576128,"deviceId":3317189130,"sleepMeasurementStartGMT":"2020-09-13T02:30:00.0","sleepMeasurementEndGMT":"2020-09-13T06:30:00.0","alertThresholdValue":0},"retro":false},{"sleepStartTimestampGMT":"2020-09-13T01:22:00.0","sleepEndTimestampGMT":"2020-09-13T12:46:00.0","calendarDate":"2020-09-13","sleepWindowConfirmationType":"OFF_WRIST","deepSleepSeconds":0,"lightSleepSeconds":0,"awakeSleepSeconds":0,"unmeasurableSeconds":0,"spo2SleepSummary":{"userProfilePk":82576128,"deviceId":3317189130,"sleepMeasurementStartGMT":"2020-09-14T02:30:00.0","sleepMeasurementEndGMT":"2020-09-14T06:30:00.0","alertThresholdValue":0},"retro":false},{"sleepStartTimestampGMT":"2020-09-14T01:02:00.0","sleepEndTimestampGMT":"2020-09-14T09:36:00.0","calendarDate":"2020-09-14","sleepWindowConfirmationType":"OFF_WRIST","deepSleepSeconds":0,"lightSleepSeconds":0,"awakeSleepSeconds":0,"unmeasurableSeconds":0,"retro":false},{"sleepStartTimestampGMT":"2020-09-15T02:30:00.0","sleepEndTimestampGMT":"2020-09-15T09:45:00.0","calendarDate":"2020-09-15","sleepWindowConfirmationType":"UNCONFIRMED","spo2SleepSummary":{"userProfilePk":82576128,"deviceId":3317189130,"sleepMeasurementStartGMT":"2020-09-16T02:30:00.0","sleepMeasurementEndGMT":"2020-09-16T06:30:00.0","alertThresholdValue":0},"retro":false},{"sleepStartTimestampGMT":"2020-09-16T01:32:00.0","sleepEndTimestampGMT":"2020-09-16T12:51:00.0","calendarDate":"2020-09-16","sleepWindowConfirmationType":"OFF_WRIST","deepSleepSeconds":0,"lightSleepSeconds":0,"awakeSleepSeconds":0,"unmeasurableSeconds":0,"spo2SleepSummary":{"userProfilePk":82576128,"deviceId":3317189130,"sleepMeasurementStartGMT":"2020-09-17T02:30:00.0","sleepMeasurementEndGMT":"2020-09-17T06:30:00.0","alertThresholdValue":0},"retro":false},{"sleepStartTimestampGMT":"2020-09-17T01:32:00.0","sleepEndTimestampGMT":"2020-09-17T13:06:00.0","calendarDate":"2020-09-17","sleepWindowConfirmationType":"OFF_WRIST","deepSleepSeconds":0,"lightSleepSeconds":0,"awakeSleepSeconds":0,"unmeasurableSeconds":0,"spo2SleepSummary":{"userProfilePk":82576128,"deviceId":3317189130,"sleepMeasurementStartGMT":"2020-09-18T02:30:00.0","sleepMeasurementEndGMT":"2020-09-18T06:30:00.0","alertThresholdValue":0},"retro":false},{"sleepStartTimestampGMT":"2020-09-18T01:16:00.0","sleepEndTimestampGMT":"2020-09-18T09:36:00.0","calendarDate":"2020-09-18","sleepWindowConfirmationType":"OFF_WRIST","deepSleepSeconds":0,"lightSleepSeconds":0,"awakeSleepSeconds":0,"unmeasurableSeconds":0,"spo2SleepSummary":{"userProfilePk":82576128,"deviceId":3317189130,"sleepMeasurementStartGMT":"2020-09-19T02:30:00.0","sleepMeasurementEndGMT":"2020-09-19T06:30:00.0","alertThresholdValue":0},"retro":false},{"sleepStartTimestampGMT":"2020-09-19T01:27:00.0","sleepEndTimestampGMT":"2020-09-19T13:07:00.0","calendarDate":"2020-09-19","sleepWindowConfirmationType":"OFF_WRIST","deepSleepSeconds":0,"lightSleepSeconds":0,"awakeSleepSeconds":0,"unmeasurableSeconds":0,"retro":false},{"sleepStartTimestampGMT":"2020-09-20T01:27:00.0","sleepEndTimestampGMT":"2020-09-20T13:11:00.0","calendarDate":"2020-09-20","sleepWindowConfirmationType":"OFF_WRIST","deepSleepSeconds":0,"lightSleepSeconds":0,"awakeSleepSeconds":0,"unmeasurableSeconds":0,"spo2SleepSummary":{"userProfilePk":82576128,"deviceId":3317189130,"sleepMeasurementStartGMT":"2020-09-21T02:30:00.0","sleepMeasurementEndGMT":"2020-09-21T06:30:00.0","alertThresholdValue":0},"retro":false},{"sleepStartTimestampGMT":"2020-09-21T01:27:00.0","sleepEndTimestampGMT":"2020-09-21T13:11:00.0","calendarDate":"2020-09-21","sleepWindowConfirmationType":"OFF_WRIST","deepSleepSeconds":0,"lightSleepSeconds":0,"awakeSleepSeconds":0,"unmeasurableSeconds":0,"spo2SleepSummary":{"userProfilePk":82576128,"deviceId":3317189130,"sleepMeasurementStartGMT":"2020-09-22T02:30:00.0","sleepMeasurementEndGMT":"2020-09-22T06:30:00.0","alertThresholdValue":0},"retro":false},{"sleepStartTimestampGMT":"2020-09-22T01:27:00.0","sleepEndTimestampGMT":"2020-09-22T13:11:00.0","calendarDate":"2020-09-22","sleepWindowConfirmationType":"OFF_WRIST","deepSleepSeconds":0,"lightSleepSeconds":0,"awakeSleepSeconds":0,"unmeasurableSeconds":0,"spo2SleepSummary":{"userProfilePk":82576128,"deviceId":3317189130,"sleepMeasurementStartGMT":"2020-09-23T02:30:00.0","sleepMeasurementEndGMT":"2020-09-23T06:30:00.0","alertThresholdValue":0},"retro":false},{"sleepStartTimestampGMT":"2020-09-23T01:27:00.0","sleepEndTimestampGMT":"2020-09-23T13:11:00.0","calendarDate":"2020-09-23","sleepWindowConfirmationType":"OFF_WRIST","deepSleepSeconds":0,"lightSleepSeconds":0,"awakeSleepSeconds":0,"unmeasurableSeconds":0,"spo2SleepSummary":{"userProfilePk":82576128,"deviceId":3317189130,"sleepMeasurementStartGMT":"2020-09-24T02:30:00.0","sleepMeasurementEndGMT":"2020-09-24T06:30:00.0","alertThresholdValue":0},"retro":false},{"sleepStartTimestampGMT":"2020-09-24T01:27:00.0","sleepEndTimestampGMT":"2020-09-24T13:11:00.0","calendarDate":"2020-09-24","sleepWindowConfirmationType":"OFF_WRIST","deepSleepSeconds":0,"lightSleepSeconds":0,"awakeSleepSeconds":0,"unmeasurableSeconds":0,"spo2SleepSummary":{"userProfilePk":82576128,"deviceId":3317189130,"sleepMeasurementStartGMT":"2020-09-25T02:30:00.0","sleepMeasurementEndGMT":"2020-09-25T06:30:00.0","alertThresholdValue":0},"retro":false},{"sleepStartTimestampGMT":"2020-09-25T01:27:00.0","sleepEndTimestampGMT":"2020-09-25T13:06:00.0","calendarDate":"2020-09-25","sleepWindowConfirmationType":"OFF_WRIST","deepSleepSeconds":0,"lightSleepSeconds":0,"awakeSleepSeconds":0,"unmeasurableSeconds":0,"spo2SleepSummary":{"userProfilePk":82576128,"deviceId":3317189130,"sleepMeasurementStartGMT":"2020-09-26T02:30:00.0","sleepMeasurementEndGMT":"2020-09-26T06:30:00.0","alertThresholdValue":0},"retro":false},{"sleepStartTimestampGMT":"2020-09-26T01:27:00.0","sleepEndTimestampGMT":"2020-09-26T13:11:00.0","calendarDate":"2020-09-26","sleepWindowConfirmationType":"OFF_WRIST","deepSleepSeconds":0,"lightSleepSeconds":0,"awakeSleepSeconds":0,"unmeasurableSeconds":0,"spo2SleepSummary":{"userProfilePk":82576128,"deviceId":3317189130,"sleepMeasurementStartGMT":"2020-09-27T02:30:00.0","sleepMeasurementEndGMT":"2020-09-27T06:30:00.0","alertThresholdValue":0},"retro":false},{"sleepStartTimestampGMT":"2020-09-27T02:12:00.0","sleepEndTimestampGMT":"2020-09-27T13:16:00.0","calendarDate":"2020-09-27","sleepWindowConfirmationType":"OFF_WRIST","deepSleepSeconds":0,"lightSleepSeconds":0,"awakeSleepSeconds":0,"unmeasurableSeconds":0,"spo2SleepSummary":{"userProfilePk":82576128,"deviceId":3317189130,"sleepMeasurementStartGMT":"2020-09-28T02:30:00.0","sleepMeasurementEndGMT":"2020-09-28T06:30:00.0","alertThresholdValue":0},"retro":false},{"sleepStartTimestampGMT":"2020-09-28T02:57:00.0","sleepEndTimestampGMT":"2020-09-28T09:34:00.0","calendarDate":"2020-09-28","sleepWindowConfirmationType":"OFF_WRIST","deepSleepSeconds":0,"lightSleepSeconds":0,"awakeSleepSeconds":0,"unmeasurableSeconds":0,"spo2SleepSummary":{"userProfilePk":82576128,"deviceId":3317189130,"sleepMeasurementStartGMT":"2020-09-29T02:30:00.0","sleepMeasurementEndGMT":"2020-09-29T06:30:00.0","alertThresholdValue":0},"retro":false},{"sleepStartTimestampGMT":"2020-09-29T01:27:00.0","sleepEndTimestampGMT":"2020-09-29T13:11:00.0","calendarDate":"2020-09-29","sleepWindowConfirmationType":"OFF_WRIST","deepSleepSeconds":0,"lightSleepSeconds":0,"awakeSleepSeconds":0,"unmeasurableSeconds":0,"spo2SleepSummary":{"userProfilePk":82576128,"deviceId":3317189130,"sleepMeasurementStartGMT":"2020-09-30T02:30:00.0","sleepMeasurementEndGMT":"2020-09-30T06:30:00.0","alertThresholdValue":0},"retro":false},{"sleepStartTimestampGMT":"2020-09-30T01:27:00.0","sleepEndTimestampGMT":"2020-09-30T12:51:00.0","calendarDate":"2020-09-30","sleepWindowConfirmationType":"OFF_WRIST","deepSleepSeconds":0,"lightSleepSeconds":0,"awakeSleepSeconds":0,"unmeasurableSeconds":0,"spo2SleepSummary":{"userProfilePk":82576128,"deviceId":3317189130,"sleepMeasurementStartGMT":"2020-10-01T02:30:00.0","sleepMeasurementEndGMT":"2020-10-01T06:30:00.0","alertThresholdValue":0},"retro":false},{"sleepStartTimestampGMT":"2020-10-01T01:32:00.0","sleepEndTimestampGMT":"2020-10-01T13:06:00.0","calendarDate":"2020-10-01","sleepWindowConfirmationType":"OFF_WRIST","deepSleepSeconds":0,"lightSleepSeconds":0,"awakeSleepSeconds":0,"unmeasurableSeconds":0,"spo2SleepSummary":{"userProfilePk":82576128,"deviceId":3317189130,"sleepMeasurementStartGMT":"2020-10-02T02:30:00.0","sleepMeasurementEndGMT":"2020-10-02T06:30:00.0","alertThresholdValue":0},"retro":false},{"sleepStartTimestampGMT":"2020-10-02T01:32:00.0","sleepEndTimestampGMT":"2020-10-02T13:11:00.0","calendarDate":"2020-10-02","sleepWindowConfirmationType":"OFF_WRIST","deepSleepSeconds":0,"lightSleepSeconds":0,"awakeSleepSeconds":0,"unmeasurableSeconds":0,"spo2SleepSummary":{"userProfilePk":82576128,"deviceId":3317189130,"sleepMeasurementStartGMT":"2020-10-03T02:30:00.0","sleepMeasurementEndGMT":"2020-10-03T06:30:00.0","alertThresholdValue":0},"retro":false},{"sleepStartTimestampGMT":"2020-10-03T01:32:00.0","sleepEndTimestampGMT":"2020-10-03T13:11:00.0","calendarDate":"2020-10-03","sleepWindowConfirmationType":"OFF_WRIST","deepSleepSeconds":0,"lightSleepSeconds":0,"awakeSleepSeconds":0,"unmeasurableSeconds":0,"spo2SleepSummary":{"userProfilePk":82576128,"deviceId":3317189130,"sleepMeasurementStartGMT":"2020-10-04T02:30:00.0","sleepMeasurementEndGMT":"2020-10-04T06:30:00.0","alertThresholdValue":0},"retro":false},{"sleepStartTimestampGMT":"2020-10-04T01:27:00.0","sleepEndTimestampGMT":"2020-10-04T13:11:00.0","calendarDate":"2020-10-04","sleepWindowConfirmationType":"OFF_WRIST","deepSleepSeconds":0,"lightSleepSeconds":0,"awakeSleepSeconds":0,"unmeasurableSeconds":0,"spo2SleepSummary":{"userProfilePk":82576128,"deviceId":3317189130,"sleepMeasurementStartGMT":"2020-10-05T02:30:00.0","sleepMeasurementEndGMT":"2020-10-05T06:30:00.0","alertThresholdValue":0},"retro":false},{"sleepStartTimestampGMT":"2020-10-05T01:32:00.0","sleepEndTimestampGMT":"2020-10-05T12:59:00.0","calendarDate":"2020-10-05","sleepWindowConfirmationType":"OFF_WRIST","deepSleepSeconds":0,"lightSleepSeconds":0,"awakeSleepSeconds":0,"unmeasurableSeconds":0,"spo2SleepSummary":{"userProfilePk":82576128,"deviceId":3317189130,"sleepMeasurementStartGMT":"2020-10-06T02:30:00.0","sleepMeasurementEndGMT":"2020-10-06T06:30:00.0","alertThresholdValue":0},"retro":false},{"sleepStartTimestampGMT":"2020-10-06T01:40:00.0","sleepEndTimestampGMT":"2020-10-06T13:10:00.0","calendarDate":"2020-10-06","sleepWindowConfirmationType":"OFF_WRIST","deepSleepSeconds":0,"lightSleepSeconds":0,"awakeSleepSeconds":0,"unmeasurableSeconds":0,"spo2SleepSummary":{"userProfilePk":82576128,"deviceId":3317189130,"sleepMeasurementStartGMT":"2020-10-07T02:30:00.0","sleepMeasurementEndGMT":"2020-10-07T06:30:00.0","alertThresholdValue":0},"retro":false},{"sleepStartTimestampGMT":"2020-10-07T01:32:00.0","sleepEndTimestampGMT":"2020-10-07T13:11:00.0","calendarDate":"2020-10-07","sleepWindowConfirmationType":"OFF_WRIST","deepSleepSeconds":0,"lightSleepSeconds":0,"awakeSleepSeconds":0,"unmeasurableSeconds":0,"spo2SleepSummary":{"userProfilePk":82576128,"deviceId":3317189130,"sleepMeasurementStartGMT":"2020-10-08T02:30:00.0","sleepMeasurementEndGMT":"2020-10-08T06:30:00.0","alertThresholdValue":0},"retro":false},{"sleepStartTimestampGMT":"2020-10-08T01:01:00.0","sleepEndTimestampGMT":"2020-10-08T09:35:00.0","calendarDate":"2020-10-08","sleepWindowConfirmationType":"OFF_WRIST","deepSleepSeconds":0,"lightSleepSeconds":0,"awakeSleepSeconds":0,"unmeasurableSeconds":0,"spo2SleepSummary":{"userProfilePk":82576128,"deviceId":3317189130,"sleepMeasurementStartGMT":"2020-10-09T02:30:00.0","sleepMeasurementEndGMT":"2020-10-09T06:30:00.0","alertThresholdValue":0},"retro":false},{"sleepStartTimestampGMT":"2020-10-09T01:01:00.0","sleepEndTimestampGMT":"2020-10-09T09:45:00.0","calendarDate":"2020-10-09","sleepWindowConfirmationType":"OFF_WRIST","deepSleepSeconds":0,"lightSleepSeconds":0,"awakeSleepSeconds":0,"unmeasurableSeconds":0,"spo2SleepSummary":{"userProfilePk":82576128,"deviceId":3317189130,"sleepMeasurementStartGMT":"2020-10-10T02:30:00.0","sleepMeasurementEndGMT":"2020-10-10T06:30:00.0","alertThresholdValue":0},"retro":false},{"sleepStartTimestampGMT":"2020-10-10T01:27:00.0","sleepEndTimestampGMT":"2020-10-10T13:11:00.0","calendarDate":"2020-10-10","sleepWindowConfirmationType":"OFF_WRIST","deepSleepSeconds":0,"lightSleepSeconds":0,"awakeSleepSeconds":0,"unmeasurableSeconds":0,"spo2SleepSummary":{"userProfilePk":82576128,"deviceId":3317189130,"sleepMeasurementStartGMT":"2020-10-11T02:30:00.0","sleepMeasurementEndGMT":"2020-10-11T06:30:00.0","alertThresholdValue":0},"retro":false},{"sleepStartTimestampGMT":"2020-10-11T01:32:00.0","sleepEndTimestampGMT":"2020-10-11T13:11:00.0","calendarDate":"2020-10-11","sleepWindowConfirmationType":"OFF_WRIST","deepSleepSeconds":0,"lightSleepSeconds":0,"awakeSleepSeconds":0,"unmeasurableSeconds":0,"spo2SleepSummary":{"userProfilePk":82576128,"deviceId":3317189130,"sleepMeasurementStartGMT":"2020-10-12T02:30:00.0","sleepMeasurementEndGMT":"2020-10-12T06:30:00.0","alertThresholdValue":0},"retro":false},{"sleepStartTimestampGMT":"2020-10-12T01:27:00.0","sleepEndTimestampGMT":"2020-10-12T13:11:00.0","calendarDate":"2020-10-12","sleepWindowConfirmationType":"OFF_WRIST","deepSleepSeconds":0,"lightSleepSeconds":0,"awakeSleepSeconds":0,"unmeasurableSeconds":0,"spo2SleepSummary":{"userProfilePk":82576128,"deviceId":3317189130,"sleepMeasurementStartGMT":"2020-10-13T02:30:00.0","sleepMeasurementEndGMT":"2020-10-13T06:30:00.0","alertThresholdValue":0},"retro":false},{"sleepStartTimestampGMT":"2020-10-13T01:01:00.0","sleepEndTimestampGMT":"2020-10-13T10:37:00.0","calendarDate":"2020-10-13","sleepWindowConfirmationType":"OFF_WRIST","deepSleepSeconds":0,"lightSleepSeconds":0,"awakeSleepSeconds":0,"unmeasurableSeconds":0,"spo2SleepSummary":{"userProfilePk":82576128,"deviceId":3317189130,"sleepMeasurementStartGMT":"2020-10-14T02:30:00.0","sleepMeasurementEndGMT":"2020-10-14T06:30:00.0","alertThresholdValue":0},"retro":false}]