[{"sleepStartTimestampGMT":"2020-10-14T01:01:00.0","sleepEndTimestampGMT":"2020-10-14T09:35:00.0","calendarDate":"2020-10-14","sleepWindowConfirmationType":"OFF_WRIST","deepSleepSeconds":0,"lightSleepSeconds":0,"awakeSleepSeconds":0,"unmeasurableSeconds":0,"spo2SleepSummary":{"userProfilePk":82576128,"deviceId":3317189130,"sleepMeasurementStartGMT":"2020-10-15T02:30:00.0","sleepMeasurementEndGMT":"2020-10-15T06:30:00.0","alertThresholdValue":0},"retro":false},{"sleepStartTimestampGMT":"2020-10-15T01:01:00.0","sleepEndTimestampGMT":"2020-10-15T09:33:00.0","calendarDate":"2020-10-15","sleepWindowConfirmationType":"OFF_WRIST","deepSleepSeconds":0,"lightSleepSeconds":0,"awakeSleepSeconds":0,"unmeasurableSeconds":0,"spo2SleepSummary":{"userProfilePk":82576128,"deviceId":3317189130,"sleepMeasurementStartGMT":"2020-10-16T02:30:00.0","sleepMeasurementEndGMT":"2020-10-16T06:30:00.0","alertThresholdValue":0},"retro":false},{"sleepStartTimestampGMT":"2020-10-16T01:32:00.0","sleepEndTimestampGMT":"2020-10-16T13:11:00.0","calendarDate":"2020-10-16","sleepWindowConfirmationType":"OFF_WRIST","deepSleepSeconds":0,"lightSleepSeconds":0,"awakeSleepSeconds":0,"unmeasurableSeconds":0,"spo2SleepSummary":{"userProfilePk":82576128,"deviceId":3317189130,"sleepMeasurementStartGMT":"2020-10-17T02:30:00.0","sleepMeasurementEndGMT":"2020-10-17T06:30:00.0","alertThresholdValue":0},"retro":false},{"sleepStartTimestampGMT":"2020-10-17T01:32:00.0","sleepEndTimestampGMT":"2020-10-17T13:11:00.0","calendarDate":"2020-10-17","sleepWindowConfirmationType":"OFF_WRIST","deepSleepSeconds":0,"lightSleepSeconds":0,"awakeSleepSeconds":0,"unmeasurableSeconds":0,"spo2SleepSummary":{"userProfilePk":82576128,"deviceId":3317189130,"sleepMeasurementStartGMT":"2020-10-18T02:30:00.0","sleepMeasurementEndGMT":"2020-10-18T06:30:00.0","alertThresholdValue":0},"retro":false},{"sleepStartTimestampGMT":"2020-10-18T02:27:00.0","sleepEndTimestampGMT":"2020-10-18T13:21:00.0","calendarDate":"2020-10-18","sleepWindowConfirmationType":"OFF_WRIST","deepSleepSeconds":0,"lightSleepSeconds":0,"awakeSleepSeconds":0,"unmeasurableSeconds":0,"spo2SleepSummary":{"userProfilePk":82576128,"deviceId":3317189130,"sleepMeasurementStartGMT":"2020-10-19T02:30:00.0","sleepMeasurementEndGMT":"2020-10-19T06:30:00.0","alertThresholdValue":0},"retro":false},{"sleepStartTimestampGMT":"2020-10-19T03:12:00.0","sleepEndTimestampGMT":"2020-10-19T13:31:00.0","calendarDate":"2020-10-19","sleepWindowConfirmationType":"OFF_WRIST","deepSleepSeconds":0,"lightSleepSeconds":0,"awakeSleepSeconds":0,"unmeasurableSeconds":0,"spo2SleepSummary":{"userProfilePk":82576128,"deviceId":3317189130,"sleepMeasurementStartGMT":"2020-10-20T02:30:00.0","sleepMeasurementEndGMT":"2020-10-20T06:30:00.0","alertThresholdValue":0},"retro":false},{"sleepStartTimestampGMT":"2020-10-20T01:27:00.0","sleepEndTimestampGMT":"2020-10-20T13:06:00.0","calendarDate":"2020-10-20","sleepWindowConfirmationType":"OFF_WRIST","deepSleepSeconds":0,"lightSleepSeconds":0,"awakeSleepSeconds":0,"unmeasurableSeconds":0,"spo2SleepSummary":{"userProfilePk":82576128,"deviceId":3317189130,"sleepMeasurementStartGMT":"2020-10-21T02:30:00.0","sleepMeasurementEndGMT":"2020-10-21T06:30:00.0","alertThresholdValue":0},"retro":false},{"sleepStartTimestampGMT":"2020-10-21T01:32:00.0","sleepEndTimestampGMT":"2020-10-21T13:11:00.0","calendarDate":"2020-10-21","sleepWindowConfirmationType":"OFF_WRIST","deepSleepSeconds":0,"lightSleepSeconds":0,"awakeSleepSeconds":0,"unmeasurableSeconds":0,"spo2SleepSummary":{"userProfilePk":82576128,"deviceId":3317189130,"sleepMeasurementStartGMT":"2020-10-22T02:30:00.0","sleepMeasurementEndGMT":"2020-10-22T06:30:00.0","alertThresholdValue":0},"retro":false},{"sleepStartTimestampGMT":"2020-10-22T01:32:00.0","sleepEndTimestampGMT":"2020-10-22T13:11:00.0","calendarDate":"2020-10-22","sleepWindowConfirmationType":"OFF_WRIST","deepSleepSeconds":0,"lightSleepSeconds":0,"awakeSleepSeconds":0,"unmeasurableSeconds":0,"spo2SleepSummary":{"userProfilePk":82576128,"deviceId":3317189130,"sleepMeasurementStartGMT":"2020-10-23T02:30:00.0","sleepMeasurementEndGMT":"2020-10-23T06:30:00.0","alertThresholdValue":0},"retro":false},{"sleepStartTimestampGMT":"2020-10-23T01:32:00.0","sleepEndTimestampGMT":"2020-10-23T13:11:00.0","calendarDate":"2020-10-23","sleepWindowConfirmationType":"OFF_WRIST","deepSleepSeconds":0,"lightSleepSeconds":0,"awakeSleepSeconds":0,"unmeasurableSeconds":0,"spo2SleepSummary":{"userProfilePk":82576128,"deviceId":3317189130,"sleepMeasurementStartGMT":"2020-10-24T02:30:00.0","sleepMeasurementEndGMT":"2020-10-24T06:30:00.0","alertThresholdValue":0},"retro":false},{"sleepStartTimestampGMT":"2020-10-24T01:32:00.0","sleepEndTimestampGMT":"2020-10-24T13:16:00.0","calendarDate":"2020-10-24","sleepWindowConfirmationType":"OFF_WRIST","deepSleepSeconds":0,"lightSleepSeconds":0,"awakeSleepSeconds":0,"unmeasurableSeconds":0,"spo2SleepSummary":{"userProfilePk":82576128,"deviceId":3317189130,"sleepMeasurementStartGMT":"2020-10-25T02:30:00.0","sleepMeasurementEndGMT":"2020-10-25T06:30:00.0","alertThresholdValue":0},"retro":false},{"sleepStartTimestampGMT":"2020-10-25T01:38:00.0","sleepEndTimestampGMT":"2020-10-25T13:16:00.0","calendarDate":"2020-10-25","sleepWindowConfirmationType":"OFF_WRIST","deepSleepSeconds":0,"lightSleepSeconds":0,"awakeSleepSeconds":0,"unmeasurableSeconds":0,"retro":false},{"sleepStartTimestampGMT":"2020-10-26T01:32:00.0","sleepEndTimestampGMT":"2020-10-26T13:11:00.0","calendarDate":"2020-10-26","sleepWindowConfirmationType":"OFF_WRIST","deepSleepSeconds":0,"lightSleepSeconds":0,"awakeSleepSeconds":0,"unmeasurableSeconds":0,"retro":false},{"sleepStartTimestampGMT":"2020-10-27T01:32:00.0","sleepEndTimestampGMT":"2020-10-27T13:11:00.0","calendarDate":"2020-10-27","sleepWindowConfirmationType":"OFF_WRIST","deepSleepSeconds":0,"lightSleepSeconds":0,"awakeSleepSeconds":0,"unmeasurableSeconds":0,"retro":false},{"sleepStartTimestampGMT":"2020-10-28T02:30:00.0","sleepEndTimestampGMT":"2020-10-28T09:45:00.0","calendarDate":"2020-10-28","sleepWindowConfirmationType":"UNCONFIRMED","spo2SleepSummary":{"userProfilePk":82576128,"deviceId":3317189130,"sleepMeasurementStartGMT":"2020-10-28T04:49:18.0","sleepMeasurementEndGMT":"2020-10-28T08:49:18.0","alertThresholdValue":0},"retro":false},{"sleepStartTimestampGMT":"2020-11-11T03:30:00.0","sleepEndTimestampGMT":"2020-11-11T10:45:00.0","calendarDate":"2020-11-11","sleepWindowConfirmationType":"UNCONFIRMED","spo2SleepSummary":{"userProfilePk":82576128,"deviceId":3317189130,"sleepMeasurementStartGMT":"2020-11-12T03:30:00.0","sleepMeasurementEndGMT":"2020-11-12T07:30:00.0","alertThresholdValue":0},"retro":false},{"sleepStartTimestampGMT":"2020-11-12T02:07:00.0","sleepEndTimestampGMT":"2020-11-12T10:36:00.0","calendarDate":"2020-11-12","sleepWindowConfirmationType":"OFF_WRIST","deepSleepSeconds":0,"lightSleepSeconds":0,"awakeSleepSeconds":0,"unmeasurableSeconds":0,"spo2SleepSummary":{"userProfilePk":82576128,"deviceId":3317189130,"sleepMeasurementStartGMT":"2020-11-13T03:30:00.0","sleepMeasurementEndGMT":"2020-11-13T07:30:00.0","alertThresholdValue":0},"retro":false},{"sleepStartTimestampGMT":"2020-11-13T02:07:00.0","sleepEndTimestampGMT":"2020-11-13T10:31:00.0","calendarDate":"2020-11-13","sleepWindowConfirmationType":"OFF_WRIST","deepSleepSeconds":0,"lightSleepSeconds":0,"awakeSleepSeconds":0,"unmeasurableSeconds":0,"spo2SleepSummary":{"userProfilePk":82576128,"deviceId":3317189130,"sleepMeasurementStartGMT":"2020-11-14T03:30:00.0","sleepMeasurementEndGMT":"2020-11-14T07:30:00.0","alertThresholdValue":0},"retro":false},{"sleepStartTimestampGMT":"2020-11-14T08:56:00.0","sleepEndTimestampGMT":"2020-11-14T14:44:00.0","calendarDate":"2020-11-14","sleepWindowConfirmationType":"OFF_WRIST","deepSleepSeconds":0,"lightSleepSeconds":0,"awakeSleepSeconds":0,"unmeasurableSeconds":0,"spo2SleepSummary":{"userProfilePk":82576128,"deviceId":3317189130,"sleepMeasurementStartGMT":"2020-11-15T03:30:00.0","sleepMeasurementEndGMT":"2020-11-15T07:30:00.0","alertThresholdValue":0},"retro":false},{"sleepStartTimestampGMT":"2020-11-15T07:36:00.0","sleepEndTimestampGMT":"2020-11-15T14:44:00.0","calendarDate":"2020-11-15","sleepWindowConfirmationType":"OFF_WRIST","deepSleepSeconds":0,"lightSleepSeconds":0,"awakeSleepSeconds":0,"unmeasurableSeconds":0,"spo2SleepSummary":{"userProfilePk":82576128,"deviceId":3317189130,"sleepMeasurementStartGMT":"2020-11-16T03:30:00.0","sleepMeasurementEndGMT":"2020-11-16T07:30:00.0","alertThresholdValue":0},"retro":false},{"sleepStartTimestampGMT":"2020-11-16T02:32:00.0","sleepEndTimestampGMT":"2020-11-16T14:00:00.0","calendarDate":"2020-11-16","sleepWindowConfirmationType":"OFF_WRIST","deepSleepSeconds":0,"lightSleepSeconds":0,"awakeSleepSeconds":0,"unmeasurableSeconds":0,"spo2SleepSummary":{"userProfilePk":82576128,"deviceId":3317189130,"sleepMeasurementStartGMT":"2020-11-17T03:30:00.0","sleepMeasurementEndGMT":"2020-11-17T07:30:00.0","alertThresholdValue":0},"retro":false},{"sleepStartTimestampGMT":"2020-11-17T02:27:00.0","sleepEndTimestampGMT":"2020-11-17T14:11:00.0","calendarDate":"2020-11-17","sleepWindowConfirmationType":"OFF_WRIST","deepSleepSeconds":0,"lightSleepSeconds":0,"awakeSleepSeconds":0,"unmeasurableSeconds":0,"spo2SleepSummary":{"userProfilePk":82576128,"deviceId":3317189130,"sleepMeasurementStartGMT":"2020-11-18T03:30:00.0","sleepMeasurementEndGMT":"2020-11-18T07:30:00.0","alertThresholdValue":0},"retro":false},{"sleepStartTimestampGMT":"2020-11-18T02:34:00.0","sleepEndTimestampGMT":"2020-11-18T14:16:00.0","calendarDate":"2020-11-18","sleepWindowConfirmationType":"OFF_WRIST","deepSleepSeconds":0,"lightSleepSeconds":0,"awakeSleepSeconds":0,"unmeasurableSeconds":0,"retro":false},{"sleepStartTimestampGMT":"2020-11-19T02:27:00.0","sleepEndTimestampGMT":"2020-11-19T14:11:00.0","calendarDate":"2020-11-19","sleepWindowConfirmationType":"OFF_WRIST","deepSleepSeconds":0,"lightSleepSeconds":0,"awakeSleepSeconds":0,"unmeasurableSeconds":0,"retro":false},{"sleepStartTimestampGMT":"2020-11-20T02:23:00.0","sleepEndTimestampGMT":"2020-11-20T09:16:00.0","calendarDate":"2020-11-20","sleepWindowConfirmationType":"OFF_WRIST","deepSleepSeconds":0,"lightSleepSeconds":0,"awakeSleepSeconds":0,"unmeasurableSeconds":0,"spo2SleepSummary":{"userProfilePk":82576128,"deviceId":3317189130,"sleepMeasurementStartGMT":"2020-11-20T09:41:13.0","sleepMeasurementEndGMT":"2020-11-20T13:41:13.0","alertThresholdValue":0},"retro":false}]