[{"sleepStartTimestampGMT":"2021-11-18T02:17:00.0","sleepEndTimestampGMT":"2021-11-18T11:28:00.0","calendarDate":"2021-11-18","sleepWindowConfirmationType":"OFF_WRIST","deepSleepSeconds":0,"lightSleepSeconds":0,"awakeSleepSeconds":0,"unmeasurableSeconds":0,"spo2SleepSummary":{"userProfilePk":82576128,"deviceId":3317189130,"sleepMeasurementStartGMT":"2021-11-19T03:30:00.0","sleepMeasurementEndGMT":"2021-11-19T07:30:00.0","alertThresholdValue":0},"retro":false},{"sleepStartTimestampGMT":"2021-11-19T02:17:00.0","sleepEndTimestampGMT":"2021-11-19T11:59:00.0","calendarDate":"2021-11-19","sleepWindowConfirmationType":"OFF_WRIST","deepSleepSeconds":0,"lightSleepSeconds":0,"awakeSleepSeconds":0,"unmeasurableSeconds":0,"spo2SleepSummary":{"userProfilePk":82576128,"deviceId":3317189130,"sleepMeasurementStartGMT":"2021-11-20T03:30:00.0","sleepMeasurementEndGMT":"2021-11-20T07:30:00.0","alertThresholdValue":0},"retro":false},{"sleepStartTimestampGMT":"2021-11-20T02:28:00.0","sleepEndTimestampGMT":"2021-11-20T13:36:00.0","calendarDate":"2021-11-20","sleepWindowConfirmationType":"OFF_WRIST","deepSleepSeconds":0,"lightSleepSeconds":0,"awakeSleepSeconds":0,"unmeasurableSeconds":0,"spo2SleepSummary":{"userProfilePk":82576128,"deviceId":3317189130,"sleepMeasurementStartGMT":"2021-11-21T03:30:00.0","sleepMeasurementEndGMT":"2021-11-21T07:30:00.0","alertThresholdValue":0},"retro":false},{"sleepStartTimestampGMT":"2021-11-21T02:22:00.0","sleepEndTimestampGMT":"2021-11-21T13:06:00.0","calendarDate":"2021-11-21","sleepWindowConfirmationType":"OFF_WRIST","deepSleepSeconds":0,"lightSleepSeconds":0,"awakeSleepSeconds":0,"unmeasurableSeconds":0,"spo2SleepSummary":{"userProfilePk":82576128,"deviceId":3317189130,"sleepMeasurementStartGMT":"2021-11-22T03:30:00.0","sleepMeasurementEndGMT":"2021-11-22T07:30:00.0","alertThresholdValue":0},"retro":false},{"sleepStartTimestampGMT":"2021-11-22T02:17:00.0","sleepEndTimestampGMT":"2021-11-22T11:16:00.0","calendarDate":"2021-11-22","sleepWindowConfirmationType":"OFF_WRIST","deepSleepSeconds":0,"lightSleepSeconds":0,"awakeSleepSeconds":0,"unmeasurableSeconds":0,"spo2SleepSummary":{"userProfilePk":82576128,"deviceId":3317189130,"sleepMeasurementStartGMT":"2021-11-23T03:30:00.0","sleepMeasurementEndGMT":"2021-11-23T07:30:00.0","alertThresholdValue":0},"retro":false},{"sleepStartTimestampGMT":"2021-11-23T02:17:00.0","sleepEndTimestampGMT":"2021-11-23T10:01:00.0","calendarDate":"2021-11-23","sleepWindowConfirmationType":"OFF_WRIST","deepSleepSeconds":0,"lightSleepSeconds":0,"awakeSleepSeconds":0,"unmeasurableSeconds":0,"spo2SleepSummary":{"userProfilePk":82576128,"deviceId":3317189130,"sleepMeasurementStartGMT":"2021-11-24T03:30:00.0","sleepMeasurementEndGMT":"2021-11-24T07:30:00.0","alertThresholdValue":0},"retro":false},{"sleepStartTimestampGMT":"2021-11-24T02:17:00.0","sleepEndTimestampGMT":"2021-11-24T11:24:00.0","calendarDate":"2021-11-24","sleepWindowConfirmationType":"OFF_WRIST","deepSleepSeconds":0,"lightSleepSeconds":0,"awakeSleepSeconds":0,"unmeasurableSeconds":0,"spo2SleepSummary":{"userProfilePk":82576128,"deviceId":3317189130,"sleepMeasurementStartGMT":"2021-11-25T03:30:00.0","sleepMeasurementEndGMT":"2021-11-25T07:30:00.0","alertThresholdValue":0},"retro":false},{"sleepStartTimestampGMT":"2021-11-25T02:32:00.0","sleepEndTimestampGMT":"2021-11-25T14:11:00.0","calendarDate":"2021-11-25","sleepWindowConfirmationType":"OFF_WRIST","deepSleepSeconds":0,"lightSleepSeconds":0,"awakeSleepSeconds":0,"unmeasurableSeconds":0,"spo2SleepSummary":{"userProfilePk":82576128,"deviceId":3317189130,"sleepMeasurementStartGMT":"2021-11-26T03:30:00.0","sleepMeasurementEndGMT":"2021-11-26T07:30:00.0","alertThresholdValue":0},"retro":false},{"sleepStartTimestampGMT":"2021-11-26T02:27:00.0","sleepEndTimestampGMT":"2021-11-26T14:16:00.0","calendarDate":"2021-11-26","sleepWindowConfirmationType":"OFF_WRIST","deepSleepSeconds":0,"lightSleepSeconds":0,"awakeSleepSeconds":0,"unmeasurableSeconds":0,"spo2SleepSummary":{"userProfilePk":82576128,"deviceId":3317189130,"sleepMeasurementStartGMT":"2021-11-27T03:30:00.0","sleepMeasurementEndGMT":"2021-11-27T07:30:00.0","alertThresholdValue":0},"retro":false},{"sleepStartTimestampGMT":"2021-11-27T02:22:00.0","sleepEndTimestampGMT":"2021-11-27T13:31:00.0","calendarDate":"2021-11-27","sleepWindowConfirmationType":"OFF_WRIST","deepSleepSeconds":0,"lightSleepSeconds":0,"awakeSleepSeconds":0,"unmeasurableSeconds":0,"spo2SleepSummary":{"userProfilePk":82576128,"deviceId":3317189130,"sleepMeasurementStartGMT":"2021-11-28T03:30:00.0","sleepMeasurementEndGMT":"2021-11-28T07:30:00.0","alertThresholdValue":0},"retro":false},{"sleepStartTimestampGMT":"2021-11-28T02:27:00.0","sleepEndTimestampGMT":"2021-11-28T14:06:00.0","calendarDate":"2021-11-28","sleepWindowConfirmationType":"OFF_WRIST","deepSleepSeconds":0,"lightSleepSeconds":0,"awakeSleepSeconds":0,"unmeasurableSeconds":0,"spo2SleepSummary":{"userProfilePk":82576128,"deviceId":3317189130,"sleepMeasurementStartGMT":"2021-11-29T03:30:00.0","sleepMeasurementEndGMT":"2021-11-29T07:30:00.0","alertThresholdValue":0},"retro":false},{"sleepStartTimestampGMT":"2021-11-29T02:17:00.0","sleepEndTimestampGMT":"2021-11-29T11:36:00.0","calendarDate":"2021-11-29","sleepWindowConfirmationType":"OFF_WRIST","deepSleepSeconds":0,"lightSleepSeconds":0,"awakeSleepSeconds":0,"unmeasurableSeconds":0,"spo2SleepSummary":{"userProfilePk":82576128,"deviceId":3317189130,"sleepMeasurementStartGMT":"2021-11-30T03:30:00.0","sleepMeasurementEndGMT":"2021-11-30T07:30:00.0","alertThresholdValue":0},"retro":false},{"sleepStartTimestampGMT":"2021-11-30T02:07:00.0","sleepEndTimestampGMT":"2021-11-30T10:46:00.0","calendarDate":"2021-11-30","sleepWindowConfirmationType":"OFF_WRIST","deepSleepSeconds":0,"lightSleepSeconds":0,"awakeSleepSeconds":0,"unmeasurableSeconds":0,"spo2SleepSummary":{"userProfilePk":82576128,"deviceId":3317189130,"sleepMeasurementStartGMT":"2021-12-01T03:30:00.0","sleepMeasurementEndGMT":"2021-12-01T07:30:00.0","alertThresholdValue":0},"retro":false},{"sleepStartTimestampGMT":"2021-12-01T02:27:00.0","sleepEndTimestampGMT":"2021-12-01T14:11:00.0","calendarDate":"2021-12-01","sleepWindowConfirmationType":"OFF_WRIST","deepSleepSeconds":0,"lightSleepSeconds":0,"awakeSleepSeconds":0,"unmeasurableSeconds":0,"spo2SleepSummary":{"userProfilePk":82576128,"deviceId":3317189130,"sleepMeasurementStartGMT":"2021-12-02T03:30:00.0","sleepMeasurementEndGMT":"2021-12-02T07:30:00.0","alertThresholdValue":0},"retro":false},{"sleepStartTimestampGMT":"2021-12-02T02:12:00.0","sleepEndTimestampGMT":"2021-12-02T11:16:00.0","calendarDate":"2021-12-02","sleepWindowConfirmationType":"OFF_WRIST","deepSleepSeconds":0,"lightSleepSeconds":0,"awakeSleepSeconds":0,"unmeasurableSeconds":0,"spo2SleepSummary":{"userProfilePk":82576128,"deviceId":3317189130,"sleepMeasurementStartGMT":"2021-12-03T03:30:00.0","sleepMeasurementEndGMT":"2021-12-03T07:30:00.0","alertThresholdValue":0},"retro":false},{"sleepStartTimestampGMT":"2021-12-03T02:17:00.0","sleepEndTimestampGMT":"2021-12-03T11:43:00.0","calendarDate":"2021-12-03","sleepWindowConfirmationType":"OFF_WRIST","deepSleepSeconds":0,"lightSleepSeconds":0,"awakeSleepSeconds":0,"unmeasurableSeconds":0,"spo2SleepSummary":{"userProfilePk":82576128,"deviceId":3317189130,"sleepMeasurementStartGMT":"2021-12-04T03:30:00.0","sleepMeasurementEndGMT":"2021-12-04T07:30:00.0","alertThresholdValue":0},"retro":false},{"sleepStartTimestampGMT":"2021-12-04T02:12:00.0","sleepEndTimestampGMT":"2021-12-04T12:06:00.0","calendarDate":"2021-12-04","sleepWindowConfirmationType":"OFF_WRIST","deepSleepSeconds":0,"lightSleepSeconds":0,"awakeSleepSeconds":0,"unmeasurableSeconds":0,"retro":false},{"sleepStartTimestampGMT":"2022-02-05T03:30:00.0","sleepEndTimestampGMT":"2022-02-05T10:45:00.0","calendarDate":"2022-02-05","sleepWindowConfirmationType":"UNCONFIRMED","retro":false},{"sleepStartTimestampGMT":"2022-02-06T04:29:00.0","sleepEndTimestampGMT":"2022-02-06T14:13:00.0","calendarDate":"2022-02-06","sleepWindowConfirmationType":"OFF_WRIST","deepSleepSeconds":0,"lightSleepSeconds":0,"awakeSleepSeconds":0,"unmeasurableSeconds":0,"spo2SleepSummary":{"userProfilePk":82576128,"deviceId":3317189130,"sleepMeasurementStartGMT":"2022-02-06T05:50:44.0","sleepMeasurementEndGMT":"2022-02-06T09:50:44.0","alertThresholdValue":0},"retro":false},{"sleepStartTimestampGMT":"2022-02-07T02:01:00.0","sleepEndTimestampGMT":"2022-02-07T11:36:00.0","calendarDate":"2022-02-07","sleepWindowConfirmationType":"OFF_WRIST","deepSleepSeconds":0,"lightSleepSeconds":0,"awakeSleepSeconds":0,"unmeasurableSeconds":0,"spo2SleepSummary":{"userProfilePk":82576128,"deviceId":3317189130,"sleepMeasurementStartGMT":"2022-02-08T03:30:00.0","sleepMeasurementEndGMT":"2022-02-08T07:30:00.0","alertThresholdValue":0},"retro":false},{"sleepStartTimestampGMT":"2022-02-08T02:01:00.0","sleepEndTimestampGMT":"2022-02-08T11:41:00.0","calendarDate":"2022-02-08","sleepWindowConfirmationType":"OFF_WRIST","deepSleepSeconds":0,"lightSleepSeconds":0,"awakeSleepSeconds":0,"unmeasurableSeconds":0,"spo2SleepSummary":{"userProfilePk":82576128,"deviceId":3317189130,"sleepMeasurementStartGMT":"2022-02-09T03:30:00.0","sleepMeasurementEndGMT":"2022-02-09T07:30:00.0","alertThresholdValue":0},"retro":false},{"sleepStartTimestampGMT":"2022-02-09T02:01:00.0","sleepEndTimestampGMT":"2022-02-09T11:16:00.0","calendarDate":"2022-02-09","sleepWindowConfirmationType":"OFF_WRIST","deepSleepSeconds":0,"lightSleepSeconds":0,"awakeSleepSeconds":0,"unmeasurableSeconds":0,"spo2SleepSummary":{"userProfilePk":82576128,"deviceId":3317189130,"sleepMeasurementStartGMT":"2022-02-10T03:30:00.0","sleepMeasurementEndGMT":"2022-02-10T07:30:00.0","alertThresholdValue":0},"retro":false},{"sleepStartTimestampGMT":"2022-02-10T02:01:00.0","sleepEndTimestampGMT":"2022-02-10T11:32:00.0","calendarDate":"2022-02-10","sleepWindowConfirmationType":"OFF_WRIST","deepSleepSeconds":0,"lightSleepSeconds":0,"awakeSleepSeconds":0,"unmeasurableSeconds":0,"spo2SleepSummary":{"userProfilePk":82576128,"deviceId":3317189130,"sleepMeasurementStartGMT":"2022-02-11T03:30:00.0","sleepMeasurementEndGMT":"2022-02-11T07:30:00.0","alertThresholdValue":0},"retro":false},{"sleepStartTimestampGMT":"2022-02-11T02:07:00.0","sleepEndTimestampGMT":"2022-02-11T12:01:00.0","calendarDate":"2022-02-11","sleepWindowConfirmationType":"OFF_WRIST","deepSleepSeconds":0,"lightSleepSeconds":0,"awakeSleepSeconds":0,"unmeasurableSeconds":0,"spo2SleepSummary":{"userProfilePk":82576128,"deviceId":3317189130,"sleepMeasurementStartGMT":"2022-02-12T03:30:00.0","sleepMeasurementEndGMT":"2022-02-12T07:30:00.0","alertThresholdValue":0},"retro":false},{"sleepStartTimestampGMT":"2022-02-12T02:27:00.0","sleepEndTimestampGMT":"2022-02-12T14:11:00.0","calendarDate":"2022-02-12","sleepWindowConfirmationType":"OFF_WRIST","deepSleepSeconds":0,"lightSleepSeconds":0,"awakeSleepSeconds":0,"unmeasurableSeconds":0,"spo2SleepSummary":{"userProfilePk":82576128,"deviceId":3317189130,"sleepMeasurementStartGMT":"2022-02-13T03:30:00.0","sleepMeasurementEndGMT":"2022-02-13T07:30:00.0","alertThresholdValue":0},"retro":false},{"sleepStartTimestampGMT":"2022-02-13T05:08:00.0","sleepEndTimestampGMT":"2022-02-13T14:44:00.0","calendarDate":"2022-02-13","sleepWindowConfirmationType":"OFF_WRIST","deepSleepSeconds":0,"lightSleepSeconds":0,"awakeSleepSeconds":0,"unmeasurableSeconds":0,"spo2SleepSummary":{"userProfilePk":82576128,"deviceId":3317189130,"sleepMeasurementStartGMT":"2022-02-14T03:30:00.0","sleepMeasurementEndGMT":"2022-02-14T07:30:00.0","alertThresholdValue":0},"retro":false},{"sleepStartTimestampGMT":"2022-02-14T02:02:00.0","sleepEndTimestampGMT":"2022-02-14T12:16:00.0","calendarDate":"2022-02-14","sleepWindowConfirmationType":"OFF_WRIST","deepSleepSeconds":0,"lightSleepSeconds":0,"awakeSleepSeconds":0,"unmeasurableSeconds":0,"spo2SleepSummary":{"userProfilePk":82576128,"deviceId":3317189130,"sleepMeasurementStartGMT":"2022-02-15T03:30:00.0","sleepMeasurementEndGMT":"2022-02-15T07:30:00.0","alertThresholdValue":0},"retro":false},{"sleepStartTimestampGMT":"2022-02-15T02:03:00.0","sleepEndTimestampGMT":"2022-02-15T11:19:00.0","calendarDate":"2022-02-15","sleepWindowConfirmationType":"OFF_WRIST","deepSleepSeconds":0,"lightSleepSeconds":0,"awakeSleepSeconds":0,"unmeasurableSeconds":0,"spo2SleepSummary":{"userProfilePk":82576128,"deviceId":3317189130,"sleepMeasurementStartGMT":"2022-02-16T03:30:00.0","sleepMeasurementEndGMT":"2022-02-16T07:30:00.0","alertThresholdValue":0},"retro":false},{"sleepStartTimestampGMT":"2022-02-16T02:01:00.0","sleepEndTimestampGMT":"2022-02-16T11:45:00.0","calendarDate":"2022-02-16","sleepWindowConfirmationType":"OFF_WRIST","deepSleepSeconds":0,"lightSleepSeconds":0,"awakeSleepSeconds":0,"unmeasurableSeconds":0,"spo2SleepSummary":{"userProfilePk":82576128,"deviceId":3317189130,"sleepMeasurementStartGMT":"2022-02-17T03:30:00.0","sleepMeasurementEndGMT":"2022-02-17T07:30:00.0","alertThresholdValue":0},"retro":false},{"sleepStartTimestampGMT":"2022-02-17T02:01:00.0","sleepEndTimestampGMT":"2022-02-17T11:34:00.0","calendarDate":"2022-02-17","sleepWindowConfirmationType":"OFF_WRIST","deepSleepSeconds":0,"lightSleepSeconds":0,"awakeSleepSeconds":0,"unmeasurableSeconds":0,"spo2SleepSummary":{"userProfilePk":82576128,"deviceId":3317189130,"sleepMeasurementStartGMT":"2022-02-18T03:30:00.0","sleepMeasurementEndGMT":"2022-02-18T07:30:00.0","alertThresholdValue":0},"retro":false},{"sleepStartTimestampGMT":"2022-02-18T02:04:00.0","sleepEndTimestampGMT":"2022-02-18T11:45:00.0","calendarDate":"2022-02-18","sleepWindowConfirmationType":"OFF_WRIST","deepSleepSeconds":0,"lightSleepSeconds":0,"awakeSleepSeconds":0,"unmeasurableSeconds":0,"spo2SleepSummary":{"userProfilePk":82576128,"deviceId":3317189130,"sleepMeasurementStartGMT":"2022-02-19T03:30:00.0","sleepMeasurementEndGMT":"2022-02-19T07:30:00.0","alertThresholdValue":0},"retro":false},{"sleepStartTimestampGMT":"2022-02-19T08:57:00.0","sleepEndTimestampGMT":"2022-02-19T14:44:00.0","calendarDate":"2022-02-19","sleepWindowConfirmationType":"OFF_WRIST","deepSleepSeconds":0,"lightSleepSeconds":0,"awakeSleepSeconds":0,"unmeasurableSeconds":0,"spo2SleepSummary":{"userProfilePk":82576128,"deviceId":3317189130,"sleepMeasurementStartGMT":"2022-02-20T03:30:00.0","sleepMeasurementEndGMT":"2022-02-20T07:30:00.0","alertThresholdValue":0},"retro":false},{"sleepStartTimestampGMT":"2022-02-20T02:37:00.0","sleepEndTimestampGMT":"2022-02-20T14:16:00.0","calendarDate":"2022-02-20","sleepWindowConfirmationType":"OFF_WRIST","deepSleepSeconds":0,"lightSleepSeconds":0,"awakeSleepSeconds":0,"unmeasurableSeconds":0,"spo2SleepSummary":{"userProfilePk":82576128,"deviceId":3317189130,"sleepMeasurementStartGMT":"2022-02-21T03:30:00.0","sleepMeasurementEndGMT":"2022-02-21T07:30:00.0","alertThresholdValue":0},"retro":false},{"sleepStartTimestampGMT":"2022-02-21T03:13:00.0","sleepEndTimestampGMT":"2022-02-21T12:54:00.0","calendarDate":"2022-02-21","sleepWindowConfirmationType":"OFF_WRIST","deepSleepSeconds":0,"lightSleepSeconds":0,"awakeSleepSeconds":0,"unmeasurableSeconds":0,"spo2SleepSummary":{"userProfilePk":82576128,"deviceId":3317189130,"sleepMeasurementStartGMT":"2022-02-22T03:30:00.0","sleepMeasurementEndGMT":"2022-02-22T07:30:00.0","alertThresholdValue":0},"retro":false},{"sleepStartTimestampGMT":"2022-02-22T02:01:00.0","sleepEndTimestampGMT":"2022-02-22T11:41:00.0","calendarDate":"2022-02-22","sleepWindowConfirmationType":"OFF_WRIST","deepSleepSeconds":0,"lightSleepSeconds":0,"awakeSleepSeconds":0,"unmeasurableSeconds":0,"spo2SleepSummary":{"userProfilePk":82576128,"deviceId":3317189130,"sleepMeasurementStartGMT":"2022-02-23T03:30:00.0","sleepMeasurementEndGMT":"2022-02-23T07:30:00.0","alertThresholdValue":0},"retro":false},{"sleepStartTimestampGMT":"2022-02-23T02:01:00.0","sleepEndTimestampGMT":"2022-02-23T11:56:00.0","calendarDate":"2022-02-23","sleepWindowConfirmationType":"OFF_WRIST","deepSleepSeconds":0,"lightSleepSeconds":0,"awakeSleepSeconds":0,"unmeasurableSeconds":0,"spo2SleepSummary":{"userProfilePk":82576128,"deviceId":3317189130,"sleepMeasurementStartGMT":"2022-02-24T03:30:00.0","sleepMeasurementEndGMT":"2022-02-24T07:30:00.0","alertThresholdValue":0},"retro":false},{"sleepStartTimestampGMT":"2022-02-24T02:01:00.0","sleepEndTimestampGMT":"2022-02-24T11:16:00.0","calendarDate":"2022-02-24","sleepWindowConfirmationType":"OFF_WRIST","deepSleepSeconds":0,"lightSleepSeconds":0,"awakeSleepSeconds":0,"unmeasurableSeconds":0,"spo2SleepSummary":{"userProfilePk":82576128,"deviceId":3317189130,"sleepMeasurementStartGMT":"2022-02-25T03:30:00.0","sleepMeasurementEndGMT":"2022-02-25T07:30:00.0","alertThresholdValue":0},"retro":false},{"sleepStartTimestampGMT":"2022-02-25T02:03:00.0","sleepEndTimestampGMT":"2022-02-25T11:27:00.0","calendarDate":"2022-02-25","sleepWindowConfirmationType":"OFF_WRIST","deepSleepSeconds":0,"lightSleepSeconds":0,"awakeSleepSeconds":0,"unmeasurableSeconds":0,"retro":false}]