[{"sleepStartTimestampGMT":"2021-07-25T02:30:00.0","sleepEndTimestampGMT":"2021-07-25T09:45:00.0","calendarDate":"2021-07-25","sleepWindowConfirmationType":"UNCONFIRMED","spo2SleepSummary":{"userProfilePk":82576128,"deviceId":3317189130,"sleepMeasurementStartGMT":"2021-07-26T02:30:00.0","sleepMeasurementEndGMT":"2021-07-26T06:30:00.0","alertThresholdValue":0},"retro":false},{"sleepStartTimestampGMT":"2021-07-26T02:23:00.0","sleepEndTimestampGMT":"2021-07-26T10:27:00.0","calendarDate":"2021-07-26","sleepWindowConfirmationType":"OFF_WRIST","deepSleepSeconds":0,"lightSleepSeconds":0,"awakeSleepSeconds":0,"unmeasurableSeconds":0,"spo2SleepSummary":{"userProfilePk":82576128,"deviceId":3317189130,"sleepMeasurementStartGMT":"2021-07-27T02:30:00.0","sleepMeasurementEndGMT":"2021-07-27T06:30:00.0","alertThresholdValue":0},"retro":false},{"sleepStartTimestampGMT":"2021-07-27T01:01:00.0","sleepEndTimestampGMT":"2021-07-27T10:25:00.0","calendarDate":"2021-07-27","sleepWindowConfirmationType":"OFF_WRIST","deepSleepSeconds":0,"lightSleepSeconds":0,"awakeSleepSeconds":0,"unmeasurableSeconds":0,"spo2SleepSummary":{"userProfilePk":82576128,"deviceId":3317189130,"sleepMeasurementStartGMT":"2021-07-28T02:30:00.0","sleepMeasurementEndGMT":"2021-07-28T06:30:00.0","alertThresholdValue":0},"retro":false},{"sleepStartTimestampGMT":"2021-07-28T01:07:00.0","sleepEndTimestampGMT":"2021-07-28T10:51:00.0","calendarDate":"2021-07-28","sleepWindowConfirmationType":"OFF_WRIST","deepSleepSeconds":0,"lightSleepSeconds":0,"awakeSleepSeconds":0,"unmeasurableSeconds":0,"spo2SleepSummary":{"userProfilePk":82576128,"deviceId":3317189130,"sleepMeasurementStartGMT":"2021-07-29T02:30:00.0","sleepMeasurementEndGMT":"2021-07-29T06:30:00.0","alertThresholdValue":0},"retro":false},{"sleepStartTimestampGMT":"2021-07-29T01:01:00.0","sleepEndTimestampGMT":"2021-07-29T10:41:00.0","calendarDate":"2021-07-29","sleepWindowConfirmationType":"OFF_WRIST","deepSleepSeconds":0,"lightSleepSeconds":0,"awakeSleepSeconds":0,"unmeasurableSeconds":0,"spo2SleepSummary":{"userProfilePk":82576128,"deviceId":3317189130,"sleepMeasurementStartGMT":"2021-07-30T02:30:00.0","sleepMeasurementEndGMT":"2021-07-30T06:30:00.0","alertThresholdValue":0},"retro":false},{"sleepStartTimestampGMT":"2021-07-30T01:32:00.0","sleepEndTimestampGMT":"2021-07-30T13:11:00.0","calendarDate":"2021-07-30","sleepWindowConfirmationType":"OFF_WRIST","deepSleepSeconds":0,"lightSleepSeconds":0,"awakeSleepSeconds":0,"unmeasurableSeconds":0,"spo2SleepSummary":{"userProfilePk":82576128,"deviceId":3317189130,"sleepMeasurementStartGMT":"2021-07-31T02:30:00.0","sleepMeasurementEndGMT":"2021-07-31T06:30:00.0","alertThresholdValue":0},"retro":false},{"sleepStartTimestampGMT":"2021-07-31T01:27:00.0","sleepEndTimestampGMT":"2021-07-31T12:41:00.0","calendarDate":"2021-07-31","sleepWindowConfirmationType":"OFF_WRIST","deepSleepSeconds":0,"lightSleepSeconds":0,"awakeSleepSeconds":0,"unmeasurableSeconds":0,"spo2SleepSummary":{"userProfilePk":82576128,"deviceId":3317189130,"sleepMeasurementStartGMT":"2021-08-01T02:30:00.0","sleepMeasurementEndGMT":"2021-08-01T06:30:00.0","alertThresholdValue":0},"retro":false},{"sleepStartTimestampGMT":"2021-08-01T01:07:00.0","sleepEndTimestampGMT":"2021-08-01T11:46:00.0","calendarDate":"2021-08-01","sleepWindowConfirmationType":"OFF_WRIST","deepSleepSeconds":0,"lightSleepSeconds":0,"awakeSleepSeconds":0,"unmeasurableSeconds":0,"spo2SleepSummary":{"userProfilePk":82576128,"deviceId":3317189130,"sleepMeasurementStartGMT":"2021-08-02T02:30:00.0","sleepMeasurementEndGMT":"2021-08-02T06:30:00.0","alertThresholdValue":0},"retro":false},{"sleepStartTimestampGMT":"2021-08-02T03:04:00.0","sleepEndTimestampGMT":"2021-08-02T12:56:00.0","calendarDate":"2021-08-02","sleepWindowConfirmationType":"OFF_WRIST","deepSleepSeconds":0,"lightSleepSeconds":0,"awakeSleepSeconds":0,"unmeasurableSeconds":0,"spo2SleepSummary":{"userProfilePk":82576128,"deviceId":3317189130,"sleepMeasurementStartGMT":"2021-08-03T02:30:00.0","sleepMeasurementEndGMT":"2021-08-03T06:30:00.0","alertThresholdValue":0},"retro":false},{"sleepStartTimestampGMT":"2021-08-03T01:12:00.0","sleepEndTimestampGMT":"2021-08-03T11:31:00.0","calendarDate":"2021-08-03","sleepWindowConfirmationType":"OFF_WRIST","deepSleepSeconds":0,"lightSleepSeconds":0,"awakeSleepSeconds":0,"unmeasurableSeconds":0,"spo2SleepSummary":{"userProfilePk":82576128,"deviceId":3317189130,"sleepMeasurementStartGMT":"2021-08-04T02:30:00.0","sleepMeasurementEndGMT":"2021-08-04T06:30:00.0","alertThresholdValue":0},"retro":false},{"sleepStartTimestampGMT":"2021-08-04T01:32:00.0","sleepEndTimestampGMT":"2021-08-04T13:11:00.0","calendarDate":"2021-08-04","sleepWindowConfirmationType":"OFF_WRIST","deepSleepSeconds":0,"lightSleepSeconds":0,"awakeSleepSeconds":0,"unmeasurableSeconds":0,"spo2SleepSummary":{"userProfilePk":82576128,"deviceId":3317189130,"sleepMeasurementStartGMT":"2021-08-05T02:30:00.0","sleepMeasurementEndGMT":"2021-08-05T06:30:00.0","alertThresholdValue":0},"retro":false},{"sleepStartTimestampGMT":"2021-08-05T01:07:00.0","sleepEndTimestampGMT":"2021-08-05T10:51:00.0","calendarDate":"2021-08-05","sleepWindowConfirmationType":"OFF_WRIST","deepSleepSeconds":0,"lightSleepSeconds":0,"awakeSleepSeconds":0,"unmeasurableSeconds":0,"spo2SleepSummary":{"userProfilePk":82576128,"deviceId":3317189130,"sleepMeasurementStartGMT":"2021-08-06T02:30:00.0","sleepMeasurementEndGMT":"2021-08-06T06:30:00.0","alertThresholdValue":0},"retro":false},{"sleepStartTimestampGMT":"2021-08-06T01:07:00.0","sleepEndTimestampGMT":"2021-08-06T10:56:00.0","calendarDate":"2021-08-06","sleepWindowConfirmationType":"OFF_WRIST","deepSleepSeconds":0,"lightSleepSeconds":0,"awakeSleepSeconds":0,"unmeasurableSeconds":0,"spo2SleepSummary":{"userProfilePk":82576128,"deviceId":3317189130,"sleepMeasurementStartGMT":"2021-08-07T02:30:00.0","sleepMeasurementEndGMT":"2021-08-07T06:30:00.0","alertThresholdValue":0},"retro":false},{"sleepStartTimestampGMT":"2021-08-07T01:02:00.0","sleepEndTimestampGMT":"2021-08-07T11:06:00.0","calendarDate":"2021-08-07","sleepWindowConfirmationType":"OFF_WRIST","deepSleepSeconds":0,"lightSleepSeconds":0,"awakeSleepSeconds":0,"unmeasurableSeconds":0,"spo2SleepSummary":{"userProfilePk":82576128,"deviceId":3317189130,"sleepMeasurementStartGMT":"2021-08-08T02:30:00.0","sleepMeasurementEndGMT":"2021-08-08T06:30:00.0","alertThresholdValue":0},"retro":false},{"sleepStartTimestampGMT":"2021-08-08T01:12:00.0","sleepEndTimestampGMT":"2021-08-08T11:51:00.0","calendarDate":"2021-08-08","sleepWindowConfirmationType":"OFF_WRIST","deepSleepSeconds":0,"lightSleepSeconds":0,"awakeSleepSeconds":0,"unmeasurableSeconds":0,"spo2SleepSummary":{"userProfilePk":82576128,"deviceId":3317189130,"sleepMeasurementStartGMT":"2021-08-09T02:30:00.0","sleepMeasurementEndGMT":"2021-08-09T06:30:00.0","alertThresholdValue":0},"retro":false},{"sleepStartTimestampGMT":"2021-08-09T01:02:00.0","sleepEndTimestampGMT":"2021-08-09T10:51:00.0","calendarDate":"2021-08-09","sleepWindowConfirmationType":"OFF_WRIST","deepSleepSeconds":0,"lightSleepSeconds":0,"awakeSleepSeconds":0,"unmeasurableSeconds":0,"spo2SleepSummary":{"userProfilePk":82576128,"deviceId":3317189130,"sleepMeasurementStartGMT":"2021-08-10T02:30:00.0","sleepMeasurementEndGMT":"2021-08-10T06:30:00.0","alertThresholdValue":0},"retro":false}]