[{"sleepStartTimestampGMT":"2021-08-10T01:07:00.0","sleepEndTimestampGMT":"2021-08-10T11:16:00.0","calendarDate":"2021-08-10","sleepWindowConfirmationType":"OFF_WRIST","deepSleepSeconds":0,"lightSleepSeconds":0,"awakeSleepSeconds":0,"unmeasurableSeconds":0,"spo2SleepSummary":{"userProfilePk":82576128,"deviceId":3317189130,"sleepMeasurementStartGMT":"2021-08-11T02:30:00.0","sleepMeasurementEndGMT":"2021-08-11T06:30:00.0","alertThresholdValue":0},"retro":false},{"sleepStartTimestampGMT":"2021-08-11T01:37:00.0","sleepEndTimestampGMT":"2021-08-11T13:11:00.0","calendarDate":"2021-08-11","sleepWindowConfirmationType":"OFF_WRIST","deepSleepSeconds":0,"lightSleepSeconds":0,"awakeSleepSeconds":0,"unmeasurableSeconds":0,"spo2SleepSummary":{"userProfilePk":82576128,"deviceId":3317189130,"sleepMeasurementStartGMT":"2021-08-12T02:30:00.0","sleepMeasurementEndGMT":"2021-08-12T06:30:00.0","alertThresholdValue":0},"retro":false},{"sleepStartTimestampGMT":"2021-08-12T01:02:00.0","sleepEndTimestampGMT":"2021-08-12T10:46:00.0","calendarDate":"2021-08-12","sleepWindowConfirmationType":"OFF_WRIST","deepSleepSeconds":0,"lightSleepSeconds":0,"awakeSleepSeconds":0,"unmeasurableSeconds":0,"spo2SleepSummary":{"userProfilePk":82576128,"deviceId":3317189130,"sleepMeasurementStartGMT":"2021-08-13T02:30:00.0","sleepMeasurementEndGMT":"2021-08-13T06:30:00.0","alertThresholdValue":0},"retro":false},{"sleepStartTimestampGMT":"2021-08-13T01:02:00.0","sleepEndTimestampGMT":"2021-08-13T11:01:00.0","calendarDate":"2021-08-13","sleepWindowConfirmationType":"OFF_WRIST","deepSleepSeconds":0,"lightSleepSeconds":0,"awakeSleepSeconds":0,"unmeasurableSeconds":0,"spo2SleepSummary":{"userProfilePk":82576128,"deviceId":3317189130,"sleepMeasurementStartGMT":"2021-08-14T02:30:00.0","sleepMeasurementEndGMT":"2021-08-14T06:30:00.0","alertThresholdValue":0},"retro":false},{"sleepStartTimestampGMT":"2021-08-14T01:07:00.0","sleepEndTimestampGMT":"2021-08-14T11:31:00.0","calendarDate":"2021-08-14","sleepWindowConfirmationType":"OFF_WRIST","deepSleepSeconds":0,"lightSleepSeconds":0,"awakeSleepSeconds":0,"unmeasurableSeconds":0,"spo2SleepSummary":{"userProfilePk":82576128,"deviceId":3317189130,"sleepMeasurementStartGMT":"2021-08-15T02:30:00.0","sleepMeasurementEndGMT":"2021-08-15T06:30:00.0","alertThresholdValue":0},"retro":false},{"sleepStartTimestampGMT":"2021-08-15T07:03:00.0","sleepEndTimestampGMT":"2021-08-15T13:44:00.0","calendarDate":"2021-08-15","sleepWindowConfirmationType":"OFF_WRIST","deepSleepSeconds":0,"lightSleepSeconds":0,"awakeSleepSeconds":0,"unmeasurableSeconds":0,"spo2SleepSummary":{"userProfilePk":82576128,"deviceId":3317189130,"sleepMeasurementStartGMT":"2021-08-16T02:30:00.0","sleepMeasurementEndGMT":"2021-08-16T06:30:00.0","alertThresholdValue":0},"retro":false},{"sleepStartTimestampGMT":"2021-08-16T01:07:00.0","sleepEndTimestampGMT":"2021-08-16T11:16:00.0","calendarDate":"2021-08-16","sleepWindowConfirmationType":"OFF_WRIST","deepSleepSeconds":0,"lightSleepSeconds":0,"awakeSleepSeconds":0,"unmeasurableSeconds":0,"spo2SleepSummary":{"userProfilePk":82576128,"deviceId":3317189130,"sleepMeasurementStartGMT":"2021-08-17T02:30:00.0","sleepMeasurementEndGMT":"2021-08-17T06:30:00.0","alertThresholdValue":0},"retro":false},{"sleepStartTimestampGMT":"2021-08-17T01:02:00.0","sleepEndTimestampGMT":"2021-08-17T11:06:00.0","calendarDate":"2021-08-17","sleepWindowConfirmationType":"OFF_WRIST","deepSleepSeconds":0,"lightSleepSeconds":0,"awakeSleepSeconds":0,"unmeasurableSeconds":0,"spo2SleepSummary":{"userProfilePk":82576128,"deviceId":3317189130,"sleepMeasurementStartGMT":"2021-08-18T02:30:00.0","sleepMeasurementEndGMT":"2021-08-18T06:30:00.0","alertThresholdValue":0},"retro":false},{"sleepStartTimestampGMT":"2021-08-18T01:02:00.0","sleepEndTimestampGMT":"2021-08-18T10:41:00.0","calendarDate":"2021-08-18","sleepWindowConfirmationType":"OFF_WRIST","deepSleepSeconds":0,"lightSleepSeconds":0,"awakeSleepSeconds":0,"unmeasurableSeconds":0,"spo2SleepSummary":{"userProfilePk":82576128,"deviceId":3317189130,"sleepMeasurementStartGMT":"2021-08-19T02:30:00.0","sleepMeasurementEndGMT":"2021-08-19T06:30:00.0","alertThresholdValue":0},"retro":false},{"sleepStartTimestampGMT":"2021-08-19T01:02:00.0","sleepEndTimestampGMT":"2021-08-19T11:01:00.0","calendarDate":"2021-08-19","sleepWindowConfirmationType":"OFF_WRIST","deepSleepSeconds":0,"lightSleepSeconds":0,"awakeSleepSeconds":0,"unmeasurableSeconds":0,"spo2SleepSummary":{"userProfilePk":82576128,"deviceId":3317189130,"sleepMeasurementStartGMT":"2021-08-20T02:30:00.0","sleepMeasurementEndGMT":"2021-08-20T06:30:00.0","alertThresholdValue":0},"retro":false},{"sleepStartTimestampGMT":"2021-08-20T01:21:00.0","sleepEndTimestampGMT":"2021-08-20T12:06:00.0","calendarDate":"2021-08-20","sleepWindowConfirmationType":"OFF_WRIST","deepSleepSeconds":0,"lightSleepSeconds":0,"awakeSleepSeconds":0,"unmeasurableSeconds":0,"spo2SleepSummary":{"userProfilePk":82576128,"deviceId":3317189130,"sleepMeasurementStartGMT":"2021-08-21T02:30:00.0","sleepMeasurementEndGMT":"2021-08-21T06:30:00.0","alertThresholdValue":0},"retro":false},{"sleepStartTimestampGMT":"2021-08-21T01:27:00.0","sleepEndTimestampGMT":"2021-08-21T13:11:00.0","calendarDate":"2021-08-21","sleepWindowConfirmationType":"OFF_WRIST","deepSleepSeconds":0,"lightSleepSeconds":0,"awakeSleepSeconds":0,"unmeasurableSeconds":0,"spo2SleepSummary":{"userProfilePk":82576128,"deviceId":3317189130,"sleepMeasurementStartGMT":"2021-08-22T02:30:00.0","sleepMeasurementEndGMT":"2021-08-22T06:30:00.0","alertThresholdValue":0},"retro":false},{"sleepStartTimestampGMT":"2021-08-22T03:42:00.0","sleepEndTimestampGMT":"2021-08-22T13:41:00.0","calendarDate":"2021-08-22","sleepWindowConfirmationType":"OFF_WRIST","deepSleepSeconds":0,"lightSleepSeconds":0,"awakeSleepSeconds":0,"unmeasurableSeconds":0,"spo2SleepSummary":{"userProfilePk":82576128,"deviceId":3317189130,"sleepMeasurementStartGMT":"2021-08-23T02:30:00.0","sleepMeasurementEndGMT":"2021-08-23T06:30:00.0","alertThresholdValue":0},"retro":false},{"sleepStartTimestampGMT":"2021-08-23T01:43:00.0","sleepEndTimestampGMT":"2021-08-23T10:31:00.0","calendarDate":"2021-08-23","sleepWindowConfirmationType":"OFF_WRIST","deepSleepSeconds":0,"lightSleepSeconds":0,"awakeSleepSeconds":0,"unmeasurableSeconds":0,"spo2SleepSummary":{"userProfilePk":82576128,"deviceId":3317189130,"sleepMeasurementStartGMT":"2021-08-24T02:30:00.0","sleepMeasurementEndGMT":"2021-08-24T06:30:00.0","alertThresholdValue":0},"retro":false},{"sleepStartTimestampGMT":"2021-08-24T01:02:00.0","sleepEndTimestampGMT":"2021-08-24T10:41:00.0","calendarDate":"2021-08-24","sleepWindowConfirmationType":"OFF_WRIST","deepSleepSeconds":0,"lightSleepSeconds":0,"awakeSleepSeconds":0,"unmeasurableSeconds":0,"spo2SleepSummary":{"userProfilePk":82576128,"deviceId":3317189130,"sleepMeasurementStartGMT":"2021-08-25T02:30:00.0","sleepMeasurementEndGMT":"2021-08-25T06:30:00.0","alertThresholdValue":0},"retro":false},{"sleepStartTimestampGMT":"2021-08-25T01:02:00.0","sleepEndTimestampGMT":"2021-08-25T10:21:00.0","calendarDate":"2021-08-25","sleepWindowConfirmationType":"OFF_WRIST","deepSleepSeconds":0,"lightSleepSeconds":0,"awakeSleepSeconds":0,"unmeasurableSeconds":0,"spo2SleepSummary":{"userProfilePk":82576128,"deviceId":3317189130,"sleepMeasurementStartGMT":"2021-08-26T02:30:00.0","sleepMeasurementEndGMT":"2021-08-26T06:30:00.0","alertThresholdValue":0},"retro":false},{"sleepStartTimestampGMT":"2021-08-26T01:02:00.0","sleepEndTimestampGMT":"2021-08-26T10:41:00.0","calendarDate":"2021-08-26","sleepWindowConfirmationType":"OFF_WRIST","deepSleepSeconds":0,"lightSleepSeconds":0,"awakeSleepSeconds":0,"unmeasurableSeconds":0,"spo2SleepSummary":{"userProfilePk":82576128,"deviceId":3317189130,"sleepMeasurementStartGMT":"2021-08-27T02:30:00.0","sleepMeasurementEndGMT":"2021-08-27T06:30:00.0","alertThresholdValue":0},"retro":false},{"sleepStartTimestampGMT":"2021-08-27T01:02:00.0","sleepEndTimestampGMT":"2021-08-27T10:31:00.0","calendarDate":"2021-08-27","sleepWindowConfirmationType":"OFF_WRIST","deepSleepSeconds":0,"lightSleepSeconds":0,"awakeSleepSeconds":0,"unmeasurableSeconds":0,"retro":false},{"sleepStartTimestampGMT":"2021-08-28T01:27:00.0","sleepEndTimestampGMT":"2021-08-28T10:41:00.0","calendarDate":"2021-08-28","sleepWindowConfirmationType":"OFF_WRIST","deepSleepSeconds":0,"lightSleepSeconds":0,"awakeSleepSeconds":0,"unmeasurableSeconds":0,"spo2SleepSummary":{"userProfilePk":82576128,"deviceId":3317189130,"sleepMeasurementStartGMT":"2021-08-29T02:30:00.0","sleepMeasurementEndGMT":"2021-08-29T06:30:00.0","alertThresholdValue":0},"retro":false},{"sleepStartTimestampGMT":"2021-08-29T01:22:00.0","sleepEndTimestampGMT":"2021-08-29T12:41:00.0","calendarDate":"2021-08-29","sleepWindowConfirmationType":"OFF_WRIST","deepSleepSeconds":0,"lightSleepSeconds":0,"awakeSleepSeconds":0,"unmeasurableSeconds":0,"spo2SleepSummary":{"userProfilePk":82576128,"deviceId":3317189130,"sleepMeasurementStartGMT":"2021-08-30T02:30:00.0","sleepMeasurementEndGMT":"2021-08-30T06:30:00.0","alertThresholdValue":0},"retro":false},{"sleepStartTimestampGMT":"2021-08-30T01:01:00.0","sleepEndTimestampGMT":"2021-08-30T10:24:00.0","calendarDate":"2021-08-30","sleepWindowConfirmationType":"OFF_WRIST","deepSleepSeconds":0,"lightSleepSeconds":0,"awakeSleepSeconds":0,"unmeasurableSeconds":0,"spo2SleepSummary":{"userProfilePk":82576128,"deviceId":3317189130,"sleepMeasurementStartGMT":"2021-08-31T02:30:00.0","sleepMeasurementEndGMT":"2021-08-31T06:30:00.0","alertThresholdValue":0},"retro":false},{"sleepStartTimestampGMT":"2021-08-31T01:01:00.0","sleepEndTimestampGMT":"2021-08-31T10:12:00.0","calendarDate":"2021-08-31","sleepWindowConfirmationType":"OFF_WRIST","deepSleepSeconds":0,"lightSleepSeconds":0,"awakeSleepSeconds":0,"unmeasurableSeconds":0,"spo2SleepSummary":{"userProfilePk":82576128,"deviceId":3317189130,"sleepMeasurementStartGMT":"2021-09-01T02:30:00.0","sleepMeasurementEndGMT":"2021-09-01T06:30:00.0","alertThresholdValue":0},"retro":false},{"sleepStartTimestampGMT":"2021-09-01T01:17:00.0","sleepEndTimestampGMT":"2021-09-01T10:11:00.0","calendarDate":"2021-09-01","sleepWindowConfirmationType":"OFF_WRIST","deepSleepSeconds":0,"lightSleepSeconds":0,"awakeSleepSeconds":0,"unmeasurableSeconds":0,"spo2SleepSummary":{"userProfilePk":82576128,"deviceId":3317189130,"sleepMeasurementStartGMT":"2021-09-02T02:30:00.0","sleepMeasurementEndGMT":"2021-09-02T06:30:00.0","alertThresholdValue":0},"retro":false},{"sleepStartTimestampGMT":"2021-09-02T01:02:00.0","sleepEndTimestampGMT":"2021-09-02T10:41:00.0","calendarDate":"2021-09-02","sleepWindowConfirmationType":"OFF_WRIST","deepSleepSeconds":0,"lightSleepSeconds":0,"awakeSleepSeconds":0,"unmeasurableSeconds":0,"spo2SleepSummary":{"userProfilePk":82576128,"deviceId":3317189130,"sleepMeasurementStartGMT":"2021-09-03T02:30:00.0","sleepMeasurementEndGMT":"2021-09-03T06:30:00.0","alertThresholdValue":0},"retro":false},{"sleepStartTimestampGMT":"2021-09-03T01:02:00.0","sleepEndTimestampGMT":"2021-09-03T10:34:00.0","calendarDate":"2021-09-03","sleepWindowConfirmationType":"OFF_WRIST","deepSleepSeconds":0,"lightSleepSeconds":0,"awakeSleepSeconds":0,"unmeasurableSeconds":0,"spo2SleepSummary":{"userProfilePk":82576128,"deviceId":3317189130,"sleepMeasurementStartGMT":"2021-09-04T02:30:00.0","sleepMeasurementEndGMT":"2021-09-04T06:30:00.0","alertThresholdValue":0},"retro":false},{"sleepStartTimestampGMT":"2021-09-04T01:27:00.0","sleepEndTimestampGMT":"2021-09-04T13:11:00.0","calendarDate":"2021-09-04","sleepWindowConfirmationType":"OFF_WRIST","deepSleepSeconds":0,"lightSleepSeconds":0,"awakeSleepSeconds":0,"unmeasurableSeconds":0,"spo2SleepSummary":{"userProfilePk":82576128,"deviceId":3317189130,"sleepMeasurementStartGMT":"2021-09-05T02:30:00.0","sleepMeasurementEndGMT":"2021-09-05T06:30:00.0","alertThresholdValue":0},"retro":false},{"sleepStartTimestampGMT":"2021-09-05T01:27:00.0","sleepEndTimestampGMT":"2021-09-05T13:11:00.0","calendarDate":"2021-09-05","sleepWindowConfirmationType":"OFF_WRIST","deepSleepSeconds":0,"lightSleepSeconds":0,"awakeSleepSeconds":0,"unmeasurableSeconds":0,"spo2SleepSummary":{"userProfilePk":82576128,"deviceId":3317189130,"sleepMeasurementStartGMT":"2021-09-06T02:30:00.0","sleepMeasurementEndGMT":"2021-09-06T06:30:00.0","alertThresholdValue":0},"retro":false},{"sleepStartTimestampGMT":"2021-09-06T01:12:00.0","sleepEndTimestampGMT":"2021-09-06T11:38:00.0","calendarDate":"2021-09-06","sleepWindowConfirmationType":"OFF_WRIST","deepSleepSeconds":0,"lightSleepSeconds":0,"awakeSleepSeconds":0,"unmeasurableSeconds":0,"retro":false},{"sleepStartTimestampGMT":"2021-09-07T01:02:00.0","sleepEndTimestampGMT":"2021-09-07T10:31:00.0","calendarDate":"2021-09-07","sleepWindowConfirmationType":"OFF_WRIST","deepSleepSeconds":0,"lightSleepSeconds":0,"awakeSleepSeconds":0,"unmeasurableSeconds":0,"spo2SleepSummary":{"userProfilePk":82576128,"deviceId":3317189130,"sleepMeasurementStartGMT":"2021-09-07T02:50:15.0","sleepMeasurementEndGMT":"2021-09-07T06:50:15.0","alertThresholdValue":0},"retro":false},{"sleepStartTimestampGMT":"2021-09-08T01:02:00.0","sleepEndTimestampGMT":"2021-09-08T10:41:00.0","calendarDate":"2021-09-08","sleepWindowConfirmationType":"OFF_WRIST","deepSleepSeconds":0,"lightSleepSeconds":0,"awakeSleepSeconds":0,"unmeasurableSeconds":0,"spo2SleepSummary":{"userProfilePk":82576128,"deviceId":3317189130,"sleepMeasurementStartGMT":"2021-09-09T02:30:00.0","sleepMeasurementEndGMT":"2021-09-09T06:30:00.0","alertThresholdValue":0},"retro":false},{"sleepStartTimestampGMT":"2021-09-09T01:12:00.0","sleepEndTimestampGMT":"2021-09-09T10:26:00.0","calendarDate":"2021-09-09","sleepWindowConfirmationType":"OFF_WRIST","deepSleepSeconds":0,"lightSleepSeconds":0,"awakeSleepSeconds":0,"unmeasurableSeconds":0,"spo2SleepSummary":{"userProfilePk":82576128,"deviceId":3317189130,"sleepMeasurementStartGMT":"2021-09-10T02:30:00.0","sleepMeasurementEndGMT":"2021-09-10T06:30:00.0","alertThresholdValue":0},"retro":false},{"sleepStartTimestampGMT":"2021-09-10T01:01:00.0","sleepEndTimestampGMT":"2021-09-10T10:26:00.0","calendarDate":"2021-09-10","sleepWindowConfirmationType":"OFF_WRIST","deepSleepSeconds":0,"lightSleepSeconds":0,"awakeSleepSeconds":0,"unmeasurableSeconds":0,"spo2SleepSummary":{"userProfilePk":82576128,"deviceId":3317189130,"sleepMeasurementStartGMT":"2021-09-11T02:30:00.0","sleepMeasurementEndGMT":"2021-09-11T06:30:00.0","alertThresholdValue":0},"retro":false},{"sleepStartTimestampGMT":"2021-09-11T06:04:00.0","sleepEndTimestampGMT":"2021-09-11T12:46:00.0","calendarDate":"2021-09-11","sleepWindowConfirmationType":"OFF_WRIST","deepSleepSeconds":0,"lightSleepSeconds":0,"awakeSleepSeconds":0,"unmeasurableSeconds":0,"spo2SleepSummary":{"userProfilePk":82576128,"deviceId":3317189130,"sleepMeasurementStartGMT":"2021-09-12T02:30:00.0","sleepMeasurementEndGMT":"2021-09-12T06:30:00.0","alertThresholdValue":0},"retro":false},{"sleepStartTimestampGMT":"2021-09-12T01:17:00.0","sleepEndTimestampGMT":"2021-09-12T12:21:00.0","calendarDate":"2021-09-12","sleepWindowConfirmationType":"OFF_WRIST","deepSleepSeconds":0,"lightSleepSeconds":0,"awakeSleepSeconds":0,"unmeasurableSeconds":0,"spo2SleepSummary":{"userProfilePk":82576128,"deviceId":3317189130,"sleepMeasurementStartGMT":"2021-09-13T02:30:00.0","sleepMeasurementEndGMT":"2021-09-13T06:30:00.0","alertThresholdValue":0},"retro":false},{"sleepStartTimestampGMT":"2021-09-13T01:01:00.0","sleepEndTimestampGMT":"2021-09-13T10:41:00.0","calendarDate":"2021-09-13","sleepWindowConfirmationType":"OFF_WRIST","deepSleepSeconds":0,"lightSleepSeconds":0,"awakeSleepSeconds":0,"unmeasurableSeconds":0,"spo2SleepSummary":{"userProfilePk":82576128,"deviceId":3317189130,"sleepMeasurementStartGMT":"2021-09-14T02:30:00.0","sleepMeasurementEndGMT":"2021-09-14T06:30:00.0","alertThresholdValue":0},"retro":false},{"sleepStartTimestampGMT":"2021-09-14T01:02:00.0","sleepEndTimestampGMT":"2021-09-14T10:36:00.0","calendarDate":"2021-09-14","sleepWindowConfirmationType":"OFF_WRIST","deepSleepSeconds":0,"lightSleepSeconds":0,"awakeSleepSeconds":0,"unmeasurableSeconds":0,"spo2SleepSummary":{"userProfilePk":82576128,"deviceId":3317189130,"sleepMeasurementStartGMT":"2021-09-15T02:30:00.0","sleepMeasurementEndGMT":"2021-09-15T06:30:00.0","alertThresholdValue":0},"retro":false},{"sleepStartTimestampGMT":"2021-09-15T01:07:00.0","sleepEndTimestampGMT":"2021-09-15T10:39:00.0","calendarDate":"2021-09-15","sleepWindowConfirmationType":"OFF_WRIST","deepSleepSeconds":0,"lightSleepSeconds":0,"awakeSleepSeconds":0,"unmeasurableSeconds":0,"spo2SleepSummary":{"userProfilePk":82576128,"deviceId":3317189130,"sleepMeasurementStartGMT":"2021-09-16T02:30:00.0","sleepMeasurementEndGMT":"2021-09-16T06:30:00.0","alertThresholdValue":0},"retro":false},{"sleepStartTimestampGMT":"2021-09-16T01:02:00.0","sleepEndTimestampGMT":"2021-09-16T10:31:00.0","calendarDate":"2021-09-16","sleepWindowConfirmationType":"OFF_WRIST","deepSleepSeconds":0,"lightSleepSeconds":0,"awakeSleepSeconds":0,"unmeasurableSeconds":0,"spo2SleepSummary":{"userProfilePk":82576128,"deviceId":3317189130,"sleepMeasurementStartGMT":"2021-09-17T02:30:00.0","sleepMeasurementEndGMT":"2021-09-17T06:30:00.0","alertThresholdValue":0},"retro":false},{"sleepStartTimestampGMT":"2021-09-17T01:01:00.0","sleepEndTimestampGMT":"2021-09-17T10:26:00.0","calendarDate":"2021-09-17","sleepWindowConfirmationType":"OFF_WRIST","deepSleepSeconds":0,"lightSleepSeconds":0,"awakeSleepSeconds":0,"unmeasurableSeconds":0,"spo2SleepSummary":{"userProfilePk":82576128,"deviceId":3317189130,"sleepMeasurementStartGMT":"2021-09-18T02:30:00.0","sleepMeasurementEndGMT":"2021-09-18T06:30:00.0","alertThresholdValue":0},"retro":false},{"sleepStartTimestampGMT":"2021-09-18T02:00:00.0","sleepEndTimestampGMT":"2021-09-18T11:18:00.0","calendarDate":"2021-09-18","sleepWindowConfirmationType":"OFF_WRIST","deepSleepSeconds":0,"lightSleepSeconds":0,"awakeSleepSeconds":0,"unmeasurableSeconds":0,"spo2SleepSummary":{"userProfilePk":82576128,"deviceId":3317189130,"sleepMeasurementStartGMT":"2021-09-19T02:30:00.0","sleepMeasurementEndGMT":"2021-09-19T06:30:00.0","alertThresholdValue":0},"retro":false},{"sleepStartTimestampGMT":"2021-09-19T06:07:00.0","sleepEndTimestampGMT":"2021-09-19T13:31:00.0","calendarDate":"2021-09-19","sleepWindowConfirmationType":"OFF_WRIST","deepSleepSeconds":0,"lightSleepSeconds":0,"awakeSleepSeconds":0,"unmeasurableSeconds":0,"spo2SleepSummary":{"userProfilePk":82576128,"deviceId":3317189130,"sleepMeasurementStartGMT":"2021-09-20T02:30:00.0","sleepMeasurementEndGMT":"2021-09-20T06:30:00.0","alertThresholdValue":0},"retro":false},{"sleepStartTimestampGMT":"2021-09-20T01:34:00.0","sleepEndTimestampGMT":"2021-09-20T12:11:00.0","calendarDate":"2021-09-20","sleepWindowConfirmationType":"OFF_WRIST","deepSleepSeconds":0,"lightSleepSeconds":0,"awakeSleepSeconds":0,"unmeasurableSeconds":0,"spo2SleepSummary":{"userProfilePk":82576128,"deviceId":3317189130,"sleepMeasurementStartGMT":"2021-09-21T02:30:00.0","sleepMeasurementEndGMT":"2021-09-21T06:30:00.0","alertThresholdValue":0},"retro":false},{"sleepStartTimestampGMT":"2021-09-21T01:32:00.0","sleepEndTimestampGMT":"2021-09-21T13:11:00.0","calendarDate":"2021-09-21","sleepWindowConfirmationType":"OFF_WRIST","deepSleepSeconds":0,"lightSleepSeconds":0,"awakeSleepSeconds":0,"unmeasurableSeconds":0,"spo2SleepSummary":{"userProfilePk":82576128,"deviceId":3317189130,"sleepMeasurementStartGMT":"2021-09-22T02:30:00.0","sleepMeasurementEndGMT":"2021-09-22T06:30:00.0","alertThresholdValue":0},"retro":false},{"sleepStartTimestampGMT":"2021-09-22T01:02:00.0","sleepEndTimestampGMT":"2021-09-22T10:13:00.0","calendarDate":"2021-09-22","sleepWindowConfirmationType":"OFF_WRIST","deepSleepSeconds":0,"lightSleepSeconds":0,"awakeSleepSeconds":0,"unmeasurableSeconds":0,"spo2SleepSummary":{"userProfilePk":82576128,"deviceId":3317189130,"sleepMeasurementStartGMT":"2021-09-23T02:30:00.0","sleepMeasurementEndGMT":"2021-09-23T06:30:00.0","alertThresholdValue":0},"retro":false},{"sleepStartTimestampGMT":"2021-09-23T01:27:00.0","sleepEndTimestampGMT":"2021-09-23T13:11:00.0","calendarDate":"2021-09-23","sleepWindowConfirmationType":"OFF_WRIST","deepSleepSeconds":0,"lightSleepSeconds":0,"awakeSleepSeconds":0,"unmeasurableSeconds":0,"spo2SleepSummary":{"userProfilePk":82576128,"deviceId":3317189130,"sleepMeasurementStartGMT":"2021-09-24T02:30:00.0","sleepMeasurementEndGMT":"2021-09-24T06:30:00.0","alertThresholdValue":0},"retro":false},{"sleepStartTimestampGMT":"2021-09-24T01:01:00.0","sleepEndTimestampGMT":"2021-09-24T10:41:00.0","calendarDate":"2021-09-24","sleepWindowConfirmationType":"OFF_WRIST","deepSleepSeconds":0,"lightSleepSeconds":0,"awakeSleepSeconds":0,"unmeasurableSeconds":0,"spo2SleepSummary":{"userProfilePk":82576128,"deviceId":3317189130,"sleepMeasurementStartGMT":"2021-09-25T02:30:00.0","sleepMeasurementEndGMT":"2021-09-25T06:30:00.0","alertThresholdValue":0},"retro":false},{"sleepStartTimestampGMT":"2021-09-25T01:22:00.0","sleepEndTimestampGMT":"2021-09-25T12:16:00.0","calendarDate":"2021-09-25","sleepWindowConfirmationType":"OFF_WRIST","deepSleepSeconds":0,"lightSleepSeconds":0,"awakeSleepSeconds":0,"unmeasurableSeconds":0,"spo2SleepSummary":{"userProfilePk":82576128,"deviceId":3317189130,"sleepMeasurementStartGMT":"2021-09-26T02:30:00.0","sleepMeasurementEndGMT":"2021-09-26T06:30:00.0","alertThresholdValue":0},"retro":false},{"sleepStartTimestampGMT":"2021-09-26T01:27:00.0","sleepEndTimestampGMT":"2021-09-26T13:11:00.0","calendarDate":"2021-09-26","sleepWindowConfirmationType":"OFF_WRIST","deepSleepSeconds":0,"lightSleepSeconds":0,"awakeSleepSeconds":0,"unmeasurableSeconds":0,"spo2SleepSummary":{"userProfilePk":82576128,"deviceId":3317189130,"sleepMeasurementStartGMT":"2021-09-27T02:30:00.0","sleepMeasurementEndGMT":"2021-09-27T06:30:00.0","alertThresholdValue":0},"retro":false},{"sleepStartTimestampGMT":"2021-09-27T01:07:00.0","sleepEndTimestampGMT":"2021-09-27T10:26:00.0","calendarDate":"2021-09-27","sleepWindowConfirmationType":"OFF_WRIST","deepSleepSeconds":0,"lightSleepSeconds":0,"awakeSleepSeconds":0,"unmeasurableSeconds":0,"spo2SleepSummary":{"userProfilePk":82576128,"deviceId":3317189130,"sleepMeasurementStartGMT":"2021-09-28T02:30:00.0","sleepMeasurementEndGMT":"2021-09-28T06:30:00.0","alertThresholdValue":0},"retro":false},{"sleepStartTimestampGMT":"2021-09-28T01:25:00.0","sleepEndTimestampGMT":"2021-09-28T10:56:00.0","calendarDate":"2021-09-28","sleepWindowConfirmationType":"OFF_WRIST","deepSleepSeconds":0,"lightSleepSeconds":0,"awakeSleepSeconds":0,"unmeasurableSeconds":0,"spo2SleepSummary":{"userProfilePk":82576128,"deviceId":3317189130,"sleepMeasurementStartGMT":"2021-09-29T02:30:00.0","sleepMeasurementEndGMT":"2021-09-29T06:30:00.0","alertThresholdValue":0},"retro":false},{"sleepStartTimestampGMT":"2021-09-29T01:12:00.0","sleepEndTimestampGMT":"2021-09-29T10:58:00.0","calendarDate":"2021-09-29","sleepWindowConfirmationType":"OFF_WRIST","deepSleepSeconds":0,"lightSleepSeconds":0,"awakeSleepSeconds":0,"unmeasurableSeconds":0,"spo2SleepSummary":{"userProfilePk":82576128,"deviceId":3317189130,"sleepMeasurementStartGMT":"2021-09-30T02:30:00.0","sleepMeasurementEndGMT":"2021-09-30T06:30:00.0","alertThresholdValue":0},"retro":false},{"sleepStartTimestampGMT":"2021-09-30T01:05:00.0","sleepEndTimestampGMT":"2021-09-30T10:57:00.0","calendarDate":"2021-09-30","sleepWindowConfirmationType":"OFF_WRIST","deepSleepSeconds":0,"lightSleepSeconds":0,"awakeSleepSeconds":0,"unmeasurableSeconds":0,"spo2SleepSummary":{"userProfilePk":82576128,"deviceId":3317189130,"sleepMeasurementStartGMT":"2021-10-01T02:30:00.0","sleepMeasurementEndGMT":"2021-10-01T06:30:00.0","alertThresholdValue":0},"retro":false},{"sleepStartTimestampGMT":"2021-10-01T01:06:00.0","sleepEndTimestampGMT":"2021-10-01T10:41:00.0","calendarDate":"2021-10-01","sleepWindowConfirmationType":"OFF_WRIST","deepSleepSeconds":0,"lightSleepSeconds":0,"awakeSleepSeconds":0,"unmeasurableSeconds":0,"spo2SleepSummary":{"userProfilePk":82576128,"deviceId":3317189130,"sleepMeasurementStartGMT":"2021-10-02T02:30:00.0","sleepMeasurementEndGMT":"2021-10-02T06:30:00.0","alertThresholdValue":0},"retro":false},{"sleepStartTimestampGMT":"2021-10-02T05:02:00.0","sleepEndTimestampGMT":"2021-10-02T13:44:00.0","calendarDate":"2021-10-02","sleepWindowConfirmationType":"OFF_WRIST","deepSleepSeconds":0,"lightSleepSeconds":0,"awakeSleepSeconds":0,"unmeasurableSeconds":0,"retro":false},{"sleepStartTimestampGMT":"2021-10-03T01:27:00.0","sleepEndTimestampGMT":"2021-10-03T13:11:00.0","calendarDate":"2021-10-03","sleepWindowConfirmationType":"OFF_WRIST","deepSleepSeconds":0,"lightSleepSeconds":0,"awakeSleepSeconds":0,"unmeasurableSeconds":0,"spo2SleepSummary":{"userProfilePk":82576128,"deviceId":3317189130,"sleepMeasurementStartGMT":"2021-10-04T02:30:00.0","sleepMeasurementEndGMT":"2021-10-04T06:30:00.0","alertThresholdValue":0},"retro":false},{"sleepStartTimestampGMT":"2021-10-04T01:12:00.0","sleepEndTimestampGMT":"2021-10-04T10:26:00.0","calendarDate":"2021-10-04","sleepWindowConfirmationType":"OFF_WRIST","deepSleepSeconds":0,"lightSleepSeconds":0,"awakeSleepSeconds":0,"unmeasurableSeconds":0,"spo2SleepSummary":{"userProfilePk":82576128,"deviceId":3317189130,"sleepMeasurementStartGMT":"2021-10-05T02:30:00.0","sleepMeasurementEndGMT":"2021-10-05T06:30:00.0","alertThresholdValue":0},"retro":false},{"sleepStartTimestampGMT":"2021-10-05T01:01:00.0","sleepEndTimestampGMT":"2021-10-05T10:31:00.0","calendarDate":"2021-10-05","sleepWindowConfirmationType":"OFF_WRIST","deepSleepSeconds":0,"lightSleepSeconds":0,"awakeSleepSeconds":0,"unmeasurableSeconds":0,"spo2SleepSummary":{"userProfilePk":82576128,"deviceId":3317189130,"sleepMeasurementStartGMT":"2021-10-06T02:30:00.0","sleepMeasurementEndGMT":"2021-10-06T06:30:00.0","alertThresholdValue":0},"retro":false},{"sleepStartTimestampGMT":"2021-10-06T01:07:00.0","sleepEndTimestampGMT":"2021-10-06T10:16:00.0","calendarDate":"2021-10-06","sleepWindowConfirmationType":"OFF_WRIST","deepSleepSeconds":0,"lightSleepSeconds":0,"awakeSleepSeconds":0,"unmeasurableSeconds":0,"spo2SleepSummary":{"userProfilePk":82576128,"deviceId":3317189130,"sleepMeasurementStartGMT":"2021-10-07T02:30:00.0","sleepMeasurementEndGMT":"2021-10-07T06:30:00.0","alertThresholdValue":0},"retro":false},{"sleepStartTimestampGMT":"2021-10-07T01:17:00.0","sleepEndTimestampGMT":"2021-10-07T10:28:00.0","calendarDate":"2021-10-07","sleepWindowConfirmationType":"OFF_WRIST","deepSleepSeconds":0,"lightSleepSeconds":0,"awakeSleepSeconds":0,"unmeasurableSeconds":0,"spo2SleepSummary":{"userProfilePk":82576128,"deviceId":3317189130,"sleepMeasurementStartGMT":"2021-10-08T02:30:00.0","sleepMeasurementEndGMT":"2021-10-08T06:30:00.0","alertThresholdValue":0},"retro":false},{"sleepStartTimestampGMT":"2021-10-08T01:02:00.0","sleepEndTimestampGMT":"2021-10-08T10:48:00.0","calendarDate":"2021-10-08","sleepWindowConfirmationType":"OFF_WRIST","deepSleepSeconds":0,"lightSleepSeconds":0,"awakeSleepSeconds":0,"unmeasurableSeconds":0,"spo2SleepSummary":{"userProfilePk":82576128,"deviceId":3317189130,"sleepMeasurementStartGMT":"2021-10-09T02:30:00.0","sleepMeasurementEndGMT":"2021-10-09T06:30:00.0","alertThresholdValue":0},"retro":false},{"sleepStartTimestampGMT":"2021-10-09T01:17:00.0","sleepEndTimestampGMT":"2021-10-09T11:46:00.0","calendarDate":"2021-10-09","sleepWindowConfirmationType":"OFF_WRIST","deepSleepSeconds":0,"lightSleepSeconds":0,"awakeSleepSeconds":0,"unmeasurableSeconds":0,"spo2SleepSummary":{"userProfilePk":82576128,"deviceId":3317189130,"sleepMeasurementStartGMT":"2021-10-10T02:30:00.0","sleepMeasurementEndGMT":"2021-10-10T06:30:00.0","alertThresholdValue":0},"retro":false},{"sleepStartTimestampGMT":"2021-10-10T01:39:00.0","sleepEndTimestampGMT":"2021-10-10T12:36:00.0","calendarDate":"2021-10-10","sleepWindowConfirmationType":"OFF_WRIST","deepSleepSeconds":0,"lightSleepSeconds":0,"awakeSleepSeconds":0,"unmeasurableSeconds":0,"spo2SleepSummary":{"userProfilePk":82576128,"deviceId":3317189130,"sleepMeasurementStartGMT":"2021-10-11T02:30:00.0","sleepMeasurementEndGMT":"2021-10-11T06:30:00.0","alertThresholdValue":0},"retro":false},{"sleepStartTimestampGMT":"2021-10-11T02:45:00.0","sleepEndTimestampGMT":"2021-10-11T11:45:00.0","calendarDate":"2021-10-11","sleepWindowConfirmationType":"OFF_WRIST","deepSleepSeconds":0,"lightSleepSeconds":0,"awakeSleepSeconds":0,"unmeasurableSeconds":0,"spo2SleepSummary":{"userProfilePk":82576128,"deviceId":3317189130,"sleepMeasurementStartGMT":"2021-10-12T02:30:00.0","sleepMeasurementEndGMT":"2021-10-12T06:30:00.0","alertThresholdValue":0},"retro":false},{"sleepStartTimestampGMT":"2021-10-12T01:12:00.0","sleepEndTimestampGMT":"2021-10-12T10:32:00.0","calendarDate":"2021-10-12","sleepWindowConfirmationType":"OFF_WRIST","deepSleepSeconds":0,"lightSleepSeconds":0,"awakeSleepSeconds":0,"unmeasurableSeconds":0,"retro":false},{"sleepStartTimestampGMT":"2021-10-13T01:02:00.0","sleepEndTimestampGMT":"2021-10-13T09:41:00.0","calendarDate":"2021-10-13","sleepWindowConfirmationType":"OFF_WRIST","deepSleepSeconds":0,"lightSleepSeconds":0,"awakeSleepSeconds":0,"unmeasurableSeconds":0,"spo2SleepSummary":{"userProfilePk":82576128,"deviceId":3317189130,"sleepMeasurementStartGMT":"2021-10-13T09:41:00.0","sleepMeasurementEndGMT":"2021-10-13T13:41:00.0","alertThresholdValue":0},"retro":false},{"sleepStartTimestampGMT":"2021-10-14T01:01:00.0","sleepEndTimestampGMT":"2021-10-14T10:17:00.0","calendarDate":"2021-10-14","sleepWindowConfirmationType":"OFF_WRIST","deepSleepSeconds":0,"lightSleepSeconds":0,"awakeSleepSeconds":0,"unmeasurableSeconds":0,"spo2SleepSummary":{"userProfilePk":82576128,"deviceId":3317189130,"sleepMeasurementStartGMT":"2021-10-15T02:30:00.0","sleepMeasurementEndGMT":"2021-10-15T06:30:00.0","alertThresholdValue":0},"retro":false},{"sleepStartTimestampGMT":"2021-10-15T01:02:00.0","sleepEndTimestampGMT":"2021-10-15T10:51:00.0","calendarDate":"2021-10-15","sleepWindowConfirmationType":"OFF_WRIST","deepSleepSeconds":0,"lightSleepSeconds":0,"awakeSleepSeconds":0,"unmeasurableSeconds":0,"spo2SleepSummary":{"userProfilePk":82576128,"deviceId":3317189130,"sleepMeasurementStartGMT":"2021-10-16T02:30:00.0","sleepMeasurementEndGMT":"2021-10-16T06:30:00.0","alertThresholdValue":0},"retro":false},{"sleepStartTimestampGMT":"2021-10-16T01:27:00.0","sleepEndTimestampGMT":"2021-10-16T13:11:00.0","calendarDate":"2021-10-16","sleepWindowConfirmationType":"OFF_WRIST","deepSleepSeconds":0,"lightSleepSeconds":0,"awakeSleepSeconds":0,"unmeasurableSeconds":0,"spo2SleepSummary":{"userProfilePk":82576128,"deviceId":3317189130,"sleepMeasurementStartGMT":"2021-10-17T02:30:00.0","sleepMeasurementEndGMT":"2021-10-17T06:30:00.0","alertThresholdValue":0},"retro":false},{"sleepStartTimestampGMT":"2021-10-17T01:27:00.0","sleepEndTimestampGMT":"2021-10-17T13:11:00.0","calendarDate":"2021-10-17","sleepWindowConfirmationType":"OFF_WRIST","deepSleepSeconds":0,"lightSleepSeconds":0,"awakeSleepSeconds":0,"unmeasurableSeconds":0,"spo2SleepSummary":{"userProfilePk":82576128,"deviceId":3317189130,"sleepMeasurementStartGMT":"2021-10-18T02:30:00.0","sleepMeasurementEndGMT":"2021-10-18T06:30:00.0","alertThresholdValue":0},"retro":false},{"sleepStartTimestampGMT":"2021-10-18T01:12:00.0","sleepEndTimestampGMT":"2021-10-18T10:26:00.0","calendarDate":"2021-10-18","sleepWindowConfirmationType":"OFF_WRIST","deepSleepSeconds":0,"lightSleepSeconds":0,"awakeSleepSeconds":0,"unmeasurableSeconds":0,"spo2SleepSummary":{"userProfilePk":82576128,"deviceId":3317189130,"sleepMeasurementStartGMT":"2021-10-19T02:30:00.0","sleepMeasurementEndGMT":"2021-10-19T06:30:00.0","alertThresholdValue":0},"retro":false},{"sleepStartTimestampGMT":"2021-10-19T01:17:00.0","sleepEndTimestampGMT":"2021-10-19T10:16:00.0","calendarDate":"2021-10-19","sleepWindowConfirmationType":"OFF_WRIST","deepSleepSeconds":0,"lightSleepSeconds":0,"awakeSleepSeconds":0,"unmeasurableSeconds":0,"spo2SleepSummary":{"userProfilePk":82576128,"deviceId":3317189130,"sleepMeasurementStartGMT":"2021-10-20T02:30:00.0","sleepMeasurementEndGMT":"2021-10-20T06:30:00.0","alertThresholdValue":0},"retro":false},{"sleepStartTimestampGMT":"2021-10-20T01:27:00.0","sleepEndTimestampGMT":"2021-10-20T13:11:00.0","calendarDate":"2021-10-20","sleepWindowConfirmationType":"OFF_WRIST","deepSleepSeconds":0,"lightSleepSeconds":0,"awakeSleepSeconds":0,"unmeasurableSeconds":0,"spo2SleepSummary":{"userProfilePk":82576128,"deviceId":3317189130,"sleepMeasurementStartGMT":"2021-10-21T02:30:00.0","sleepMeasurementEndGMT":"2021-10-21T06:30:00.0","alertThresholdValue":0},"retro":false},{"sleepStartTimestampGMT":"2021-10-21T01:27:00.0","sleepEndTimestampGMT":"2021-10-21T13:11:00.0","calendarDate":"2021-10-21","sleepWindowConfirmationType":"OFF_WRIST","deepSleepSeconds":0,"lightSleepSeconds":0,"awakeSleepSeconds":0,"unmeasurableSeconds":0,"spo2SleepSummary":{"userProfilePk":82576128,"deviceId":3317189130,"sleepMeasurementStartGMT":"2021-10-22T02:30:00.0","sleepMeasurementEndGMT":"2021-10-22T06:30:00.0","alertThresholdValue":0},"retro":false},{"sleepStartTimestampGMT":"2021-10-22T01:27:00.0","sleepEndTimestampGMT":"2021-10-22T13:11:00.0","calendarDate":"2021-10-22","sleepWindowConfirmationType":"OFF_WRIST","deepSleepSeconds":0,"lightSleepSeconds":0,"awakeSleepSeconds":0,"unmeasurableSeconds":0,"retro":false},{"sleepStartTimestampGMT":"2021-10-23T01:32:00.0","sleepEndTimestampGMT":"2021-10-23T13:11:00.0","calendarDate":"2021-10-23","sleepWindowConfirmationType":"OFF_WRIST","deepSleepSeconds":0,"lightSleepSeconds":0,"awakeSleepSeconds":0,"unmeasurableSeconds":0,"retro":false},{"sleepStartTimestampGMT":"2021-11-12T03:30:00.0","sleepEndTimestampGMT":"2021-11-12T10:45:00.0","calendarDate":"2021-11-12","sleepWindowConfirmationType":"UNCONFIRMED","spo2SleepSummary":{"userProfilePk":82576128,"deviceId":3317189130,"sleepMeasurementStartGMT":"2021-11-13T03:30:00.0","sleepMeasurementEndGMT":"2021-11-13T07:30:00.0","alertThresholdValue":0},"retro":false},{"sleepStartTimestampGMT":"2021-11-13T07:31:00.0","sleepEndTimestampGMT":"2021-11-13T14:44:00.0","calendarDate":"2021-11-13","sleepWindowConfirmationType":"OFF_WRIST","deepSleepSeconds":0,"lightSleepSeconds":0,"awakeSleepSeconds":0,"unmeasurableSeconds":0,"spo2SleepSummary":{"userProfilePk":82576128,"deviceId":3317189130,"sleepMeasurementStartGMT":"2021-11-14T03:30:00.0","sleepMeasurementEndGMT":"2021-11-14T07:30:00.0","alertThresholdValue":0},"retro":false},{"sleepStartTimestampGMT":"2021-11-14T02:30:00.0","sleepEndTimestampGMT":"2021-11-14T14:11:00.0","calendarDate":"2021-11-14","sleepWindowConfirmationType":"OFF_WRIST","deepSleepSeconds":0,"lightSleepSeconds":0,"awakeSleepSeconds":0,"unmeasurableSeconds":0,"spo2SleepSummary":{"userProfilePk":82576128,"deviceId":3317189130,"sleepMeasurementStartGMT":"2021-11-15T03:30:00.0","sleepMeasurementEndGMT":"2021-11-15T07:30:00.0","alertThresholdValue":0},"retro":false},{"sleepStartTimestampGMT":"2021-11-15T02:27:00.0","sleepEndTimestampGMT":"2021-11-15T14:11:00.0","calendarDate":"2021-11-15","sleepWindowConfirmationType":"OFF_WRIST","deepSleepSeconds":0,"lightSleepSeconds":0,"awakeSleepSeconds":0,"unmeasurableSeconds":0,"spo2SleepSummary":{"userProfilePk":82576128,"deviceId":3317189130,"sleepMeasurementStartGMT":"2021-11-16T03:30:00.0","sleepMeasurementEndGMT":"2021-11-16T07:30:00.0","alertThresholdValue":0},"retro":false},{"sleepStartTimestampGMT":"2021-11-16T02:24:00.0","sleepEndTimestampGMT":"2021-11-16T10:21:00.0","calendarDate":"2021-11-16","sleepWindowConfirmationType":"OFF_WRIST","deepSleepSeconds":0,"lightSleepSeconds":0,"awakeSleepSeconds":0,"unmeasurableSeconds":0,"spo2SleepSummary":{"userProfilePk":82576128,"deviceId":3317189130,"sleepMeasurementStartGMT":"2021-11-16T10:28:46.0","sleepMeasurementEndGMT":"2021-11-16T14:28:46.0","alertThresholdValue":0},"retro":false},{"sleepStartTimestampGMT":"2021-11-17T02:12:00.0","sleepEndTimestampGMT":"2021-11-17T11:11:00.0","calendarDate":"2021-11-17","sleepWindowConfirmationType":"OFF_WRIST","deepSleepSeconds":0,"lightSleepSeconds":0,"awakeSleepSeconds":0,"unmeasurableSeconds":0,"spo2SleepSummary":{"userProfilePk":82576128,"deviceId":3317189130,"sleepMeasurementStartGMT":"2021-11-18T03:30:00.0","sleepMeasurementEndGMT":"2021-11-18T07:30:00.0","alertThresholdValue":0},"retro":false}]