[{"sleepStartTimestampGMT":"2022-02-26T02:12:00.0","sleepEndTimestampGMT":"2022-02-26T12:41:00.0","calendarDate":"2022-02-26","sleepWindowConfirmationType":"OFF_WRIST","deepSleepSeconds":0,"lightSleepSeconds":0,"awakeSleepSeconds":0,"unmeasurableSeconds":0,"retro":false},{"sleepStartTimestampGMT":"2022-02-27T02:32:00.0","sleepEndTimestampGMT":"2022-02-27T14:16:00.0","calendarDate":"2022-02-27","sleepWindowConfirmationType":"OFF_WRIST","deepSleepSeconds":0,"lightSleepSeconds":0,"awakeSleepSeconds":0,"unmeasurableSeconds":0,"spo2SleepSummary":{"userProfilePk":82576128,"deviceId":3317189130,"sleepMeasurementStartGMT":"2022-02-28T03:30:00.0","sleepMeasurementEndGMT":"2022-02-28T07:30:00.0","alertThresholdValue":0},"retro":false},{"sleepStartTimestampGMT":"2022-02-28T02:01:00.0","sleepEndTimestampGMT":"2022-02-28T11:51:00.0","calendarDate":"2022-02-28","sleepWindowConfirmationType":"OFF_WRIST","deepSleepSeconds":0,"lightSleepSeconds":0,"awakeSleepSeconds":0,"unmeasurableSeconds":0,"spo2SleepSummary":{"userProfilePk":82576128,"deviceId":3317189130,"sleepMeasurementStartGMT":"2022-03-01T03:30:00.0","sleepMeasurementEndGMT":"2022-03-01T07:30:00.0","alertThresholdValue":0},"retro":false},{"sleepStartTimestampGMT":"2022-03-01T02:01:00.0","sleepEndTimestampGMT":"2022-03-01T11:16:00.0","calendarDate":"2022-03-01","sleepWindowConfirmationType":"OFF_WRIST","deepSleepSeconds":0,"lightSleepSeconds":0,"awakeSleepSeconds":0,"unmeasurableSeconds":0,"spo2SleepSummary":{"userProfilePk":82576128,"deviceId":3317189130,"sleepMeasurementStartGMT":"2022-03-02T03:30:00.0","sleepMeasurementEndGMT":"2022-03-02T07:30:00.0","alertThresholdValue":0},"retro":false},{"sleepStartTimestampGMT":"2022-03-02T02:37:00.0","sleepEndTimestampGMT":"2022-03-02T14:11:00.0","calendarDate":"2022-03-02","sleepWindowConfirmationType":"OFF_WRIST","deepSleepSeconds":0,"lightSleepSeconds":0,"awakeSleepSeconds":0,"unmeasurableSeconds":0,"spo2SleepSummary":{"userProfilePk":82576128,"deviceId":3317189130,"sleepMeasurementStartGMT":"2022-03-03T03:30:00.0","sleepMeasurementEndGMT":"2022-03-03T07:30:00.0","alertThresholdValue":0},"retro":false},{"sleepStartTimestampGMT":"2022-03-03T02:02:00.0","sleepEndTimestampGMT":"2022-03-03T11:41:00.0","calendarDate":"2022-03-03","sleepWindowConfirmationType":"OFF_WRIST","deepSleepSeconds":0,"lightSleepSeconds":0,"awakeSleepSeconds":0,"unmeasurableSeconds":0,"spo2SleepSummary":{"userProfilePk":82576128,"deviceId":3317189130,"sleepMeasurementStartGMT":"2022-03-04T03:30:00.0","sleepMeasurementEndGMT":"2022-03-04T07:30:00.0","alertThresholdValue":0},"retro":false},{"sleepStartTimestampGMT":"2022-03-04T02:06:00.0","sleepEndTimestampGMT":"2022-03-04T11:38:00.0","calendarDate":"2022-03-04","sleepWindowConfirmationType":"OFF_WRIST","deepSleepSeconds":0,"lightSleepSeconds":0,"awakeSleepSeconds":0,"unmeasurableSeconds":0,"spo2SleepSummary":{"userProfilePk":82576128,"deviceId":3317189130,"sleepMeasurementStartGMT":"2022-03-05T03:30:00.0","sleepMeasurementEndGMT":"2022-03-05T07:30:00.0","alertThresholdValue":0},"retro":false},{"sleepStartTimestampGMT":"2022-03-05T03:47:00.0","sleepEndTimestampGMT":"2022-03-05T13:00:00.0","calendarDate":"2022-03-05","sleepWindowConfirmationType":"OFF_WRIST","deepSleepSeconds":0,"lightSleepSeconds":0,"awakeSleepSeconds":0,"unmeasurableSeconds":0,"spo2SleepSummary":{"userProfilePk":82576128,"deviceId":3317189130,"sleepMeasurementStartGMT":"2022-03-06T03:30:00.0","sleepMeasurementEndGMT":"2022-03-06T07:30:00.0","alertThresholdValue":0},"retro":false},{"sleepStartTimestampGMT":"2022-03-06T07:02:00.0","sleepEndTimestampGMT":"2022-03-06T14:44:00.0","calendarDate":"2022-03-06","sleepWindowConfirmationType":"OFF_WRIST","deepSleepSeconds":0,"lightSleepSeconds":0,"awakeSleepSeconds":0,"unmeasurableSeconds":0,"spo2SleepSummary":{"userProfilePk":82576128,"deviceId":3317189130,"sleepMeasurementStartGMT":"2022-03-07T03:30:00.0","sleepMeasurementEndGMT":"2022-03-07T07:30:00.0","alertThresholdValue":0},"retro":false},{"sleepStartTimestampGMT":"2022-03-07T03:10:00.0","sleepEndTimestampGMT":"2022-03-07T11:23:00.0","calendarDate":"2022-03-07","sleepWindowConfirmationType":"OFF_WRIST","deepSleepSeconds":0,"lightSleepSeconds":0,"awakeSleepSeconds":0,"unmeasurableSeconds":0,"spo2SleepSummary":{"userProfilePk":82576128,"deviceId":3317189130,"sleepMeasurementStartGMT":"2022-03-08T03:30:00.0","sleepMeasurementEndGMT":"2022-03-08T07:30:00.0","alertThresholdValue":0},"retro":false},{"sleepStartTimestampGMT":"2022-03-08T02:01:00.0","sleepEndTimestampGMT":"2022-03-08T11:36:00.0","calendarDate":"2022-03-08","sleepWindowConfirmationType":"OFF_WRIST","deepSleepSeconds":0,"lightSleepSeconds":0,"awakeSleepSeconds":0,"unmeasurableSeconds":0,"spo2SleepSummary":{"userProfilePk":82576128,"deviceId":3317189130,"sleepMeasurementStartGMT":"2022-03-09T03:30:00.0","sleepMeasurementEndGMT":"2022-03-09T07:30:00.0","alertThresholdValue":0},"retro":false},{"sleepStartTimestampGMT":"2022-03-09T02:01:00.0","sleepEndTimestampGMT":"2022-03-09T11:24:00.0","calendarDate":"2022-03-09","sleepWindowConfirmationType":"OFF_WRIST","deepSleepSeconds":0,"lightSleepSeconds":0,"awakeSleepSeconds":0,"unmeasurableSeconds":0,"spo2SleepSummary":{"userProfilePk":82576128,"deviceId":3317189130,"sleepMeasurementStartGMT":"2022-03-10T03:30:00.0","sleepMeasurementEndGMT":"2022-03-10T07:30:00.0","alertThresholdValue":0},"retro":false},{"sleepStartTimestampGMT":"2022-03-10T02:01:00.0","sleepEndTimestampGMT":"2022-03-10T11:31:00.0","calendarDate":"2022-03-10","sleepWindowConfirmationType":"OFF_WRIST","deepSleepSeconds":0,"lightSleepSeconds":0,"awakeSleepSeconds":0,"unmeasurableSeconds":0,"spo2SleepSummary":{"userProfilePk":82576128,"deviceId":3317189130,"sleepMeasurementStartGMT":"2022-03-11T03:30:00.0","sleepMeasurementEndGMT":"2022-03-11T07:30:00.0","alertThresholdValue":0},"retro":false},{"sleepStartTimestampGMT":"2022-03-11T02:01:00.0","sleepEndTimestampGMT":"2022-03-11T11:28:00.0","calendarDate":"2022-03-11","sleepWindowConfirmationType":"OFF_WRIST","deepSleepSeconds":0,"lightSleepSeconds":0,"awakeSleepSeconds":0,"unmeasurableSeconds":0,"spo2SleepSummary":{"userProfilePk":82576128,"deviceId":3317189130,"sleepMeasurementStartGMT":"2022-03-12T03:30:00.0","sleepMeasurementEndGMT":"2022-03-12T07:30:00.0","alertThresholdValue":0},"retro":false},{"sleepStartTimestampGMT":"2022-03-12T03:45:00.0","sleepEndTimestampGMT":"2022-03-12T13:01:00.0","calendarDate":"2022-03-12","sleepWindowConfirmationType":"OFF_WRIST","deepSleepSeconds":0,"lightSleepSeconds":0,"awakeSleepSeconds":0,"unmeasurableSeconds":0,"spo2SleepSummary":{"userProfilePk":82576128,"deviceId":3317189130,"sleepMeasurementStartGMT":"2022-03-13T03:30:00.0","sleepMeasurementEndGMT":"2022-03-13T07:30:00.0","alertThresholdValue":0},"retro":false},{"sleepStartTimestampGMT":"2022-03-13T01:17:00.0","sleepEndTimestampGMT":"2022-03-13T11:56:00.0","calendarDate":"2022-03-13","sleepWindowConfirmationType":"OFF_WRIST","deepSleepSeconds":0,"lightSleepSeconds":0,"awakeSleepSeconds":0,"unmeasurableSeconds":0,"spo2SleepSummary":{"userProfilePk":82576128,"deviceId":3317189130,"sleepMeasurementStartGMT":"2022-03-14T02:30:00.0","sleepMeasurementEndGMT":"2022-03-14T06:30:00.0","alertThresholdValue":0},"retro":false},{"sleepStartTimestampGMT":"2022-03-14T01:01:00.0","sleepEndTimestampGMT":"2022-03-14T10:23:00.0","calendarDate":"2022-03-14","sleepWindowConfirmationType":"OFF_WRIST","deepSleepSeconds":0,"lightSleepSeconds":0,"awakeSleepSeconds":0,"unmeasurableSeconds":0,"spo2SleepSummary":{"userProfilePk":82576128,"deviceId":3317189130,"sleepMeasurementStartGMT":"2022-03-15T02:30:00.0","sleepMeasurementEndGMT":"2022-03-15T06:30:00.0","alertThresholdValue":0},"retro":false},{"sleepStartTimestampGMT":"2022-03-15T01:05:00.0","sleepEndTimestampGMT":"2022-03-15T10:35:00.0","calendarDate":"2022-03-15","sleepWindowConfirmationType":"OFF_WRIST","deepSleepSeconds":0,"lightSleepSeconds":0,"awakeSleepSeconds":0,"unmeasurableSeconds":0,"spo2SleepSummary":{"userProfilePk":82576128,"deviceId":3317189130,"sleepMeasurementStartGMT":"2022-03-16T02:30:00.0","sleepMeasurementEndGMT":"2022-03-16T06:30:00.0","alertThresholdValue":0},"retro":false},{"sleepStartTimestampGMT":"2022-03-16T01:01:00.0","sleepEndTimestampGMT":"2022-03-16T10:27:00.0","calendarDate":"2022-03-16","sleepWindowConfirmationType":"OFF_WRIST","deepSleepSeconds":0,"lightSleepSeconds":0,"awakeSleepSeconds":0,"unmeasurableSeconds":0,"spo2SleepSummary":{"userProfilePk":82576128,"deviceId":3317189130,"sleepMeasurementStartGMT":"2022-03-17T02:30:00.0","sleepMeasurementEndGMT":"2022-03-17T06:30:00.0","alertThresholdValue":0},"retro":false},{"sleepStartTimestampGMT":"2022-03-17T01:01:00.0","sleepEndTimestampGMT":"2022-03-17T10:29:00.0","calendarDate":"2022-03-17","sleepWindowConfirmationType":"OFF_WRIST","deepSleepSeconds":0,"lightSleepSeconds":0,"awakeSleepSeconds":0,"unmeasurableSeconds":0,"spo2SleepSummary":{"userProfilePk":82576128,"deviceId":3317189130,"sleepMeasurementStartGMT":"2022-03-18T02:30:00.0","sleepMeasurementEndGMT":"2022-03-18T06:30:00.0","alertThresholdValue":0},"retro":false},{"sleepStartTimestampGMT":"2022-03-18T01:07:00.0","sleepEndTimestampGMT":"2022-03-18T11:11:00.0","calendarDate":"2022-03-18","sleepWindowConfirmationType":"OFF_WRIST","deepSleepSeconds":0,"lightSleepSeconds":0,"awakeSleepSeconds":0,"unmeasurableSeconds":0,"spo2SleepSummary":{"userProfilePk":82576128,"deviceId":3317189130,"sleepMeasurementStartGMT":"2022-03-19T02:30:00.0","sleepMeasurementEndGMT":"2022-03-19T06:30:00.0","alertThresholdValue":0},"retro":false},{"sleepStartTimestampGMT":"2022-03-19T01:32:00.0","sleepEndTimestampGMT":"2022-03-19T12:31:00.0","calendarDate":"2022-03-19","sleepWindowConfirmationType":"OFF_WRIST","deepSleepSeconds":0,"lightSleepSeconds":0,"awakeSleepSeconds":0,"unmeasurableSeconds":0,"spo2SleepSummary":{"userProfilePk":82576128,"deviceId":3317189130,"sleepMeasurementStartGMT":"2022-03-20T02:30:00.0","sleepMeasurementEndGMT":"2022-03-20T06:30:00.0","alertThresholdValue":0},"retro":false},{"sleepStartTimestampGMT":"2022-03-20T03:32:00.0","sleepEndTimestampGMT":"2022-03-20T13:41:00.0","calendarDate":"2022-03-20","sleepWindowConfirmationType":"OFF_WRIST","deepSleepSeconds":0,"lightSleepSeconds":0,"awakeSleepSeconds":0,"unmeasurableSeconds":0,"spo2SleepSummary":{"userProfilePk":82576128,"deviceId":3317189130,"sleepMeasurementStartGMT":"2022-03-21T02:30:00.0","sleepMeasurementEndGMT":"2022-03-21T06:30:00.0","alertThresholdValue":0},"retro":false},{"sleepStartTimestampGMT":"2022-03-21T01:01:00.0","sleepEndTimestampGMT":"2022-03-21T10:17:00.0","calendarDate":"2022-03-21","sleepWindowConfirmationType":"OFF_WRIST","deepSleepSeconds":0,"lightSleepSeconds":0,"awakeSleepSeconds":0,"unmeasurableSeconds":0,"spo2SleepSummary":{"userProfilePk":82576128,"deviceId":3317189130,"sleepMeasurementStartGMT":"2022-03-22T02:30:00.0","sleepMeasurementEndGMT":"2022-03-22T06:30:00.0","alertThresholdValue":0},"retro":false},{"sleepStartTimestampGMT":"2022-03-22T01:22:00.0","sleepEndTimestampGMT":"2022-03-22T11:21:00.0","calendarDate":"2022-03-22","sleepWindowConfirmationType":"OFF_WRIST","deepSleepSeconds":0,"lightSleepSeconds":0,"awakeSleepSeconds":0,"unmeasurableSeconds":0,"spo2SleepSummary":{"userProfilePk":82576128,"deviceId":3317189130,"sleepMeasurementStartGMT":"2022-03-23T02:30:00.0","sleepMeasurementEndGMT":"2022-03-23T06:30:00.0","alertThresholdValue":0},"retro":false},{"sleepStartTimestampGMT":"2022-03-23T01:01:00.0","sleepEndTimestampGMT":"2022-03-23T10:36:00.0","calendarDate":"2022-03-23","sleepWindowConfirmationType":"OFF_WRIST","deepSleepSeconds":0,"lightSleepSeconds":0,"awakeSleepSeconds":0,"unmeasurableSeconds":0,"spo2SleepSummary":{"userProfilePk":82576128,"deviceId":3317189130,"sleepMeasurementStartGMT":"2022-03-24T02:30:00.0","sleepMeasurementEndGMT":"2022-03-24T06:30:00.0","alertThresholdValue":0},"retro":false},{"sleepStartTimestampGMT":"2022-03-24T01:01:00.0","sleepEndTimestampGMT":"2022-03-24T10:30:00.0","calendarDate":"2022-03-24","sleepWindowConfirmationType":"OFF_WRIST","deepSleepSeconds":0,"lightSleepSeconds":0,"awakeSleepSeconds":0,"unmeasurableSeconds":0,"spo2SleepSummary":{"userProfilePk":82576128,"deviceId":3317189130,"sleepMeasurementStartGMT":"2022-03-25T02:30:00.0","sleepMeasurementEndGMT":"2022-03-25T06:30:00.0","alertThresholdValue":0},"retro":false},{"sleepStartTimestampGMT":"2022-03-25T01:07:00.0","sleepEndTimestampGMT":"2022-03-25T10:51:00.0","calendarDate":"2022-03-25","sleepWindowConfirmationType":"OFF_WRIST","deepSleepSeconds":0,"lightSleepSeconds":0,"awakeSleepSeconds":0,"unmeasurableSeconds":0,"spo2SleepSummary":{"userProfilePk":82576128,"deviceId":3317189130,"sleepMeasurementStartGMT":"2022-03-26T02:30:00.0","sleepMeasurementEndGMT":"2022-03-26T06:30:00.0","alertThresholdValue":0},"retro":false},{"sleepStartTimestampGMT":"2022-03-26T06:27:00.0","sleepEndTimestampGMT":"2022-03-26T13:44:00.0","calendarDate":"2022-03-26","sleepWindowConfirmationType":"OFF_WRIST","deepSleepSeconds":0,"lightSleepSeconds":0,"awakeSleepSeconds":0,"unmeasurableSeconds":0,"spo2SleepSummary":{"userProfilePk":82576128,"deviceId":3317189130,"sleepMeasurementStartGMT":"2022-03-27T02:30:00.0","sleepMeasurementEndGMT":"2022-03-27T06:30:00.0","alertThresholdValue":0},"retro":false},{"sleepStartTimestampGMT":"2022-03-27T01:22:00.0","sleepEndTimestampGMT":"2022-03-27T12:31:00.0","calendarDate":"2022-03-27","sleepWindowConfirmationType":"OFF_WRIST","deepSleepSeconds":0,"lightSleepSeconds":0,"awakeSleepSeconds":0,"unmeasurableSeconds":0,"spo2SleepSummary":{"userProfilePk":82576128,"deviceId":3317189130,"sleepMeasurementStartGMT":"2022-03-28T02:30:00.0","sleepMeasurementEndGMT":"2022-03-28T06:30:00.0","alertThresholdValue":0},"retro":false},{"sleepStartTimestampGMT":"2022-03-28T01:02:00.0","sleepEndTimestampGMT":"2022-03-28T10:24:00.0","calendarDate":"2022-03-28","sleepWindowConfirmationType":"OFF_WRIST","deepSleepSeconds":0,"lightSleepSeconds":0,"awakeSleepSeconds":0,"unmeasurableSeconds":0,"spo2SleepSummary":{"userProfilePk":82576128,"deviceId":3317189130,"sleepMeasurementStartGMT":"2022-03-29T02:30:00.0","sleepMeasurementEndGMT":"2022-03-29T06:30:00.0","alertThresholdValue":0},"retro":false},{"sleepStartTimestampGMT":"2022-03-29T01:05:00.0","sleepEndTimestampGMT":"2022-03-29T10:41:00.0","calendarDate":"2022-03-29","sleepWindowConfirmationType":"OFF_WRIST","deepSleepSeconds":0,"lightSleepSeconds":0,"awakeSleepSeconds":0,"unmeasurableSeconds":0,"spo2SleepSummary":{"userProfilePk":82576128,"deviceId":3317189130,"sleepMeasurementStartGMT":"2022-03-30T02:30:00.0","sleepMeasurementEndGMT":"2022-03-30T06:30:00.0","alertThresholdValue":0},"retro":false},{"sleepStartTimestampGMT":"2022-03-30T01:02:00.0","sleepEndTimestampGMT":"2022-03-30T11:16:00.0","calendarDate":"2022-03-30","sleepWindowConfirmationType":"OFF_WRIST","deepSleepSeconds":0,"lightSleepSeconds":0,"awakeSleepSeconds":0,"unmeasurableSeconds":0,"retro":false},{"sleepStartTimestampGMT":"2022-03-31T01:02:00.0","sleepEndTimestampGMT":"2022-03-31T11:21:00.0","calendarDate":"2022-03-31","sleepWindowConfirmationType":"OFF_WRIST","deepSleepSeconds":0,"lightSleepSeconds":0,"awakeSleepSeconds":0,"unmeasurableSeconds":0,"spo2SleepSummary":{"userProfilePk":82576128,"deviceId":3317189130,"sleepMeasurementStartGMT":"2022-04-01T02:30:00.0","sleepMeasurementEndGMT":"2022-04-01T06:30:00.0","alertThresholdValue":0},"retro":false},{"sleepStartTimestampGMT":"2022-04-01T01:01:00.0","sleepEndTimestampGMT":"2022-04-01T10:45:00.0","calendarDate":"2022-04-01","sleepWindowConfirmationType":"OFF_WRIST","deepSleepSeconds":0,"lightSleepSeconds":0,"awakeSleepSeconds":0,"unmeasurableSeconds":0,"spo2SleepSummary":{"userProfilePk":82576128,"deviceId":3317189130,"sleepMeasurementStartGMT":"2022-04-02T02:30:00.0","sleepMeasurementEndGMT":"2022-04-02T06:30:00.0","alertThresholdValue":0},"retro":false},{"sleepStartTimestampGMT":"2022-04-02T01:22:00.0","sleepEndTimestampGMT":"2022-04-02T12:31:00.0","calendarDate":"2022-04-02","sleepWindowConfirmationType":"OFF_WRIST","deepSleepSeconds":0,"lightSleepSeconds":0,"awakeSleepSeconds":0,"unmeasurableSeconds":0,"spo2SleepSummary":{"userProfilePk":82576128,"deviceId":3317189130,"sleepMeasurementStartGMT":"2022-04-03T02:30:00.0","sleepMeasurementEndGMT":"2022-04-03T06:30:00.0","alertThresholdValue":0},"retro":false},{"sleepStartTimestampGMT":"2022-04-03T01:22:00.0","sleepEndTimestampGMT":"2022-04-03T12:36:00.0","calendarDate":"2022-04-03","sleepWindowConfirmationType":"OFF_WRIST","deepSleepSeconds":0,"lightSleepSeconds":0,"awakeSleepSeconds":0,"unmeasurableSeconds":0,"spo2SleepSummary":{"userProfilePk":82576128,"deviceId":3317189130,"sleepMeasurementStartGMT":"2022-04-04T02:30:00.0","sleepMeasurementEndGMT":"2022-04-04T06:30:00.0","alertThresholdValue":0},"retro":false},{"sleepStartTimestampGMT":"2022-04-04T01:01:00.0","sleepEndTimestampGMT":"2022-04-04T10:41:00.0","calendarDate":"2022-04-04","sleepWindowConfirmationType":"OFF_WRIST","deepSleepSeconds":0,"lightSleepSeconds":0,"awakeSleepSeconds":0,"unmeasurableSeconds":0,"spo2SleepSummary":{"userProfilePk":82576128,"deviceId":3317189130,"sleepMeasurementStartGMT":"2022-04-05T02:30:00.0","sleepMeasurementEndGMT":"2022-04-05T06:30:00.0","alertThresholdValue":0},"retro":false},{"sleepStartTimestampGMT":"2022-04-05T01:01:00.0","sleepEndTimestampGMT":"2022-04-05T10:11:00.0","calendarDate":"2022-04-05","sleepWindowConfirmationType":"OFF_WRIST","deepSleepSeconds":0,"lightSleepSeconds":0,"awakeSleepSeconds":0,"unmeasurableSeconds":0,"spo2SleepSummary":{"userProfilePk":82576128,"deviceId":3317189130,"sleepMeasurementStartGMT":"2022-04-06T02:30:00.0","sleepMeasurementEndGMT":"2022-04-06T06:30:00.0","alertThresholdValue":0},"retro":false},{"sleepStartTimestampGMT":"2022-04-06T01:03:00.0","sleepEndTimestampGMT":"2022-04-06T10:15:00.0","calendarDate":"2022-04-06","sleepWindowConfirmationType":"OFF_WRIST","deepSleepSeconds":0,"lightSleepSeconds":0,"awakeSleepSeconds":0,"unmeasurableSeconds":0,"spo2SleepSummary":{"userProfilePk":82576128,"deviceId":3317189130,"sleepMeasurementStartGMT":"2022-04-07T02:30:00.0","sleepMeasurementEndGMT":"2022-04-07T06:30:00.0","alertThresholdValue":0},"retro":false},{"sleepStartTimestampGMT":"2022-04-07T01:01:00.0","sleepEndTimestampGMT":"2022-04-07T10:15:00.0","calendarDate":"2022-04-07","sleepWindowConfirmationType":"OFF_WRIST","deepSleepSeconds":0,"lightSleepSeconds":0,"awakeSleepSeconds":0,"unmeasurableSeconds":0,"spo2SleepSummary":{"userProfilePk":82576128,"deviceId":3317189130,"sleepMeasurementStartGMT":"2022-04-08T02:30:00.0","sleepMeasurementEndGMT":"2022-04-08T06:30:00.0","alertThresholdValue":0},"retro":false},{"sleepStartTimestampGMT":"2022-04-08T01:01:00.0","sleepEndTimestampGMT":"2022-04-08T10:23:00.0","calendarDate":"2022-04-08","sleepWindowConfirmationType":"OFF_WRIST","deepSleepSeconds":0,"lightSleepSeconds":0,"awakeSleepSeconds":0,"unmeasurableSeconds":0,"spo2SleepSummary":{"userProfilePk":82576128,"deviceId":3317189130,"sleepMeasurementStartGMT":"2022-04-09T02:30:00.0","sleepMeasurementEndGMT":"2022-04-09T06:30:00.0","alertThresholdValue":0},"retro":false},{"sleepStartTimestampGMT":"2022-04-09T01:32:00.0","sleepEndTimestampGMT":"2022-04-09T13:11:00.0","calendarDate":"2022-04-09","sleepWindowConfirmationType":"OFF_WRIST","deepSleepSeconds":0,"lightSleepSeconds":0,"awakeSleepSeconds":0,"unmeasurableSeconds":0,"spo2SleepSummary":{"userProfilePk":82576128,"deviceId":3317189130,"sleepMeasurementStartGMT":"2022-04-10T02:30:00.0","sleepMeasurementEndGMT":"2022-04-10T06:30:00.0","alertThresholdValue":0},"retro":false},{"sleepStartTimestampGMT":"2022-04-10T01:27:00.0","sleepEndTimestampGMT":"2022-04-10T12:56:00.0","calendarDate":"2022-04-10","sleepWindowConfirmationType":"OFF_WRIST","deepSleepSeconds":0,"lightSleepSeconds":0,"awakeSleepSeconds":0,"unmeasurableSeconds":0,"spo2SleepSummary":{"userProfilePk":82576128,"deviceId":3317189130,"sleepMeasurementStartGMT":"2022-04-11T02:30:00.0","sleepMeasurementEndGMT":"2022-04-11T06:30:00.0","alertThresholdValue":0},"retro":false},{"sleepStartTimestampGMT":"2022-04-11T01:27:00.0","sleepEndTimestampGMT":"2022-04-11T13:11:00.0","calendarDate":"2022-04-11","sleepWindowConfirmationType":"OFF_WRIST","deepSleepSeconds":0,"lightSleepSeconds":0,"awakeSleepSeconds":0,"unmeasurableSeconds":0,"spo2SleepSummary":{"userProfilePk":82576128,"deviceId":3317189130,"sleepMeasurementStartGMT":"2022-04-12T02:30:00.0","sleepMeasurementEndGMT":"2022-04-12T06:30:00.0","alertThresholdValue":0},"retro":false},{"sleepStartTimestampGMT":"2022-04-12T01:27:00.0","sleepEndTimestampGMT":"2022-04-12T13:11:00.0","calendarDate":"2022-04-12","sleepWindowConfirmationType":"OFF_WRIST","deepSleepSeconds":0,"lightSleepSeconds":0,"awakeSleepSeconds":0,"unmeasurableSeconds":0,"retro":false},{"sleepStartTimestampGMT":"2022-04-13T01:27:00.0","sleepEndTimestampGMT":"2022-04-13T13:11:00.0","calendarDate":"2022-04-13","sleepWindowConfirmationType":"OFF_WRIST","deepSleepSeconds":0,"lightSleepSeconds":0,"awakeSleepSeconds":0,"unmeasurableSeconds":0,"spo2SleepSummary":{"userProfilePk":82576128,"deviceId":3317189130,"sleepMeasurementStartGMT":"2022-04-13T02:30:01.0","sleepMeasurementEndGMT":"2022-04-13T06:30:01.0","alertThresholdValue":0},"retro":false},{"sleepStartTimestampGMT":"2022-04-14T01:07:00.0","sleepEndTimestampGMT":"2022-04-14T10:46:00.0","calendarDate":"2022-04-14","sleepWindowConfirmationType":"OFF_WRIST","deepSleepSeconds":0,"lightSleepSeconds":0,"awakeSleepSeconds":0,"unmeasurableSeconds":0,"retro":false},{"sleepStartTimestampGMT":"2022-04-15T01:27:00.0","sleepEndTimestampGMT":"2022-04-15T10:16:00.0","calendarDate":"2022-04-15","sleepWindowConfirmationType":"OFF_WRIST","deepSleepSeconds":0,"lightSleepSeconds":0,"awakeSleepSeconds":0,"unmeasurableSeconds":0,"spo2SleepSummary":{"userProfilePk":82576128,"deviceId":3317189130,"sleepMeasurementStartGMT":"2022-04-16T02:30:00.0","sleepMeasurementEndGMT":"2022-04-16T06:30:00.0","alertThresholdValue":0},"retro":false},{"sleepStartTimestampGMT":"2022-04-16T02:17:00.0","sleepEndTimestampGMT":"2022-04-16T13:21:00.0","calendarDate":"2022-04-16","sleepWindowConfirmationType":"OFF_WRIST","deepSleepSeconds":0,"lightSleepSeconds":0,"awakeSleepSeconds":0,"unmeasurableSeconds":0,"spo2SleepSummary":{"userProfilePk":82576128,"deviceId":3317189130,"sleepMeasurementStartGMT":"2022-04-17T02:30:00.0","sleepMeasurementEndGMT":"2022-04-17T06:30:00.0","alertThresholdValue":0},"retro":false},{"sleepStartTimestampGMT":"2022-04-17T06:37:00.0","sleepEndTimestampGMT":"2022-04-17T13:44:00.0","calendarDate":"2022-04-17","sleepWindowConfirmationType":"OFF_WRIST","deepSleepSeconds":0,"lightSleepSeconds":0,"awakeSleepSeconds":0,"unmeasurableSeconds":0,"spo2SleepSummary":{"userProfilePk":82576128,"deviceId":3317189130,"sleepMeasurementStartGMT":"2022-04-18T02:30:00.0","sleepMeasurementEndGMT":"2022-04-18T06:30:00.0","alertThresholdValue":0},"retro":false},{"sleepStartTimestampGMT":"2022-04-18T01:02:00.0","sleepEndTimestampGMT":"2022-04-18T10:51:00.0","calendarDate":"2022-04-18","sleepWindowConfirmationType":"OFF_WRIST","deepSleepSeconds":0,"lightSleepSeconds":0,"awakeSleepSeconds":0,"unmeasurableSeconds":0,"spo2SleepSummary":{"userProfilePk":82576128,"deviceId":3317189130,"sleepMeasurementStartGMT":"2022-04-19T02:30:00.0","sleepMeasurementEndGMT":"2022-04-19T06:30:00.0","alertThresholdValue":0},"retro":false},{"sleepStartTimestampGMT":"2022-04-19T01:01:00.0","sleepEndTimestampGMT":"2022-04-19T09:50:00.0","calendarDate":"2022-04-19","sleepWindowConfirmationType":"OFF_WRIST","deepSleepSeconds":0,"lightSleepSeconds":0,"awakeSleepSeconds":0,"unmeasurableSeconds":0,"spo2SleepSummary":{"userProfilePk":82576128,"deviceId":3317189130,"sleepMeasurementStartGMT":"2022-04-20T02:30:00.0","sleepMeasurementEndGMT":"2022-04-20T06:30:00.0","alertThresholdValue":0},"retro":false},{"sleepStartTimestampGMT":"2022-04-20T01:07:00.0","sleepEndTimestampGMT":"2022-04-20T11:01:00.0","calendarDate":"2022-04-20","sleepWindowConfirmationType":"OFF_WRIST","deepSleepSeconds":0,"lightSleepSeconds":0,"awakeSleepSeconds":0,"unmeasurableSeconds":0,"retro":false},{"sleepStartTimestampGMT":"2022-04-21T01:01:00.0","sleepEndTimestampGMT":"2022-04-21T10:45:00.0","calendarDate":"2022-04-21","sleepWindowConfirmationType":"OFF_WRIST","deepSleepSeconds":0,"lightSleepSeconds":0,"awakeSleepSeconds":0,"unmeasurableSeconds":0,"spo2SleepSummary":{"userProfilePk":82576128,"deviceId":3317189130,"sleepMeasurementStartGMT":"2022-04-21T02:30:06.0","sleepMeasurementEndGMT":"2022-04-21T06:30:06.0","alertThresholdValue":0},"retro":false},{"sleepStartTimestampGMT":"2022-04-22T01:27:00.0","sleepEndTimestampGMT":"2022-04-22T12:04:00.0","calendarDate":"2022-04-22","sleepWindowConfirmationType":"OFF_WRIST","deepSleepSeconds":0,"lightSleepSeconds":0,"awakeSleepSeconds":0,"unmeasurableSeconds":0,"spo2SleepSummary":{"userProfilePk":82576128,"deviceId":3317189130,"sleepMeasurementStartGMT":"2022-04-23T02:30:00.0","sleepMeasurementEndGMT":"2022-04-23T06:30:00.0","alertThresholdValue":0},"retro":false},{"sleepStartTimestampGMT":"2022-04-23T01:22:00.0","sleepEndTimestampGMT":"2022-04-23T12:30:00.0","calendarDate":"2022-04-23","sleepWindowConfirmationType":"OFF_WRIST","deepSleepSeconds":0,"lightSleepSeconds":0,"awakeSleepSeconds":0,"unmeasurableSeconds":0,"spo2SleepSummary":{"userProfilePk":82576128,"deviceId":3317189130,"sleepMeasurementStartGMT":"2022-04-24T02:30:00.0","sleepMeasurementEndGMT":"2022-04-24T06:30:00.0","alertThresholdValue":0},"retro":false},{"sleepStartTimestampGMT":"2022-04-24T07:05:00.0","sleepEndTimestampGMT":"2022-04-24T13:44:00.0","calendarDate":"2022-04-24","sleepWindowConfirmationType":"OFF_WRIST","deepSleepSeconds":0,"lightSleepSeconds":0,"awakeSleepSeconds":0,"unmeasurableSeconds":0,"spo2SleepSummary":{"userProfilePk":82576128,"deviceId":3317189130,"sleepMeasurementStartGMT":"2022-04-25T02:30:00.0","sleepMeasurementEndGMT":"2022-04-25T06:30:00.0","alertThresholdValue":0},"retro":false},{"sleepStartTimestampGMT":"2022-04-25T01:02:00.0","sleepEndTimestampGMT":"2022-04-25T10:46:00.0","calendarDate":"2022-04-25","sleepWindowConfirmationType":"OFF_WRIST","deepSleepSeconds":0,"lightSleepSeconds":0,"awakeSleepSeconds":0,"unmeasurableSeconds":0,"spo2SleepSummary":{"userProfilePk":82576128,"deviceId":3317189130,"sleepMeasurementStartGMT":"2022-04-26T02:30:00.0","sleepMeasurementEndGMT":"2022-04-26T06:30:00.0","alertThresholdValue":0},"retro":false},{"sleepStartTimestampGMT":"2022-04-26T01:01:00.0","sleepEndTimestampGMT":"2022-04-26T10:31:00.0","calendarDate":"2022-04-26","sleepWindowConfirmationType":"OFF_WRIST","deepSleepSeconds":0,"lightSleepSeconds":0,"awakeSleepSeconds":0,"unmeasurableSeconds":0,"spo2SleepSummary":{"userProfilePk":82576128,"deviceId":3317189130,"sleepMeasurementStartGMT":"2022-04-27T02:30:00.0","sleepMeasurementEndGMT":"2022-04-27T06:30:00.0","alertThresholdValue":0},"retro":false},{"sleepStartTimestampGMT":"2022-04-27T01:01:00.0","sleepEndTimestampGMT":"2022-04-27T09:59:00.0","calendarDate":"2022-04-27","sleepWindowConfirmationType":"OFF_WRIST","deepSleepSeconds":0,"lightSleepSeconds":0,"awakeSleepSeconds":0,"unmeasurableSeconds":0,"retro":false},{"sleepStartTimestampGMT":"2022-04-28T01:02:00.0","sleepEndTimestampGMT":"2022-04-28T11:07:00.0","calendarDate":"2022-04-28","sleepWindowConfirmationType":"OFF_WRIST","deepSleepSeconds":0,"lightSleepSeconds":0,"awakeSleepSeconds":0,"unmeasurableSeconds":0,"spo2SleepSummary":{"userProfilePk":82576128,"deviceId":3317189130,"sleepMeasurementStartGMT":"2022-04-29T02:30:00.0","sleepMeasurementEndGMT":"2022-04-29T06:30:00.0","alertThresholdValue":0},"retro":false},{"sleepStartTimestampGMT":"2022-04-29T01:01:00.0","sleepEndTimestampGMT":"2022-04-29T10:34:00.0","calendarDate":"2022-04-29","sleepWindowConfirmationType":"OFF_WRIST","deepSleepSeconds":0,"lightSleepSeconds":0,"awakeSleepSeconds":0,"unmeasurableSeconds":0,"spo2SleepSummary":{"userProfilePk":82576128,"deviceId":3317189130,"sleepMeasurementStartGMT":"2022-04-29T06:03:18.0","sleepMeasurementEndGMT":"2022-04-29T10:03:18.0","alertThresholdValue":0},"retro":false},{"sleepStartTimestampGMT":"2022-04-30T01:22:00.0","sleepEndTimestampGMT":"2022-04-30T12:46:00.0","calendarDate":"2022-04-30","sleepWindowConfirmationType":"OFF_WRIST","deepSleepSeconds":0,"lightSleepSeconds":0,"awakeSleepSeconds":0,"unmeasurableSeconds":0,"spo2SleepSummary":{"userProfilePk":82576128,"deviceId":3317189130,"sleepMeasurementStartGMT":"2022-05-01T02:30:00.0","sleepMeasurementEndGMT":"2022-05-01T06:30:00.0","alertThresholdValue":0},"retro":false},{"sleepStartTimestampGMT":"2022-05-01T06:46:00.0","sleepEndTimestampGMT":"2022-05-01T13:44:00.0","calendarDate":"2022-05-01","sleepWindowConfirmationType":"OFF_WRIST","deepSleepSeconds":0,"lightSleepSeconds":0,"awakeSleepSeconds":0,"unmeasurableSeconds":0,"spo2SleepSummary":{"userProfilePk":82576128,"deviceId":3317189130,"sleepMeasurementStartGMT":"2022-05-02T02:30:00.0","sleepMeasurementEndGMT":"2022-05-02T06:30:00.0","alertThresholdValue":0},"retro":false},{"sleepStartTimestampGMT":"2022-05-02T01:01:00.0","sleepEndTimestampGMT":"2022-05-02T09:32:00.0","calendarDate":"2022-05-02","sleepWindowConfirmationType":"OFF_WRIST","deepSleepSeconds":0,"lightSleepSeconds":0,"awakeSleepSeconds":0,"unmeasurableSeconds":0,"spo2SleepSummary":{"userProfilePk":82576128,"deviceId":3317189130,"sleepMeasurementStartGMT":"2022-05-03T02:30:00.0","sleepMeasurementEndGMT":"2022-05-03T06:30:00.0","alertThresholdValue":0},"retro":false},{"sleepStartTimestampGMT":"2022-05-03T01:22:00.0","sleepEndTimestampGMT":"2022-05-03T11:56:00.0","calendarDate":"2022-05-03","sleepWindowConfirmationType":"OFF_WRIST","deepSleepSeconds":0,"lightSleepSeconds":0,"awakeSleepSeconds":0,"unmeasurableSeconds":0,"spo2SleepSummary":{"userProfilePk":82576128,"deviceId":3317189130,"sleepMeasurementStartGMT":"2022-05-04T02:30:00.0","sleepMeasurementEndGMT":"2022-05-04T06:30:00.0","alertThresholdValue":0},"retro":false},{"sleepStartTimestampGMT":"2022-05-04T01:06:00.0","sleepEndTimestampGMT":"2022-05-04T10:38:00.0","calendarDate":"2022-05-04","sleepWindowConfirmationType":"OFF_WRIST","deepSleepSeconds":0,"lightSleepSeconds":0,"awakeSleepSeconds":0,"unmeasurableSeconds":0,"spo2SleepSummary":{"userProfilePk":82576128,"deviceId":3317189130,"sleepMeasurementStartGMT":"2022-05-05T02:30:00.0","sleepMeasurementEndGMT":"2022-05-05T06:30:00.0","alertThresholdValue":0},"retro":false},{"sleepStartTimestampGMT":"2022-05-05T01:01:00.0","sleepEndTimestampGMT":"2022-05-05T10:14:00.0","calendarDate":"2022-05-05","sleepWindowConfirmationType":"OFF_WRIST","deepSleepSeconds":0,"lightSleepSeconds":0,"awakeSleepSeconds":0,"unmeasurableSeconds":0,"spo2SleepSummary":{"userProfilePk":82576128,"deviceId":3317189130,"sleepMeasurementStartGMT":"2022-05-06T02:30:00.0","sleepMeasurementEndGMT":"2022-05-06T06:30:00.0","alertThresholdValue":0},"retro":false},{"sleepStartTimestampGMT":"2022-05-06T01:07:00.0","sleepEndTimestampGMT":"2022-05-06T11:26:00.0","calendarDate":"2022-05-06","sleepWindowConfirmationType":"OFF_WRIST","deepSleepSeconds":0,"lightSleepSeconds":0,"awakeSleepSeconds":0,"unmeasurableSeconds":0,"spo2SleepSummary":{"userProfilePk":82576128,"deviceId":3317189130,"sleepMeasurementStartGMT":"2022-05-07T02:30:00.0","sleepMeasurementEndGMT":"2022-05-07T06:30:00.0","alertThresholdValue":0},"retro":false},{"sleepStartTimestampGMT":"2022-05-07T01:22:00.0","sleepEndTimestampGMT":"2022-05-07T12:41:00.0","calendarDate":"2022-05-07","sleepWindowConfirmationType":"OFF_WRIST","deepSleepSeconds":0,"lightSleepSeconds":0,"awakeSleepSeconds":0,"unmeasurableSeconds":0,"spo2SleepSummary":{"userProfilePk":82576128,"deviceId":3317189130,"sleepMeasurementStartGMT":"2022-05-08T02:30:00.0","sleepMeasurementEndGMT":"2022-05-08T06:30:00.0","alertThresholdValue":0},"retro":false},{"sleepStartTimestampGMT":"2022-05-08T02:52:00.0","sleepEndTimestampGMT":"2022-05-08T11:55:00.0","calendarDate":"2022-05-08","sleepWindowConfirmationType":"OFF_WRIST","deepSleepSeconds":0,"lightSleepSeconds":0,"awakeSleepSeconds":0,"unmeasurableSeconds":0,"spo2SleepSummary":{"userProfilePk":82576128,"deviceId":3317189130,"sleepMeasurementStartGMT":"2022-05-09T02:30:00.0","sleepMeasurementEndGMT":"2022-05-09T06:30:00.0","alertThresholdValue":0},"retro":false},{"sleepStartTimestampGMT":"2022-05-09T01:06:00.0","sleepEndTimestampGMT":"2022-05-09T10:28:00.0","calendarDate":"2022-05-09","sleepWindowConfirmationType":"OFF_WRIST","deepSleepSeconds":0,"lightSleepSeconds":0,"awakeSleepSeconds":0,"unmeasurableSeconds":0,"spo2SleepSummary":{"userProfilePk":82576128,"deviceId":3317189130,"sleepMeasurementStartGMT":"2022-05-10T02:30:00.0","sleepMeasurementEndGMT":"2022-05-10T06:30:00.0","alertThresholdValue":0},"retro":false},{"sleepStartTimestampGMT":"2022-05-10T01:03:00.0","sleepEndTimestampGMT":"2022-05-10T10:31:00.0","calendarDate":"2022-05-10","sleepWindowConfirmationType":"OFF_WRIST","deepSleepSeconds":0,"lightSleepSeconds":0,"awakeSleepSeconds":0,"unmeasurableSeconds":0,"spo2SleepSummary":{"userProfilePk":82576128,"deviceId":3317189130,"sleepMeasurementStartGMT":"2022-05-11T02:30:00.0","sleepMeasurementEndGMT":"2022-05-11T06:30:00.0","alertThresholdValue":0},"retro":false},{"sleepStartTimestampGMT":"2022-05-11T01:22:00.0","sleepEndTimestampGMT":"2022-05-11T11:26:00.0","calendarDate":"2022-05-11","sleepWindowConfirmationType":"OFF_WRIST","deepSleepSeconds":0,"lightSleepSeconds":0,"awakeSleepSeconds":0,"unmeasurableSeconds":0,"retro":false},{"sleepStartTimestampGMT":"2022-05-12T01:01:00.0","sleepEndTimestampGMT":"2022-05-12T10:49:00.0","calendarDate":"2022-05-12","sleepWindowConfirmationType":"OFF_WRIST","deepSleepSeconds":0,"lightSleepSeconds":0,"awakeSleepSeconds":0,"unmeasurableSeconds":0,"spo2SleepSummary":{"userProfilePk":82576128,"deviceId":3317189130,"sleepMeasurementStartGMT":"2022-05-13T02:30:00.0","sleepMeasurementEndGMT":"2022-05-13T06:30:00.0","alertThresholdValue":0},"retro":false},{"sleepStartTimestampGMT":"2022-05-13T01:01:00.0","sleepEndTimestampGMT":"2022-05-13T10:51:00.0","calendarDate":"2022-05-13","sleepWindowConfirmationType":"OFF_WRIST","deepSleepSeconds":0,"lightSleepSeconds":0,"awakeSleepSeconds":0,"unmeasurableSeconds":0,"spo2SleepSummary":{"userProfilePk":82576128,"deviceId":3317189130,"sleepMeasurementStartGMT":"2022-05-14T02:30:00.0","sleepMeasurementEndGMT":"2022-05-14T06:30:00.0","alertThresholdValue":0},"retro":false},{"sleepStartTimestampGMT":"2022-05-14T01:35:00.0","sleepEndTimestampGMT":"2022-05-14T12:31:00.0","calendarDate":"2022-05-14","sleepWindowConfirmationType":"OFF_WRIST","deepSleepSeconds":0,"lightSleepSeconds":0,"awakeSleepSeconds":0,"unmeasurableSeconds":0,"spo2SleepSummary":{"userProfilePk":82576128,"deviceId":3317189130,"sleepMeasurementStartGMT":"2022-05-15T02:30:00.0","sleepMeasurementEndGMT":"2022-05-15T06:30:00.0","alertThresholdValue":0},"retro":false},{"sleepStartTimestampGMT":"2022-05-15T02:08:00.0","sleepEndTimestampGMT":"2022-05-15T13:11:00.0","calendarDate":"2022-05-15","sleepWindowConfirmationType":"OFF_WRIST","deepSleepSeconds":0,"lightSleepSeconds":0,"awakeSleepSeconds":0,"unmeasurableSeconds":0,"spo2SleepSummary":{"userProfilePk":82576128,"deviceId":3317189130,"sleepMeasurementStartGMT":"2022-05-16T02:30:00.0","sleepMeasurementEndGMT":"2022-05-16T06:30:00.0","alertThresholdValue":0},"retro":false},{"sleepStartTimestampGMT":"2022-05-16T01:01:00.0","sleepEndTimestampGMT":"2022-05-16T10:28:00.0","calendarDate":"2022-05-16","sleepWindowConfirmationType":"OFF_WRIST","deepSleepSeconds":0,"lightSleepSeconds":0,"awakeSleepSeconds":0,"unmeasurableSeconds":0,"spo2SleepSummary":{"userProfilePk":82576128,"deviceId":3317189130,"sleepMeasurementStartGMT":"2022-05-17T02:30:00.0","sleepMeasurementEndGMT":"2022-05-17T06:30:00.0","alertThresholdValue":0},"retro":false},{"sleepStartTimestampGMT":"2022-05-17T01:12:00.0","sleepEndTimestampGMT":"2022-05-17T11:26:00.0","calendarDate":"2022-05-17","sleepWindowConfirmationType":"OFF_WRIST","deepSleepSeconds":0,"lightSleepSeconds":0,"awakeSleepSeconds":0,"unmeasurableSeconds":0,"spo2SleepSummary":{"userProfilePk":82576128,"deviceId":3317189130,"sleepMeasurementStartGMT":"2022-05-18T02:30:00.0","sleepMeasurementEndGMT":"2022-05-18T06:30:00.0","alertThresholdValue":0},"retro":false},{"sleepStartTimestampGMT":"2022-05-18T01:01:00.0","sleepEndTimestampGMT":"2022-05-18T10:39:00.0","calendarDate":"2022-05-18","sleepWindowConfirmationType":"OFF_WRIST","deepSleepSeconds":0,"lightSleepSeconds":0,"awakeSleepSeconds":0,"unmeasurableSeconds":0,"retro":false},{"sleepStartTimestampGMT":"2022-05-19T01:02:00.0","sleepEndTimestampGMT":"2022-05-19T11:06:00.0","calendarDate":"2022-05-19","sleepWindowConfirmationType":"OFF_WRIST","deepSleepSeconds":0,"lightSleepSeconds":0,"awakeSleepSeconds":0,"unmeasurableSeconds":0,"spo2SleepSummary":{"userProfilePk":82576128,"deviceId":3317189130,"sleepMeasurementStartGMT":"2022-05-20T02:30:00.0","sleepMeasurementEndGMT":"2022-05-20T06:30:00.0","alertThresholdValue":0},"retro":false},{"sleepStartTimestampGMT":"2022-05-20T01:10:00.0","sleepEndTimestampGMT":"2022-05-20T11:16:00.0","calendarDate":"2022-05-20","sleepWindowConfirmationType":"OFF_WRIST","deepSleepSeconds":0,"lightSleepSeconds":0,"awakeSleepSeconds":0,"unmeasurableSeconds":0,"spo2SleepSummary":{"userProfilePk":82576128,"deviceId":3317189130,"sleepMeasurementStartGMT":"2022-05-21T02:30:00.0","sleepMeasurementEndGMT":"2022-05-21T06:30:00.0","alertThresholdValue":0},"retro":false},{"sleepStartTimestampGMT":"2022-05-21T01:27:00.0","sleepEndTimestampGMT":"2022-05-21T13:16:00.0","calendarDate":"2022-05-21","sleepWindowConfirmationType":"OFF_WRIST","deepSleepSeconds":0,"lightSleepSeconds":0,"awakeSleepSeconds":0,"unmeasurableSeconds":0,"spo2SleepSummary":{"userProfilePk":82576128,"deviceId":3317189130,"sleepMeasurementStartGMT":"2022-05-22T02:30:00.0","sleepMeasurementEndGMT":"2022-05-22T06:30:00.0","alertThresholdValue":0},"retro":false},{"sleepStartTimestampGMT":"2022-05-22T01:32:00.0","sleepEndTimestampGMT":"2022-05-22T13:11:00.0","calendarDate":"2022-05-22","sleepWindowConfirmationType":"OFF_WRIST","deepSleepSeconds":0,"lightSleepSeconds":0,"awakeSleepSeconds":0,"unmeasurableSeconds":0,"spo2SleepSummary":{"userProfilePk":82576128,"deviceId":3317189130,"sleepMeasurementStartGMT":"2022-05-23T02:30:00.0","sleepMeasurementEndGMT":"2022-05-23T06:30:00.0","alertThresholdValue":0},"retro":false},{"sleepStartTimestampGMT":"2022-05-23T01:27:00.0","sleepEndTimestampGMT":"2022-05-23T13:11:00.0","calendarDate":"2022-05-23","sleepWindowConfirmationType":"OFF_WRIST","deepSleepSeconds":0,"lightSleepSeconds":0,"awakeSleepSeconds":0,"unmeasurableSeconds":0,"spo2SleepSummary":{"userProfilePk":82576128,"deviceId":3317189130,"sleepMeasurementStartGMT":"2022-05-24T02:30:00.0","sleepMeasurementEndGMT":"2022-05-24T06:30:00.0","alertThresholdValue":0},"retro":false},{"sleepStartTimestampGMT":"2022-05-24T01:01:00.0","sleepEndTimestampGMT":"2022-05-24T09:21:00.0","calendarDate":"2022-05-24","sleepWindowConfirmationType":"OFF_WRIST","deepSleepSeconds":0,"lightSleepSeconds":0,"awakeSleepSeconds":0,"unmeasurableSeconds":0,"spo2SleepSummary":{"userProfilePk":82576128,"deviceId":3317189130,"sleepMeasurementStartGMT":"2022-05-25T02:30:00.0","sleepMeasurementEndGMT":"2022-05-25T06:30:00.0","alertThresholdValue":0},"retro":false},{"sleepStartTimestampGMT":"2022-05-25T01:01:00.0","sleepEndTimestampGMT":"2022-05-25T10:31:00.0","calendarDate":"2022-05-25","sleepWindowConfirmationType":"OFF_WRIST","deepSleepSeconds":0,"lightSleepSeconds":0,"awakeSleepSeconds":0,"unmeasurableSeconds":0,"spo2SleepSummary":{"userProfilePk":82576128,"deviceId":3317189130,"sleepMeasurementStartGMT":"2022-05-26T02:30:00.0","sleepMeasurementEndGMT":"2022-05-26T06:30:00.0","alertThresholdValue":0},"retro":false},{"sleepStartTimestampGMT":"2022-05-26T01:01:00.0","sleepEndTimestampGMT":"2022-05-26T10:29:00.0","calendarDate":"2022-05-26","sleepWindowConfirmationType":"OFF_WRIST","deepSleepSeconds":0,"lightSleepSeconds":0,"awakeSleepSeconds":0,"unmeasurableSeconds":0,"spo2SleepSummary":{"userProfilePk":82576128,"deviceId":3317189130,"sleepMeasurementStartGMT":"2022-05-27T02:30:00.0","sleepMeasurementEndGMT":"2022-05-27T06:30:00.0","alertThresholdValue":0},"retro":false},{"sleepStartTimestampGMT":"2022-05-27T01:32:00.0","sleepEndTimestampGMT":"2022-05-27T13:11:00.0","calendarDate":"2022-05-27","sleepWindowConfirmationType":"OFF_WRIST","deepSleepSeconds":0,"lightSleepSeconds":0,"awakeSleepSeconds":0,"unmeasurableSeconds":0,"spo2SleepSummary":{"userProfilePk":82576128,"deviceId":3317189130,"sleepMeasurementStartGMT":"2022-05-28T02:30:00.0","sleepMeasurementEndGMT":"2022-05-28T06:30:00.0","alertThresholdValue":0},"retro":false},{"sleepStartTimestampGMT":"2022-05-28T02:07:00.0","sleepEndTimestampGMT":"2022-05-28T12:31:00.0","calendarDate":"2022-05-28","sleepWindowConfirmationType":"OFF_WRIST","deepSleepSeconds":0,"lightSleepSeconds":0,"awakeSleepSeconds":0,"unmeasurableSeconds":0,"spo2SleepSummary":{"userProfilePk":82576128,"deviceId":3317189130,"sleepMeasurementStartGMT":"2022-05-29T02:30:00.0","sleepMeasurementEndGMT":"2022-05-29T06:30:00.0","alertThresholdValue":0},"retro":false},{"sleepStartTimestampGMT":"2022-05-29T04:59:00.0","sleepEndTimestampGMT":"2022-05-29T13:44:00.0","calendarDate":"2022-05-29","sleepWindowConfirmationType":"OFF_WRIST","deepSleepSeconds":0,"lightSleepSeconds":0,"awakeSleepSeconds":0,"unmeasurableSeconds":0,"spo2SleepSummary":{"userProfilePk":82576128,"deviceId":3317189130,"sleepMeasurementStartGMT":"2022-05-30T02:30:00.0","sleepMeasurementEndGMT":"2022-05-30T06:30:00.0","alertThresholdValue":0},"retro":false},{"sleepStartTimestampGMT":"2022-05-30T01:01:00.0","sleepEndTimestampGMT":"2022-05-30T10:36:00.0","calendarDate":"2022-05-30","sleepWindowConfirmationType":"OFF_WRIST","deepSleepSeconds":0,"lightSleepSeconds":0,"awakeSleepSeconds":0,"unmeasurableSeconds":0,"spo2SleepSummary":{"userProfilePk":82576128,"deviceId":3317189130,"sleepMeasurementStartGMT":"2022-05-31T02:30:00.0","sleepMeasurementEndGMT":"2022-05-31T06:30:00.0","alertThresholdValue":0},"retro":false},{"sleepStartTimestampGMT":"2022-05-31T01:32:00.0","sleepEndTimestampGMT":"2022-05-31T13:11:00.0","calendarDate":"2022-05-31","sleepWindowConfirmationType":"OFF_WRIST","deepSleepSeconds":0,"lightSleepSeconds":0,"awakeSleepSeconds":0,"unmeasurableSeconds":0,"spo2SleepSummary":{"userProfilePk":82576128,"deviceId":3317189130,"sleepMeasurementStartGMT":"2022-06-01T02:30:00.0","sleepMeasurementEndGMT":"2022-06-01T06:30:00.0","alertThresholdValue":0},"retro":false},{"sleepStartTimestampGMT":"2022-06-01T01:27:00.0","sleepEndTimestampGMT":"2022-06-01T13:06:00.0","calendarDate":"2022-06-01","sleepWindowConfirmationType":"OFF_WRIST","deepSleepSeconds":0,"lightSleepSeconds":0,"awakeSleepSeconds":0,"unmeasurableSeconds":0,"spo2SleepSummary":{"userProfilePk":82576128,"deviceId":3317189130,"sleepMeasurementStartGMT":"2022-06-02T02:30:00.0","sleepMeasurementEndGMT":"2022-06-02T06:30:00.0","alertThresholdValue":0},"retro":false},{"sleepStartTimestampGMT":"2022-06-02T01:17:00.0","sleepEndTimestampGMT":"2022-06-02T11:26:00.0","calendarDate":"2022-06-02","sleepWindowConfirmationType":"OFF_WRIST","deepSleepSeconds":0,"lightSleepSeconds":0,"awakeSleepSeconds":0,"unmeasurableSeconds":0,"spo2SleepSummary":{"userProfilePk":82576128,"deviceId":3317189130,"sleepMeasurementStartGMT":"2022-06-03T02:30:00.0","sleepMeasurementEndGMT":"2022-06-03T06:30:00.0","alertThresholdValue":0},"retro":false},{"sleepStartTimestampGMT":"2022-06-03T01:32:00.0","sleepEndTimestampGMT":"2022-06-03T13:06:00.0","calendarDate":"2022-06-03","sleepWindowConfirmationType":"OFF_WRIST","deepSleepSeconds":0,"lightSleepSeconds":0,"awakeSleepSeconds":0,"unmeasurableSeconds":0,"spo2SleepSummary":{"userProfilePk":82576128,"deviceId":3317189130,"sleepMeasurementStartGMT":"2022-06-04T02:30:00.0","sleepMeasurementEndGMT":"2022-06-04T06:30:00.0","alertThresholdValue":0},"retro":false},{"sleepStartTimestampGMT":"2022-06-04T01:32:00.0","sleepEndTimestampGMT":"2022-06-04T11:51:00.0","calendarDate":"2022-06-04","sleepWindowConfirmationType":"OFF_WRIST","deepSleepSeconds":0,"lightSleepSeconds":0,"awakeSleepSeconds":0,"unmeasurableSeconds":0,"spo2SleepSummary":{"userProfilePk":82576128,"deviceId":3317189130,"sleepMeasurementStartGMT":"2022-06-05T02:30:00.0","sleepMeasurementEndGMT":"2022-06-05T06:30:00.0","alertThresholdValue":0},"retro":false},{"sleepStartTimestampGMT":"2022-06-05T04:05:00.0","sleepEndTimestampGMT":"2022-06-05T13:44:00.0","calendarDate":"2022-06-05","sleepWindowConfirmationType":"OFF_WRIST","deepSleepSeconds":0,"lightSleepSeconds":0,"awakeSleepSeconds":0,"unmeasurableSeconds":0,"retro":false}]