[{"key":"0251a3c4-0542-427c-9eff-6b115ce9196c","referenceId":"d4260fb0-221e-496b-8200-472e36281576","referenceType":"CUSTOMER","correlationId":null,"consentTypeId":"DI_CONNECT_MYFITNESSPAL","state":"GRANTED","locale":"en-US","source":"web-modern-122","version":"46","createdDate":"2020-01-04T07:13:34.478Z","consentCreatedDate":"2020-01-04T07:13:34.478Z","actorId":null,"metadata":null},{"key":"3013192d-e6fd-47ab-aca1-6056c743e3d9","referenceId":"d4260fb0-221e-496b-8200-472e36281576","referenceType":"CUSTOMER","correlationId":null,"consentTypeId":"DI_CONNECT_LIVETRACK","state":"GRANTED","locale":"en-CA","source":"com.garmin.android.apps.connectmobile 4.25.3 5197 Dalvik/2.1.0 (Linux; U; Android 10; SM-G973W Build/QP1A.190711.020)","version":"39","createdDate":"2020-01-04T23:42:12.839Z","consentCreatedDate":"2020-01-04T23:42:12.839Z","actorId":null,"metadata":null},{"key":"359ad3b9-7346-4f0e-9c64-8ecbc4920b41","referenceId":"d4260fb0-221e-496b-8200-472e36281576","referenceType":"CUSTOMER","correlationId":null,"consentTypeId":"DI_CONNECT_PRODUCT_IMPROVEMENT_DATA_USAGE","state":"GRANTED","locale":"en-CA","source":"com.garmin.android.apps.connectmobile 4.26 5235 Dalvik/2.1.0 (Linux; U; Android 10; SM-G973W Build/QP1A.190711.020)","version":"2","createdDate":"2020-01-11T15:14:42.242Z","consentCreatedDate":"2020-01-11T15:14:42.242Z","actorId":null,"metadata":null},{"key":"8a7c64ff811c025b01812f13c0913d87","referenceId":"d4260fb0-221e-496b-8200-472e36281576","referenceType":"CUSTOMER","correlationId":null,"consentTypeId":"DI_CONNECT_STRAVA","state":"GRANTED","locale":"en-US","source":"Apache-HttpClient/4.5.13 (Java/1.8.0_322)","version":"48","createdDate":"2022-06-04T14:17:12.593Z","consentCreatedDate":"2022-06-04T14:17:12.593Z","actorId":null,"metadata":null},{"key":"8a7c64ff811c025b01812f1c97873f58","referenceId":"d4260fb0-221e-496b-8200-472e36281576","referenceType":"CUSTOMER","correlationId":null,"consentTypeId":"DI_CONNECT_STRAVA","state":"GRANTED","locale":"en-US","source":"Apache-HttpClient/4.5.13 (Java/1.8.0_322)","version":"48","createdDate":"2022-06-04T14:26:51.911Z","consentCreatedDate":"2022-06-04T14:17:12.593Z","actorId":null,"metadata":null},{"key":"ace9aacc-83c0-4dfd-9bec-f95e43e5dfac","referenceId":"d4260fb0-221e-496b-8200-472e36281576","referenceType":"CUSTOMER","correlationId":null,"consentTypeId":"DI_CONNECT_INSIGHTS","state":"GRANTED","locale":"en-CA","source":"com.garmin.android.apps.connectmobile 4.25.3 5197 Dalvik/2.1.0 (Linux; U; Android 10; SM-G973W Build/QP1A.190711.020)","version":"28","createdDate":"2020-01-08T19:18:06.058Z","consentCreatedDate":"2020-01-08T19:18:06.058Z","actorId":null,"metadata":null},{"key":"fbc4775a-f350-444c-8a9a-61ebc6efcca6","referenceId":"d4260fb0-221e-496b-8200-472e36281576","referenceType":"CUSTOMER","correlationId":null,"consentTypeId":"ITW_DS_EM_GLOBAL","state":"GRANTED","locale":"en-US","source":"GarminConnectMobileAndroid","version":"16","createdDate":"2020-01-04T05:42:38.624Z","consentCreatedDate":"2020-01-04T05:42:38.624Z","actorId":"sso","metadata":null}]