[{"userProfilePK":82576128,"calendarDate":{"date":"Feb 26, 2022 12:00:00 AM"},"persistedTimestampGMT":{"date":"Feb 26, 2022 3:23:42 PM"},"timestampLocal":{"date":"Feb 26, 2022 9:06:11 AM"},"hydrationSource":"GARMIN_ACTIVITY","valueInML":0.0,"activityId":8362684984,"capped":false,"estimatedSweatLossInML":463.0,"duration":4635.80712890625},{"userProfilePK":82576128,"calendarDate":{"date":"Feb 28, 2022 12:00:00 AM"},"persistedTimestampGMT":{"date":"Feb 28, 2022 1:57:43 PM"},"timestampLocal":{"date":"Feb 28, 2022 7:15:07 AM"},"hydrationSource":"GARMIN_ACTIVITY","valueInML":0.0,"activityId":8373881345,"capped":false,"estimatedSweatLossInML":609.0,"duration":6098.81494140625},{"userProfilePK":82576128,"calendarDate":{"date":"Mar 1, 2022 12:00:00 AM"},"persistedTimestampGMT":{"date":"Mar 1, 2022 1:52:21 PM"},"timestampLocal":{"date":"Mar 1, 2022 6:43:13 AM"},"hydrationSource":"GARMIN_ACTIVITY","valueInML":0.0,"activityId":8379581518,"capped":false,"estimatedSweatLossInML":772.0,"duration":7728.68115234375},{"userProfilePK":82576128,"calendarDate":{"date":"Mar 1, 2022 12:00:00 AM"},"persistedTimestampGMT":{"date":"Mar 2, 2022 1:07:13 AM"},"timestampLocal":{"date":"Mar 1, 2022 7:03:04 PM"},"hydrationSource":"GARMIN_ACTIVITY","valueInML":0.0,"activityId":8383053582,"capped":false,"estimatedSweatLossInML":326.0,"duration":3260.718017578125},{"userProfilePK":82576128,"calendarDate":{"date":"Mar 2, 2022 12:00:00 AM"},"persistedTimestampGMT":{"date":"Mar 3, 2022 1:15:20 AM"},"timestampLocal":{"date":"Mar 2, 2022 7:24:13 PM"},"hydrationSource":"GARMIN_ACTIVITY","valueInML":0.0,"activityId":8388968421,"capped":false,"estimatedSweatLossInML":305.0,"duration":3052.217041015625},{"userProfilePK":82576128,"calendarDate":{"date":"Mar 3, 2022 12:00:00 AM"},"persistedTimestampGMT":{"date":"Mar 4, 2022 12:04:25 AM"},"timestampLocal":{"date":"Mar 3, 2022 6:41:19 PM"},"hydrationSource":"GARMIN_ACTIVITY","valueInML":0.0,"activityId":8394520049,"capped":false,"estimatedSweatLossInML":137.0,"duration":1374.404052734375},{"userProfilePK":82576128,"calendarDate":{"date":"Mar 4, 2022 12:00:00 AM"},"persistedTimestampGMT":{"date":"Mar 4, 2022 1:42:01 PM"},"timestampLocal":{"date":"Mar 4, 2022 7:12:34 AM"},"hydrationSource":"GARMIN_ACTIVITY","valueInML":0.0,"activityId":8397013248,"capped":false,"estimatedSweatLossInML":534.0,"duration":5348.509765625},{"userProfilePK":82576128,"calendarDate":{"date":"Mar 5, 2022 12:00:00 AM"},"persistedTimestampGMT":{"date":"Mar 5, 2022 2:33:06 PM"},"timestampLocal":{"date":"Mar 5, 2022 8:48:26 AM"},"hydrationSource":"GARMIN_ACTIVITY","valueInML":0.0,"activityId":8403119478,"capped":false,"estimatedSweatLossInML":265.0,"duration":2657.678955078125},{"userProfilePK":82576128,"calendarDate":{"date":"Mar 6, 2022 12:00:00 AM"},"persistedTimestampGMT":{"date":"Mar 7, 2022 12:49:58 AM"},"timestampLocal":{"date":"Mar 6, 2022 7:02:50 PM"},"hydrationSource":"GARMIN_ACTIVITY","valueInML":0.0,"activityId":8412501589,"capped":false,"estimatedSweatLossInML":280.0,"duration":2804.9970703125},{"userProfilePK":82576128,"calendarDate":{"date":"Mar 7, 2022 12:00:00 AM"},"persistedTimestampGMT":{"date":"Mar 7, 2022 12:03:53 PM"},"timestampLocal":{"date":"Mar 7, 2022 6:58:25 AM"},"hydrationSource":"GARMIN_ACTIVITY","valueInML":0.0,"activityId":8414270957,"capped":false,"estimatedSweatLossInML":31.0,"duration":317.3349914550781},{"userProfilePK":82576128,"calendarDate":{"date":"Mar 7, 2022 12:00:00 AM"},"persistedTimestampGMT":{"date":"Mar 7, 2022 1:45:00 PM"},"timestampLocal":{"date":"Mar 7, 2022 7:03:52 AM"},"hydrationSource":"GARMIN_ACTIVITY","valueInML":0.0,"activityId":8414770120,"capped":false,"estimatedSweatLossInML":604.0,"duration":6048.9619140625},{"userProfilePK":82576128,"calendarDate":{"date":"Mar 7, 2022 12:00:00 AM"},"persistedTimestampGMT":{"date":"Mar 8, 2022 1:05:47 AM"},"timestampLocal":{"date":"Mar 7, 2022 7:21:14 PM"},"hydrationSource":"GARMIN_ACTIVITY","valueInML":0.0,"activityId":8417959653,"capped":false,"estimatedSweatLossInML":264.0,"duration":2647.154052734375},{"userProfilePK":82576128,"calendarDate":{"date":"Mar 8, 2022 12:00:00 AM"},"persistedTimestampGMT":{"date":"Mar 8, 2022 2:12:16 PM"},"timestampLocal":{"date":"Mar 8, 2022 7:02:46 AM"},"hydrationSource":"GARMIN_ACTIVITY","valueInML":0.0,"activityId":8420622969,"capped":false,"estimatedSweatLossInML":774.0,"duration":7751.21923828125},{"userProfilePK":82576128,"calendarDate":{"date":"Mar 9, 2022 12:00:00 AM"},"persistedTimestampGMT":{"date":"Mar 9, 2022 2:04:38 PM"},"timestampLocal":{"date":"Mar 9, 2022 6:58:40 AM"},"hydrationSource":"GARMIN_ACTIVITY","valueInML":0.0,"activityId":8426614790,"capped":false,"estimatedSweatLossInML":753.0,"duration":7539.65087890625},{"userProfilePK":82576128,"calendarDate":{"date":"Mar 10, 2022 12:00:00 AM"},"persistedTimestampGMT":{"date":"Mar 10, 2022 1:48:39 PM"},"timestampLocal":{"date":"Mar 10, 2022 7:07:19 AM"},"hydrationSource":"GARMIN_ACTIVITY","valueInML":0.0,"activityId":8432429469,"capped":false,"estimatedSweatLossInML":605.0,"duration":6058.05712890625},{"userProfilePK":82576128,"calendarDate":{"date":"Mar 10, 2022 12:00:00 AM"},"persistedTimestampGMT":{"date":"Mar 11, 2022 1:05:26 AM"},"timestampLocal":{"date":"Mar 10, 2022 7:02:02 PM"},"hydrationSource":"GARMIN_ACTIVITY","valueInML":0.0,"activityId":8435747035,"capped":false,"estimatedSweatLossInML":359.0,"duration":3591.9560546875},{"userProfilePK":82576128,"calendarDate":{"date":"Mar 11, 2022 12:00:00 AM"},"persistedTimestampGMT":{"date":"Mar 11, 2022 1:46:16 PM"},"timestampLocal":{"date":"Mar 11, 2022 7:35:22 AM"},"hydrationSource":"GARMIN_ACTIVITY","valueInML":0.0,"activityId":8438108091,"capped":false,"estimatedSweatLossInML":422.0,"duration":4223.98095703125},{"userProfilePK":82576128,"calendarDate":{"date":"Mar 12, 2022 12:00:00 AM"},"persistedTimestampGMT":{"date":"Mar 12, 2022 4:28:22 PM"},"timestampLocal":{"date":"Mar 12, 2022 10:15:42 AM"},"hydrationSource":"GARMIN_ACTIVITY","valueInML":0.0,"activityId":8444957454,"capped":false,"estimatedSweatLossInML":434.0,"duration":4343.47998046875},{"userProfilePK":82576128,"calendarDate":{"date":"Mar 13, 2022 12:00:00 AM"},"persistedTimestampGMT":{"date":"Mar 13, 2022 2:41:24 PM"},"timestampLocal":{"date":"Mar 13, 2022 9:33:14 AM"},"hydrationSource":"GARMIN_ACTIVITY","valueInML":0.0,"activityId":8450629392,"capped":false,"estimatedSweatLossInML":406.0,"duration":4063.1259765625},{"userProfilePK":82576128,"calendarDate":{"date":"Mar 14, 2022 12:00:00 AM"},"persistedTimestampGMT":{"date":"Mar 14, 2022 12:50:47 PM"},"timestampLocal":{"date":"Mar 14, 2022 7:00:26 AM"},"hydrationSource":"GARMIN_ACTIVITY","valueInML":0.0,"activityId":8455630984,"capped":false,"estimatedSweatLossInML":660.0,"duration":6604.26123046875},{"userProfilePK":82576128,"calendarDate":{"date":"Mar 15, 2022 12:00:00 AM"},"persistedTimestampGMT":{"date":"Mar 15, 2022 12:49:35 PM"},"timestampLocal":{"date":"Mar 15, 2022 7:25:04 AM"},"hydrationSource":"GARMIN_ACTIVITY","valueInML":0.0,"activityId":8461556563,"capped":false,"estimatedSweatLossInML":502.0,"duration":5027.1318359375},{"userProfilePK":82576128,"calendarDate":{"date":"Mar 15, 2022 12:00:00 AM"},"persistedTimestampGMT":{"date":"Mar 16, 2022 12:08:24 AM"},"timestampLocal":{"date":"Mar 15, 2022 7:03:04 PM"},"hydrationSource":"GARMIN_ACTIVITY","valueInML":0.0,"activityId":8465211230,"capped":false,"estimatedSweatLossInML":355.0,"duration":3552.797119140625},{"userProfilePK":82576128,"calendarDate":{"date":"Mar 16, 2022 12:00:00 AM"},"persistedTimestampGMT":{"date":"Mar 16, 2022 1:06:33 PM"},"timestampLocal":{"date":"Mar 16, 2022 7:42:43 AM"},"hydrationSource":"GARMIN_ACTIVITY","valueInML":0.0,"activityId":8467740343,"capped":false,"estimatedSweatLossInML":492.0,"duration":4921.1220703125},{"userProfilePK":82576128,"calendarDate":{"date":"Mar 17, 2022 12:00:00 AM"},"persistedTimestampGMT":{"date":"Mar 17, 2022 12:50:10 PM"},"timestampLocal":{"date":"Mar 17, 2022 7:06:06 AM"},"hydrationSource":"GARMIN_ACTIVITY","valueInML":0.0,"activityId":8473544545,"capped":false,"estimatedSweatLossInML":621.0,"duration":6221.2890625},{"userProfilePK":82576128,"calendarDate":{"date":"Mar 17, 2022 12:00:00 AM"},"persistedTimestampGMT":{"date":"Mar 18, 2022 12:25:49 AM"},"timestampLocal":{"date":"Mar 17, 2022 7:02:24 PM"},"hydrationSource":"GARMIN_ACTIVITY","valueInML":0.0,"activityId":8476926207,"capped":false,"estimatedSweatLossInML":345.0,"duration":3459.9150390625},{"userProfilePK":82576128,"calendarDate":{"date":"Mar 18, 2022 12:00:00 AM"},"persistedTimestampGMT":{"date":"Mar 18, 2022 12:50:22 PM"},"timestampLocal":{"date":"Mar 18, 2022 7:50:27 AM"},"hydrationSource":"GARMIN_ACTIVITY","valueInML":0.0,"activityId":8479065252,"capped":false,"estimatedSweatLossInML":355.0,"duration":3559.193115234375},{"userProfilePK":82576128,"calendarDate":{"date":"Mar 19, 2022 12:00:00 AM"},"persistedTimestampGMT":{"date":"Mar 19, 2022 3:52:58 PM"},"timestampLocal":{"date":"Mar 19, 2022 10:26:02 AM"},"hydrationSource":"GARMIN_ACTIVITY","valueInML":0.0,"activityId":8486146082,"capped":false,"estimatedSweatLossInML":519.0,"duration":5195.3779296875},{"userProfilePK":82576128,"calendarDate":{"date":"Mar 20, 2022 12:00:00 AM"},"persistedTimestampGMT":{"date":"Mar 20, 2022 10:49:21 PM"},"timestampLocal":{"date":"Mar 20, 2022 6:24:08 PM"},"hydrationSource":"GARMIN_ACTIVITY","valueInML":0.0,"activityId":8494765213,"capped":false,"estimatedSweatLossInML":150.0,"duration":1502.3759765625},{"userProfilePK":82576128,"calendarDate":{"date":"Mar 21, 2022 12:00:00 AM"},"persistedTimestampGMT":{"date":"Mar 21, 2022 12:41:37 PM"},"timestampLocal":{"date":"Mar 21, 2022 6:50:17 AM"},"hydrationSource":"GARMIN_ACTIVITY","valueInML":0.0,"activityId":8497186576,"capped":false,"estimatedSweatLossInML":665.0,"duration":6659.14892578125},{"userProfilePK":82576128,"calendarDate":{"date":"Mar 21, 2022 12:00:00 AM"},"persistedTimestampGMT":{"date":"Mar 22, 2022 12:14:49 AM"},"timestampLocal":{"date":"Mar 21, 2022 7:03:15 PM"},"hydrationSource":"GARMIN_ACTIVITY","valueInML":0.0,"activityId":8500792203,"capped":false,"estimatedSweatLossInML":425.0,"duration":4258.32080078125},{"userProfilePK":82576128,"calendarDate":{"date":"Mar 22, 2022 12:00:00 AM"},"persistedTimestampGMT":{"date":"Mar 22, 2022 12:16:58 PM"},"timestampLocal":{"date":"Mar 22, 2022 7:56:54 AM"},"hydrationSource":"GARMIN_ACTIVITY","valueInML":0.0,"activityId":8503029804,"capped":false,"estimatedSweatLossInML":119.0,"duration":1193.823974609375},{"userProfilePK":82576128,"calendarDate":{"date":"Mar 23, 2022 12:00:00 AM"},"persistedTimestampGMT":{"date":"Mar 23, 2022 1:15:23 PM"},"timestampLocal":{"date":"Mar 23, 2022 7:07:51 AM"},"hydrationSource":"GARMIN_ACTIVITY","valueInML":0.0,"activityId":8509662976,"capped":false,"estimatedSweatLossInML":762.0,"duration":7630.0771484375},{"userProfilePK":82576128,"calendarDate":{"date":"Mar 24, 2022 12:00:00 AM"},"persistedTimestampGMT":{"date":"Mar 24, 2022 12:41:23 PM"},"timestampLocal":{"date":"Mar 24, 2022 7:14:26 AM"},"hydrationSource":"GARMIN_ACTIVITY","valueInML":0.0,"activityId":8515541476,"capped":false,"estimatedSweatLossInML":519.0,"duration":5196.1279296875},{"userProfilePK":82576128,"calendarDate":{"date":"Mar 24, 2022 12:00:00 AM"},"persistedTimestampGMT":{"date":"Mar 25, 2022 12:02:49 AM"},"timestampLocal":{"date":"Mar 24, 2022 7:01:51 PM"},"hydrationSource":"GARMIN_ACTIVITY","valueInML":0.0,"activityId":8519086514,"capped":false,"estimatedSweatLossInML":351.0,"duration":3511.111083984375},{"userProfilePK":82576128,"calendarDate":{"date":"Mar 25, 2022 12:00:00 AM"},"persistedTimestampGMT":{"date":"Mar 25, 2022 12:35:21 PM"},"timestampLocal":{"date":"Mar 25, 2022 7:22:58 AM"},"hydrationSource":"GARMIN_ACTIVITY","valueInML":0.0,"activityId":8521335089,"capped":false,"estimatedSweatLossInML":431.0,"duration":4312.98095703125},{"userProfilePK":82576128,"calendarDate":{"date":"Mar 25, 2022 12:00:00 AM"},"persistedTimestampGMT":{"date":"Mar 26, 2022 2:46:31 PM"},"timestampLocal":{"date":"Mar 25, 2022 10:38:00 PM"},"hydrationSource":"GARMIN_ACTIVITY","valueInML":0.0,"activityId":8528003590,"capped":false,"estimatedSweatLossInML":63.0,"duration":637.343017578125},{"userProfilePK":82576128,"calendarDate":{"date":"Mar 25, 2022 12:00:00 AM"},"persistedTimestampGMT":{"date":"Mar 26, 2022 2:46:33 PM"},"timestampLocal":{"date":"Mar 25, 2022 11:04:31 PM"},"hydrationSource":"GARMIN_ACTIVITY","valueInML":0.0,"activityId":8528003758,"capped":false,"estimatedSweatLossInML":13.0,"duration":131.8070068359375},{"userProfilePK":82576128,"calendarDate":{"date":"Mar 25, 2022 12:00:00 AM"},"persistedTimestampGMT":{"date":"Mar 26, 2022 2:46:36 PM"},"timestampLocal":{"date":"Mar 25, 2022 11:07:02 PM"},"hydrationSource":"GARMIN_ACTIVITY","valueInML":0.0,"activityId":8528004187,"capped":false,"estimatedSweatLossInML":176.0,"duration":1760.821044921875},{"userProfilePK":82576128,"calendarDate":{"date":"Mar 26, 2022 12:00:00 AM"},"persistedTimestampGMT":{"date":"Mar 26, 2022 5:42:15 PM"},"timestampLocal":{"date":"Mar 26, 2022 12:21:36 PM"},"hydrationSource":"GARMIN_ACTIVITY","valueInML":0.0,"activityId":8529307499,"capped":false,"estimatedSweatLossInML":479.0,"duration":4795.64306640625},{"userProfilePK":82576128,"calendarDate":{"date":"Mar 27, 2022 12:00:00 AM"},"persistedTimestampGMT":{"date":"Mar 27, 2022 2:36:13 PM"},"timestampLocal":{"date":"Mar 27, 2022 9:35:02 AM"},"hydrationSource":"GARMIN_ACTIVITY","valueInML":0.0,"activityId":8534878600,"capped":false,"estimatedSweatLossInML":306.0,"duration":3062.971923828125},{"userProfilePK":82576128,"calendarDate":{"date":"Mar 28, 2022 12:00:00 AM"},"persistedTimestampGMT":{"date":"Mar 28, 2022 12:20:14 PM"},"timestampLocal":{"date":"Mar 28, 2022 6:56:43 AM"},"hydrationSource":"GARMIN_ACTIVITY","valueInML":0.0,"activityId":8539872633,"capped":false,"estimatedSweatLossInML":499.0,"duration":4991.6728515625},{"userProfilePK":82576128,"calendarDate":{"date":"Mar 28, 2022 12:00:00 AM"},"persistedTimestampGMT":{"date":"Mar 29, 2022 12:01:30 AM"},"timestampLocal":{"date":"Mar 28, 2022 7:27:18 PM"},"hydrationSource":"GARMIN_ACTIVITY","valueInML":0.0,"activityId":8543447185,"capped":false,"estimatedSweatLossInML":201.0,"duration":2018.60205078125},{"userProfilePK":82576128,"calendarDate":{"date":"Mar 29, 2022 12:00:00 AM"},"persistedTimestampGMT":{"date":"Mar 29, 2022 12:49:38 PM"},"timestampLocal":{"date":"Mar 29, 2022 7:05:23 AM"},"hydrationSource":"GARMIN_ACTIVITY","valueInML":0.0,"activityId":8546017070,"capped":false,"estimatedSweatLossInML":621.0,"duration":6211.76513671875},{"userProfilePK":82576128,"calendarDate":{"date":"Mar 29, 2022 12:00:00 AM"},"persistedTimestampGMT":{"date":"Mar 30, 2022 12:14:21 AM"},"timestampLocal":{"date":"Mar 29, 2022 7:02:28 PM"},"hydrationSource":"GARMIN_ACTIVITY","valueInML":0.0,"activityId":8549603949,"capped":false,"estimatedSweatLossInML":427.0,"duration":4278.86083984375},{"userProfilePK":82576128,"calendarDate":{"date":"Mar 31, 2022 12:00:00 AM"},"persistedTimestampGMT":{"date":"Mar 31, 2022 1:01:43 PM"},"timestampLocal":{"date":"Mar 31, 2022 8:01:08 AM"},"hydrationSource":"GARMIN_ACTIVITY","valueInML":0.0,"activityId":8557522353,"capped":false,"estimatedSweatLossInML":361.0,"duration":3617.133056640625},{"userProfilePK":82576128,"calendarDate":{"date":"Apr 1, 2022 12:00:00 AM"},"persistedTimestampGMT":{"date":"Apr 1, 2022 12:57:44 PM"},"timestampLocal":{"date":"Apr 1, 2022 7:31:16 AM"},"hydrationSource":"GARMIN_ACTIVITY","valueInML":0.0,"activityId":8562592854,"capped":false,"estimatedSweatLossInML":514.0,"duration":5147.44921875},{"userProfilePK":82576128,"calendarDate":{"date":"Apr 3, 2022 12:00:00 AM"},"persistedTimestampGMT":{"date":"Apr 3, 2022 2:34:39 PM"},"timestampLocal":{"date":"Apr 3, 2022 9:32:59 AM"},"hydrationSource":"GARMIN_ACTIVITY","valueInML":0.0,"activityId":8574630117,"capped":false,"estimatedSweatLossInML":357.0,"duration":3574.35107421875},{"userProfilePK":82576128,"calendarDate":{"date":"Apr 4, 2022 12:00:00 AM"},"persistedTimestampGMT":{"date":"Apr 4, 2022 12:44:24 PM"},"timestampLocal":{"date":"Apr 4, 2022 7:11:55 AM"},"hydrationSource":"GARMIN_ACTIVITY","valueInML":0.0,"activityId":8579207112,"capped":false,"estimatedSweatLossInML":548.0,"duration":5485.77490234375},{"userProfilePK":82576128,"calendarDate":{"date":"Apr 5, 2022 12:00:00 AM"},"persistedTimestampGMT":{"date":"Apr 5, 2022 12:31:12 PM"},"timestampLocal":{"date":"Apr 5, 2022 6:55:54 AM"},"hydrationSource":"GARMIN_ACTIVITY","valueInML":0.0,"activityId":8584741093,"capped":false,"estimatedSweatLossInML":567.0,"duration":5670.35009765625},{"userProfilePK":82576128,"calendarDate":{"date":"Apr 5, 2022 12:00:00 AM"},"persistedTimestampGMT":{"date":"Apr 6, 2022 12:10:16 AM"},"timestampLocal":{"date":"Apr 5, 2022 7:03:11 PM"},"hydrationSource":"GARMIN_ACTIVITY","valueInML":0.0,"activityId":8588257460,"capped":false,"estimatedSweatLossInML":400.0,"duration":4008.1630859375},{"userProfilePK":82576128,"calendarDate":{"date":"Apr 6, 2022 12:00:00 AM"},"persistedTimestampGMT":{"date":"Apr 6, 2022 12:28:52 PM"},"timestampLocal":{"date":"Apr 6, 2022 7:36:04 AM"},"hydrationSource":"GARMIN_ACTIVITY","valueInML":0.0,"activityId":8590631464,"capped":false,"estimatedSweatLossInML":259.0,"duration":2591.1630859375},{"userProfilePK":82576128,"calendarDate":{"date":"Apr 7, 2022 12:00:00 AM"},"persistedTimestampGMT":{"date":"Apr 7, 2022 12:38:23 PM"},"timestampLocal":{"date":"Apr 7, 2022 6:45:01 AM"},"hydrationSource":"GARMIN_ACTIVITY","valueInML":0.0,"activityId":8596305164,"capped":false,"estimatedSweatLossInML":677.0,"duration":6776.23876953125},{"userProfilePK":82576128,"calendarDate":{"date":"Apr 7, 2022 12:00:00 AM"},"persistedTimestampGMT":{"date":"Apr 8, 2022 12:12:02 AM"},"timestampLocal":{"date":"Apr 7, 2022 7:04:46 PM"},"hydrationSource":"GARMIN_ACTIVITY","valueInML":0.0,"activityId":8599390149,"capped":false,"estimatedSweatLossInML":371.0,"duration":3713.993896484375},{"userProfilePK":82576128,"calendarDate":{"date":"Apr 8, 2022 12:00:00 AM"},"persistedTimestampGMT":{"date":"Apr 8, 2022 12:25:07 PM"},"timestampLocal":{"date":"Apr 8, 2022 7:08:08 AM"},"hydrationSource":"GARMIN_ACTIVITY","valueInML":0.0,"activityId":8601529912,"capped":false,"estimatedSweatLossInML":458.0,"duration":4579.52001953125},{"userProfilePK":82576128,"calendarDate":{"date":"Apr 10, 2022 12:00:00 AM"},"persistedTimestampGMT":{"date":"Apr 10, 2022 4:10:42 PM"},"timestampLocal":{"date":"Apr 10, 2022 10:40:07 AM"},"hydrationSource":"GARMIN_ACTIVITY","valueInML":0.0,"activityId":8614735161,"capped":false,"estimatedSweatLossInML":541.0,"duration":5415.533203125},{"userProfilePK":82576128,"calendarDate":{"date":"Apr 14, 2022 12:00:00 AM"},"persistedTimestampGMT":{"date":"Apr 14, 2022 12:04:56 PM"},"timestampLocal":{"date":"Apr 14, 2022 7:26:47 AM"},"hydrationSource":"GARMIN_ACTIVITY","valueInML":0.0,"activityId":8636808685,"capped":false,"estimatedSweatLossInML":226.0,"duration":2261.214111328125},{"userProfilePK":82576128,"calendarDate":{"date":"Apr 16, 2022 12:00:00 AM"},"persistedTimestampGMT":{"date":"Apr 16, 2022 4:07:18 PM"},"timestampLocal":{"date":"Apr 16, 2022 11:00:24 AM"},"hydrationSource":"GARMIN_ACTIVITY","valueInML":0.0,"activityId":8650463795,"capped":false,"estimatedSweatLossInML":399.0,"duration":3995.092041015625},{"userProfilePK":82576128,"calendarDate":{"date":"Apr 17, 2022 12:00:00 AM"},"persistedTimestampGMT":{"date":"Apr 17, 2022 6:20:21 PM"},"timestampLocal":{"date":"Apr 17, 2022 1:26:00 PM"},"hydrationSource":"GARMIN_ACTIVITY","valueInML":0.0,"activityId":8657270417,"capped":false,"estimatedSweatLossInML":324.0,"duration":3245.2470703125},{"userProfilePK":82576128,"calendarDate":{"date":"Apr 18, 2022 12:00:00 AM"},"persistedTimestampGMT":{"date":"Apr 18, 2022 12:47:06 PM"},"timestampLocal":{"date":"Apr 18, 2022 7:49:58 AM"},"hydrationSource":"GARMIN_ACTIVITY","valueInML":0.0,"activityId":8661186539,"capped":false,"estimatedSweatLossInML":338.0,"duration":3389.362060546875},{"userProfilePK":82576128,"calendarDate":{"date":"Apr 19, 2022 12:00:00 AM"},"persistedTimestampGMT":{"date":"Apr 19, 2022 11:35:21 AM"},"timestampLocal":{"date":"Apr 19, 2022 6:25:48 AM"},"hydrationSource":"GARMIN_ACTIVITY","valueInML":0.0,"activityId":8666757427,"capped":false,"estimatedSweatLossInML":414.0,"duration":4141.0419921875},{"userProfilePK":82576128,"calendarDate":{"date":"Apr 19, 2022 12:00:00 AM"},"persistedTimestampGMT":{"date":"Apr 20, 2022 12:05:44 AM"},"timestampLocal":{"date":"Apr 19, 2022 7:04:39 PM"},"hydrationSource":"GARMIN_ACTIVITY","valueInML":0.0,"activityId":8670710236,"capped":false,"estimatedSweatLossInML":363.0,"duration":3631.302978515625},{"userProfilePK":82576128,"calendarDate":{"date":"Apr 20, 2022 12:00:00 AM"},"persistedTimestampGMT":{"date":"Apr 20, 2022 1:07:34 PM"},"timestampLocal":{"date":"Apr 20, 2022 7:47:05 AM"},"hydrationSource":"GARMIN_ACTIVITY","valueInML":0.0,"activityId":8673432907,"capped":false,"estimatedSweatLossInML":480.0,"duration":4809.4931640625},{"userProfilePK":82576128,"calendarDate":{"date":"Apr 20, 2022 12:00:00 AM"},"persistedTimestampGMT":{"date":"Apr 21, 2022 10:36:39 AM"},"timestampLocal":{"date":"Apr 20, 2022 6:48:45 PM"},"hydrationSource":"GARMIN_ACTIVITY","valueInML":0.0,"activityId":8678691279,"capped":false,"estimatedSweatLossInML":200.0,"duration":1995.0780029296875},{"userProfilePK":82576128,"calendarDate":{"date":"Apr 21, 2022 12:00:00 AM"},"persistedTimestampGMT":{"date":"Apr 21, 2022 12:29:25 PM"},"timestampLocal":{"date":"Apr 21, 2022 7:18:13 AM"},"hydrationSource":"GARMIN_ACTIVITY","valueInML":0.0,"activityId":8679299943,"capped":false,"estimatedSweatLossInML":425.0,"duration":4254.39404296875},{"userProfilePK":82576128,"calendarDate":{"date":"Apr 21, 2022 12:00:00 AM"},"persistedTimestampGMT":{"date":"Apr 21, 2022 12:46:25 PM"},"timestampLocal":{"date":"Apr 21, 2022 8:32:31 AM"},"hydrationSource":"GARMIN_ACTIVITY","valueInML":0.0,"activityId":8679389832,"capped":false,"estimatedSweatLossInML":82.0,"duration":822.0570068359375},{"userProfilePK":82576128,"calendarDate":{"date":"Apr 21, 2022 12:00:00 AM"},"persistedTimestampGMT":{"date":"Apr 22, 2022 12:10:08 AM"},"timestampLocal":{"date":"Apr 21, 2022 7:02:04 PM"},"hydrationSource":"GARMIN_ACTIVITY","valueInML":0.0,"activityId":8682876865,"capped":false,"estimatedSweatLossInML":346.0,"duration":3468.363037109375},{"userProfilePK":82576128,"calendarDate":{"date":"Apr 22, 2022 12:00:00 AM"},"persistedTimestampGMT":{"date":"Apr 22, 2022 12:56:19 PM"},"timestampLocal":{"date":"Apr 22, 2022 8:42:53 AM"},"hydrationSource":"GARMIN_ACTIVITY","valueInML":0.0,"activityId":8685321095,"capped":false,"estimatedSweatLossInML":48.0,"duration":486.27099609375},{"userProfilePK":82576128,"calendarDate":{"date":"Apr 23, 2022 12:00:00 AM"},"persistedTimestampGMT":{"date":"Apr 23, 2022 3:58:12 PM"},"timestampLocal":{"date":"Apr 23, 2022 10:17:01 AM"},"hydrationSource":"GARMIN_ACTIVITY","valueInML":0.0,"activityId":8692469655,"capped":false,"estimatedSweatLossInML":605.0,"duration":6055.2138671875},{"userProfilePK":82576128,"calendarDate":{"date":"Apr 25, 2022 12:00:00 AM"},"persistedTimestampGMT":{"date":"Apr 25, 2022 12:47:31 PM"},"timestampLocal":{"date":"Apr 25, 2022 7:13:47 AM"},"hydrationSource":"GARMIN_ACTIVITY","valueInML":0.0,"activityId":8703295546,"capped":false,"estimatedSweatLossInML":558.0,"duration":5584.48486328125},{"userProfilePK":82576128,"calendarDate":{"date":"Apr 25, 2022 12:00:00 AM"},"persistedTimestampGMT":{"date":"Apr 26, 2022 12:05:33 AM"},"timestampLocal":{"date":"Apr 25, 2022 7:01:42 PM"},"hydrationSource":"GARMIN_ACTIVITY","valueInML":0.0,"activityId":8706660195,"capped":false,"estimatedSweatLossInML":342.0,"duration":3427.7890625},{"userProfilePK":82576128,"calendarDate":{"date":"Apr 26, 2022 12:00:00 AM"},"persistedTimestampGMT":{"date":"Apr 26, 2022 12:42:57 PM"},"timestampLocal":{"date":"Apr 26, 2022 7:09:42 AM"},"hydrationSource":"GARMIN_ACTIVITY","valueInML":0.0,"activityId":8709196552,"capped":false,"estimatedSweatLossInML":554.0,"duration":5549.0498046875},{"userProfilePK":82576128,"calendarDate":{"date":"Apr 27, 2022 12:00:00 AM"},"persistedTimestampGMT":{"date":"Apr 27, 2022 11:49:19 AM"},"timestampLocal":{"date":"Apr 27, 2022 6:32:43 AM"},"hydrationSource":"GARMIN_ACTIVITY","valueInML":0.0,"activityId":8715147555,"capped":false,"estimatedSweatLossInML":458.0,"duration":4582.76416015625},{"userProfilePK":82576128,"calendarDate":{"date":"Apr 28, 2022 12:00:00 AM"},"persistedTimestampGMT":{"date":"Apr 28, 2022 12:41:38 PM"},"timestampLocal":{"date":"Apr 28, 2022 7:39:32 AM"},"hydrationSource":"GARMIN_ACTIVITY","valueInML":0.0,"activityId":8721476409,"capped":false,"estimatedSweatLossInML":370.0,"duration":3708.49609375},{"userProfilePK":82576128,"calendarDate":{"date":"Apr 28, 2022 12:00:00 AM"},"persistedTimestampGMT":{"date":"Apr 29, 2022 12:17:49 AM"},"timestampLocal":{"date":"Apr 28, 2022 7:03:52 PM"},"hydrationSource":"GARMIN_ACTIVITY","valueInML":0.0,"activityId":8724999520,"capped":false,"estimatedSweatLossInML":350.0,"duration":3500.971923828125},{"userProfilePK":82576128,"calendarDate":{"date":"Apr 29, 2022 12:00:00 AM"},"persistedTimestampGMT":{"date":"Apr 29, 2022 12:12:21 PM"},"timestampLocal":{"date":"Apr 29, 2022 7:39:36 AM"},"hydrationSource":"GARMIN_ACTIVITY","valueInML":0.0,"activityId":8727240302,"capped":false,"estimatedSweatLossInML":195.0,"duration":1954.125},{"userProfilePK":82576128,"calendarDate":{"date":"Apr 30, 2022 12:00:00 AM"},"persistedTimestampGMT":{"date":"Apr 30, 2022 4:42:49 PM"},"timestampLocal":{"date":"Apr 30, 2022 10:55:05 AM"},"hydrationSource":"GARMIN_ACTIVITY","valueInML":0.0,"activityId":8735036408,"capped":false,"estimatedSweatLossInML":643.0,"duration":6432.8798828125},{"userProfilePK":82576128,"calendarDate":{"date":"May 2, 2022 12:00:00 AM"},"persistedTimestampGMT":{"date":"May 2, 2022 12:14:07 PM"},"timestampLocal":{"date":"May 2, 2022 7:20:36 AM"},"hydrationSource":"GARMIN_ACTIVITY","valueInML":0.0,"activityId":8745742957,"capped":false,"estimatedSweatLossInML":319.0,"duration":3193.669921875},{"userProfilePK":82576128,"calendarDate":{"date":"May 3, 2022 12:00:00 AM"},"persistedTimestampGMT":{"date":"May 3, 2022 12:43:26 PM"},"timestampLocal":{"date":"May 3, 2022 8:27:46 AM"},"hydrationSource":"GARMIN_ACTIVITY","valueInML":0.0,"activityId":8752172403,"capped":false,"estimatedSweatLossInML":92.0,"duration":930.93701171875},{"userProfilePK":82576128,"calendarDate":{"date":"May 4, 2022 12:00:00 AM"},"persistedTimestampGMT":{"date":"May 4, 2022 12:42:26 PM"},"timestampLocal":{"date":"May 4, 2022 7:09:47 AM"},"hydrationSource":"GARMIN_ACTIVITY","valueInML":0.0,"activityId":8758675568,"capped":false,"estimatedSweatLossInML":554.0,"duration":5544.505859375},{"userProfilePK":82576128,"calendarDate":{"date":"May 4, 2022 12:00:00 AM"},"persistedTimestampGMT":{"date":"May 5, 2022 12:07:32 AM"},"timestampLocal":{"date":"May 4, 2022 7:06:11 PM"},"hydrationSource":"GARMIN_ACTIVITY","valueInML":0.0,"activityId":8762268142,"capped":false,"estimatedSweatLossInML":331.0,"duration":3315.219970703125},{"userProfilePK":82576128,"calendarDate":{"date":"May 6, 2022 12:00:00 AM"},"persistedTimestampGMT":{"date":"May 6, 2022 1:22:33 PM"},"timestampLocal":{"date":"May 6, 2022 8:22:40 AM"},"hydrationSource":"GARMIN_ACTIVITY","valueInML":0.0,"activityId":8771128715,"capped":false,"estimatedSweatLossInML":290.0,"duration":2907.552001953125},{"userProfilePK":82576128,"calendarDate":{"date":"May 7, 2022 12:00:00 AM"},"persistedTimestampGMT":{"date":"May 7, 2022 2:48:12 PM"},"timestampLocal":{"date":"May 7, 2022 9:32:57 AM"},"hydrationSource":"GARMIN_ACTIVITY","valueInML":0.0,"activityId":8777728350,"capped":false,"estimatedSweatLossInML":372.0,"duration":3721.799072265625},{"userProfilePK":82576128,"calendarDate":{"date":"May 8, 2022 12:00:00 AM"},"persistedTimestampGMT":{"date":"May 9, 2022 12:06:25 AM"},"timestampLocal":{"date":"May 8, 2022 7:46:41 PM"},"hydrationSource":"GARMIN_ACTIVITY","valueInML":0.0,"activityId":8786864846,"capped":false,"estimatedSweatLossInML":117.0,"duration":1174.4940185546875},{"userProfilePK":82576128,"calendarDate":{"date":"May 9, 2022 12:00:00 AM"},"persistedTimestampGMT":{"date":"May 9, 2022 12:34:51 PM"},"timestampLocal":{"date":"May 9, 2022 6:56:22 AM"},"hydrationSource":"GARMIN_ACTIVITY","valueInML":0.0,"activityId":8789226314,"capped":false,"estimatedSweatLossInML":586.0,"duration":5863.77783203125},{"userProfilePK":82576128,"calendarDate":{"date":"May 9, 2022 12:00:00 AM"},"persistedTimestampGMT":{"date":"May 10, 2022 12:37:10 AM"},"timestampLocal":{"date":"May 9, 2022 6:49:02 PM"},"hydrationSource":"GARMIN_ACTIVITY","valueInML":0.0,"activityId":8793064668,"capped":false,"estimatedSweatLossInML":94.0,"duration":946.0789794921875},{"userProfilePK":82576128,"calendarDate":{"date":"May 10, 2022 12:00:00 AM"},"persistedTimestampGMT":{"date":"May 10, 2022 12:36:39 PM"},"timestampLocal":{"date":"May 10, 2022 7:19:21 AM"},"hydrationSource":"GARMIN_ACTIVITY","valueInML":0.0,"activityId":8795726251,"capped":false,"estimatedSweatLossInML":459.0,"duration":4597.2021484375},{"userProfilePK":82576128,"calendarDate":{"date":"May 10, 2022 12:00:00 AM"},"persistedTimestampGMT":{"date":"May 11, 2022 12:03:33 AM"},"timestampLocal":{"date":"May 10, 2022 7:02:29 PM"},"hydrationSource":"GARMIN_ACTIVITY","valueInML":0.0,"activityId":8799693958,"capped":false,"estimatedSweatLossInML":360.0,"duration":3602.701904296875},{"userProfilePK":82576128,"calendarDate":{"date":"May 11, 2022 12:00:00 AM"},"persistedTimestampGMT":{"date":"May 11, 2022 12:20:59 PM"},"timestampLocal":{"date":"May 11, 2022 7:57:40 AM"},"hydrationSource":"GARMIN_ACTIVITY","valueInML":0.0,"activityId":8802314855,"capped":false,"estimatedSweatLossInML":138.0,"duration":1389.572998046875},{"userProfilePK":82576128,"calendarDate":{"date":"May 12, 2022 12:00:00 AM"},"persistedTimestampGMT":{"date":"May 12, 2022 12:54:40 PM"},"timestampLocal":{"date":"May 12, 2022 7:43:20 AM"},"hydrationSource":"GARMIN_ACTIVITY","valueInML":0.0,"activityId":8808872245,"capped":false,"estimatedSweatLossInML":426.0,"duration":4261.40380859375},{"userProfilePK":82576128,"calendarDate":{"date":"May 13, 2022 12:00:00 AM"},"persistedTimestampGMT":{"date":"May 13, 2022 12:59:25 PM"},"timestampLocal":{"date":"May 13, 2022 7:13:43 AM"},"hydrationSource":"GARMIN_ACTIVITY","valueInML":0.0,"activityId":8814906132,"capped":false,"estimatedSweatLossInML":632.0,"duration":6323.98779296875},{"userProfilePK":82576128,"calendarDate":{"date":"May 14, 2022 12:00:00 AM"},"persistedTimestampGMT":{"date":"May 14, 2022 5:01:26 PM"},"timestampLocal":{"date":"May 14, 2022 9:31:43 AM"},"hydrationSource":"GARMIN_ACTIVITY","valueInML":0.0,"activityId":8822769522,"capped":false,"estimatedSweatLossInML":360.0,"duration":3607.368896484375},{"userProfilePK":82576128,"calendarDate":{"date":"May 15, 2022 12:00:00 AM"},"persistedTimestampGMT":{"date":"May 15, 2022 4:25:57 PM"},"timestampLocal":{"date":"May 15, 2022 11:14:34 AM"},"hydrationSource":"GARMIN_ACTIVITY","valueInML":0.0,"activityId":8829436221,"capped":false,"estimatedSweatLossInML":426.0,"duration":4264.15380859375},{"userProfilePK":82576128,"calendarDate":{"date":"May 16, 2022 12:00:00 AM"},"persistedTimestampGMT":{"date":"May 16, 2022 12:35:41 PM"},"timestampLocal":{"date":"May 16, 2022 7:03:52 AM"},"hydrationSource":"GARMIN_ACTIVITY","valueInML":0.0,"activityId":8833765799,"capped":false,"estimatedSweatLossInML":549.0,"duration":5493.2861328125},{"userProfilePK":82576128,"calendarDate":{"date":"May 16, 2022 12:00:00 AM"},"persistedTimestampGMT":{"date":"May 17, 2022 12:01:54 AM"},"timestampLocal":{"date":"May 16, 2022 7:05:53 PM"},"hydrationSource":"GARMIN_ACTIVITY","valueInML":0.0,"activityId":8837267773,"capped":false,"estimatedSweatLossInML":334.0,"duration":3346.530029296875},{"userProfilePK":82576128,"calendarDate":{"date":"May 18, 2022 12:00:00 AM"},"persistedTimestampGMT":{"date":"May 18, 2022 12:56:19 PM"},"timestampLocal":{"date":"May 18, 2022 7:15:29 AM"},"hydrationSource":"GARMIN_ACTIVITY","valueInML":0.0,"activityId":8846789676,"capped":false,"estimatedSweatLossInML":599.0,"duration":5996.9501953125},{"userProfilePK":82576128,"calendarDate":{"date":"May 19, 2022 12:00:00 AM"},"persistedTimestampGMT":{"date":"May 19, 2022 12:56:35 PM"},"timestampLocal":{"date":"May 19, 2022 8:19:28 AM"},"hydrationSource":"GARMIN_ACTIVITY","valueInML":0.0,"activityId":8853176808,"capped":false,"estimatedSweatLossInML":219.0,"duration":2197.5830078125},{"userProfilePK":82576128,"calendarDate":{"date":"May 19, 2022 12:00:00 AM"},"persistedTimestampGMT":{"date":"May 20, 2022 12:06:09 AM"},"timestampLocal":{"date":"May 19, 2022 7:03:14 PM"},"hydrationSource":"GARMIN_ACTIVITY","valueInML":0.0,"activityId":8856611414,"capped":false,"estimatedSweatLossInML":350.0,"duration":3503.966064453125},{"userProfilePK":82576128,"calendarDate":{"date":"May 20, 2022 12:00:00 AM"},"persistedTimestampGMT":{"date":"May 20, 2022 1:07:46 PM"},"timestampLocal":{"date":"May 20, 2022 8:01:08 AM"},"hydrationSource":"GARMIN_ACTIVITY","valueInML":0.0,"activityId":8859259839,"capped":false,"estimatedSweatLossInML":396.0,"duration":3961.988037109375},{"userProfilePK":82576128,"calendarDate":{"date":"May 23, 2022 12:00:00 AM"},"persistedTimestampGMT":{"date":"May 23, 2022 4:38:55 PM"},"timestampLocal":{"date":"May 23, 2022 10:48:56 AM"},"hydrationSource":"GARMIN_ACTIVITY","valueInML":0.0,"activityId":8878944083,"capped":false,"estimatedSweatLossInML":653.0,"duration":6539.47314453125},{"userProfilePK":82576128,"calendarDate":{"date":"May 24, 2022 12:00:00 AM"},"persistedTimestampGMT":{"date":"May 24, 2022 11:53:48 AM"},"timestampLocal":{"date":"May 24, 2022 5:45:50 AM"},"hydrationSource":"GARMIN_ACTIVITY","valueInML":0.0,"activityId":8883500441,"capped":false,"estimatedSweatLossInML":668.0,"duration":6690.42578125},{"userProfilePK":82576128,"calendarDate":{"date":"May 25, 2022 12:00:00 AM"},"persistedTimestampGMT":{"date":"May 25, 2022 12:42:04 PM"},"timestampLocal":{"date":"May 25, 2022 7:10:28 AM"},"hydrationSource":"GARMIN_ACTIVITY","valueInML":0.0,"activityId":8889946489,"capped":false,"estimatedSweatLossInML":545.0,"duration":5455.10400390625},{"userProfilePK":82576128,"calendarDate":{"date":"May 26, 2022 12:00:00 AM"},"persistedTimestampGMT":{"date":"May 26, 2022 1:00:53 PM"},"timestampLocal":{"date":"May 26, 2022 7:05:24 AM"},"hydrationSource":"GARMIN_ACTIVITY","valueInML":0.0,"activityId":8896332721,"capped":false,"estimatedSweatLossInML":680.0,"duration":6806.884765625},{"userProfilePK":82576128,"calendarDate":{"date":"May 26, 2022 12:00:00 AM"},"persistedTimestampGMT":{"date":"May 27, 2022 12:04:28 AM"},"timestampLocal":{"date":"May 26, 2022 7:00:38 PM"},"hydrationSource":"GARMIN_ACTIVITY","valueInML":0.0,"activityId":8899731934,"capped":false,"estimatedSweatLossInML":371.0,"duration":3719.052978515625},{"userProfilePK":82576128,"calendarDate":{"date":"May 29, 2022 12:00:00 AM"},"persistedTimestampGMT":{"date":"May 29, 2022 7:32:53 PM"},"timestampLocal":{"date":"May 29, 2022 11:00:25 AM"},"hydrationSource":"GARMIN_ACTIVITY","valueInML":0.0,"activityId":8917024003,"capped":false,"estimatedSweatLossInML":697.0,"duration":6977.541015625},{"userProfilePK":82576128,"calendarDate":{"date":"Jun 4, 2022 12:00:00 AM"},"persistedTimestampGMT":{"date":"Jun 4, 2022 2:33:48 PM"},"timestampLocal":{"date":"Jun 4, 2022 10:28:31 AM"},"hydrationSource":"GARMIN_ACTIVITY","valueInML":0.0,"activityId":8952433395,"capped":false,"estimatedSweatLossInML":14.0,"duration":144.33099365234375},{"userProfilePK":82576128,"calendarDate":{"date":"Jun 5, 2022 12:00:00 AM"},"persistedTimestampGMT":{"date":"Jun 5, 2022 4:18:40 PM"},"timestampLocal":{"date":"Jun 5, 2022 11:28:40 AM"},"hydrationSource":"GARMIN_ACTIVITY","valueInML":0.0,"activityId":8959734435,"capped":false,"estimatedSweatLossInML":298.0,"duration":2983.868896484375}]