[{"userProfilePK":82576128,"calendarDate":{"date":"Jan 4, 2020 12:00:00 AM"},"persistedTimestampGMT":{"date":"Jan 4, 2020 4:57:39 PM"},"timestampLocal":{"date":"Jan 4, 2020 10:46:45 AM"},"hydrationSource":"GARMIN_ACTIVITY","valueInML":0.0,"activityId":4399984832,"capped":false,"estimatedSweatLossInML":320.0,"duration":3207.615966796875},{"userProfilePK":82576128,"calendarDate":{"date":"Jan 5, 2020 12:00:00 AM"},"persistedTimestampGMT":{"date":"Jan 5, 2020 4:07:15 PM"},"timestampLocal":{"date":"Jan 5, 2020 9:32:32 AM"},"hydrationSource":"GARMIN_ACTIVITY","valueInML":0.0,"activityId":4403836636,"capped":false,"estimatedSweatLossInML":516.0,"duration":5164.31884765625},{"userProfilePK":82576128,"calendarDate":{"date":"Jan 6, 2020 12:00:00 AM"},"persistedTimestampGMT":{"date":"Jan 6, 2020 12:00:56 PM"},"timestampLocal":{"date":"Jan 6, 2020 6:55:23 AM"},"hydrationSource":"GARMIN_ACTIVITY","valueInML":0.0,"activityId":4406418220,"capped":false,"estimatedSweatLossInML":31.0,"duration":315.2439880371094},{"userProfilePK":82576128,"calendarDate":{"date":"Jan 6, 2020 12:00:00 AM"},"persistedTimestampGMT":{"date":"Jan 6, 2020 12:26:33 PM"},"timestampLocal":{"date":"Jan 6, 2020 7:02:42 AM"},"hydrationSource":"GARMIN_ACTIVITY","valueInML":0.0,"activityId":4406521780,"capped":false,"estimatedSweatLossInML":140.0,"duration":1408.625},{"userProfilePK":82576128,"calendarDate":{"date":"Jan 6, 2020 12:00:00 AM"},"persistedTimestampGMT":{"date":"Jan 6, 2020 1:12:19 PM"},"timestampLocal":{"date":"Jan 6, 2020 7:26:25 AM"},"hydrationSource":"GARMIN_ACTIVITY","valueInML":0.0,"activityId":4406693024,"capped":false,"estimatedSweatLossInML":272.0,"duration":2721.10302734375},{"userProfilePK":82576128,"calendarDate":{"date":"Jan 7, 2020 12:00:00 AM"},"persistedTimestampGMT":{"date":"Jan 7, 2020 12:39:23 PM"},"timestampLocal":{"date":"Jan 7, 2020 6:37:36 AM"},"hydrationSource":"GARMIN_ACTIVITY","valueInML":0.0,"activityId":4410183779,"capped":false,"estimatedSweatLossInML":367.0,"duration":3670.989013671875},{"userProfilePK":82576128,"calendarDate":{"date":"Jan 7, 2020 12:00:00 AM"},"persistedTimestampGMT":{"date":"Jan 7, 2020 12:51:41 PM"},"timestampLocal":{"date":"Jan 7, 2020 7:39:06 AM"},"hydrationSource":"GARMIN_ACTIVITY","valueInML":0.0,"activityId":4410226466,"capped":false,"estimatedSweatLossInML":73.0,"duration":732.594970703125},{"userProfilePK":82576128,"calendarDate":{"date":"Jan 7, 2020 12:00:00 AM"},"persistedTimestampGMT":{"date":"Jan 7, 2020 11:40:26 PM"},"timestampLocal":{"date":"Jan 7, 2020 6:07:06 PM"},"hydrationSource":"GARMIN_ACTIVITY","valueInML":0.0,"activityId":4412424360,"capped":false,"estimatedSweatLossInML":196.0,"duration":1966.365966796875},{"userProfilePK":82576128,"calendarDate":{"date":"Jan 8, 2020 12:00:00 AM"},"persistedTimestampGMT":{"date":"Jan 8, 2020 12:57:28 PM"},"timestampLocal":{"date":"Jan 8, 2020 7:37:54 AM"},"hydrationSource":"GARMIN_ACTIVITY","valueInML":0.0,"activityId":4413981719,"capped":false,"estimatedSweatLossInML":115.0,"duration":1156.092041015625},{"userProfilePK":82576128,"calendarDate":{"date":"Jan 8, 2020 12:00:00 AM"},"persistedTimestampGMT":{"date":"Jan 8, 2020 1:41:32 PM"},"timestampLocal":{"date":"Jan 8, 2020 7:57:25 AM"},"hydrationSource":"GARMIN_ACTIVITY","valueInML":0.0,"activityId":4414124530,"capped":false,"estimatedSweatLossInML":261.0,"duration":2615.368896484375},{"userProfilePK":82576128,"calendarDate":{"date":"Jan 8, 2020 12:00:00 AM"},"persistedTimestampGMT":{"date":"Jan 9, 2020 11:25:21 AM"},"timestampLocal":{"date":"Jan 8, 2020 6:23:54 PM"},"hydrationSource":"GARMIN_ACTIVITY","valueInML":0.0,"activityId":4417313193,"capped":false,"estimatedSweatLossInML":154.0,"duration":1542.8070068359375},{"userProfilePK":82576128,"calendarDate":{"date":"Jan 9, 2020 12:00:00 AM"},"persistedTimestampGMT":{"date":"Jan 9, 2020 1:45:13 PM"},"timestampLocal":{"date":"Jan 9, 2020 7:23:32 AM"},"hydrationSource":"GARMIN_ACTIVITY","valueInML":0.0,"activityId":4417771372,"capped":false,"estimatedSweatLossInML":481.0,"duration":4820.0341796875},{"userProfilePK":82576128,"calendarDate":{"date":"Jan 9, 2020 12:00:00 AM"},"persistedTimestampGMT":{"date":"Jan 10, 2020 12:03:07 AM"},"timestampLocal":{"date":"Jan 9, 2020 6:34:25 PM"},"hydrationSource":"GARMIN_ACTIVITY","valueInML":0.0,"activityId":4419703876,"capped":false,"estimatedSweatLossInML":167.0,"duration":1675.927001953125},{"userProfilePK":82576128,"calendarDate":{"date":"Jan 10, 2020 12:00:00 AM"},"persistedTimestampGMT":{"date":"Jan 10, 2020 2:36:12 PM"},"timestampLocal":{"date":"Jan 10, 2020 7:25:17 AM"},"hydrationSource":"GARMIN_ACTIVITY","valueInML":0.0,"activityId":4421406572,"capped":false,"estimatedSweatLossInML":446.0,"duration":4469.77685546875},{"userProfilePK":82576128,"calendarDate":{"date":"Jan 11, 2020 12:00:00 AM"},"persistedTimestampGMT":{"date":"Jan 11, 2020 6:16:56 PM"},"timestampLocal":{"date":"Jan 11, 2020 10:48:28 AM"},"hydrationSource":"GARMIN_ACTIVITY","valueInML":0.0,"activityId":4426084139,"capped":false,"estimatedSweatLossInML":340.0,"duration":3402.135986328125},{"userProfilePK":82576128,"calendarDate":{"date":"Jan 12, 2020 12:00:00 AM"},"persistedTimestampGMT":{"date":"Jan 12, 2020 4:18:00 PM"},"timestampLocal":{"date":"Jan 12, 2020 9:32:46 AM"},"hydrationSource":"GARMIN_ACTIVITY","valueInML":0.0,"activityId":4429820745,"capped":false,"estimatedSweatLossInML":563.0,"duration":5630.81689453125},{"userProfilePK":82576128,"calendarDate":{"date":"Jan 13, 2020 12:00:00 AM"},"persistedTimestampGMT":{"date":"Jan 13, 2020 1:03:26 PM"},"timestampLocal":{"date":"Jan 13, 2020 6:38:15 AM"},"hydrationSource":"GARMIN_ACTIVITY","valueInML":0.0,"activityId":4432618771,"capped":false,"estimatedSweatLossInML":506.0,"duration":5064.4560546875},{"userProfilePK":82576128,"calendarDate":{"date":"Jan 13, 2020 12:00:00 AM"},"persistedTimestampGMT":{"date":"Jan 13, 2020 10:11:54 PM"},"timestampLocal":{"date":"Jan 13, 2020 4:30:23 PM"},"hydrationSource":"GARMIN_ACTIVITY","valueInML":0.0,"activityId":4434386393,"capped":false,"estimatedSweatLossInML":246.0,"duration":2463.35791015625},{"userProfilePK":82576128,"calendarDate":{"date":"Jan 14, 2020 12:00:00 AM"},"persistedTimestampGMT":{"date":"Jan 14, 2020 1:16:16 PM"},"timestampLocal":{"date":"Jan 14, 2020 7:03:28 AM"},"hydrationSource":"GARMIN_ACTIVITY","valueInML":0.0,"activityId":4436226664,"capped":false,"estimatedSweatLossInML":433.0,"duration":4339.26904296875},{"userProfilePK":82576128,"calendarDate":{"date":"Jan 15, 2020 12:00:00 AM"},"persistedTimestampGMT":{"date":"Jan 15, 2020 1:29:58 PM"},"timestampLocal":{"date":"Jan 15, 2020 6:55:58 AM"},"hydrationSource":"GARMIN_ACTIVITY","valueInML":0.0,"activityId":4440011401,"capped":false,"estimatedSweatLossInML":559.0,"duration":5597.43505859375},{"userProfilePK":82576128,"calendarDate":{"date":"Jan 15, 2020 12:00:00 AM"},"persistedTimestampGMT":{"date":"Jan 15, 2020 11:28:52 PM"},"timestampLocal":{"date":"Jan 15, 2020 6:09:01 PM"},"hydrationSource":"GARMIN_ACTIVITY","valueInML":0.0,"activityId":4442047174,"capped":false,"estimatedSweatLossInML":117.0,"duration":1171.68798828125},{"userProfilePK":82576128,"calendarDate":{"date":"Jan 16, 2020 12:00:00 AM"},"persistedTimestampGMT":{"date":"Jan 16, 2020 1:53:31 PM"},"timestampLocal":{"date":"Jan 16, 2020 7:55:03 AM"},"hydrationSource":"GARMIN_ACTIVITY","valueInML":0.0,"activityId":4443839472,"capped":false,"estimatedSweatLossInML":347.0,"duration":3473.385009765625},{"userProfilePK":82576128,"calendarDate":{"date":"Jan 17, 2020 12:00:00 AM"},"persistedTimestampGMT":{"date":"Jan 17, 2020 1:50:23 PM"},"timestampLocal":{"date":"Jan 17, 2020 7:20:51 AM"},"hydrationSource":"GARMIN_ACTIVITY","valueInML":0.0,"activityId":4447346586,"capped":false,"estimatedSweatLossInML":532.0,"duration":5325.33203125},{"userProfilePK":82576128,"calendarDate":{"date":"Jan 18, 2020 12:00:00 AM"},"persistedTimestampGMT":{"date":"Jan 18, 2020 4:54:19 PM"},"timestampLocal":{"date":"Jan 18, 2020 10:46:34 AM"},"hydrationSource":"GARMIN_ACTIVITY","valueInML":0.0,"activityId":4451646542,"capped":false,"estimatedSweatLossInML":343.0,"duration":3440.239990234375},{"userProfilePK":82576128,"calendarDate":{"date":"Jan 19, 2020 12:00:00 AM"},"persistedTimestampGMT":{"date":"Jan 19, 2020 4:17:03 PM"},"timestampLocal":{"date":"Jan 19, 2020 9:31:22 AM"},"hydrationSource":"GARMIN_ACTIVITY","valueInML":0.0,"activityId":4455596227,"capped":false,"estimatedSweatLossInML":630.0,"duration":6311.0380859375},{"userProfilePK":82576128,"calendarDate":{"date":"Jan 20, 2020 12:00:00 AM"},"persistedTimestampGMT":{"date":"Jan 20, 2020 1:34:24 PM"},"timestampLocal":{"date":"Jan 20, 2020 7:09:00 AM"},"hydrationSource":"GARMIN_ACTIVITY","valueInML":0.0,"activityId":4458272157,"capped":false,"estimatedSweatLossInML":508.0,"duration":5085.7880859375},{"userProfilePK":82576128,"calendarDate":{"date":"Jan 21, 2020 12:00:00 AM"},"persistedTimestampGMT":{"date":"Jan 21, 2020 2:23:45 PM"},"timestampLocal":{"date":"Jan 21, 2020 6:54:59 AM"},"hydrationSource":"GARMIN_ACTIVITY","valueInML":0.0,"activityId":4462049035,"capped":false,"estimatedSweatLossInML":541.0,"duration":5419.7509765625},{"userProfilePK":82576128,"calendarDate":{"date":"Jan 22, 2020 12:00:00 AM"},"persistedTimestampGMT":{"date":"Jan 22, 2020 2:04:59 PM"},"timestampLocal":{"date":"Jan 22, 2020 7:03:51 AM"},"hydrationSource":"GARMIN_ACTIVITY","valueInML":0.0,"activityId":4465721763,"capped":false,"estimatedSweatLossInML":567.0,"duration":5674.22998046875},{"userProfilePK":82576128,"calendarDate":{"date":"Jan 22, 2020 12:00:00 AM"},"persistedTimestampGMT":{"date":"Jan 22, 2020 11:57:59 PM"},"timestampLocal":{"date":"Jan 22, 2020 6:27:20 PM"},"hydrationSource":"GARMIN_ACTIVITY","valueInML":0.0,"activityId":4467619592,"capped":false,"estimatedSweatLossInML":159.0,"duration":1595.491943359375},{"userProfilePK":82576128,"calendarDate":{"date":"Jan 23, 2020 12:00:00 AM"},"persistedTimestampGMT":{"date":"Jan 23, 2020 1:55:34 PM"},"timestampLocal":{"date":"Jan 23, 2020 7:18:06 AM"},"hydrationSource":"GARMIN_ACTIVITY","valueInML":0.0,"activityId":4469251223,"capped":false,"estimatedSweatLossInML":469.0,"duration":4696.4482421875},{"userProfilePK":82576128,"calendarDate":{"date":"Jan 24, 2020 12:00:00 AM"},"persistedTimestampGMT":{"date":"Jan 24, 2020 2:02:43 PM"},"timestampLocal":{"date":"Jan 24, 2020 7:05:57 AM"},"hydrationSource":"GARMIN_ACTIVITY","valueInML":0.0,"activityId":4472765999,"capped":false,"estimatedSweatLossInML":570.0,"duration":5710.22119140625},{"userProfilePK":82576128,"calendarDate":{"date":"Jan 25, 2020 12:00:00 AM"},"persistedTimestampGMT":{"date":"Jan 25, 2020 4:54:09 PM"},"timestampLocal":{"date":"Jan 25, 2020 10:47:53 AM"},"hydrationSource":"GARMIN_ACTIVITY","valueInML":0.0,"activityId":4477181162,"capped":false,"estimatedSweatLossInML":331.0,"duration":3314.64501953125},{"userProfilePK":82576128,"calendarDate":{"date":"Jan 26, 2020 12:00:00 AM"},"persistedTimestampGMT":{"date":"Jan 26, 2020 4:14:27 PM"},"timestampLocal":{"date":"Jan 26, 2020 9:33:15 AM"},"hydrationSource":"GARMIN_ACTIVITY","valueInML":0.0,"activityId":4481117403,"capped":false,"estimatedSweatLossInML":554.0,"duration":5546.03076171875},{"userProfilePK":82576128,"calendarDate":{"date":"Jan 27, 2020 12:00:00 AM"},"persistedTimestampGMT":{"date":"Jan 27, 2020 1:46:04 PM"},"timestampLocal":{"date":"Jan 27, 2020 7:25:56 AM"},"hydrationSource":"GARMIN_ACTIVITY","valueInML":0.0,"activityId":4483916741,"capped":false,"estimatedSweatLossInML":477.0,"duration":4772.7138671875},{"userProfilePK":82576128,"calendarDate":{"date":"Jan 28, 2020 12:00:00 AM"},"persistedTimestampGMT":{"date":"Jan 28, 2020 1:11:35 PM"},"timestampLocal":{"date":"Jan 28, 2020 6:54:57 AM"},"hydrationSource":"GARMIN_ACTIVITY","valueInML":0.0,"activityId":4487325708,"capped":false,"estimatedSweatLossInML":455.0,"duration":4557.369140625},{"userProfilePK":82576128,"calendarDate":{"date":"Jan 29, 2020 12:00:00 AM"},"persistedTimestampGMT":{"date":"Jan 29, 2020 5:17:27 PM"},"timestampLocal":{"date":"Jan 29, 2020 7:42:06 AM"},"hydrationSource":"GARMIN_ACTIVITY","valueInML":0.0,"activityId":4491820430,"capped":false,"estimatedSweatLossInML":486.0,"duration":4868.7919921875},{"userProfilePK":82576128,"calendarDate":{"date":"Jan 30, 2020 12:00:00 AM"},"persistedTimestampGMT":{"date":"Jan 30, 2020 2:02:10 PM"},"timestampLocal":{"date":"Jan 30, 2020 7:12:15 AM"},"hydrationSource":"GARMIN_ACTIVITY","valueInML":0.0,"activityId":4494812473,"capped":false,"estimatedSweatLossInML":429.0,"duration":4297.537109375},{"userProfilePK":82576128,"calendarDate":{"date":"Jan 30, 2020 12:00:00 AM"},"persistedTimestampGMT":{"date":"Jan 30, 2020 2:02:22 PM"},"timestampLocal":{"date":"Jan 30, 2020 8:26:43 AM"},"hydrationSource":"GARMIN_ACTIVITY","valueInML":0.0,"activityId":4494813151,"capped":false,"estimatedSweatLossInML":76.0,"duration":762.4739990234375},{"userProfilePK":82576128,"calendarDate":{"date":"Jan 31, 2020 12:00:00 AM"},"persistedTimestampGMT":{"date":"Jan 31, 2020 2:12:15 PM"},"timestampLocal":{"date":"Jan 31, 2020 7:04:13 AM"},"hydrationSource":"GARMIN_ACTIVITY","valueInML":0.0,"activityId":4498268638,"capped":false,"estimatedSweatLossInML":654.0,"duration":6548.72802734375},{"userProfilePK":82576128,"calendarDate":{"date":"Feb 1, 2020 12:00:00 AM"},"persistedTimestampGMT":{"date":"Feb 1, 2020 4:53:29 PM"},"timestampLocal":{"date":"Feb 1, 2020 10:47:21 AM"},"hydrationSource":"GARMIN_ACTIVITY","valueInML":0.0,"activityId":4502699215,"capped":false,"estimatedSweatLossInML":356.0,"duration":3568.47509765625},{"userProfilePK":82576128,"calendarDate":{"date":"Feb 3, 2020 12:00:00 AM"},"persistedTimestampGMT":{"date":"Feb 3, 2020 1:44:14 PM"},"timestampLocal":{"date":"Feb 3, 2020 6:48:48 AM"},"hydrationSource":"GARMIN_ACTIVITY","valueInML":0.0,"activityId":4509456264,"capped":false,"estimatedSweatLossInML":684.0,"duration":6844.47412109375},{"userProfilePK":82576128,"calendarDate":{"date":"Feb 4, 2020 12:00:00 AM"},"persistedTimestampGMT":{"date":"Feb 4, 2020 1:40:04 PM"},"timestampLocal":{"date":"Feb 4, 2020 7:13:58 AM"},"hydrationSource":"GARMIN_ACTIVITY","valueInML":0.0,"activityId":4513064507,"capped":false,"estimatedSweatLossInML":508.0,"duration":5090.14990234375},{"userProfilePK":82576128,"calendarDate":{"date":"Feb 5, 2020 12:00:00 AM"},"persistedTimestampGMT":{"date":"Feb 5, 2020 1:42:55 PM"},"timestampLocal":{"date":"Feb 5, 2020 7:12:24 AM"},"hydrationSource":"GARMIN_ACTIVITY","valueInML":0.0,"activityId":4516816590,"capped":false,"estimatedSweatLossInML":539.0,"duration":5390.7509765625},{"userProfilePK":82576128,"calendarDate":{"date":"Feb 6, 2020 12:00:00 AM"},"persistedTimestampGMT":{"date":"Feb 6, 2020 6:50:58 PM"},"timestampLocal":{"date":"Feb 6, 2020 7:56:48 AM"},"hydrationSource":"GARMIN_ACTIVITY","valueInML":0.0,"activityId":4521519281,"capped":false,"estimatedSweatLossInML":472.0,"duration":4721.66796875},{"userProfilePK":82576128,"calendarDate":{"date":"Feb 7, 2020 12:00:00 AM"},"persistedTimestampGMT":{"date":"Feb 7, 2020 3:02:14 PM"},"timestampLocal":{"date":"Feb 7, 2020 8:05:06 AM"},"hydrationSource":"GARMIN_ACTIVITY","valueInML":0.0,"activityId":4524216784,"capped":false,"estimatedSweatLossInML":618.0,"duration":6189.796875},{"userProfilePK":82576128,"calendarDate":{"date":"Feb 9, 2020 12:00:00 AM"},"persistedTimestampGMT":{"date":"Feb 9, 2020 4:15:41 PM"},"timestampLocal":{"date":"Feb 9, 2020 9:32:15 AM"},"hydrationSource":"GARMIN_ACTIVITY","valueInML":0.0,"activityId":4532328083,"capped":false,"estimatedSweatLossInML":549.0,"duration":5493.962890625},{"userProfilePK":82576128,"calendarDate":{"date":"Feb 10, 2020 12:00:00 AM"},"persistedTimestampGMT":{"date":"Feb 10, 2020 5:49:12 PM"},"timestampLocal":{"date":"Feb 10, 2020 7:38:34 AM"},"hydrationSource":"GARMIN_ACTIVITY","valueInML":0.0,"activityId":4535637619,"capped":false,"estimatedSweatLossInML":583.0,"duration":5831.27685546875},{"userProfilePK":82576128,"calendarDate":{"date":"Feb 11, 2020 12:00:00 AM"},"persistedTimestampGMT":{"date":"Feb 11, 2020 2:38:21 PM"},"timestampLocal":{"date":"Feb 11, 2020 7:13:01 AM"},"hydrationSource":"GARMIN_ACTIVITY","valueInML":0.0,"activityId":4538578695,"capped":false,"estimatedSweatLossInML":578.0,"duration":5785.6728515625},{"userProfilePK":82576128,"calendarDate":{"date":"Feb 12, 2020 12:00:00 AM"},"persistedTimestampGMT":{"date":"Feb 12, 2020 6:56:04 PM"},"timestampLocal":{"date":"Feb 12, 2020 7:07:07 AM"},"hydrationSource":"GARMIN_ACTIVITY","valueInML":0.0,"activityId":4543184442,"capped":false,"estimatedSweatLossInML":575.0,"duration":5756.5888671875},{"userProfilePK":82576128,"calendarDate":{"date":"Feb 13, 2020 12:00:00 AM"},"persistedTimestampGMT":{"date":"Feb 13, 2020 5:50:15 PM"},"timestampLocal":{"date":"Feb 13, 2020 7:35:08 AM"},"hydrationSource":"GARMIN_ACTIVITY","valueInML":0.0,"activityId":4546439132,"capped":false,"estimatedSweatLossInML":552.0,"duration":5524.06591796875},{"userProfilePK":82576128,"calendarDate":{"date":"Feb 14, 2020 12:00:00 AM"},"persistedTimestampGMT":{"date":"Feb 14, 2020 10:43:52 PM"},"timestampLocal":{"date":"Feb 14, 2020 7:17:32 AM"},"hydrationSource":"GARMIN_ACTIVITY","valueInML":0.0,"activityId":4550572076,"capped":false,"estimatedSweatLossInML":581.0,"duration":5814.3662109375},{"userProfilePK":82576128,"calendarDate":{"date":"Feb 16, 2020 12:00:00 AM"},"persistedTimestampGMT":{"date":"Feb 16, 2020 4:15:07 PM"},"timestampLocal":{"date":"Feb 16, 2020 9:32:57 AM"},"hydrationSource":"GARMIN_ACTIVITY","valueInML":0.0,"activityId":4557324771,"capped":false,"estimatedSweatLossInML":567.0,"duration":5679.48388671875},{"userProfilePK":82576128,"calendarDate":{"date":"Feb 17, 2020 12:00:00 AM"},"persistedTimestampGMT":{"date":"Feb 17, 2020 4:07:43 PM"},"timestampLocal":{"date":"Feb 17, 2020 9:58:59 AM"},"hydrationSource":"GARMIN_ACTIVITY","valueInML":0.0,"activityId":4560530814,"capped":false,"estimatedSweatLossInML":409.0,"duration":4095.14501953125},{"userProfilePK":82576128,"calendarDate":{"date":"Feb 19, 2020 12:00:00 AM"},"persistedTimestampGMT":{"date":"Feb 19, 2020 1:30:58 PM"},"timestampLocal":{"date":"Feb 19, 2020 7:01:22 AM"},"hydrationSource":"GARMIN_ACTIVITY","valueInML":0.0,"activityId":4567571506,"capped":false,"estimatedSweatLossInML":504.0,"duration":5048.31005859375},{"userProfilePK":82576128,"calendarDate":{"date":"Feb 20, 2020 12:00:00 AM"},"persistedTimestampGMT":{"date":"Feb 20, 2020 2:03:16 PM"},"timestampLocal":{"date":"Feb 20, 2020 8:02:22 AM"},"hydrationSource":"GARMIN_ACTIVITY","valueInML":0.0,"activityId":4571290805,"capped":false,"estimatedSweatLossInML":361.0,"duration":3616.592041015625},{"userProfilePK":82576128,"calendarDate":{"date":"Feb 20, 2020 12:00:00 AM"},"persistedTimestampGMT":{"date":"Feb 21, 2020 1:10:44 AM"},"timestampLocal":{"date":"Feb 20, 2020 7:02:34 PM"},"hydrationSource":"GARMIN_ACTIVITY","valueInML":0.0,"activityId":4573218008,"capped":false,"estimatedSweatLossInML":379.0,"duration":3793.445068359375},{"userProfilePK":82576128,"calendarDate":{"date":"Feb 21, 2020 12:00:00 AM"},"persistedTimestampGMT":{"date":"Feb 21, 2020 1:49:05 PM"},"timestampLocal":{"date":"Feb 21, 2020 7:30:11 AM"},"hydrationSource":"GARMIN_ACTIVITY","valueInML":0.0,"activityId":4574691113,"capped":false,"estimatedSweatLossInML":468.0,"duration":4688.06982421875},{"userProfilePK":82576128,"calendarDate":{"date":"Feb 21, 2020 12:00:00 AM"},"persistedTimestampGMT":{"date":"Feb 22, 2020 1:11:31 AM"},"timestampLocal":{"date":"Feb 21, 2020 7:06:31 PM"},"hydrationSource":"GARMIN_ACTIVITY","valueInML":0.0,"activityId":4576469138,"capped":false,"estimatedSweatLossInML":384.0,"duration":3849.426025390625},{"userProfilePK":82576128,"calendarDate":{"date":"Feb 23, 2020 12:00:00 AM"},"persistedTimestampGMT":{"date":"Feb 23, 2020 4:17:12 PM"},"timestampLocal":{"date":"Feb 23, 2020 9:33:02 AM"},"hydrationSource":"GARMIN_ACTIVITY","valueInML":0.0,"activityId":4582936987,"capped":false,"estimatedSweatLossInML":571.0,"duration":5712.1689453125},{"userProfilePK":82576128,"calendarDate":{"date":"Feb 24, 2020 12:00:00 AM"},"persistedTimestampGMT":{"date":"Feb 24, 2020 6:36:55 PM"},"timestampLocal":{"date":"Feb 24, 2020 7:28:46 AM"},"hydrationSource":"GARMIN_ACTIVITY","valueInML":0.0,"activityId":4586840962,"capped":false,"estimatedSweatLossInML":604.0,"duration":6047.8359375},{"userProfilePK":82576128,"calendarDate":{"date":"Feb 25, 2020 12:00:00 AM"},"persistedTimestampGMT":{"date":"Feb 25, 2020 1:54:50 PM"},"timestampLocal":{"date":"Feb 25, 2020 7:36:03 AM"},"hydrationSource":"GARMIN_ACTIVITY","valueInML":0.0,"activityId":4589489039,"capped":false,"estimatedSweatLossInML":469.0,"duration":4693.14599609375},{"userProfilePK":82576128,"calendarDate":{"date":"Feb 26, 2020 12:00:00 AM"},"persistedTimestampGMT":{"date":"Feb 26, 2020 2:04:25 PM"},"timestampLocal":{"date":"Feb 26, 2020 7:40:54 AM"},"hydrationSource":"GARMIN_ACTIVITY","valueInML":0.0,"activityId":4593133883,"capped":false,"estimatedSweatLossInML":495.0,"duration":4954.31103515625},{"userProfilePK":82576128,"calendarDate":{"date":"Feb 27, 2020 12:00:00 AM"},"persistedTimestampGMT":{"date":"Feb 27, 2020 2:20:09 PM"},"timestampLocal":{"date":"Feb 27, 2020 7:58:17 AM"},"hydrationSource":"GARMIN_ACTIVITY","valueInML":0.0,"activityId":4596614623,"capped":false,"estimatedSweatLossInML":487.0,"duration":4870.3330078125},{"userProfilePK":82576128,"calendarDate":{"date":"Feb 28, 2020 12:00:00 AM"},"persistedTimestampGMT":{"date":"Feb 28, 2020 2:01:01 PM"},"timestampLocal":{"date":"Feb 28, 2020 7:28:04 AM"},"hydrationSource":"GARMIN_ACTIVITY","valueInML":0.0,"activityId":4599899438,"capped":false,"estimatedSweatLossInML":550.0,"duration":5506.087890625},{"userProfilePK":82576128,"calendarDate":{"date":"Feb 28, 2020 12:00:00 AM"},"persistedTimestampGMT":{"date":"Feb 29, 2020 1:36:24 AM"},"timestampLocal":{"date":"Feb 28, 2020 7:02:20 PM"},"hydrationSource":"GARMIN_ACTIVITY","valueInML":0.0,"activityId":4601639016,"capped":false,"estimatedSweatLossInML":394.0,"duration":3949.239990234375},{"userProfilePK":82576128,"calendarDate":{"date":"Mar 1, 2020 12:00:00 AM"},"persistedTimestampGMT":{"date":"Mar 1, 2020 4:08:33 PM"},"timestampLocal":{"date":"Mar 1, 2020 9:31:22 AM"},"hydrationSource":"GARMIN_ACTIVITY","valueInML":0.0,"activityId":4608112775,"capped":false,"estimatedSweatLossInML":526.0,"duration":5268.15576171875},{"userProfilePK":82576128,"calendarDate":{"date":"Mar 2, 2020 12:00:00 AM"},"persistedTimestampGMT":{"date":"Mar 2, 2020 1:49:58 PM"},"timestampLocal":{"date":"Mar 2, 2020 7:33:44 AM"},"hydrationSource":"GARMIN_ACTIVITY","valueInML":0.0,"activityId":4610962155,"capped":false,"estimatedSweatLossInML":454.0,"duration":4542.833984375},{"userProfilePK":82576128,"calendarDate":{"date":"Mar 3, 2020 12:00:00 AM"},"persistedTimestampGMT":{"date":"Mar 3, 2020 1:58:09 PM"},"timestampLocal":{"date":"Mar 3, 2020 7:23:14 AM"},"hydrationSource":"GARMIN_ACTIVITY","valueInML":0.0,"activityId":4614544965,"capped":false,"estimatedSweatLossInML":566.0,"duration":5664.58984375},{"userProfilePK":82576128,"calendarDate":{"date":"Mar 4, 2020 12:00:00 AM"},"persistedTimestampGMT":{"date":"Mar 4, 2020 1:42:42 PM"},"timestampLocal":{"date":"Mar 4, 2020 7:02:28 AM"},"hydrationSource":"GARMIN_ACTIVITY","valueInML":0.0,"activityId":4618276091,"capped":false,"estimatedSweatLossInML":596.0,"duration":5966.5087890625},{"userProfilePK":82576128,"calendarDate":{"date":"Mar 5, 2020 12:00:00 AM"},"persistedTimestampGMT":{"date":"Mar 5, 2020 10:56:40 PM"},"timestampLocal":{"date":"Mar 5, 2020 7:44:56 AM"},"hydrationSource":"GARMIN_ACTIVITY","valueInML":0.0,"activityId":4623624663,"capped":false,"estimatedSweatLossInML":446.0,"duration":4466.28515625},{"userProfilePK":82576128,"calendarDate":{"date":"Mar 6, 2020 12:00:00 AM"},"persistedTimestampGMT":{"date":"Mar 6, 2020 1:44:52 PM"},"timestampLocal":{"date":"Mar 6, 2020 7:04:14 AM"},"hydrationSource":"GARMIN_ACTIVITY","valueInML":0.0,"activityId":4625337960,"capped":false,"estimatedSweatLossInML":600.0,"duration":6002.7587890625},{"userProfilePK":82576128,"calendarDate":{"date":"Mar 6, 2020 12:00:00 AM"},"persistedTimestampGMT":{"date":"Mar 7, 2020 1:45:11 AM"},"timestampLocal":{"date":"Mar 6, 2020 6:59:53 PM"},"hydrationSource":"GARMIN_ACTIVITY","valueInML":0.0,"activityId":4627159964,"capped":false,"estimatedSweatLossInML":378.0,"duration":3789.39697265625},{"userProfilePK":82576128,"calendarDate":{"date":"Mar 8, 2020 12:00:00 AM"},"persistedTimestampGMT":{"date":"Mar 8, 2020 3:18:02 PM"},"timestampLocal":{"date":"Mar 8, 2020 9:31:50 AM"},"hydrationSource":"GARMIN_ACTIVITY","valueInML":0.0,"activityId":4633788650,"capped":false,"estimatedSweatLossInML":633.0,"duration":6337.2080078125},{"userProfilePK":82576128,"calendarDate":{"date":"Mar 9, 2020 12:00:00 AM"},"persistedTimestampGMT":{"date":"Mar 9, 2020 1:18:30 PM"},"timestampLocal":{"date":"Mar 9, 2020 7:32:08 AM"},"hydrationSource":"GARMIN_ACTIVITY","valueInML":0.0,"activityId":4636992450,"capped":false,"estimatedSweatLossInML":598.0,"duration":5982.7470703125},{"userProfilePK":82576128,"calendarDate":{"date":"Mar 10, 2020 12:00:00 AM"},"persistedTimestampGMT":{"date":"Mar 10, 2020 12:39:22 PM"},"timestampLocal":{"date":"Mar 10, 2020 7:09:04 AM"},"hydrationSource":"GARMIN_ACTIVITY","valueInML":0.0,"activityId":4640392556,"capped":false,"estimatedSweatLossInML":537.0,"duration":5373.68798828125},{"userProfilePK":82576128,"calendarDate":{"date":"Mar 11, 2020 12:00:00 AM"},"persistedTimestampGMT":{"date":"Mar 11, 2020 6:22:37 PM"},"timestampLocal":{"date":"Mar 11, 2020 12:45:48 PM"},"hydrationSource":"GARMIN_ACTIVITY","valueInML":0.0,"activityId":4645248141,"capped":false,"estimatedSweatLossInML":576.0,"duration":5767.27587890625},{"userProfilePK":82576128,"calendarDate":{"date":"Mar 12, 2020 12:00:00 AM"},"persistedTimestampGMT":{"date":"Mar 12, 2020 1:17:25 PM"},"timestampLocal":{"date":"Mar 12, 2020 7:38:34 AM"},"hydrationSource":"GARMIN_ACTIVITY","valueInML":0.0,"activityId":4647793290,"capped":false,"estimatedSweatLossInML":562.0,"duration":5621.5771484375},{"userProfilePK":82576128,"calendarDate":{"date":"Mar 13, 2020 12:00:00 AM"},"persistedTimestampGMT":{"date":"Mar 13, 2020 1:05:07 PM"},"timestampLocal":{"date":"Mar 13, 2020 7:36:04 AM"},"hydrationSource":"GARMIN_ACTIVITY","valueInML":0.0,"activityId":4650922111,"capped":false,"estimatedSweatLossInML":529.0,"duration":5297.26904296875},{"userProfilePK":82576128,"calendarDate":{"date":"Mar 13, 2020 12:00:00 AM"},"persistedTimestampGMT":{"date":"Mar 14, 2020 12:08:05 AM"},"timestampLocal":{"date":"Mar 13, 2020 7:04:44 PM"},"hydrationSource":"GARMIN_ACTIVITY","valueInML":0.0,"activityId":4652538208,"capped":false,"estimatedSweatLossInML":376.0,"duration":3763.264892578125},{"userProfilePK":82576128,"calendarDate":{"date":"Mar 15, 2020 12:00:00 AM"},"persistedTimestampGMT":{"date":"Mar 15, 2020 3:13:19 PM"},"timestampLocal":{"date":"Mar 15, 2020 9:34:32 AM"},"hydrationSource":"GARMIN_ACTIVITY","valueInML":0.0,"activityId":4659077649,"capped":false,"estimatedSweatLossInML":541.0,"duration":5410.27490234375},{"userProfilePK":82576128,"calendarDate":{"date":"Mar 16, 2020 12:00:00 AM"},"persistedTimestampGMT":{"date":"Mar 16, 2020 2:54:25 PM"},"timestampLocal":{"date":"Mar 16, 2020 9:14:39 AM"},"hydrationSource":"GARMIN_ACTIVITY","valueInML":0.0,"activityId":4662173423,"capped":false,"estimatedSweatLossInML":403.0,"duration":4033.830078125}]