[{"userProfilePK":82576128,"calendarDate":{"date":"Aug 10, 2021 12:00:00 AM"},"persistedTimestampGMT":{"date":"Aug 11, 2021 12:41:45 AM"},"timestampLocal":{"date":"Aug 10, 2021 7:03:45 PM"},"hydrationSource":"GARMIN_ACTIVITY","valueInML":0.0,"activityId":7282726399,"capped":false,"estimatedSweatLossInML":352.0,"duration":3526.616943359375},{"userProfilePK":82576128,"calendarDate":{"date":"Aug 12, 2021 12:00:00 AM"},"persistedTimestampGMT":{"date":"Aug 13, 2021 12:03:20 AM"},"timestampLocal":{"date":"Aug 12, 2021 7:02:58 PM"},"hydrationSource":"GARMIN_ACTIVITY","valueInML":0.0,"activityId":7294699625,"capped":false,"estimatedSweatLossInML":325.0,"duration":3257.072998046875},{"userProfilePK":82576128,"calendarDate":{"date":"Aug 21, 2021 12:00:00 AM"},"persistedTimestampGMT":{"date":"Aug 21, 2021 4:00:52 PM"},"timestampLocal":{"date":"Aug 21, 2021 10:47:38 AM"},"hydrationSource":"GARMIN_ACTIVITY","valueInML":0.0,"activityId":7344888560,"capped":false,"estimatedSweatLossInML":437.0,"duration":4373.2041015625},{"userProfilePK":82576128,"calendarDate":{"date":"Aug 29, 2021 12:00:00 AM"},"persistedTimestampGMT":{"date":"Aug 29, 2021 3:53:11 PM"},"timestampLocal":{"date":"Aug 29, 2021 11:28:13 AM"},"hydrationSource":"GARMIN_ACTIVITY","valueInML":0.0,"activityId":7391329726,"capped":false,"estimatedSweatLossInML":148.0,"duration":1485.6190185546875},{"userProfilePK":82576128,"calendarDate":{"date":"Sep 6, 2021 12:00:00 AM"},"persistedTimestampGMT":{"date":"Sep 6, 2021 1:33:46 PM"},"timestampLocal":{"date":"Sep 6, 2021 8:20:16 AM"},"hydrationSource":"GARMIN_ACTIVITY","valueInML":0.0,"activityId":7438007365,"capped":false,"estimatedSweatLossInML":326.0,"duration":3266.178955078125},{"userProfilePK":82576128,"calendarDate":{"date":"Sep 11, 2021 12:00:00 AM"},"persistedTimestampGMT":{"date":"Sep 11, 2021 3:16:46 PM"},"timestampLocal":{"date":"Sep 11, 2021 9:50:09 AM"},"hydrationSource":"GARMIN_ACTIVITY","valueInML":0.0,"activityId":7469438980,"capped":false,"estimatedSweatLossInML":517.0,"duration":5180.15185546875},{"userProfilePK":82576128,"calendarDate":{"date":"Sep 12, 2021 12:00:00 AM"},"persistedTimestampGMT":{"date":"Sep 12, 2021 2:31:26 PM"},"timestampLocal":{"date":"Sep 12, 2021 9:38:39 AM"},"hydrationSource":"GARMIN_ACTIVITY","valueInML":0.0,"activityId":7475745621,"capped":false,"estimatedSweatLossInML":298.0,"duration":2985.513916015625},{"userProfilePK":82576128,"calendarDate":{"date":"Sep 20, 2021 12:00:00 AM"},"persistedTimestampGMT":{"date":"Sep 21, 2021 12:29:37 AM"},"timestampLocal":{"date":"Sep 20, 2021 7:01:48 PM"},"hydrationSource":"GARMIN_ACTIVITY","valueInML":0.0,"activityId":7525599993,"capped":false,"estimatedSweatLossInML":524.0,"duration":5248.67919921875},{"userProfilePK":82576128,"calendarDate":{"date":"Sep 22, 2021 12:00:00 AM"},"persistedTimestampGMT":{"date":"Sep 22, 2021 11:54:12 AM"},"timestampLocal":{"date":"Sep 22, 2021 6:52:07 AM"},"hydrationSource":"GARMIN_ACTIVITY","valueInML":0.0,"activityId":7533683467,"capped":false,"estimatedSweatLossInML":344.0,"duration":3446.8779296875},{"userProfilePK":82576128,"calendarDate":{"date":"Sep 25, 2021 12:00:00 AM"},"persistedTimestampGMT":{"date":"Sep 25, 2021 3:52:09 PM"},"timestampLocal":{"date":"Sep 25, 2021 10:54:07 AM"},"hydrationSource":"GARMIN_ACTIVITY","valueInML":0.0,"activityId":7552086708,"capped":false,"estimatedSweatLossInML":303.0,"duration":3040.110107421875},{"userProfilePK":82576128,"calendarDate":{"date":"Sep 26, 2021 12:00:00 AM"},"persistedTimestampGMT":{"date":"Sep 26, 2021 3:55:04 PM"},"timestampLocal":{"date":"Sep 26, 2021 11:14:38 AM"},"hydrationSource":"GARMIN_ACTIVITY","valueInML":0.0,"activityId":7558419238,"capped":false,"estimatedSweatLossInML":190.0,"duration":1906.958984375},{"userProfilePK":82576128,"calendarDate":{"date":"Oct 2, 2021 12:00:00 AM"},"persistedTimestampGMT":{"date":"Oct 2, 2021 3:52:29 PM"},"timestampLocal":{"date":"Oct 2, 2021 10:49:49 AM"},"hydrationSource":"GARMIN_ACTIVITY","valueInML":0.0,"activityId":7591211501,"capped":false,"estimatedSweatLossInML":361.0,"duration":3615.365966796875},{"userProfilePK":82576128,"calendarDate":{"date":"Oct 3, 2021 12:00:00 AM"},"persistedTimestampGMT":{"date":"Oct 3, 2021 4:00:40 PM"},"timestampLocal":{"date":"Oct 3, 2021 10:51:16 AM"},"hydrationSource":"GARMIN_ACTIVITY","valueInML":0.0,"activityId":7597146115,"capped":false,"estimatedSweatLossInML":374.0,"duration":3742.72900390625},{"userProfilePK":82576128,"calendarDate":{"date":"Oct 10, 2021 12:00:00 AM"},"persistedTimestampGMT":{"date":"Oct 10, 2021 2:39:53 PM"},"timestampLocal":{"date":"Oct 10, 2021 9:46:22 AM"},"hydrationSource":"GARMIN_ACTIVITY","valueInML":0.0,"activityId":7635175791,"capped":false,"estimatedSweatLossInML":317.0,"duration":3179.424072265625},{"userProfilePK":82576128,"calendarDate":{"date":"Oct 11, 2021 12:00:00 AM"},"persistedTimestampGMT":{"date":"Oct 11, 2021 1:51:04 PM"},"timestampLocal":{"date":"Oct 11, 2021 8:23:40 AM"},"hydrationSource":"GARMIN_ACTIVITY","valueInML":0.0,"activityId":7639908041,"capped":false,"estimatedSweatLossInML":314.0,"duration":3146.595947265625},{"userProfilePK":82576128,"calendarDate":{"date":"Nov 15, 2021 12:00:00 AM"},"persistedTimestampGMT":{"date":"Nov 16, 2021 1:06:22 AM"},"timestampLocal":{"date":"Nov 15, 2021 7:45:24 PM"},"hydrationSource":"GARMIN_ACTIVITY","valueInML":0.0,"activityId":7825273198,"capped":false,"estimatedSweatLossInML":124.0,"duration":1245.426025390625},{"userProfilePK":82576128,"calendarDate":{"date":"Nov 18, 2021 12:00:00 AM"},"persistedTimestampGMT":{"date":"Nov 19, 2021 1:02:08 AM"},"timestampLocal":{"date":"Nov 18, 2021 7:01:41 PM"},"hydrationSource":"GARMIN_ACTIVITY","valueInML":0.0,"activityId":7840377255,"capped":false,"estimatedSweatLossInML":341.0,"duration":3414.4208984375}]