[{"userProfilePK":82576128,"calendarDate":{"date":"Oct 14, 2020 12:00:00 AM"},"persistedTimestampGMT":{"date":"Nov 12, 2020 10:46:35 AM"},"timestampLocal":{"date":"Oct 14, 2020 6:19:37 AM"},"hydrationSource":"GARMIN_ACTIVITY","valueInML":0.0,"activityId":5810123593,"capped":false,"estimatedSweatLossInML":524.0,"duration":5246.01806640625},{"userProfilePK":82576128,"calendarDate":{"date":"Oct 15, 2020 12:00:00 AM"},"persistedTimestampGMT":{"date":"Nov 12, 2020 10:46:57 AM"},"timestampLocal":{"date":"Oct 15, 2020 6:20:16 AM"},"hydrationSource":"GARMIN_ACTIVITY","valueInML":0.0,"activityId":5810124845,"capped":false,"estimatedSweatLossInML":523.0,"duration":5235.97119140625}]