[{"userProfilePK":82576128,"calendarDate":{"date":"Jul 29, 2020 12:00:00 AM"},"persistedTimestampGMT":{"date":"Jul 30, 2020 9:10:20 AM"},"timestampLocal":{"date":"Jul 29, 2020 6:22:08 AM"},"hydrationSource":"GARMIN_ACTIVITY","valueInML":0.0,"activityId":5305432265,"capped":false,"estimatedSweatLossInML":51.0,"duration":518.4219970703125},{"userProfilePK":82576128,"calendarDate":{"date":"Aug 4, 2020 12:00:00 AM"},"persistedTimestampGMT":{"date":"Aug 4, 2020 4:04:40 PM"},"timestampLocal":{"date":"Aug 4, 2020 6:10:39 AM"},"hydrationSource":"GARMIN_ACTIVITY","valueInML":0.0,"activityId":5334643785,"capped":false,"estimatedSweatLossInML":294.0,"duration":2945.611083984375},{"userProfilePK":82576128,"calendarDate":{"date":"Aug 14, 2020 12:00:00 AM"},"persistedTimestampGMT":{"date":"Aug 14, 2020 11:02:19 AM"},"timestampLocal":{"date":"Aug 14, 2020 6:18:33 AM"},"hydrationSource":"GARMIN_ACTIVITY","valueInML":0.0,"activityId":5383551003,"capped":false,"estimatedSweatLossInML":258.0,"duration":2586.677001953125},{"userProfilePK":82576128,"calendarDate":{"date":"Aug 20, 2020 12:00:00 AM"},"persistedTimestampGMT":{"date":"Aug 20, 2020 11:09:20 AM"},"timestampLocal":{"date":"Aug 20, 2020 6:11:35 AM"},"hydrationSource":"GARMIN_ACTIVITY","valueInML":0.0,"activityId":5413227518,"capped":false,"estimatedSweatLossInML":341.0,"duration":3414.946044921875},{"userProfilePK":82576128,"calendarDate":{"date":"Aug 25, 2020 12:00:00 AM"},"persistedTimestampGMT":{"date":"Aug 25, 2020 11:05:57 AM"},"timestampLocal":{"date":"Aug 25, 2020 6:22:55 AM"},"hydrationSource":"GARMIN_ACTIVITY","valueInML":0.0,"activityId":5437444986,"capped":false,"estimatedSweatLossInML":254.0,"duration":2541.47998046875},{"userProfilePK":82576128,"calendarDate":{"date":"Aug 26, 2020 12:00:00 AM"},"persistedTimestampGMT":{"date":"Aug 26, 2020 11:08:19 AM"},"timestampLocal":{"date":"Aug 26, 2020 6:12:22 AM"},"hydrationSource":"GARMIN_ACTIVITY","valueInML":0.0,"activityId":5442434751,"capped":false,"estimatedSweatLossInML":331.0,"duration":3311.39990234375},{"userProfilePK":82576128,"calendarDate":{"date":"Aug 27, 2020 12:00:00 AM"},"persistedTimestampGMT":{"date":"Aug 28, 2020 9:30:56 PM"},"timestampLocal":{"date":"Aug 27, 2020 6:21:27 AM"},"hydrationSource":"GARMIN_ACTIVITY","valueInML":0.0,"activityId":5454289994,"capped":false,"estimatedSweatLossInML":415.0,"duration":4157.23779296875},{"userProfilePK":82576128,"calendarDate":{"date":"Aug 29, 2020 12:00:00 AM"},"persistedTimestampGMT":{"date":"Aug 29, 2020 11:28:19 AM"},"timestampLocal":{"date":"Aug 29, 2020 6:31:52 AM"},"hydrationSource":"GARMIN_ACTIVITY","valueInML":0.0,"activityId":5456537194,"capped":false,"estimatedSweatLossInML":323.0,"duration":3237.364013671875},{"userProfilePK":82576128,"calendarDate":{"date":"Sep 7, 2020 12:00:00 AM"},"persistedTimestampGMT":{"date":"Nov 12, 2020 10:45:19 AM"},"timestampLocal":{"date":"Sep 7, 2020 7:00:33 AM"},"hydrationSource":"GARMIN_ACTIVITY","valueInML":0.0,"activityId":5810119410,"capped":false,"estimatedSweatLossInML":250.0,"duration":2501.1220703125},{"userProfilePK":82576128,"calendarDate":{"date":"Sep 12, 2020 12:00:00 AM"},"persistedTimestampGMT":{"date":"Nov 12, 2020 10:45:28 AM"},"timestampLocal":{"date":"Sep 12, 2020 8:35:14 AM"},"hydrationSource":"GARMIN_ACTIVITY","valueInML":0.0,"activityId":5810119887,"capped":false,"estimatedSweatLossInML":199.0,"duration":1996.9129638671875},{"userProfilePK":82576128,"calendarDate":{"date":"Sep 18, 2020 12:00:00 AM"},"persistedTimestampGMT":{"date":"Nov 12, 2020 10:45:41 AM"},"timestampLocal":{"date":"Sep 18, 2020 6:21:41 AM"},"hydrationSource":"GARMIN_ACTIVITY","valueInML":0.0,"activityId":5810120571,"capped":false,"estimatedSweatLossInML":238.0,"duration":2390.050048828125},{"userProfilePK":82576128,"calendarDate":{"date":"Oct 8, 2020 12:00:00 AM"},"persistedTimestampGMT":{"date":"Nov 12, 2020 10:46:00 AM"},"timestampLocal":{"date":"Oct 8, 2020 6:33:39 AM"},"hydrationSource":"GARMIN_ACTIVITY","valueInML":0.0,"activityId":5810121653,"capped":false,"estimatedSweatLossInML":439.0,"duration":4394.93212890625},{"userProfilePK":82576128,"calendarDate":{"date":"Oct 9, 2020 12:00:00 AM"},"persistedTimestampGMT":{"date":"Nov 12, 2020 10:46:14 AM"},"timestampLocal":{"date":"Oct 9, 2020 6:43:58 AM"},"hydrationSource":"GARMIN_ACTIVITY","valueInML":0.0,"activityId":5810122395,"capped":false,"estimatedSweatLossInML":343.0,"duration":3431.740966796875},{"userProfilePK":82576128,"calendarDate":{"date":"Oct 14, 2020 12:00:00 AM"},"persistedTimestampGMT":{"date":"Nov 12, 2020 10:46:35 AM"},"timestampLocal":{"date":"Oct 14, 2020 6:19:37 AM"},"hydrationSource":"GARMIN_ACTIVITY","valueInML":0.0,"activityId":5810123593,"capped":false,"estimatedSweatLossInML":524.0,"duration":5246.01806640625}]