[{"userProfilePK":82576128,"calendarDate":{"date":"Nov 18, 2021 12:00:00 AM"},"persistedTimestampGMT":{"date":"Nov 19, 2021 1:02:08 AM"},"timestampLocal":{"date":"Nov 18, 2021 7:01:41 PM"},"hydrationSource":"GARMIN_ACTIVITY","valueInML":0.0,"activityId":7840377255,"capped":false,"estimatedSweatLossInML":341.0,"duration":3414.4208984375},{"userProfilePK":82576128,"calendarDate":{"date":"Nov 21, 2021 12:00:00 AM"},"persistedTimestampGMT":{"date":"Nov 21, 2021 4:46:26 PM"},"timestampLocal":{"date":"Nov 21, 2021 11:17:01 AM"},"hydrationSource":"GARMIN_ACTIVITY","valueInML":0.0,"activityId":7853754552,"capped":false,"estimatedSweatLossInML":147.0,"duration":1473.126953125},{"userProfilePK":82576128,"calendarDate":{"date":"Nov 24, 2021 12:00:00 AM"},"persistedTimestampGMT":{"date":"Nov 25, 2021 1:04:05 AM"},"timestampLocal":{"date":"Nov 24, 2021 7:03:17 PM"},"hydrationSource":"GARMIN_ACTIVITY","valueInML":0.0,"activityId":7869827373,"capped":false,"estimatedSweatLossInML":341.0,"duration":3417.237060546875},{"userProfilePK":82576128,"calendarDate":{"date":"Feb 6, 2022 12:00:00 AM"},"persistedTimestampGMT":{"date":"Feb 6, 2022 9:59:23 PM"},"timestampLocal":{"date":"Feb 6, 2022 4:32:55 PM"},"hydrationSource":"GARMIN_ACTIVITY","valueInML":0.0,"activityId":8250642942,"capped":false,"estimatedSweatLossInML":157.0,"duration":1577.6829833984375},{"userProfilePK":82576128,"calendarDate":{"date":"Feb 7, 2022 12:00:00 AM"},"persistedTimestampGMT":{"date":"Feb 7, 2022 1:35:43 PM"},"timestampLocal":{"date":"Feb 7, 2022 7:15:23 AM"},"hydrationSource":"GARMIN_ACTIVITY","valueInML":0.0,"activityId":8253322201,"capped":false,"estimatedSweatLossInML":480.0,"duration":4802.48681640625},{"userProfilePK":82576128,"calendarDate":{"date":"Feb 8, 2022 12:00:00 AM"},"persistedTimestampGMT":{"date":"Feb 8, 2022 1:38:04 PM"},"timestampLocal":{"date":"Feb 8, 2022 7:08:45 AM"},"hydrationSource":"GARMIN_ACTIVITY","valueInML":0.0,"activityId":8259195198,"capped":false,"estimatedSweatLossInML":533.0,"duration":5339.373046875},{"userProfilePK":82576128,"calendarDate":{"date":"Feb 8, 2022 12:00:00 AM"},"persistedTimestampGMT":{"date":"Feb 9, 2022 1:16:02 AM"},"timestampLocal":{"date":"Feb 8, 2022 7:08:57 PM"},"hydrationSource":"GARMIN_ACTIVITY","valueInML":0.0,"activityId":8262890573,"capped":false,"estimatedSweatLossInML":331.0,"duration":3311.31591796875},{"userProfilePK":82576128,"calendarDate":{"date":"Feb 10, 2022 12:00:00 AM"},"persistedTimestampGMT":{"date":"Feb 10, 2022 2:06:32 PM"},"timestampLocal":{"date":"Feb 10, 2022 7:10:02 AM"},"hydrationSource":"GARMIN_ACTIVITY","valueInML":0.0,"activityId":8271576187,"capped":false,"estimatedSweatLossInML":692.0,"duration":6925.2978515625},{"userProfilePK":82576128,"calendarDate":{"date":"Feb 10, 2022 12:00:00 AM"},"persistedTimestampGMT":{"date":"Feb 11, 2022 1:02:36 AM"},"timestampLocal":{"date":"Feb 10, 2022 7:00:27 PM"},"hydrationSource":"GARMIN_ACTIVITY","valueInML":0.0,"activityId":8274785653,"capped":false,"estimatedSweatLossInML":359.0,"duration":3592.26904296875},{"userProfilePK":82576128,"calendarDate":{"date":"Feb 11, 2022 12:00:00 AM"},"persistedTimestampGMT":{"date":"Feb 11, 2022 2:10:17 PM"},"timestampLocal":{"date":"Feb 11, 2022 7:39:09 AM"},"hydrationSource":"GARMIN_ACTIVITY","valueInML":0.0,"activityId":8277348985,"capped":false,"estimatedSweatLossInML":540.0,"duration":5408.72314453125},{"userProfilePK":82576128,"calendarDate":{"date":"Feb 12, 2022 12:00:00 AM"},"persistedTimestampGMT":{"date":"Feb 12, 2022 5:43:52 PM"},"timestampLocal":{"date":"Feb 12, 2022 11:50:17 AM"},"hydrationSource":"GARMIN_ACTIVITY","valueInML":0.0,"activityId":8284924996,"capped":false,"estimatedSweatLossInML":319.0,"duration":3190.93798828125},{"userProfilePK":82576128,"calendarDate":{"date":"Feb 14, 2022 12:00:00 AM"},"persistedTimestampGMT":{"date":"Feb 14, 2022 2:57:43 PM"},"timestampLocal":{"date":"Feb 14, 2022 8:56:44 AM"},"hydrationSource":"GARMIN_ACTIVITY","valueInML":0.0,"activityId":8295318603,"capped":false,"estimatedSweatLossInML":364.0,"duration":3644.529052734375},{"userProfilePK":82576128,"calendarDate":{"date":"Feb 14, 2022 12:00:00 AM"},"persistedTimestampGMT":{"date":"Feb 15, 2022 1:03:53 AM"},"timestampLocal":{"date":"Feb 14, 2022 7:04:44 PM"},"hydrationSource":"GARMIN_ACTIVITY","valueInML":0.0,"activityId":8298083330,"capped":false,"estimatedSweatLossInML":314.0,"duration":3143.221923828125},{"userProfilePK":82576128,"calendarDate":{"date":"Feb 15, 2022 12:00:00 AM"},"persistedTimestampGMT":{"date":"Feb 15, 2022 1:52:32 PM"},"timestampLocal":{"date":"Feb 15, 2022 6:53:41 AM"},"hydrationSource":"GARMIN_ACTIVITY","valueInML":0.0,"activityId":8300570425,"capped":false,"estimatedSweatLossInML":707.0,"duration":7078.52099609375},{"userProfilePK":82576128,"calendarDate":{"date":"Feb 16, 2022 12:00:00 AM"},"persistedTimestampGMT":{"date":"Feb 16, 2022 2:13:48 PM"},"timestampLocal":{"date":"Feb 16, 2022 7:31:12 AM"},"hydrationSource":"GARMIN_ACTIVITY","valueInML":0.0,"activityId":8306578477,"capped":false,"estimatedSweatLossInML":610.0,"duration":6108.751953125},{"userProfilePK":82576128,"calendarDate":{"date":"Feb 16, 2022 12:00:00 AM"},"persistedTimestampGMT":{"date":"Feb 17, 2022 1:08:45 AM"},"timestampLocal":{"date":"Feb 16, 2022 7:00:50 PM"},"hydrationSource":"GARMIN_ACTIVITY","valueInML":0.0,"activityId":8309658988,"capped":false,"estimatedSweatLossInML":378.0,"duration":3781.2470703125},{"userProfilePK":82576128,"calendarDate":{"date":"Feb 17, 2022 12:00:00 AM"},"persistedTimestampGMT":{"date":"Feb 17, 2022 2:10:49 PM"},"timestampLocal":{"date":"Feb 17, 2022 7:20:09 AM"},"hydrationSource":"GARMIN_ACTIVITY","valueInML":0.0,"activityId":8312108624,"capped":false,"estimatedSweatLossInML":656.0,"duration":6570.10302734375},{"userProfilePK":82576128,"calendarDate":{"date":"Feb 20, 2022 12:00:00 AM"},"persistedTimestampGMT":{"date":"Feb 20, 2022 5:38:54 PM"},"timestampLocal":{"date":"Feb 20, 2022 11:22:19 AM"},"hydrationSource":"GARMIN_ACTIVITY","valueInML":0.0,"activityId":8330193081,"capped":false,"estimatedSweatLossInML":455.0,"duration":4554.85205078125},{"userProfilePK":82576128,"calendarDate":{"date":"Feb 21, 2022 12:00:00 AM"},"persistedTimestampGMT":{"date":"Feb 21, 2022 2:31:19 PM"},"timestampLocal":{"date":"Feb 21, 2022 8:28:20 AM"},"hydrationSource":"GARMIN_ACTIVITY","valueInML":0.0,"activityId":8334054405,"capped":false,"estimatedSweatLossInML":287.0,"duration":2872.074951171875},{"userProfilePK":82576128,"calendarDate":{"date":"Feb 21, 2022 12:00:00 AM"},"persistedTimestampGMT":{"date":"Feb 21, 2022 11:58:14 PM"},"timestampLocal":{"date":"Feb 21, 2022 6:34:50 PM"},"hydrationSource":"GARMIN_ACTIVITY","valueInML":0.0,"activityId":8336946911,"capped":false,"estimatedSweatLossInML":139.0,"duration":1394.0140380859375},{"userProfilePK":82576128,"calendarDate":{"date":"Feb 22, 2022 12:00:00 AM"},"persistedTimestampGMT":{"date":"Feb 22, 2022 1:44:22 PM"},"timestampLocal":{"date":"Feb 22, 2022 7:10:49 AM"},"hydrationSource":"GARMIN_ACTIVITY","valueInML":0.0,"activityId":8339609767,"capped":false,"estimatedSweatLossInML":559.0,"duration":5595.1240234375},{"userProfilePK":82576128,"calendarDate":{"date":"Feb 23, 2022 12:00:00 AM"},"persistedTimestampGMT":{"date":"Feb 23, 2022 1:56:27 PM"},"timestampLocal":{"date":"Feb 23, 2022 7:47:06 AM"},"hydrationSource":"GARMIN_ACTIVITY","valueInML":0.0,"activityId":8345675382,"capped":false,"estimatedSweatLossInML":411.0,"duration":4119.9609375},{"userProfilePK":82576128,"calendarDate":{"date":"Feb 24, 2022 12:00:00 AM"},"persistedTimestampGMT":{"date":"Feb 24, 2022 1:36:27 PM"},"timestampLocal":{"date":"Feb 24, 2022 6:48:16 AM"},"hydrationSource":"GARMIN_ACTIVITY","valueInML":0.0,"activityId":8351295231,"capped":false,"estimatedSweatLossInML":645.0,"duration":6453.1767578125},{"userProfilePK":82576128,"calendarDate":{"date":"Feb 24, 2022 12:00:00 AM"},"persistedTimestampGMT":{"date":"Feb 25, 2022 1:02:12 AM"},"timestampLocal":{"date":"Feb 24, 2022 7:03:26 PM"},"hydrationSource":"GARMIN_ACTIVITY","valueInML":0.0,"activityId":8354265587,"capped":false,"estimatedSweatLossInML":351.0,"duration":3510.708984375},{"userProfilePK":82576128,"calendarDate":{"date":"Feb 26, 2022 12:00:00 AM"},"persistedTimestampGMT":{"date":"Feb 26, 2022 3:23:42 PM"},"timestampLocal":{"date":"Feb 26, 2022 9:06:11 AM"},"hydrationSource":"GARMIN_ACTIVITY","valueInML":0.0,"activityId":8362684984,"capped":false,"estimatedSweatLossInML":463.0,"duration":4635.80712890625}]