[{"userProfilePK":82576128,"calendarDate":{"date":"Jul 27, 2021 12:00:00 AM"},"persistedTimestampGMT":{"date":"Jul 27, 2021 12:15:01 PM"},"timestampLocal":{"date":"Jul 27, 2021 7:02:28 AM"},"hydrationSource":"GARMIN_ACTIVITY","valueInML":0.0,"activityId":7197828919,"capped":false,"estimatedSweatLossInML":432.0,"duration":4327.56201171875},{"userProfilePK":82576128,"calendarDate":{"date":"Jul 27, 2021 12:00:00 AM"},"persistedTimestampGMT":{"date":"Jul 28, 2021 11:00:29 AM"},"timestampLocal":{"date":"Jul 27, 2021 7:05:47 PM"},"hydrationSource":"GARMIN_ACTIVITY","valueInML":0.0,"activityId":7203272464,"capped":false,"estimatedSweatLossInML":329.0,"duration":3290.279052734375},{"userProfilePK":82576128,"calendarDate":{"date":"Jul 29, 2021 12:00:00 AM"},"persistedTimestampGMT":{"date":"Jul 30, 2021 1:12:30 PM"},"timestampLocal":{"date":"Jul 29, 2021 7:01:47 PM"},"hydrationSource":"GARMIN_ACTIVITY","valueInML":0.0,"activityId":7215426163,"capped":false,"estimatedSweatLossInML":370.0,"duration":3707.18798828125},{"userProfilePK":82576128,"calendarDate":{"date":"Aug 8, 2021 12:00:00 AM"},"persistedTimestampGMT":{"date":"Aug 8, 2021 2:40:44 PM"},"timestampLocal":{"date":"Aug 8, 2021 9:42:10 AM"},"hydrationSource":"GARMIN_ACTIVITY","valueInML":0.0,"activityId":7268052195,"capped":false,"estimatedSweatLossInML":312.0,"duration":3126.9541015625},{"userProfilePK":82576128,"calendarDate":{"date":"Aug 9, 2021 12:00:00 AM"},"persistedTimestampGMT":{"date":"Aug 10, 2021 12:17:03 AM"},"timestampLocal":{"date":"Aug 9, 2021 7:02:04 PM"},"hydrationSource":"GARMIN_ACTIVITY","valueInML":0.0,"activityId":7276312429,"capped":false,"estimatedSweatLossInML":340.0,"duration":3401.416015625},{"userProfilePK":82576128,"calendarDate":{"date":"Aug 10, 2021 12:00:00 AM"},"persistedTimestampGMT":{"date":"Aug 11, 2021 12:41:45 AM"},"timestampLocal":{"date":"Aug 10, 2021 7:03:45 PM"},"hydrationSource":"GARMIN_ACTIVITY","valueInML":0.0,"activityId":7282726399,"capped":false,"estimatedSweatLossInML":352.0,"duration":3526.616943359375}]