{"id":376898853,"profileId":82576128,"displayName":"74921bab-ae65-4e31-be87-7ce38e59de6b","fullName":"Jayraj","userName":"jayrajparmar009@gmail.com","profileImageUrlLarge":"https://s3.amazonaws.com/garmin-connect-prod/profile_images/6901483e-0caa-42de-9f31-4573b41fa5ac-82576128.png","profileImageUrlMedium":"https://s3.amazonaws.com/garmin-connect-prod/profile_images/5ac1d9c7-c5fc-45f9-918b-d2bcb1e908da-82576128.png","profileImageUrlSmall":"https://s3.amazonaws.com/garmin-connect-prod/profile_images/4ccc9df5-7c86-496e-8996-66ebc92f277a-82576128.png","location":"Etobicoke & Ontario","runningTrainingSpeed":0.0,"cyclingTrainingSpeed":0.0,"cyclingMaxAvgPower":0.0,"swimmingTrainingSpeed":0.0,"profileVisibility":"private","activityStartVisibility":"public","activityMapVisibility":"public","courseVisibility":"public","activityHeartRateVisibility":"public","activityPowerVisibility":"public","badgeVisibility":"following","showAge":false,"showWeight":false,"showHeight":false,"showWeightClass":false,"showAgeRange":false,"showGender":false,"showActivityClass":false,"showVO2Max":false,"showPersonalRecords":true,"showLast12Months":true,"showLifetimeTotals":true,"showUpcomingEvents":true,"showRecentFavorites":true,"showRecentDevice":true,"showRecentGear":false,"showBadges":true,"nameApproved":true,"makeGolfScorecardsPrivate":true,"allowGolfLiveScoring":false,"allowGolfScoringByConnections":true,"userLevel":2,"userPoint":39,"levelUpdateDate":"2020-01-10T00:04:19.0","levelIsViewed":false,"levelUpdateDateGMT":"2020-01-10T00:04:19.0","userPro":false}