[{"userProfilePK":82576128,"calendarDate":{"date":"Jul 25, 2021 12:00:00 AM"},"uuid":"7a23d6f15af442c29d348a248f3ad99f","durationInMilliseconds":86400000,"totalKilocalories":3013.0,"activeKilocalories":802.0,"bmrKilocalories":2211.0,"wellnessKilocalories":3013.0,"remainingKilocalories":3013.0,"wellnessTotalKilocalories":3013.0,"wellnessActiveKilocalories":802.0,"totalSteps":5851,"dailyStepGoal":2260,"netCalorieGoal":2000,"totalDistanceMeters":4659,"wellnessDistanceMeters":4659,"wellnessStartTimeGmt":{"date":"Jul 25, 2021 4:00:00 AM"},"wellnessEndTimeGmt":{"date":"Jul 26, 2021 4:00:00 AM"},"wellnessStartTimeLocal":{"date":"Jul 25, 2021 12:00:00 AM"},"wellnessEndTimeLocal":{"date":"Jul 26, 2021 12:00:00 AM"},"highlyActiveSeconds":796,"activeSeconds":6071,"moderateIntensityMinutes":40,"vigorousIntensityMinutes":0,"floorsAscendedInMeters":12.708,"floorsDescendedInMeters":13.374,"userIntensityMinutesGoal":150,"userFloorsAscendedGoal":10,"minHeartRate":67,"maxHeartRate":144,"restingHeartRate":78,"currentDayRestingHeartRate":80,"restingHeartRateTimestamp":"Jul 26, 2021 4:00:00 AM","includesWellnessData":true,"includesActivityData":false,"includesCalorieConsumedData":false,"includesSingleMeasurement":false,"includesContinuousMeasurement":false,"includesAllDayPulseOx":false,"includesSleepPulseOx":false,"source":0,"allDayStress":{"userProfilePK":82576128,"calendarDate":{"date":"Jul 25, 2021 12:00:00 AM"},"aggregatorList":[{"type":"TOTAL","averageStressLevel":40,"averageStressLevelIntensity":34,"maxStressLevel":94,"stressIntensityCount":317,"stressOffWristCount":492,"stressTooActiveCount":168,"totalStressCount":977,"totalStressIntensity":-4236,"stressDuration":9120,"restDuration":9900,"activityDuration":10080,"uncategorizedDuration":29520,"totalDuration":58620,"lowDuration":3780,"mediumDuration":1680,"highDuration":3660},{"type":"AWAKE","averageStressLevel":40,"averageStressLevelIntensity":34,"maxStressLevel":94,"stressIntensityCount":317,"stressOffWristCount":492,"stressTooActiveCount":168,"totalStressCount":977,"totalStressIntensity":-4236,"stressDuration":9120,"restDuration":9900,"activityDuration":10080,"uncategorizedDuration":29520,"totalDuration":58620,"lowDuration":3780,"mediumDuration":1680,"highDuration":3660},{"type":"ASLEEP","averageStressLevel":-2,"averageStressLevelIntensity":-2,"maxStressLevel":0,"stressIntensityCount":0,"stressOffWristCount":0,"stressTooActiveCount":0,"totalStressCount":0,"totalStressIntensity":0,"stressDuration":0,"restDuration":0,"activityDuration":0,"uncategorizedDuration":0,"totalDuration":0,"lowDuration":0,"mediumDuration":0,"highDuration":0}]},"bodyBattery":{"userProfilePK":82576128,"calendarDate":{"date":"Jul 25, 2021 12:00:00 AM"},"chargedValue":9,"drainedValue":43,"bodyBatteryVersion":1.0,"bodyBatteryStatList":[{"bodyBatteryStatType":"HIGHEST","statsValue":81,"bodyBatteryStatus":"MEASURED","statTimestamp":{"date":"Jul 25, 2021 11:38:00 AM"}},{"bodyBatteryStatType":"LOWEST","statsValue":30,"bodyBatteryStatus":"RESET","statTimestamp":{"date":"Jul 25, 2021 11:33:00 PM"}},{"bodyBatteryStatType":"MOSTRECENT","statsValue":36,"bodyBatteryStatus":"MEASURED","statTimestamp":{"date":"Jul 26, 2021 2:25:00 AM"}}]},"minAvgHeartRate":67,"maxAvgHeartRate":143,"version":53220002,"respiration":{"userProfilePK":82576128,"calendarDate":{"date":"Jul 25, 2021 12:00:00 AM"},"avgWakingRespirationValue":13.0,"highestRespirationValue":16.0,"lowestRespirationValue":11.0,"latestRespirationValue":12.0,"latestRespirationTimeGMT":{"date":"Jul 26, 2021 2:18:00 AM"}}},{"userProfilePK":82576128,"calendarDate":{"date":"Jul 26, 2021 12:00:00 AM"},"uuid":"78a60593c85b4d96bb6a685f8673d0ba","durationInMilliseconds":86400000,"totalKilocalories":2540.0,"activeKilocalories":329.0,"bmrKilocalories":2211.0,"wellnessKilocalories":2540.0,"remainingKilocalories":2540.0,"wellnessTotalKilocalories":2540.0,"wellnessActiveKilocalories":329.0,"totalSteps":3690,"dailyStepGoal":2620,"netCalorieGoal":2000,"totalDistanceMeters":2938,"wellnessDistanceMeters":2938,"wellnessStartTimeGmt":{"date":"Jul 26, 2021 4:00:00 AM"},"wellnessEndTimeGmt":{"date":"Jul 27, 2021 4:00:00 AM"},"wellnessStartTimeLocal":{"date":"Jul 26, 2021 12:00:00 AM"},"wellnessEndTimeLocal":{"date":"Jul 27, 2021 12:00:00 AM"},"highlyActiveSeconds":138,"activeSeconds":3962,"moderateIntensityMinutes":0,"vigorousIntensityMinutes":0,"floorsAscendedInMeters":14.406,"floorsDescendedInMeters":8.575,"userIntensityMinutesGoal":150,"userFloorsAscendedGoal":10,"minHeartRate":59,"maxHeartRate":140,"restingHeartRate":71,"currentDayRestingHeartRate":62,"restingHeartRateTimestamp":"Jul 27, 2021 4:00:00 AM","includesWellnessData":true,"includesActivityData":false,"includesCalorieConsumedData":false,"includesSingleMeasurement":false,"includesContinuousMeasurement":false,"includesAllDayPulseOx":false,"includesSleepPulseOx":false,"source":0,"allDayStress":{"userProfilePK":82576128,"calendarDate":{"date":"Jul 26, 2021 12:00:00 AM"},"aggregatorList":[{"type":"TOTAL","averageStressLevel":24,"averageStressLevelIntensity":22,"maxStressLevel":96,"stressIntensityCount":441,"stressOffWristCount":850,"stressTooActiveCount":149,"totalStressCount":1440,"totalStressIntensity":5622,"stressDuration":7680,"restDuration":18780,"activityDuration":8940,"uncategorizedDuration":51000,"totalDuration":86400,"lowDuration":6900,"mediumDuration":660,"highDuration":120},{"type":"AWAKE","averageStressLevel":24,"averageStressLevelIntensity":22,"maxStressLevel":96,"stressIntensityCount":441,"stressOffWristCount":850,"stressTooActiveCount":149,"totalStressCount":1440,"totalStressIntensity":5622,"stressDuration":7680,"restDuration":18780,"activityDuration":8940,"uncategorizedDuration":51000,"totalDuration":86400,"lowDuration":6900,"mediumDuration":660,"highDuration":120},{"type":"ASLEEP","averageStressLevel":-2,"averageStressLevelIntensity":-2,"maxStressLevel":0,"stressIntensityCount":0,"stressOffWristCount":0,"stressTooActiveCount":0,"totalStressCount":0,"totalStressIntensity":0,"stressDuration":0,"restDuration":0,"activityDuration":0,"uncategorizedDuration":0,"totalDuration":0,"lowDuration":0,"mediumDuration":0,"highDuration":0}]},"bodyBattery":{"userProfilePK":82576128,"calendarDate":{"date":"Jul 26, 2021 12:00:00 AM"},"chargedValue":17,"drainedValue":35,"bodyBatteryVersion":1.0,"bodyBatteryStatList":[{"bodyBatteryStatType":"HIGHEST","statsValue":81,"bodyBatteryStatus":"RESET","statTimestamp":{"date":"Jul 26, 2021 10:27:00 AM"}},{"bodyBatteryStatType":"LOWEST","statsValue":62,"bodyBatteryStatus":"MEASURED","statTimestamp":{"date":"Jul 26, 2021 6:51:00 PM"}},{"bodyBatteryStatType":"MOSTRECENT","statsValue":63,"bodyBatteryStatus":"MEASURED","statTimestamp":{"date":"Jul 26, 2021 9:47:00 PM"}}]},"minAvgHeartRate":59,"maxAvgHeartRate":129,"version":38220002,"respiration":{"userProfilePK":82576128,"calendarDate":{"date":"Jul 26, 2021 12:00:00 AM"},"avgWakingRespirationValue":13.0,"highestRespirationValue":15.0,"lowestRespirationValue":9.0,"latestRespirationValue":13.0,"latestRespirationTimeGMT":{"date":"Jul 26, 2021 9:41:00 PM"}}},{"userProfilePK":82576128,"calendarDate":{"date":"Jul 27, 2021 12:00:00 AM"},"uuid":"a7e157ac8c7d4b01bb9bdb82317afc45","durationInMilliseconds":86400000,"totalKilocalories":3472.0,"activeKilocalories":1261.0,"bmrKilocalories":2211.0,"wellnessKilocalories":3472.0,"remainingKilocalories":3472.0,"wellnessTotalKilocalories":3472.0,"wellnessActiveKilocalories":1261.0,"totalSteps":7592,"dailyStepGoal":2840,"netCalorieGoal":2000,"totalDistanceMeters":6554,"wellnessDistanceMeters":6554,"wellnessStartTimeGmt":{"date":"Jul 27, 2021 4:00:00 AM"},"wellnessEndTimeGmt":{"date":"Jul 28, 2021 4:00:00 AM"},"wellnessStartTimeLocal":{"date":"Jul 27, 2021 12:00:00 AM"},"wellnessEndTimeLocal":{"date":"Jul 28, 2021 12:00:00 AM"},"highlyActiveSeconds":994,"activeSeconds":6103,"moderateIntensityMinutes":47,"vigorousIntensityMinutes":1,"floorsAscendedInMeters":15.27,"floorsDescendedInMeters":5.989,"userIntensityMinutesGoal":150,"userFloorsAscendedGoal":10,"minHeartRate":69,"maxHeartRate":174,"restingHeartRate":73,"currentDayRestingHeartRate":78,"restingHeartRateTimestamp":"Jul 28, 2021 4:00:00 AM","includesWellnessData":true,"includesActivityData":true,"includesCalorieConsumedData":false,"includesSingleMeasurement":false,"includesContinuousMeasurement":false,"includesAllDayPulseOx":false,"includesSleepPulseOx":false,"source":0,"allDayStress":{"userProfilePK":82576128,"calendarDate":{"date":"Jul 27, 2021 12:00:00 AM"},"aggregatorList":[{"type":"TOTAL","averageStressLevel":26,"averageStressLevelIntensity":23,"maxStressLevel":64,"stressIntensityCount":35,"stressOffWristCount":1232,"stressTooActiveCount":172,"totalStressCount":1439,"totalStressIntensity":361,"stressDuration":420,"restDuration":1680,"activityDuration":10320,"uncategorizedDuration":73920,"totalDuration":86340,"lowDuration":180,"mediumDuration":240,"highDuration":0},{"type":"AWAKE","averageStressLevel":26,"averageStressLevelIntensity":23,"maxStressLevel":64,"stressIntensityCount":35,"stressOffWristCount":1232,"stressTooActiveCount":172,"totalStressCount":1439,"totalStressIntensity":361,"stressDuration":420,"restDuration":1680,"activityDuration":10320,"uncategorizedDuration":73920,"totalDuration":86340,"lowDuration":180,"mediumDuration":240,"highDuration":0},{"type":"ASLEEP","averageStressLevel":-2,"averageStressLevelIntensity":-2,"maxStressLevel":0,"stressIntensityCount":0,"stressOffWristCount":0,"stressTooActiveCount":0,"totalStressCount":0,"totalStressIntensity":0,"stressDuration":0,"restDuration":0,"activityDuration":0,"uncategorizedDuration":0,"totalDuration":0,"lowDuration":0,"mediumDuration":0,"highDuration":0}]},"bodyBattery":{"userProfilePK":82576128,"calendarDate":{"date":"Jul 27, 2021 12:00:00 AM"},"chargedValue":2,"drainedValue":36,"bodyBatteryVersion":1.0,"bodyBatteryStatList":[{"bodyBatteryStatType":"HIGHEST","statsValue":81,"bodyBatteryStatus":"RESET","statTimestamp":{"date":"Jul 27, 2021 10:26:00 AM"}},{"bodyBatteryStatType":"LOWEST","statsValue":15,"bodyBatteryStatus":"MEASURED","statTimestamp":{"date":"Jul 27, 2021 11:58:00 PM"}},{"bodyBatteryStatType":"MOSTRECENT","statsValue":15,"bodyBatteryStatus":"MEASURED","statTimestamp":{"date":"Jul 28, 2021 12:46:00 AM"}}]},"minAvgHeartRate":73,"maxAvgHeartRate":169,"version":29640003,"hydration":{"userProfilePK":82576128,"calendarDate":{"date":"Jul 27, 2021 12:00:00 AM"},"valueInML":0.0,"activityIntakeInML":0.0,"goalInML":2129.0,"capped":false,"sweatLossInML":761.0,"adjustedGoalInML":2890.0,"lastEntryTimestampLocal":{"date":"Jul 27, 2021 7:05:47 PM"}},"respiration":{"userProfilePK":82576128,"calendarDate":{"date":"Jul 27, 2021 12:00:00 AM"},"avgWakingRespirationValue":13.0,"highestRespirationValue":16.0,"lowestRespirationValue":10.0,"latestRespirationValue":13.0,"latestRespirationTimeGMT":{"date":"Jul 28, 2021 12:38:00 AM"}}},{"userProfilePK":82576128,"calendarDate":{"date":"Jul 28, 2021 12:00:00 AM"},"uuid":"2039500a65ff40b48909d614a138be18","durationInMilliseconds":86400000,"totalKilocalories":2347.0,"activeKilocalories":136.0,"bmrKilocalories":2211.0,"wellnessKilocalories":2347.0,"remainingKilocalories":2347.0,"wellnessTotalKilocalories":2347.0,"wellnessActiveKilocalories":136.0,"totalSteps":2829,"dailyStepGoal":3790,"netCalorieGoal":2000,"totalDistanceMeters":2358,"wellnessDistanceMeters":2358,"wellnessStartTimeGmt":{"date":"Jul 28, 2021 4:00:00 AM"},"wellnessEndTimeGmt":{"date":"Jul 29, 2021 4:00:00 AM"},"wellnessStartTimeLocal":{"date":"Jul 28, 2021 12:00:00 AM"},"wellnessEndTimeLocal":{"date":"Jul 29, 2021 12:00:00 AM"},"highlyActiveSeconds":109,"activeSeconds":2040,"moderateIntensityMinutes":0,"vigorousIntensityMinutes":0,"floorsAscendedInMeters":3.048,"floorsDescendedInMeters":5.39,"userIntensityMinutesGoal":150,"userFloorsAscendedGoal":10,"minHeartRate":64,"maxHeartRate":117,"restingHeartRate":75,"currentDayRestingHeartRate":80,"restingHeartRateTimestamp":"Jul 29, 2021 4:00:00 AM","includesWellnessData":true,"includesActivityData":false,"includesCalorieConsumedData":false,"includesSingleMeasurement":false,"includesContinuousMeasurement":false,"includesAllDayPulseOx":false,"includesSleepPulseOx":false,"source":0,"allDayStress":{"userProfilePK":82576128,"calendarDate":{"date":"Jul 28, 2021 12:00:00 AM"},"aggregatorList":[{"type":"TOTAL","averageStressLevel":27,"averageStressLevelIntensity":22,"maxStressLevel":76,"stressIntensityCount":67,"stressOffWristCount":1289,"stressTooActiveCount":83,"totalStressCount":1439,"totalStressIntensity":959,"stressDuration":1020,"restDuration":3000,"activityDuration":4980,"uncategorizedDuration":77340,"totalDuration":86340,"lowDuration":300,"mediumDuration":600,"highDuration":120},{"type":"AWAKE","averageStressLevel":27,"averageStressLevelIntensity":22,"maxStressLevel":76,"stressIntensityCount":67,"stressOffWristCount":1289,"stressTooActiveCount":83,"totalStressCount":1439,"totalStressIntensity":959,"stressDuration":1020,"restDuration":3000,"activityDuration":4980,"uncategorizedDuration":77340,"totalDuration":86340,"lowDuration":300,"mediumDuration":600,"highDuration":120},{"type":"ASLEEP","averageStressLevel":-2,"averageStressLevelIntensity":-2,"maxStressLevel":0,"stressIntensityCount":0,"stressOffWristCount":0,"stressTooActiveCount":0,"totalStressCount":0,"totalStressIntensity":0,"stressDuration":0,"restDuration":0,"activityDuration":0,"uncategorizedDuration":0,"totalDuration":0,"lowDuration":0,"mediumDuration":0,"highDuration":0}]},"bodyBattery":{"userProfilePK":82576128,"calendarDate":{"date":"Jul 28, 2021 12:00:00 AM"},"chargedValue":5,"drainedValue":14,"bodyBatteryVersion":1.0,"bodyBatteryStatList":[{"bodyBatteryStatType":"HIGHEST","statsValue":84,"bodyBatteryStatus":"RESET","statTimestamp":{"date":"Jul 28, 2021 10:54:00 AM"}},{"bodyBatteryStatType":"LOWEST","statsValue":32,"bodyBatteryStatus":"RESET","statTimestamp":{"date":"Jul 29, 2021 2:32:00 AM"}},{"bodyBatteryStatType":"MOSTRECENT","statsValue":37,"bodyBatteryStatus":"MEASURED","statTimestamp":{"date":"Jul 29, 2021 3:11:00 AM"}}]},"minAvgHeartRate":73,"maxAvgHeartRate":116,"version":45300002,"respiration":{"userProfilePK":82576128,"calendarDate":{"date":"Jul 28, 2021 12:00:00 AM"},"avgWakingRespirationValue":12.0,"highestRespirationValue":15.0,"lowestRespirationValue":10.0,"latestRespirationValue":12.0,"latestRespirationTimeGMT":{"date":"Jul 29, 2021 3:08:00 AM"}}},{"userProfilePK":82576128,"calendarDate":{"date":"Jul 29, 2021 12:00:00 AM"},"uuid":"a13feff457924c41b70f62df37e09198","durationInMilliseconds":86400000,"totalKilocalories":3318.0,"activeKilocalories":1107.0,"bmrKilocalories":2211.0,"wellnessKilocalories":3318.0,"remainingKilocalories":3318.0,"wellnessTotalKilocalories":3318.0,"wellnessActiveKilocalories":1107.0,"totalSteps":6849,"dailyStepGoal":3700,"netCalorieGoal":2000,"totalDistanceMeters":6302,"wellnessDistanceMeters":6302,"wellnessStartTimeGmt":{"date":"Jul 29, 2021 4:00:00 AM"},"wellnessEndTimeGmt":{"date":"Jul 30, 2021 4:00:00 AM"},"wellnessStartTimeLocal":{"date":"Jul 29, 2021 12:00:00 AM"},"wellnessEndTimeLocal":{"date":"Jul 30, 2021 12:00:00 AM"},"highlyActiveSeconds":1576,"activeSeconds":5644,"moderateIntensityMinutes":28,"vigorousIntensityMinutes":32,"floorsAscendedInMeters":13.427,"floorsDescendedInMeters":5.074,"userIntensityMinutesGoal":150,"userFloorsAscendedGoal":10,"minHeartRate":72,"maxHeartRate":188,"restingHeartRate":76,"currentDayRestingHeartRate":81,"restingHeartRateTimestamp":"Jul 30, 2021 4:00:00 AM","includesWellnessData":true,"includesActivityData":true,"includesCalorieConsumedData":false,"includesSingleMeasurement":false,"includesContinuousMeasurement":false,"includesAllDayPulseOx":false,"includesSleepPulseOx":false,"source":0,"allDayStress":{"userProfilePK":82576128,"calendarDate":{"date":"Jul 29, 2021 12:00:00 AM"},"aggregatorList":[{"type":"TOTAL","averageStressLevel":35,"averageStressLevelIntensity":32,"maxStressLevel":90,"stressIntensityCount":39,"stressOffWristCount":1214,"stressTooActiveCount":187,"totalStressCount":1440,"totalStressIntensity":-398,"stressDuration":1140,"restDuration":1200,"activityDuration":11220,"uncategorizedDuration":72840,"totalDuration":86400,"lowDuration":780,"mediumDuration":300,"highDuration":60},{"type":"AWAKE","averageStressLevel":35,"averageStressLevelIntensity":32,"maxStressLevel":90,"stressIntensityCount":39,"stressOffWristCount":1214,"stressTooActiveCount":187,"totalStressCount":1440,"totalStressIntensity":-398,"stressDuration":1140,"restDuration":1200,"activityDuration":11220,"uncategorizedDuration":72840,"totalDuration":86400,"lowDuration":780,"mediumDuration":300,"highDuration":60},{"type":"ASLEEP","averageStressLevel":-2,"averageStressLevelIntensity":-2,"maxStressLevel":0,"stressIntensityCount":0,"stressOffWristCount":0,"stressTooActiveCount":0,"totalStressCount":0,"totalStressIntensity":0,"stressDuration":0,"restDuration":0,"activityDuration":0,"uncategorizedDuration":0,"totalDuration":0,"lowDuration":0,"mediumDuration":0,"highDuration":0}]},"bodyBattery":{"userProfilePK":82576128,"calendarDate":{"date":"Jul 29, 2021 12:00:00 AM"},"chargedValue":1,"drainedValue":38,"bodyBatteryVersion":1.0,"bodyBatteryStatList":[{"bodyBatteryStatType":"HIGHEST","statsValue":83,"bodyBatteryStatus":"RESET","statTimestamp":{"date":"Jul 29, 2021 10:43:00 AM"}},{"bodyBatteryStatType":"LOWEST","statsValue":9,"bodyBatteryStatus":"MEASURED","statTimestamp":{"date":"Jul 29, 2021 11:55:00 PM"}},{"bodyBatteryStatType":"MOSTRECENT","statsValue":10,"bodyBatteryStatus":"MEASURED","statTimestamp":{"date":"Jul 30, 2021 12:41:00 AM"}}]},"minAvgHeartRate":78,"maxAvgHeartRate":187,"version":73200003,"hydration":{"userProfilePK":82576128,"calendarDate":{"date":"Jul 29, 2021 12:00:00 AM"},"valueInML":0.0,"activityIntakeInML":0.0,"goalInML":2129.0,"capped":false,"sweatLossInML":370.0,"adjustedGoalInML":2499.0,"lastEntryTimestampLocal":{"date":"Jul 29, 2021 7:01:47 PM"}},"respiration":{"userProfilePK":82576128,"calendarDate":{"date":"Jul 29, 2021 12:00:00 AM"},"avgWakingRespirationValue":13.0,"highestRespirationValue":19.0,"lowestRespirationValue":10.0,"latestRespirationValue":14.0,"latestRespirationTimeGMT":{"date":"Jul 30, 2021 12:38:00 AM"}}},{"userProfilePK":82576128,"calendarDate":{"date":"Jul 30, 2021 12:00:00 AM"},"uuid":"b4e9e96e839144d8bf5cb963e5bf3227","durationInMilliseconds":86400000,"totalKilocalories":2621.0,"activeKilocalories":410.0,"bmrKilocalories":2211.0,"wellnessKilocalories":2621.0,"remainingKilocalories":2621.0,"wellnessTotalKilocalories":2621.0,"wellnessActiveKilocalories":410.0,"totalSteps":3329,"dailyStepGoal":4020,"netCalorieGoal":2000,"totalDistanceMeters":2651,"wellnessDistanceMeters":2651,"wellnessStartTimeGmt":{"date":"Jul 30, 2021 4:00:00 AM"},"wellnessEndTimeGmt":{"date":"Jul 31, 2021 4:00:00 AM"},"wellnessStartTimeLocal":{"date":"Jul 30, 2021 12:00:00 AM"},"wellnessEndTimeLocal":{"date":"Jul 31, 2021 12:00:00 AM"},"highlyActiveSeconds":5,"activeSeconds":4212,"moderateIntensityMinutes":0,"vigorousIntensityMinutes":0,"floorsAscendedInMeters":2.151,"floorsDescendedInMeters":2.331,"userIntensityMinutesGoal":150,"userFloorsAscendedGoal":10,"minHeartRate":67,"maxHeartRate":134,"restingHeartRate":77,"currentDayRestingHeartRate":80,"restingHeartRateTimestamp":"Jul 31, 2021 4:00:00 AM","includesWellnessData":true,"includesActivityData":false,"includesCalorieConsumedData":false,"includesSingleMeasurement":false,"includesContinuousMeasurement":false,"includesAllDayPulseOx":false,"includesSleepPulseOx":false,"source":0,"allDayStress":{"userProfilePK":82576128,"calendarDate":{"date":"Jul 30, 2021 12:00:00 AM"},"aggregatorList":[{"type":"TOTAL","averageStressLevel":28,"averageStressLevelIntensity":24,"maxStressLevel":84,"stressIntensityCount":67,"stressOffWristCount":1266,"stressTooActiveCount":107,"totalStressCount":1440,"totalStressIntensity":439,"stressDuration":1200,"restDuration":2820,"activityDuration":6420,"uncategorizedDuration":75960,"totalDuration":86400,"lowDuration":720,"mediumDuration":360,"highDuration":120},{"type":"AWAKE","averageStressLevel":28,"averageStressLevelIntensity":24,"maxStressLevel":84,"stressIntensityCount":67,"stressOffWristCount":1266,"stressTooActiveCount":107,"totalStressCount":1440,"totalStressIntensity":439,"stressDuration":1200,"restDuration":2820,"activityDuration":6420,"uncategorizedDuration":75960,"totalDuration":86400,"lowDuration":720,"mediumDuration":360,"highDuration":120},{"type":"ASLEEP","averageStressLevel":-2,"averageStressLevelIntensity":-2,"maxStressLevel":0,"stressIntensityCount":0,"stressOffWristCount":0,"stressTooActiveCount":0,"totalStressCount":0,"totalStressIntensity":0,"stressDuration":0,"restDuration":0,"activityDuration":0,"uncategorizedDuration":0,"totalDuration":0,"lowDuration":0,"mediumDuration":0,"highDuration":0}]},"bodyBattery":{"userProfilePK":82576128,"calendarDate":{"date":"Jul 30, 2021 12:00:00 AM"},"chargedValue":6,"drainedValue":6,"bodyBatteryVersion":1.0,"bodyBatteryStatList":[{"bodyBatteryStatType":"HIGHEST","statsValue":38,"bodyBatteryStatus":"MEASURED","statTimestamp":{"date":"Jul 30, 2021 9:20:00 PM"}},{"bodyBatteryStatType":"LOWEST","statsValue":33,"bodyBatteryStatus":"MEASURED","statTimestamp":{"date":"Jul 30, 2021 11:14:00 PM"}},{"bodyBatteryStatType":"MOSTRECENT","statsValue":36,"bodyBatteryStatus":"MEASURED","statTimestamp":{"date":"Jul 31, 2021 2:35:00 AM"}}]},"minAvgHeartRate":67,"maxAvgHeartRate":132,"version":60780002,"respiration":{"userProfilePK":82576128,"calendarDate":{"date":"Jul 30, 2021 12:00:00 AM"},"avgWakingRespirationValue":14.0,"highestRespirationValue":19.0,"lowestRespirationValue":12.0,"latestRespirationValue":18.0,"latestRespirationTimeGMT":{"date":"Jul 31, 2021 2:32:00 AM"}}},{"userProfilePK":82576128,"calendarDate":{"date":"Jul 31, 2021 12:00:00 AM"},"uuid":"59eda3caecf440c4997baf4c3a13117b","durationInMilliseconds":86400000,"totalKilocalories":2606.0,"activeKilocalories":395.0,"bmrKilocalories":2211.0,"wellnessKilocalories":2606.0,"remainingKilocalories":2606.0,"wellnessTotalKilocalories":2606.0,"wellnessActiveKilocalories":395.0,"totalSteps":8692,"dailyStepGoal":3950,"netCalorieGoal":2000,"totalDistanceMeters":6921,"wellnessDistanceMeters":6921,"wellnessStartTimeGmt":{"date":"Jul 31, 2021 4:00:00 AM"},"wellnessEndTimeGmt":{"date":"Aug 1, 2021 4:00:00 AM"},"wellnessStartTimeLocal":{"date":"Jul 31, 2021 12:00:00 AM"},"wellnessEndTimeLocal":{"date":"Aug 1, 2021 12:00:00 AM"},"highlyActiveSeconds":482,"activeSeconds":6067,"moderateIntensityMinutes":0,"vigorousIntensityMinutes":0,"floorsAscendedInMeters":56.834,"floorsDescendedInMeters":41.657,"userIntensityMinutesGoal":150,"userFloorsAscendedGoal":10,"minHeartRate":69,"maxHeartRate":140,"restingHeartRate":77,"currentDayRestingHeartRate":75,"restingHeartRateTimestamp":"Aug 1, 2021 4:00:00 AM","includesWellnessData":true,"includesActivityData":false,"includesCalorieConsumedData":false,"includesSingleMeasurement":false,"includesContinuousMeasurement":false,"includesAllDayPulseOx":false,"includesSleepPulseOx":false,"source":0,"allDayStress":{"userProfilePK":82576128,"calendarDate":{"date":"Jul 31, 2021 12:00:00 AM"},"aggregatorList":[{"type":"TOTAL","averageStressLevel":27,"averageStressLevelIntensity":23,"maxStressLevel":74,"stressIntensityCount":138,"stressOffWristCount":1174,"stressTooActiveCount":127,"totalStressCount":1439,"totalStressIntensity":1324,"stressDuration":2700,"restDuration":5580,"activityDuration":7620,"uncategorizedDuration":70440,"totalDuration":86340,"lowDuration":1740,"mediumDuration":960,"highDuration":0},{"type":"AWAKE","averageStressLevel":27,"averageStressLevelIntensity":23,"maxStressLevel":74,"stressIntensityCount":138,"stressOffWristCount":1174,"stressTooActiveCount":127,"totalStressCount":1439,"totalStressIntensity":1324,"stressDuration":2700,"restDuration":5580,"activityDuration":7620,"uncategorizedDuration":70440,"totalDuration":86340,"lowDuration":1740,"mediumDuration":960,"highDuration":0},{"type":"ASLEEP","averageStressLevel":-2,"averageStressLevelIntensity":-2,"maxStressLevel":0,"stressIntensityCount":0,"stressOffWristCount":0,"stressTooActiveCount":0,"totalStressCount":0,"totalStressIntensity":0,"stressDuration":0,"restDuration":0,"activityDuration":0,"uncategorizedDuration":0,"totalDuration":0,"lowDuration":0,"mediumDuration":0,"highDuration":0}]},"bodyBattery":{"userProfilePK":82576128,"calendarDate":{"date":"Jul 31, 2021 12:00:00 AM"},"chargedValue":6,"drainedValue":19,"bodyBatteryVersion":1.0,"bodyBatteryStatList":[{"bodyBatteryStatType":"HIGHEST","statsValue":72,"bodyBatteryStatus":"RESET","statTimestamp":{"date":"Jul 31, 2021 1:06:00 PM"}},{"bodyBatteryStatType":"LOWEST","statsValue":59,"bodyBatteryStatus":"MEASURED","statTimestamp":{"date":"Jul 31, 2021 5:35:00 PM"}},{"bodyBatteryStatType":"MOSTRECENT","statsValue":59,"bodyBatteryStatus":"MEASURED","statTimestamp":{"date":"Jul 31, 2021 5:39:00 PM"}}]},"minAvgHeartRate":71,"maxAvgHeartRate":139,"version":1,"respiration":{"userProfilePK":82576128,"calendarDate":{"date":"Jul 31, 2021 12:00:00 AM"},"avgWakingRespirationValue":13.0,"highestRespirationValue":15.0,"lowestRespirationValue":10.0,"latestRespirationValue":13.0,"latestRespirationTimeGMT":{"date":"Jul 31, 2021 5:32:00 PM"}}},{"userProfilePK":82576128,"calendarDate":{"date":"Aug 1, 2021 12:00:00 AM"},"uuid":"7b716095627b4d37b4f42c425282a83a","durationInMilliseconds":86400000,"totalKilocalories":3170.0,"activeKilocalories":959.0,"bmrKilocalories":2211.0,"wellnessKilocalories":3170.0,"remainingKilocalories":3170.0,"wellnessTotalKilocalories":3170.0,"wellnessActiveKilocalories":959.0,"totalSteps":17287,"dailyStepGoal":4430,"netCalorieGoal":2000,"totalDistanceMeters":14250,"wellnessDistanceMeters":14250,"wellnessStartTimeGmt":{"date":"Aug 1, 2021 4:00:00 AM"},"wellnessEndTimeGmt":{"date":"Aug 2, 2021 4:00:00 AM"},"wellnessStartTimeLocal":{"date":"Aug 1, 2021 12:00:00 AM"},"wellnessEndTimeLocal":{"date":"Aug 2, 2021 12:00:00 AM"},"highlyActiveSeconds":1279,"activeSeconds":12595,"moderateIntensityMinutes":0,"vigorousIntensityMinutes":0,"floorsAscendedInMeters":13.884,"floorsDescendedInMeters":8.635,"userIntensityMinutesGoal":150,"userFloorsAscendedGoal":10,"minHeartRate":65,"maxHeartRate":144,"restingHeartRate":76,"currentDayRestingHeartRate":75,"restingHeartRateTimestamp":"Aug 2, 2021 4:00:00 AM","includesWellnessData":true,"includesActivityData":false,"includesCalorieConsumedData":false,"includesSingleMeasurement":false,"includesContinuousMeasurement":false,"includesAllDayPulseOx":false,"includesSleepPulseOx":false,"source":0,"allDayStress":{"userProfilePK":82576128,"calendarDate":{"date":"Aug 1, 2021 12:00:00 AM"},"aggregatorList":[{"type":"TOTAL","averageStressLevel":23,"averageStressLevelIntensity":22,"maxStressLevel":84,"stressIntensityCount":244,"stressOffWristCount":902,"stressTooActiveCount":294,"totalStressCount":1440,"totalStressIntensity":3634,"stressDuration":3240,"restDuration":11400,"activityDuration":17640,"uncategorizedDuration":54120,"totalDuration":86400,"lowDuration":2940,"mediumDuration":120,"highDuration":180},{"type":"AWAKE","averageStressLevel":23,"averageStressLevelIntensity":22,"maxStressLevel":84,"stressIntensityCount":244,"stressOffWristCount":902,"stressTooActiveCount":294,"totalStressCount":1440,"totalStressIntensity":3634,"stressDuration":3240,"restDuration":11400,"activityDuration":17640,"uncategorizedDuration":54120,"totalDuration":86400,"lowDuration":2940,"mediumDuration":120,"highDuration":180},{"type":"ASLEEP","averageStressLevel":-2,"averageStressLevelIntensity":-2,"maxStressLevel":0,"stressIntensityCount":0,"stressOffWristCount":0,"stressTooActiveCount":0,"totalStressCount":0,"totalStressIntensity":0,"stressDuration":0,"restDuration":0,"activityDuration":0,"uncategorizedDuration":0,"totalDuration":0,"lowDuration":0,"mediumDuration":0,"highDuration":0}]},"bodyBattery":{"userProfilePK":82576128,"calendarDate":{"date":"Aug 1, 2021 12:00:00 AM"},"chargedValue":15,"drainedValue":27,"bodyBatteryVersion":1.0,"bodyBatteryStatList":[{"bodyBatteryStatType":"HIGHEST","statsValue":79,"bodyBatteryStatus":"RESET","statTimestamp":{"date":"Aug 1, 2021 12:00:00 PM"}},{"bodyBatteryStatType":"LOWEST","statsValue":37,"bodyBatteryStatus":"RESET","statTimestamp":{"date":"Aug 1, 2021 8:34:00 PM"}},{"bodyBatteryStatType":"MOSTRECENT","statsValue":43,"bodyBatteryStatus":"MEASURED","statTimestamp":{"date":"Aug 2, 2021 3:07:00 AM"}}]},"minAvgHeartRate":65,"maxAvgHeartRate":135,"version":43620002,"respiration":{"userProfilePK":82576128,"calendarDate":{"date":"Aug 1, 2021 12:00:00 AM"},"avgWakingRespirationValue":13.0,"highestRespirationValue":19.0,"lowestRespirationValue":9.0,"latestRespirationValue":13.0,"latestRespirationTimeGMT":{"date":"Aug 2, 2021 3:01:00 AM"}}},{"userProfilePK":82576128,"calendarDate":{"date":"Aug 2, 2021 12:00:00 AM"},"uuid":"778c4523fa8f42c5a392a9e00f1a86cd","durationInMilliseconds":86400000,"totalKilocalories":2734.0,"activeKilocalories":523.0,"bmrKilocalories":2211.0,"wellnessKilocalories":2734.0,"remainingKilocalories":2734.0,"wellnessTotalKilocalories":2734.0,"wellnessActiveKilocalories":523.0,"totalSteps":7887,"dailyStepGoal":6430,"netCalorieGoal":2000,"totalDistanceMeters":6455,"wellnessDistanceMeters":6455,"wellnessStartTimeGmt":{"date":"Aug 2, 2021 4:00:00 AM"},"wellnessEndTimeGmt":{"date":"Aug 3, 2021 4:00:00 AM"},"wellnessStartTimeLocal":{"date":"Aug 2, 2021 12:00:00 AM"},"wellnessEndTimeLocal":{"date":"Aug 3, 2021 12:00:00 AM"},"highlyActiveSeconds":479,"activeSeconds":6467,"moderateIntensityMinutes":0,"vigorousIntensityMinutes":0,"floorsAscendedInMeters":6.902,"floorsDescendedInMeters":4.43,"userIntensityMinutesGoal":150,"userFloorsAscendedGoal":10,"minHeartRate":69,"maxHeartRate":138,"restingHeartRate":78,"currentDayRestingHeartRate":76,"restingHeartRateTimestamp":"Aug 3, 2021 4:00:00 AM","includesWellnessData":true,"includesActivityData":false,"includesCalorieConsumedData":false,"includesSingleMeasurement":false,"includesContinuousMeasurement":false,"includesAllDayPulseOx":false,"includesSleepPulseOx":false,"source":0,"allDayStress":{"userProfilePK":82576128,"calendarDate":{"date":"Aug 2, 2021 12:00:00 AM"},"aggregatorList":[{"type":"TOTAL","averageStressLevel":25,"averageStressLevelIntensity":21,"maxStressLevel":72,"stressIntensityCount":41,"stressOffWristCount":1006,"stressTooActiveCount":393,"totalStressCount":1440,"totalStressIntensity":748,"stressDuration":720,"restDuration":1740,"activityDuration":23580,"uncategorizedDuration":60360,"totalDuration":86400,"lowDuration":300,"mediumDuration":420,"highDuration":0},{"type":"AWAKE","averageStressLevel":25,"averageStressLevelIntensity":21,"maxStressLevel":72,"stressIntensityCount":41,"stressOffWristCount":1006,"stressTooActiveCount":393,"totalStressCount":1440,"totalStressIntensity":748,"stressDuration":720,"restDuration":1740,"activityDuration":23580,"uncategorizedDuration":60360,"totalDuration":86400,"lowDuration":300,"mediumDuration":420,"highDuration":0},{"type":"ASLEEP","averageStressLevel":-2,"averageStressLevelIntensity":-2,"maxStressLevel":0,"stressIntensityCount":0,"stressOffWristCount":0,"stressTooActiveCount":0,"totalStressCount":0,"totalStressIntensity":0,"stressDuration":0,"restDuration":0,"activityDuration":0,"uncategorizedDuration":0,"totalDuration":0,"lowDuration":0,"mediumDuration":0,"highDuration":0}]},"bodyBattery":{"userProfilePK":82576128,"calendarDate":{"date":"Aug 2, 2021 12:00:00 AM"},"chargedValue":3,"drainedValue":27,"bodyBatteryVersion":1.0,"bodyBatteryStatList":[{"bodyBatteryStatType":"HIGHEST","statsValue":75,"bodyBatteryStatus":"MEASURED","statTimestamp":{"date":"Aug 2, 2021 1:36:00 PM"}},{"bodyBatteryStatType":"LOWEST","statsValue":31,"bodyBatteryStatus":"RESET","statTimestamp":{"date":"Aug 2, 2021 10:17:00 PM"}},{"bodyBatteryStatType":"MOSTRECENT","statsValue":31,"bodyBatteryStatus":"MEASURED","statTimestamp":{"date":"Aug 2, 2021 11:13:00 PM"}}]},"minAvgHeartRate":71,"maxAvgHeartRate":134,"version":79980002,"respiration":{"userProfilePK":82576128,"calendarDate":{"date":"Aug 2, 2021 12:00:00 AM"},"avgWakingRespirationValue":13.0,"highestRespirationValue":15.0,"lowestRespirationValue":12.0,"latestRespirationValue":13.0,"latestRespirationTimeGMT":{"date":"Aug 2, 2021 11:10:00 PM"}}},{"userProfilePK":82576128,"calendarDate":{"date":"Aug 3, 2021 12:00:00 AM"},"uuid":"8608bbb39f0245ff9fac89fb1841ce65","durationInMilliseconds":86400000,"totalKilocalories":2453.0,"activeKilocalories":242.0,"bmrKilocalories":2211.0,"wellnessKilocalories":2453.0,"remainingKilocalories":2453.0,"wellnessTotalKilocalories":2453.0,"wellnessActiveKilocalories":242.0,"totalSteps":2411,"dailyStepGoal":6730,"netCalorieGoal":2000,"totalDistanceMeters":1920,"wellnessDistanceMeters":1920,"wellnessStartTimeGmt":{"date":"Aug 3, 2021 4:00:00 AM"},"wellnessEndTimeGmt":{"date":"Aug 4, 2021 4:00:00 AM"},"wellnessStartTimeLocal":{"date":"Aug 3, 2021 12:00:00 AM"},"wellnessEndTimeLocal":{"date":"Aug 4, 2021 12:00:00 AM"},"highlyActiveSeconds":0,"activeSeconds":2703,"moderateIntensityMinutes":0,"vigorousIntensityMinutes":0,"floorsAscendedInMeters":3.048,"floorsDescendedInMeters":2.426,"userIntensityMinutesGoal":150,"userFloorsAscendedGoal":10,"minHeartRate":72,"maxHeartRate":140,"restingHeartRate":78,"currentDayRestingHeartRate":80,"restingHeartRateTimestamp":"Aug 4, 2021 4:00:00 AM","includesWellnessData":true,"includesActivityData":false,"includesCalorieConsumedData":false,"includesSingleMeasurement":false,"includesContinuousMeasurement":false,"includesAllDayPulseOx":false,"includesSleepPulseOx":false,"source":0,"allDayStress":{"userProfilePK":82576128,"calendarDate":{"date":"Aug 3, 2021 12:00:00 AM"},"aggregatorList":[{"type":"TOTAL","averageStressLevel":29,"averageStressLevelIntensity":25,"maxStressLevel":67,"stressIntensityCount":34,"stressOffWristCount":1333,"stressTooActiveCount":73,"totalStressCount":1440,"totalStressIntensity":32,"stressDuration":960,"restDuration":1080,"activityDuration":4380,"uncategorizedDuration":79980,"totalDuration":86400,"lowDuration":780,"mediumDuration":180,"highDuration":0},{"type":"AWAKE","averageStressLevel":29,"averageStressLevelIntensity":25,"maxStressLevel":67,"stressIntensityCount":34,"stressOffWristCount":1333,"stressTooActiveCount":73,"totalStressCount":1440,"totalStressIntensity":32,"stressDuration":960,"restDuration":1080,"activityDuration":4380,"uncategorizedDuration":79980,"totalDuration":86400,"lowDuration":780,"mediumDuration":180,"highDuration":0},{"type":"ASLEEP","averageStressLevel":-2,"averageStressLevelIntensity":-2,"maxStressLevel":0,"stressIntensityCount":0,"stressOffWristCount":0,"stressTooActiveCount":0,"totalStressCount":0,"totalStressIntensity":0,"stressDuration":0,"restDuration":0,"activityDuration":0,"uncategorizedDuration":0,"totalDuration":0,"lowDuration":0,"mediumDuration":0,"highDuration":0}]},"bodyBattery":{"userProfilePK":82576128,"calendarDate":{"date":"Aug 3, 2021 12:00:00 AM"},"chargedValue":0,"drainedValue":12,"bodyBatteryVersion":1.0,"bodyBatteryStatList":[{"bodyBatteryStatType":"HIGHEST","statsValue":81,"bodyBatteryStatus":"RESET","statTimestamp":{"date":"Aug 3, 2021 11:41:00 AM"}},{"bodyBatteryStatType":"LOWEST","statsValue":69,"bodyBatteryStatus":"MEASURED","statTimestamp":{"date":"Aug 3, 2021 1:31:00 PM"}},{"bodyBatteryStatType":"MOSTRECENT","statsValue":69,"bodyBatteryStatus":"MEASURED","statTimestamp":{"date":"Aug 3, 2021 1:35:00 PM"}}]},"minAvgHeartRate":73,"maxAvgHeartRate":134,"version":42180002,"respiration":{"userProfilePK":82576128,"calendarDate":{"date":"Aug 3, 2021 12:00:00 AM"},"avgWakingRespirationValue":13.0,"highestRespirationValue":14.0,"lowestRespirationValue":12.0,"latestRespirationValue":12.0,"latestRespirationTimeGMT":{"date":"Aug 3, 2021 1:29:00 PM"}}},{"userProfilePK":82576128,"calendarDate":{"date":"Aug 4, 2021 12:00:00 AM"},"uuid":"23fa2d04ae3a4406bde4fb55c8676ac0","durationInMilliseconds":86400000,"totalKilocalories":2211.0,"activeKilocalories":0.0,"bmrKilocalories":2211.0,"wellnessKilocalories":2211.0,"remainingKilocalories":2211.0,"wellnessTotalKilocalories":2211.0,"wellnessActiveKilocalories":0.0,"totalSteps":0,"dailyStepGoal":6300,"netCalorieGoal":2000,"totalDistanceMeters":0,"wellnessDistanceMeters":0,"wellnessStartTimeGmt":{"date":"Aug 4, 2021 4:00:00 AM"},"wellnessEndTimeGmt":{"date":"Aug 5, 2021 4:00:00 AM"},"wellnessStartTimeLocal":{"date":"Aug 4, 2021 12:00:00 AM"},"wellnessEndTimeLocal":{"date":"Aug 5, 2021 12:00:00 AM"},"highlyActiveSeconds":0,"activeSeconds":0,"moderateIntensityMinutes":0,"vigorousIntensityMinutes":0,"floorsAscendedInMeters":0.0,"floorsDescendedInMeters":0.0,"userIntensityMinutesGoal":150,"userFloorsAscendedGoal":10,"includesWellnessData":true,"includesActivityData":false,"includesCalorieConsumedData":false,"includesSingleMeasurement":false,"includesContinuousMeasurement":false,"includesAllDayPulseOx":false,"includesSleepPulseOx":false,"source":0,"allDayStress":{"userProfilePK":82576128,"calendarDate":{"date":"Aug 4, 2021 12:00:00 AM"},"aggregatorList":[{"type":"TOTAL","averageStressLevel":-1,"averageStressLevelIntensity":-1,"maxStressLevel":0,"stressIntensityCount":0,"stressOffWristCount":1440,"stressTooActiveCount":0,"totalStressCount":1440,"totalStressIntensity":0,"stressDuration":0,"restDuration":0,"activityDuration":0,"uncategorizedDuration":86400,"totalDuration":86400,"lowDuration":0,"mediumDuration":0,"highDuration":0},{"type":"AWAKE","averageStressLevel":-1,"averageStressLevelIntensity":-1,"maxStressLevel":0,"stressIntensityCount":0,"stressOffWristCount":1440,"stressTooActiveCount":0,"totalStressCount":1440,"totalStressIntensity":0,"stressDuration":0,"restDuration":0,"activityDuration":0,"uncategorizedDuration":86400,"totalDuration":86400,"lowDuration":0,"mediumDuration":0,"highDuration":0},{"type":"ASLEEP","averageStressLevel":-2,"averageStressLevelIntensity":-2,"maxStressLevel":0,"stressIntensityCount":0,"stressOffWristCount":0,"stressTooActiveCount":0,"totalStressCount":0,"totalStressIntensity":0,"stressDuration":0,"restDuration":0,"activityDuration":0,"uncategorizedDuration":0,"totalDuration":0,"lowDuration":0,"mediumDuration":0,"highDuration":0}]},"version":31020002},{"userProfilePK":82576128,"calendarDate":{"date":"Aug 5, 2021 12:00:00 AM"},"uuid":"32786250aa2e4b469950f5aac43e3079","durationInMilliseconds":86400000,"totalKilocalories":2426.0,"activeKilocalories":215.0,"bmrKilocalories":2211.0,"wellnessKilocalories":2426.0,"remainingKilocalories":2426.0,"wellnessTotalKilocalories":2426.0,"wellnessActiveKilocalories":215.0,"totalSteps":2722,"dailyStepGoal":6300,"netCalorieGoal":2000,"totalDistanceMeters":2167,"wellnessDistanceMeters":2167,"wellnessStartTimeGmt":{"date":"Aug 5, 2021 4:00:00 AM"},"wellnessEndTimeGmt":{"date":"Aug 6, 2021 4:00:00 AM"},"wellnessStartTimeLocal":{"date":"Aug 5, 2021 12:00:00 AM"},"wellnessEndTimeLocal":{"date":"Aug 6, 2021 12:00:00 AM"},"highlyActiveSeconds":7,"activeSeconds":2817,"moderateIntensityMinutes":0,"vigorousIntensityMinutes":0,"floorsAscendedInMeters":8.034,"floorsDescendedInMeters":5.077,"userIntensityMinutesGoal":150,"userFloorsAscendedGoal":10,"minHeartRate":77,"maxHeartRate":131,"restingHeartRate":78,"currentDayRestingHeartRate":79,"restingHeartRateTimestamp":"Aug 6, 2021 4:00:00 AM","includesWellnessData":true,"includesActivityData":false,"includesCalorieConsumedData":false,"includesSingleMeasurement":false,"includesContinuousMeasurement":false,"includesAllDayPulseOx":false,"includesSleepPulseOx":false,"source":0,"allDayStress":{"userProfilePK":82576128,"calendarDate":{"date":"Aug 5, 2021 12:00:00 AM"},"aggregatorList":[{"type":"TOTAL","averageStressLevel":26,"averageStressLevelIntensity":23,"maxStressLevel":57,"stressIntensityCount":24,"stressOffWristCount":1344,"stressTooActiveCount":72,"totalStressCount":1440,"totalStressIntensity":272,"stressDuration":540,"restDuration":900,"activityDuration":4320,"uncategorizedDuration":80640,"totalDuration":86400,"lowDuration":480,"mediumDuration":60,"highDuration":0},{"type":"AWAKE","averageStressLevel":26,"averageStressLevelIntensity":23,"maxStressLevel":57,"stressIntensityCount":24,"stressOffWristCount":1344,"stressTooActiveCount":72,"totalStressCount":1440,"totalStressIntensity":272,"stressDuration":540,"restDuration":900,"activityDuration":4320,"uncategorizedDuration":80640,"totalDuration":86400,"lowDuration":480,"mediumDuration":60,"highDuration":0},{"type":"ASLEEP","averageStressLevel":-2,"averageStressLevelIntensity":-2,"maxStressLevel":0,"stressIntensityCount":0,"stressOffWristCount":0,"stressTooActiveCount":0,"totalStressCount":0,"totalStressIntensity":0,"stressDuration":0,"restDuration":0,"activityDuration":0,"uncategorizedDuration":0,"totalDuration":0,"lowDuration":0,"mediumDuration":0,"highDuration":0}]},"bodyBattery":{"userProfilePK":82576128,"calendarDate":{"date":"Aug 5, 2021 12:00:00 AM"},"chargedValue":1,"drainedValue":13,"bodyBatteryVersion":1.0,"bodyBatteryStatList":[{"bodyBatteryStatType":"HIGHEST","statsValue":84,"bodyBatteryStatus":"RESET","statTimestamp":{"date":"Aug 5, 2021 11:03:00 AM"}},{"bodyBatteryStatType":"LOWEST","statsValue":72,"bodyBatteryStatus":"MEASURED","statTimestamp":{"date":"Aug 5, 2021 12:40:00 PM"}},{"bodyBatteryStatType":"MOSTRECENT","statsValue":72,"bodyBatteryStatus":"MEASURED","statTimestamp":{"date":"Aug 5, 2021 12:51:00 PM"}}]},"minAvgHeartRate":79,"maxAvgHeartRate":129,"version":43140002,"respiration":{"userProfilePK":82576128,"calendarDate":{"date":"Aug 5, 2021 12:00:00 AM"},"avgWakingRespirationValue":13.0,"highestRespirationValue":15.0,"lowestRespirationValue":12.0,"latestRespirationValue":15.0,"latestRespirationTimeGMT":{"date":"Aug 5, 2021 5:15:00 PM"}}},{"userProfilePK":82576128,"calendarDate":{"date":"Aug 6, 2021 12:00:00 AM"},"uuid":"e516204e102249db858122d62cb46836","durationInMilliseconds":86400000,"totalKilocalories":2579.0,"activeKilocalories":368.0,"bmrKilocalories":2211.0,"wellnessKilocalories":2579.0,"remainingKilocalories":2579.0,"wellnessTotalKilocalories":2579.0,"wellnessActiveKilocalories":368.0,"totalSteps":4047,"dailyStepGoal":5590,"netCalorieGoal":2000,"totalDistanceMeters":3222,"wellnessDistanceMeters":3222,"wellnessStartTimeGmt":{"date":"Aug 6, 2021 4:00:00 AM"},"wellnessEndTimeGmt":{"date":"Aug 7, 2021 4:00:00 AM"},"wellnessStartTimeLocal":{"date":"Aug 6, 2021 12:00:00 AM"},"wellnessEndTimeLocal":{"date":"Aug 7, 2021 12:00:00 AM"},"highlyActiveSeconds":150,"activeSeconds":3545,"moderateIntensityMinutes":0,"vigorousIntensityMinutes":0,"floorsAscendedInMeters":6.096,"floorsDescendedInMeters":4.499,"userIntensityMinutesGoal":150,"userFloorsAscendedGoal":10,"minHeartRate":68,"maxHeartRate":142,"restingHeartRate":77,"currentDayRestingHeartRate":74,"restingHeartRateTimestamp":"Aug 7, 2021 4:00:00 AM","includesWellnessData":true,"includesActivityData":false,"includesCalorieConsumedData":false,"includesSingleMeasurement":false,"includesContinuousMeasurement":false,"includesAllDayPulseOx":false,"includesSleepPulseOx":false,"source":0,"allDayStress":{"userProfilePK":82576128,"calendarDate":{"date":"Aug 6, 2021 12:00:00 AM"},"aggregatorList":[{"type":"TOTAL","averageStressLevel":19,"averageStressLevelIntensity":19,"maxStressLevel":95,"stressIntensityCount":163,"stressOffWristCount":1149,"stressTooActiveCount":128,"totalStressCount":1440,"totalStressIntensity":4165,"stressDuration":420,"restDuration":9360,"activityDuration":7680,"uncategorizedDuration":68940,"totalDuration":86400,"lowDuration":360,"mediumDuration":0,"highDuration":60},{"type":"AWAKE","averageStressLevel":19,"averageStressLevelIntensity":19,"maxStressLevel":95,"stressIntensityCount":163,"stressOffWristCount":1149,"stressTooActiveCount":128,"totalStressCount":1440,"totalStressIntensity":4165,"stressDuration":420,"restDuration":9360,"activityDuration":7680,"uncategorizedDuration":68940,"totalDuration":86400,"lowDuration":360,"mediumDuration":0,"highDuration":60},{"type":"ASLEEP","averageStressLevel":-2,"averageStressLevelIntensity":-2,"maxStressLevel":0,"stressIntensityCount":0,"stressOffWristCount":0,"stressTooActiveCount":0,"totalStressCount":0,"totalStressIntensity":0,"stressDuration":0,"restDuration":0,"activityDuration":0,"uncategorizedDuration":0,"totalDuration":0,"lowDuration":0,"mediumDuration":0,"highDuration":0}]},"bodyBattery":{"userProfilePK":82576128,"calendarDate":{"date":"Aug 6, 2021 12:00:00 AM"},"chargedValue":14,"drainedValue":15,"bodyBatteryVersion":1.0,"bodyBatteryStatList":[{"bodyBatteryStatType":"HIGHEST","statsValue":84,"bodyBatteryStatus":"RESET","statTimestamp":{"date":"Aug 6, 2021 11:06:00 AM"}},{"bodyBatteryStatType":"LOWEST","statsValue":35,"bodyBatteryStatus":"RESET","statTimestamp":{"date":"Aug 6, 2021 9:14:00 PM"}},{"bodyBatteryStatType":"MOSTRECENT","statsValue":47,"bodyBatteryStatus":"MEASURED","statTimestamp":{"date":"Aug 7, 2021 1:00:00 AM"}}]},"minAvgHeartRate":71,"maxAvgHeartRate":136,"version":40200002,"respiration":{"userProfilePK":82576128,"calendarDate":{"date":"Aug 6, 2021 12:00:00 AM"},"avgWakingRespirationValue":13.0,"highestRespirationValue":17.0,"lowestRespirationValue":10.0,"latestRespirationValue":14.0,"latestRespirationTimeGMT":{"date":"Aug 7, 2021 12:57:00 AM"}}},{"userProfilePK":82576128,"calendarDate":{"date":"Aug 7, 2021 12:00:00 AM"},"uuid":"7f6217101ab842708d4e80a82127fb3e","durationInMilliseconds":86400000,"totalKilocalories":3041.0,"activeKilocalories":830.0,"bmrKilocalories":2211.0,"wellnessKilocalories":3041.0,"remainingKilocalories":3041.0,"wellnessTotalKilocalories":3041.0,"wellnessActiveKilocalories":830.0,"totalSteps":12877,"dailyStepGoal":5290,"netCalorieGoal":2000,"totalDistanceMeters":10380,"wellnessDistanceMeters":10380,"wellnessStartTimeGmt":{"date":"Aug 7, 2021 4:00:00 AM"},"wellnessEndTimeGmt":{"date":"Aug 8, 2021 4:00:00 AM"},"wellnessStartTimeLocal":{"date":"Aug 7, 2021 12:00:00 AM"},"wellnessEndTimeLocal":{"date":"Aug 8, 2021 12:00:00 AM"},"highlyActiveSeconds":230,"activeSeconds":9222,"moderateIntensityMinutes":0,"vigorousIntensityMinutes":0,"floorsAscendedInMeters":24.957,"floorsDescendedInMeters":25.261,"userIntensityMinutesGoal":150,"userFloorsAscendedGoal":10,"minHeartRate":69,"maxHeartRate":146,"restingHeartRate":77,"currentDayRestingHeartRate":79,"restingHeartRateTimestamp":"Aug 8, 2021 4:00:00 AM","includesWellnessData":true,"includesActivityData":false,"includesCalorieConsumedData":false,"includesSingleMeasurement":false,"includesContinuousMeasurement":false,"includesAllDayPulseOx":false,"includesSleepPulseOx":false,"source":0,"allDayStress":{"userProfilePK":82576128,"calendarDate":{"date":"Aug 7, 2021 12:00:00 AM"},"aggregatorList":[{"type":"TOTAL","averageStressLevel":29,"averageStressLevelIntensity":25,"maxStressLevel":85,"stressIntensityCount":256,"stressOffWristCount":958,"stressTooActiveCount":223,"totalStressCount":1437,"totalStressIntensity":783,"stressDuration":5280,"restDuration":10080,"activityDuration":13380,"uncategorizedDuration":57480,"totalDuration":86220,"lowDuration":3180,"mediumDuration":1860,"highDuration":240},{"type":"AWAKE","averageStressLevel":29,"averageStressLevelIntensity":25,"maxStressLevel":85,"stressIntensityCount":256,"stressOffWristCount":958,"stressTooActiveCount":223,"totalStressCount":1437,"totalStressIntensity":783,"stressDuration":5280,"restDuration":10080,"activityDuration":13380,"uncategorizedDuration":57480,"totalDuration":86220,"lowDuration":3180,"mediumDuration":1860,"highDuration":240},{"type":"ASLEEP","averageStressLevel":-2,"averageStressLevelIntensity":-2,"maxStressLevel":0,"stressIntensityCount":0,"stressOffWristCount":0,"stressTooActiveCount":0,"totalStressCount":0,"totalStressIntensity":0,"stressDuration":0,"restDuration":0,"activityDuration":0,"uncategorizedDuration":0,"totalDuration":0,"lowDuration":0,"mediumDuration":0,"highDuration":0}]},"bodyBattery":{"userProfilePK":82576128,"calendarDate":{"date":"Aug 7, 2021 12:00:00 AM"},"chargedValue":9,"drainedValue":38,"bodyBatteryVersion":1.0,"bodyBatteryStatList":[{"bodyBatteryStatType":"HIGHEST","statsValue":84,"bodyBatteryStatus":"RESET","statTimestamp":{"date":"Aug 7, 2021 11:11:00 AM"}},{"bodyBatteryStatType":"LOWEST","statsValue":53,"bodyBatteryStatus":"MEASURED","statTimestamp":{"date":"Aug 7, 2021 7:05:00 PM"}},{"bodyBatteryStatType":"MOSTRECENT","statsValue":55,"bodyBatteryStatus":"MEASURED","statTimestamp":{"date":"Aug 7, 2021 8:09:00 PM"}}]},"minAvgHeartRate":69,"maxAvgHeartRate":140,"version":41280002,"respiration":{"userProfilePK":82576128,"calendarDate":{"date":"Aug 7, 2021 12:00:00 AM"},"avgWakingRespirationValue":13.0,"highestRespirationValue":22.0,"lowestRespirationValue":10.0,"latestRespirationValue":13.0,"latestRespirationTimeGMT":{"date":"Aug 7, 2021 8:06:00 PM"}}},{"userProfilePK":82576128,"calendarDate":{"date":"Aug 8, 2021 12:00:00 AM"},"uuid":"150bd2d79c9f448e920bf143263c069d","durationInMilliseconds":86400000,"totalKilocalories":3122.0,"activeKilocalories":911.0,"bmrKilocalories":2211.0,"wellnessKilocalories":3122.0,"remainingKilocalories":3122.0,"wellnessTotalKilocalories":3122.0,"wellnessActiveKilocalories":911.0,"totalSteps":6122,"dailyStepGoal":6050,"netCalorieGoal":2000,"totalDistanceMeters":5326,"wellnessDistanceMeters":5326,"wellnessStartTimeGmt":{"date":"Aug 8, 2021 4:00:00 AM"},"wellnessEndTimeGmt":{"date":"Aug 9, 2021 4:00:00 AM"},"wellnessStartTimeLocal":{"date":"Aug 8, 2021 12:00:00 AM"},"wellnessEndTimeLocal":{"date":"Aug 9, 2021 12:00:00 AM"},"highlyActiveSeconds":1053,"activeSeconds":5299,"moderateIntensityMinutes":42,"vigorousIntensityMinutes":1,"floorsAscendedInMeters":5.118,"floorsDescendedInMeters":4.982,"userIntensityMinutesGoal":150,"userFloorsAscendedGoal":10,"minHeartRate":70,"maxHeartRate":171,"restingHeartRate":78,"currentDayRestingHeartRate":80,"restingHeartRateTimestamp":"Aug 9, 2021 4:00:00 AM","includesWellnessData":true,"includesActivityData":true,"includesCalorieConsumedData":false,"includesSingleMeasurement":false,"includesContinuousMeasurement":false,"includesAllDayPulseOx":false,"includesSleepPulseOx":false,"source":0,"allDayStress":{"userProfilePK":82576128,"calendarDate":{"date":"Aug 8, 2021 12:00:00 AM"},"aggregatorList":[{"type":"TOTAL","averageStressLevel":26,"averageStressLevelIntensity":24,"maxStressLevel":78,"stressIntensityCount":287,"stressOffWristCount":981,"stressTooActiveCount":172,"totalStressCount":1440,"totalStressIntensity":2095,"stressDuration":5280,"restDuration":11940,"activityDuration":10320,"uncategorizedDuration":58860,"totalDuration":86400,"lowDuration":4080,"mediumDuration":1140,"highDuration":60},{"type":"AWAKE","averageStressLevel":26,"averageStressLevelIntensity":24,"maxStressLevel":78,"stressIntensityCount":287,"stressOffWristCount":981,"stressTooActiveCount":172,"totalStressCount":1440,"totalStressIntensity":2095,"stressDuration":5280,"restDuration":11940,"activityDuration":10320,"uncategorizedDuration":58860,"totalDuration":86400,"lowDuration":4080,"mediumDuration":1140,"highDuration":60},{"type":"ASLEEP","averageStressLevel":-2,"averageStressLevelIntensity":-2,"maxStressLevel":0,"stressIntensityCount":0,"stressOffWristCount":0,"stressTooActiveCount":0,"totalStressCount":0,"totalStressIntensity":0,"stressDuration":0,"restDuration":0,"activityDuration":0,"uncategorizedDuration":0,"totalDuration":0,"lowDuration":0,"mediumDuration":0,"highDuration":0}]},"bodyBattery":{"userProfilePK":82576128,"calendarDate":{"date":"Aug 8, 2021 12:00:00 AM"},"chargedValue":15,"drainedValue":46,"bodyBatteryVersion":1.0,"bodyBatteryStatList":[{"bodyBatteryStatType":"HIGHEST","statsValue":78,"bodyBatteryStatus":"RESET","statTimestamp":{"date":"Aug 8, 2021 12:04:00 PM"}},{"bodyBatteryStatType":"LOWEST","statsValue":40,"bodyBatteryStatus":"MODELED","statTimestamp":{"date":"Aug 8, 2021 4:41:00 PM"}},{"bodyBatteryStatType":"MOSTRECENT","statsValue":47,"bodyBatteryStatus":"MEASURED","statTimestamp":{"date":"Aug 9, 2021 12:37:00 AM"}}]},"minAvgHeartRate":70,"maxAvgHeartRate":168,"version":58920002,"hydration":{"userProfilePK":82576128,"calendarDate":{"date":"Aug 8, 2021 12:00:00 AM"},"valueInML":0.0,"activityIntakeInML":0.0,"goalInML":2129.0,"capped":false,"sweatLossInML":312.0,"adjustedGoalInML":2441.0,"lastEntryTimestampLocal":{"date":"Aug 8, 2021 9:42:10 AM"}},"respiration":{"userProfilePK":82576128,"calendarDate":{"date":"Aug 8, 2021 12:00:00 AM"},"avgWakingRespirationValue":13.0,"highestRespirationValue":17.0,"lowestRespirationValue":9.0,"latestRespirationValue":15.0,"latestRespirationTimeGMT":{"date":"Aug 9, 2021 12:34:00 AM"}}},{"userProfilePK":82576128,"calendarDate":{"date":"Aug 9, 2021 12:00:00 AM"},"uuid":"f5db36137e2f4974bd995ed51457f490","durationInMilliseconds":86400000,"totalKilocalories":3293.0,"activeKilocalories":1082.0,"bmrKilocalories":2211.0,"wellnessKilocalories":3293.0,"remainingKilocalories":3293.0,"wellnessTotalKilocalories":3293.0,"wellnessActiveKilocalories":1082.0,"totalSteps":7340,"dailyStepGoal":6070,"netCalorieGoal":2000,"totalDistanceMeters":6643,"wellnessDistanceMeters":6643,"wellnessStartTimeGmt":{"date":"Aug 9, 2021 4:00:00 AM"},"wellnessEndTimeGmt":{"date":"Aug 10, 2021 4:00:00 AM"},"wellnessStartTimeLocal":{"date":"Aug 9, 2021 12:00:00 AM"},"wellnessEndTimeLocal":{"date":"Aug 10, 2021 12:00:00 AM"},"highlyActiveSeconds":1594,"activeSeconds":6665,"moderateIntensityMinutes":26,"vigorousIntensityMinutes":17,"floorsAscendedInMeters":10.172,"floorsDescendedInMeters":4.629,"userIntensityMinutesGoal":150,"userFloorsAscendedGoal":10,"minHeartRate":55,"maxHeartRate":181,"restingHeartRate":78,"currentDayRestingHeartRate":74,"restingHeartRateTimestamp":"Aug 10, 2021 4:00:00 AM","includesWellnessData":true,"includesActivityData":true,"includesCalorieConsumedData":false,"includesSingleMeasurement":false,"includesContinuousMeasurement":false,"includesAllDayPulseOx":false,"includesSleepPulseOx":false,"source":0,"allDayStress":{"userProfilePK":82576128,"calendarDate":{"date":"Aug 9, 2021 12:00:00 AM"},"aggregatorList":[{"type":"TOTAL","averageStressLevel":13,"averageStressLevelIntensity":13,"maxStressLevel":33,"stressIntensityCount":56,"stressOffWristCount":1196,"stressTooActiveCount":187,"totalStressCount":1439,"totalStressIntensity":2816,"stressDuration":180,"restDuration":3180,"activityDuration":11220,"uncategorizedDuration":71760,"totalDuration":86340,"lowDuration":180,"mediumDuration":0,"highDuration":0},{"type":"AWAKE","averageStressLevel":13,"averageStressLevelIntensity":13,"maxStressLevel":33,"stressIntensityCount":56,"stressOffWristCount":1196,"stressTooActiveCount":187,"totalStressCount":1439,"totalStressIntensity":2816,"stressDuration":180,"restDuration":3180,"activityDuration":11220,"uncategorizedDuration":71760,"totalDuration":86340,"lowDuration":180,"mediumDuration":0,"highDuration":0},{"type":"ASLEEP","averageStressLevel":-2,"averageStressLevelIntensity":-2,"maxStressLevel":0,"stressIntensityCount":0,"stressOffWristCount":0,"stressTooActiveCount":0,"totalStressCount":0,"totalStressIntensity":0,"stressDuration":0,"restDuration":0,"activityDuration":0,"uncategorizedDuration":0,"totalDuration":0,"lowDuration":0,"mediumDuration":0,"highDuration":0}]},"bodyBattery":{"userProfilePK":82576128,"calendarDate":{"date":"Aug 9, 2021 12:00:00 AM"},"chargedValue":11,"drainedValue":32,"bodyBatteryVersion":1.0,"bodyBatteryStatList":[{"bodyBatteryStatType":"HIGHEST","statsValue":84,"bodyBatteryStatus":"RESET","statTimestamp":{"date":"Aug 9, 2021 10:51:00 AM"}},{"bodyBatteryStatType":"LOWEST","statsValue":14,"bodyBatteryStatus":"MEASURED","statTimestamp":{"date":"Aug 9, 2021 11:58:00 PM"}},{"bodyBatteryStatType":"MOSTRECENT","statsValue":23,"bodyBatteryStatus":"MEASURED","statTimestamp":{"date":"Aug 10, 2021 3:05:00 AM"}}]},"minAvgHeartRate":61,"maxAvgHeartRate":177,"version":72960002,"hydration":{"userProfilePK":82576128,"calendarDate":{"date":"Aug 9, 2021 12:00:00 AM"},"valueInML":0.0,"activityIntakeInML":0.0,"goalInML":2129.0,"capped":false,"sweatLossInML":340.0,"adjustedGoalInML":2469.0,"lastEntryTimestampLocal":{"date":"Aug 9, 2021 7:02:04 PM"}},"respiration":{"userProfilePK":82576128,"calendarDate":{"date":"Aug 9, 2021 12:00:00 AM"},"avgWakingRespirationValue":13.0,"highestRespirationValue":18.0,"lowestRespirationValue":10.0,"latestRespirationValue":13.0,"latestRespirationTimeGMT":{"date":"Aug 10, 2021 3:01:00 AM"}}}]