[{"userProfilePK":82576128,"calendarDate":{"date":"Oct 14, 2020 12:00:00 AM"},"uuid":"6a271489b5044bde9d9c258eadbc34b0","durationInMilliseconds":86400000,"totalKilocalories":2810.0,"activeKilocalories":661.0,"bmrKilocalories":2149.0,"wellnessKilocalories":2810.0,"remainingKilocalories":2810.0,"wellnessTotalKilocalories":2810.0,"wellnessActiveKilocalories":661.0,"totalSteps":3054,"dailyStepGoal":2600,"netCalorieGoal":2000,"totalDistanceMeters":2447,"wellnessDistanceMeters":2447,"wellnessStartTimeGmt":{"date":"Oct 14, 2020 4:00:00 AM"},"wellnessEndTimeGmt":{"date":"Oct 15, 2020 4:00:00 AM"},"wellnessStartTimeLocal":{"date":"Oct 14, 2020 12:00:00 AM"},"wellnessEndTimeLocal":{"date":"Oct 15, 2020 12:00:00 AM"},"highlyActiveSeconds":180,"activeSeconds":3966,"moderateIntensityMinutes":56,"vigorousIntensityMinutes":0,"floorsAscendedInMeters":4.525,"floorsDescendedInMeters":2.057,"userIntensityMinutesGoal":150,"userFloorsAscendedGoal":10,"minHeartRate":61,"maxHeartRate":169,"restingHeartRate":71,"currentDayRestingHeartRate":72,"restingHeartRateTimestamp":"Oct 15, 2020 4:00:00 AM","includesWellnessData":true,"includesActivityData":true,"includesCalorieConsumedData":false,"includesSingleMeasurement":false,"includesContinuousMeasurement":false,"includesAllDayPulseOx":false,"includesSleepPulseOx":false,"source":0,"allDayStress":{"userProfilePK":82576128,"calendarDate":{"date":"Oct 14, 2020 12:00:00 AM"},"aggregatorList":[{"type":"TOTAL","averageStressLevel":14,"averageStressLevelIntensity":15,"maxStressLevel":22,"stressIntensityCount":29,"stressOffWristCount":1292,"stressTooActiveCount":119,"totalStressCount":1440,"totalStressIntensity":1227,"stressDuration":0,"restDuration":1740,"activityDuration":7140,"uncategorizedDuration":77520,"totalDuration":86400,"lowDuration":0,"mediumDuration":0,"highDuration":0},{"type":"AWAKE","averageStressLevel":14,"averageStressLevelIntensity":15,"maxStressLevel":22,"stressIntensityCount":29,"stressOffWristCount":1292,"stressTooActiveCount":119,"totalStressCount":1440,"totalStressIntensity":1227,"stressDuration":0,"restDuration":1740,"activityDuration":7140,"uncategorizedDuration":77520,"totalDuration":86400,"lowDuration":0,"mediumDuration":0,"highDuration":0},{"type":"ASLEEP","averageStressLevel":-2,"averageStressLevelIntensity":-2,"maxStressLevel":0,"stressIntensityCount":0,"stressOffWristCount":0,"stressTooActiveCount":0,"totalStressCount":0,"totalStressIntensity":0,"stressDuration":0,"restDuration":0,"activityDuration":0,"uncategorizedDuration":0,"totalDuration":0,"lowDuration":0,"mediumDuration":0,"highDuration":0}]},"bodyBattery":{"userProfilePK":82576128,"calendarDate":{"date":"Oct 14, 2020 12:00:00 AM"},"chargedValue":2,"drainedValue":23,"bodyBatteryVersion":1.0,"bodyBatteryStatList":[{"bodyBatteryStatType":"HIGHEST","statsValue":78,"bodyBatteryStatus":"MEASURED","statTimestamp":{"date":"Oct 14, 2020 9:54:00 AM"}},{"bodyBatteryStatType":"LOWEST","statsValue":30,"bodyBatteryStatus":"RESET","statTimestamp":{"date":"Oct 15, 2020 12:37:00 AM"}},{"bodyBatteryStatType":"MOSTRECENT","statsValue":30,"bodyBatteryStatus":"MEASURED","statTimestamp":{"date":"Oct 15, 2020 12:41:00 AM"}}]},"minAvgHeartRate":61,"maxAvgHeartRate":168,"version":4,"hydration":{"userProfilePK":82576128,"calendarDate":{"date":"Oct 14, 2020 12:00:00 AM"},"valueInML":0.0,"activityIntakeInML":0.0,"goalInML":2129.0,"capped":false,"sweatLossInML":524.0,"adjustedGoalInML":2653.0,"lastEntryTimestampLocal":{"date":"Oct 14, 2020 6:19:37 AM"}},"respiration":{"userProfilePK":82576128,"calendarDate":{"date":"Oct 14, 2020 12:00:00 AM"},"avgWakingRespirationValue":13.0,"highestRespirationValue":16.0,"lowestRespirationValue":10.0,"latestRespirationValue":15.0,"latestRespirationTimeGMT":{"date":"Oct 15, 2020 12:38:00 AM"}}},{"userProfilePK":82576128,"calendarDate":{"date":"Oct 15, 2020 12:00:00 AM"},"uuid":"728e8edda34949d2a394996ad6089f93","durationInMilliseconds":86400000,"totalKilocalories":2820.0,"activeKilocalories":671.0,"bmrKilocalories":2149.0,"wellnessKilocalories":2820.0,"remainingKilocalories":2820.0,"wellnessTotalKilocalories":2820.0,"wellnessActiveKilocalories":671.0,"totalSteps":3513,"dailyStepGoal":2650,"netCalorieGoal":2000,"totalDistanceMeters":2797,"wellnessDistanceMeters":2797,"wellnessStartTimeGmt":{"date":"Oct 15, 2020 4:00:00 AM"},"wellnessEndTimeGmt":{"date":"Oct 16, 2020 4:00:00 AM"},"wellnessStartTimeLocal":{"date":"Oct 15, 2020 12:00:00 AM"},"wellnessEndTimeLocal":{"date":"Oct 16, 2020 12:00:00 AM"},"highlyActiveSeconds":67,"activeSeconds":4210,"moderateIntensityMinutes":61,"vigorousIntensityMinutes":17,"floorsAscendedInMeters":2.296,"floorsDescendedInMeters":0.0,"userIntensityMinutesGoal":150,"userFloorsAscendedGoal":10,"minHeartRate":66,"maxHeartRate":168,"restingHeartRate":70,"currentDayRestingHeartRate":74,"restingHeartRateTimestamp":"Oct 16, 2020 4:00:00 AM","includesWellnessData":true,"includesActivityData":true,"includesCalorieConsumedData":false,"includesSingleMeasurement":false,"includesContinuousMeasurement":false,"includesAllDayPulseOx":false,"includesSleepPulseOx":false,"source":0,"allDayStress":{"userProfilePK":82576128,"calendarDate":{"date":"Oct 15, 2020 12:00:00 AM"},"aggregatorList":[{"type":"TOTAL","averageStressLevel":15,"averageStressLevelIntensity":16,"maxStressLevel":22,"stressIntensityCount":22,"stressOffWristCount":1296,"stressTooActiveCount":122,"totalStressCount":1440,"totalStressIntensity":860,"stressDuration":0,"restDuration":1320,"activityDuration":7320,"uncategorizedDuration":77760,"totalDuration":86400,"lowDuration":0,"mediumDuration":0,"highDuration":0},{"type":"AWAKE","averageStressLevel":15,"averageStressLevelIntensity":16,"maxStressLevel":22,"stressIntensityCount":22,"stressOffWristCount":1296,"stressTooActiveCount":122,"totalStressCount":1440,"totalStressIntensity":860,"stressDuration":0,"restDuration":1320,"activityDuration":7320,"uncategorizedDuration":77760,"totalDuration":86400,"lowDuration":0,"mediumDuration":0,"highDuration":0},{"type":"ASLEEP","averageStressLevel":-2,"averageStressLevelIntensity":-2,"maxStressLevel":0,"stressIntensityCount":0,"stressOffWristCount":0,"stressTooActiveCount":0,"totalStressCount":0,"totalStressIntensity":0,"stressDuration":0,"restDuration":0,"activityDuration":0,"uncategorizedDuration":0,"totalDuration":0,"lowDuration":0,"mediumDuration":0,"highDuration":0}]},"bodyBattery":{"userProfilePK":82576128,"calendarDate":{"date":"Oct 15, 2020 12:00:00 AM"},"chargedValue":1,"drainedValue":23,"bodyBatteryVersion":1.0,"bodyBatteryStatList":[{"bodyBatteryStatType":"HIGHEST","statsValue":76,"bodyBatteryStatus":"RESET","statTimestamp":{"date":"Oct 15, 2020 9:33:00 AM"}},{"bodyBatteryStatType":"LOWEST","statsValue":54,"bodyBatteryStatus":"MEASURED","statTimestamp":{"date":"Oct 15, 2020 11:41:00 AM"}},{"bodyBatteryStatType":"MOSTRECENT","statsValue":54,"bodyBatteryStatus":"MEASURED","statTimestamp":{"date":"Oct 15, 2020 12:13:00 PM"}}]},"minAvgHeartRate":67,"maxAvgHeartRate":168,"version":4,"hydration":{"userProfilePK":82576128,"calendarDate":{"date":"Oct 15, 2020 12:00:00 AM"},"valueInML":0.0,"activityIntakeInML":0.0,"goalInML":2129.0,"capped":false,"sweatLossInML":523.0,"adjustedGoalInML":2652.0,"lastEntryTimestampLocal":{"date":"Oct 15, 2020 6:20:16 AM"}},"respiration":{"userProfilePK":82576128,"calendarDate":{"date":"Oct 15, 2020 12:00:00 AM"},"avgWakingRespirationValue":13.0,"highestRespirationValue":17.0,"lowestRespirationValue":11.0,"latestRespirationValue":15.0,"latestRespirationTimeGMT":{"date":"Oct 16, 2020 2:31:00 AM"}}},{"userProfilePK":82576128,"calendarDate":{"date":"Oct 16, 2020 12:00:00 AM"},"uuid":"f98f54c414cc4893ac322eb2cb2d71b4","durationInMilliseconds":86400000,"totalKilocalories":2149.0,"activeKilocalories":0.0,"bmrKilocalories":2149.0,"wellnessKilocalories":2149.0,"remainingKilocalories":2149.0,"wellnessTotalKilocalories":2149.0,"wellnessActiveKilocalories":0.0,"totalSteps":0,"dailyStepGoal":2830,"netCalorieGoal":2000,"totalDistanceMeters":0,"wellnessDistanceMeters":0,"wellnessStartTimeGmt":{"date":"Oct 16, 2020 4:00:00 AM"},"wellnessEndTimeGmt":{"date":"Oct 17, 2020 4:00:00 AM"},"wellnessStartTimeLocal":{"date":"Oct 16, 2020 12:00:00 AM"},"wellnessEndTimeLocal":{"date":"Oct 17, 2020 12:00:00 AM"},"highlyActiveSeconds":0,"activeSeconds":0,"moderateIntensityMinutes":0,"vigorousIntensityMinutes":0,"floorsAscendedInMeters":0.0,"floorsDescendedInMeters":0.0,"userIntensityMinutesGoal":150,"userFloorsAscendedGoal":10,"minHeartRate":65,"maxHeartRate":65,"includesWellnessData":true,"includesActivityData":false,"includesCalorieConsumedData":false,"includesSingleMeasurement":false,"includesContinuousMeasurement":false,"includesAllDayPulseOx":false,"includesSleepPulseOx":false,"source":0,"allDayStress":{"userProfilePK":82576128,"calendarDate":{"date":"Oct 16, 2020 12:00:00 AM"},"aggregatorList":[{"type":"TOTAL","averageStressLevel":3,"averageStressLevelIntensity":3,"maxStressLevel":3,"stressIntensityCount":1,"stressOffWristCount":1439,"stressTooActiveCount":0,"totalStressCount":1440,"totalStressIntensity":89,"stressDuration":0,"restDuration":60,"activityDuration":0,"uncategorizedDuration":86340,"totalDuration":86400,"lowDuration":0,"mediumDuration":0,"highDuration":0},{"type":"AWAKE","averageStressLevel":3,"averageStressLevelIntensity":3,"maxStressLevel":3,"stressIntensityCount":1,"stressOffWristCount":1439,"stressTooActiveCount":0,"totalStressCount":1440,"totalStressIntensity":89,"stressDuration":0,"restDuration":60,"activityDuration":0,"uncategorizedDuration":86340,"totalDuration":86400,"lowDuration":0,"mediumDuration":0,"highDuration":0},{"type":"ASLEEP","averageStressLevel":-2,"averageStressLevelIntensity":-2,"maxStressLevel":0,"stressIntensityCount":0,"stressOffWristCount":0,"stressTooActiveCount":0,"totalStressCount":0,"totalStressIntensity":0,"stressDuration":0,"restDuration":0,"activityDuration":0,"uncategorizedDuration":0,"totalDuration":0,"lowDuration":0,"mediumDuration":0,"highDuration":0}]},"bodyBattery":{"userProfilePK":82576128,"calendarDate":{"date":"Oct 16, 2020 12:00:00 AM"},"bodyBatteryVersion":1.0,"bodyBatteryStatList":[]},"minAvgHeartRate":65,"maxAvgHeartRate":65,"version":1,"respiration":{"userProfilePK":82576128,"calendarDate":{"date":"Oct 16, 2020 12:00:00 AM"},"avgWakingRespirationValue":12.0,"highestRespirationValue":12.0,"lowestRespirationValue":12.0,"latestRespirationValue":12.0,"latestRespirationTimeGMT":{"date":"Oct 17, 2020 2:31:00 AM"}}},{"userProfilePK":82576128,"calendarDate":{"date":"Oct 17, 2020 12:00:00 AM"},"uuid":"035fbf4d52bd4326b2ae43eda55cd432","durationInMilliseconds":86400000,"totalKilocalories":2206.0,"activeKilocalories":57.0,"bmrKilocalories":2149.0,"wellnessKilocalories":2206.0,"remainingKilocalories":2206.0,"wellnessTotalKilocalories":2206.0,"wellnessActiveKilocalories":57.0,"totalSteps":1006,"dailyStepGoal":2830,"netCalorieGoal":2000,"totalDistanceMeters":801,"wellnessDistanceMeters":801,"wellnessStartTimeGmt":{"date":"Oct 17, 2020 4:00:00 AM"},"wellnessEndTimeGmt":{"date":"Oct 18, 2020 4:00:00 AM"},"wellnessStartTimeLocal":{"date":"Oct 17, 2020 12:00:00 AM"},"wellnessEndTimeLocal":{"date":"Oct 18, 2020 12:00:00 AM"},"highlyActiveSeconds":41,"activeSeconds":562,"moderateIntensityMinutes":0,"vigorousIntensityMinutes":0,"floorsAscendedInMeters":4.991,"floorsDescendedInMeters":9.85,"userIntensityMinutesGoal":150,"userFloorsAscendedGoal":10,"minHeartRate":61,"maxHeartRate":113,"restingHeartRate":71,"currentDayRestingHeartRate":73,"restingHeartRateTimestamp":"Oct 18, 2020 4:00:00 AM","includesWellnessData":true,"includesActivityData":false,"includesCalorieConsumedData":false,"includesSingleMeasurement":false,"includesContinuousMeasurement":false,"includesAllDayPulseOx":false,"includesSleepPulseOx":false,"source":0,"allDayStress":{"userProfilePK":82576128,"calendarDate":{"date":"Oct 17, 2020 12:00:00 AM"},"aggregatorList":[{"type":"TOTAL","averageStressLevel":23,"averageStressLevelIntensity":20,"maxStressLevel":90,"stressIntensityCount":254,"stressOffWristCount":1131,"stressTooActiveCount":55,"totalStressCount":1440,"totalStressIntensity":5432,"stressDuration":4440,"restDuration":10800,"activityDuration":3300,"uncategorizedDuration":67860,"totalDuration":86400,"lowDuration":3600,"mediumDuration":660,"highDuration":180},{"type":"AWAKE","averageStressLevel":23,"averageStressLevelIntensity":20,"maxStressLevel":90,"stressIntensityCount":254,"stressOffWristCount":1131,"stressTooActiveCount":55,"totalStressCount":1440,"totalStressIntensity":5432,"stressDuration":4440,"restDuration":10800,"activityDuration":3300,"uncategorizedDuration":67860,"totalDuration":86400,"lowDuration":3600,"mediumDuration":660,"highDuration":180},{"type":"ASLEEP","averageStressLevel":-2,"averageStressLevelIntensity":-2,"maxStressLevel":0,"stressIntensityCount":0,"stressOffWristCount":0,"stressTooActiveCount":0,"totalStressCount":0,"totalStressIntensity":0,"stressDuration":0,"restDuration":0,"activityDuration":0,"uncategorizedDuration":0,"totalDuration":0,"lowDuration":0,"mediumDuration":0,"highDuration":0}]},"bodyBattery":{"userProfilePK":82576128,"calendarDate":{"date":"Oct 17, 2020 12:00:00 AM"},"chargedValue":23,"drainedValue":8,"bodyBatteryVersion":1.0,"bodyBatteryStatList":[{"bodyBatteryStatType":"HIGHEST","statsValue":54,"bodyBatteryStatus":"MEASURED","statTimestamp":{"date":"Oct 17, 2020 11:01:00 PM"}},{"bodyBatteryStatType":"LOWEST","statsValue":37,"bodyBatteryStatus":"RESET","statTimestamp":{"date":"Oct 17, 2020 8:26:00 PM"}},{"bodyBatteryStatType":"MOSTRECENT","statsValue":52,"bodyBatteryStatus":"MEASURED","statTimestamp":{"date":"Oct 18, 2020 2:08:00 AM"}}]},"minAvgHeartRate":64,"maxAvgHeartRate":112,"version":1,"respiration":{"userProfilePK":82576128,"calendarDate":{"date":"Oct 17, 2020 12:00:00 AM"},"avgWakingRespirationValue":14.0,"highestRespirationValue":15.0,"lowestRespirationValue":12.0,"latestRespirationValue":14.0,"latestRespirationTimeGMT":{"date":"Oct 18, 2020 2:05:00 AM"}}},{"userProfilePK":82576128,"calendarDate":{"date":"Oct 18, 2020 12:00:00 AM"},"uuid":"726e6c121e5c4a20814e73352564124e","durationInMilliseconds":86400000,"totalKilocalories":2175.0,"activeKilocalories":26.0,"bmrKilocalories":2149.0,"wellnessKilocalories":2175.0,"remainingKilocalories":2175.0,"wellnessTotalKilocalories":2175.0,"wellnessActiveKilocalories":26.0,"totalSteps":1034,"dailyStepGoal":2650,"netCalorieGoal":2000,"totalDistanceMeters":823,"wellnessDistanceMeters":823,"wellnessStartTimeGmt":{"date":"Oct 18, 2020 4:00:00 AM"},"wellnessEndTimeGmt":{"date":"Oct 19, 2020 4:00:00 AM"},"wellnessStartTimeLocal":{"date":"Oct 18, 2020 12:00:00 AM"},"wellnessEndTimeLocal":{"date":"Oct 19, 2020 12:00:00 AM"},"highlyActiveSeconds":106,"activeSeconds":431,"moderateIntensityMinutes":0,"vigorousIntensityMinutes":0,"floorsAscendedInMeters":5.471,"floorsDescendedInMeters":7.404,"userIntensityMinutesGoal":150,"userFloorsAscendedGoal":10,"minHeartRate":62,"maxHeartRate":103,"restingHeartRate":71,"currentDayRestingHeartRate":71,"restingHeartRateTimestamp":"Oct 19, 2020 4:00:00 AM","includesWellnessData":true,"includesActivityData":false,"includesCalorieConsumedData":false,"includesSingleMeasurement":false,"includesContinuousMeasurement":false,"includesAllDayPulseOx":true,"includesSleepPulseOx":false,"source":0,"allDayStress":{"userProfilePK":82576128,"calendarDate":{"date":"Oct 18, 2020 12:00:00 AM"},"aggregatorList":[{"type":"TOTAL","averageStressLevel":15,"averageStressLevelIntensity":15,"maxStressLevel":39,"stressIntensityCount":186,"stressOffWristCount":1212,"stressTooActiveCount":42,"totalStressCount":1440,"totalStressIntensity":7570,"stressDuration":300,"restDuration":10860,"activityDuration":2520,"uncategorizedDuration":72720,"totalDuration":86400,"lowDuration":300,"mediumDuration":0,"highDuration":0},{"type":"AWAKE","averageStressLevel":15,"averageStressLevelIntensity":15,"maxStressLevel":39,"stressIntensityCount":186,"stressOffWristCount":1212,"stressTooActiveCount":42,"totalStressCount":1440,"totalStressIntensity":7570,"stressDuration":300,"restDuration":10860,"activityDuration":2520,"uncategorizedDuration":72720,"totalDuration":86400,"lowDuration":300,"mediumDuration":0,"highDuration":0},{"type":"ASLEEP","averageStressLevel":-2,"averageStressLevelIntensity":-2,"maxStressLevel":0,"stressIntensityCount":0,"stressOffWristCount":0,"stressTooActiveCount":0,"totalStressCount":0,"totalStressIntensity":0,"stressDuration":0,"restDuration":0,"activityDuration":0,"uncategorizedDuration":0,"totalDuration":0,"lowDuration":0,"mediumDuration":0,"highDuration":0}]},"bodyBattery":{"userProfilePK":82576128,"calendarDate":{"date":"Oct 18, 2020 12:00:00 AM"},"chargedValue":24,"drainedValue":0,"bodyBatteryVersion":1.0,"bodyBatteryStatList":[{"bodyBatteryStatType":"HIGHEST","statsValue":54,"bodyBatteryStatus":"MEASURED","statTimestamp":{"date":"Oct 19, 2020 3:02:00 AM"}},{"bodyBatteryStatType":"LOWEST","statsValue":30,"bodyBatteryStatus":"RESET","statTimestamp":{"date":"Oct 18, 2020 11:07:00 PM"}},{"bodyBatteryStatType":"MOSTRECENT","statsValue":54,"bodyBatteryStatus":"MEASURED","statTimestamp":{"date":"Oct 19, 2020 3:12:00 AM"}}]},"minAvgHeartRate":64,"maxAvgHeartRate":102,"version":1,"averageSpo2Value":94.0,"lowestSpo2Value":94,"latestSpo2Value":94,"latestSpo2ValueReadingTimeGmt":{"date":"Oct 19, 2020 2:34:00 AM"},"latestSpo2ValueReadingTimeLocal":{"date":"Oct 18, 2020 10:34:00 PM"},"respiration":{"userProfilePK":82576128,"calendarDate":{"date":"Oct 18, 2020 12:00:00 AM"},"avgWakingRespirationValue":14.0,"highestRespirationValue":20.0,"lowestRespirationValue":10.0,"latestRespirationValue":14.0,"latestRespirationTimeGMT":{"date":"Oct 19, 2020 3:05:00 AM"}}},{"userProfilePK":82576128,"calendarDate":{"date":"Oct 19, 2020 12:00:00 AM"},"uuid":"495797eb34d04affb9c8b6895ab0fb5a","durationInMilliseconds":86400000,"totalKilocalories":2149.0,"activeKilocalories":0.0,"bmrKilocalories":2149.0,"wellnessKilocalories":2149.0,"remainingKilocalories":2149.0,"wellnessTotalKilocalories":2149.0,"wellnessActiveKilocalories":0.0,"totalSteps":0,"dailyStepGoal":2330,"netCalorieGoal":2000,"totalDistanceMeters":0,"wellnessDistanceMeters":0,"wellnessStartTimeGmt":{"date":"Oct 19, 2020 4:00:00 AM"},"wellnessEndTimeGmt":{"date":"Oct 20, 2020 4:00:00 AM"},"wellnessStartTimeLocal":{"date":"Oct 19, 2020 12:00:00 AM"},"wellnessEndTimeLocal":{"date":"Oct 20, 2020 12:00:00 AM"},"highlyActiveSeconds":0,"activeSeconds":0,"moderateIntensityMinutes":0,"vigorousIntensityMinutes":0,"floorsAscendedInMeters":0.0,"floorsDescendedInMeters":0.0,"userIntensityMinutesGoal":150,"userFloorsAscendedGoal":10,"includesWellnessData":true,"includesActivityData":false,"includesCalorieConsumedData":false,"includesSingleMeasurement":false,"includesContinuousMeasurement":false,"includesAllDayPulseOx":false,"includesSleepPulseOx":false,"source":0,"allDayStress":{"userProfilePK":82576128,"calendarDate":{"date":"Oct 19, 2020 12:00:00 AM"},"aggregatorList":[{"type":"TOTAL","averageStressLevel":-1,"averageStressLevelIntensity":-1,"maxStressLevel":0,"stressIntensityCount":0,"stressOffWristCount":1440,"stressTooActiveCount":0,"totalStressCount":1440,"totalStressIntensity":0,"stressDuration":0,"restDuration":0,"activityDuration":0,"uncategorizedDuration":86400,"totalDuration":86400,"lowDuration":0,"mediumDuration":0,"highDuration":0},{"type":"AWAKE","averageStressLevel":-1,"averageStressLevelIntensity":-1,"maxStressLevel":0,"stressIntensityCount":0,"stressOffWristCount":1440,"stressTooActiveCount":0,"totalStressCount":1440,"totalStressIntensity":0,"stressDuration":0,"restDuration":0,"activityDuration":0,"uncategorizedDuration":86400,"totalDuration":86400,"lowDuration":0,"mediumDuration":0,"highDuration":0},{"type":"ASLEEP","averageStressLevel":-2,"averageStressLevelIntensity":-2,"maxStressLevel":0,"stressIntensityCount":0,"stressOffWristCount":0,"stressTooActiveCount":0,"totalStressCount":0,"totalStressIntensity":0,"stressDuration":0,"restDuration":0,"activityDuration":0,"uncategorizedDuration":0,"totalDuration":0,"lowDuration":0,"mediumDuration":0,"highDuration":0}]},"bodyBattery":{"userProfilePK":82576128,"calendarDate":{"date":"Oct 19, 2020 12:00:00 AM"},"bodyBatteryVersion":1.0,"bodyBatteryStatList":[]},"version":1},{"userProfilePK":82576128,"calendarDate":{"date":"Oct 20, 2020 12:00:00 AM"},"uuid":"660367d8666d4d9185f3a2e15eb44edf","durationInMilliseconds":86400000,"totalKilocalories":2149.0,"activeKilocalories":0.0,"bmrKilocalories":2149.0,"wellnessKilocalories":2149.0,"remainingKilocalories":2149.0,"wellnessTotalKilocalories":2149.0,"wellnessActiveKilocalories":0.0,"totalSteps":0,"dailyStepGoal":2330,"netCalorieGoal":2000,"totalDistanceMeters":0,"wellnessDistanceMeters":0,"wellnessStartTimeGmt":{"date":"Oct 20, 2020 4:00:00 AM"},"wellnessEndTimeGmt":{"date":"Oct 21, 2020 4:00:00 AM"},"wellnessStartTimeLocal":{"date":"Oct 20, 2020 12:00:00 AM"},"wellnessEndTimeLocal":{"date":"Oct 21, 2020 12:00:00 AM"},"highlyActiveSeconds":0,"activeSeconds":0,"moderateIntensityMinutes":0,"vigorousIntensityMinutes":0,"floorsAscendedInMeters":0.0,"floorsDescendedInMeters":0.0,"userIntensityMinutesGoal":150,"userFloorsAscendedGoal":10,"minHeartRate":62,"maxHeartRate":62,"includesWellnessData":true,"includesActivityData":false,"includesCalorieConsumedData":false,"includesSingleMeasurement":false,"includesContinuousMeasurement":false,"includesAllDayPulseOx":false,"includesSleepPulseOx":false,"source":0,"allDayStress":{"userProfilePK":82576128,"calendarDate":{"date":"Oct 20, 2020 12:00:00 AM"},"aggregatorList":[{"type":"TOTAL","averageStressLevel":2,"averageStressLevelIntensity":2,"maxStressLevel":2,"stressIntensityCount":1,"stressOffWristCount":1439,"stressTooActiveCount":0,"totalStressCount":1440,"totalStressIntensity":92,"stressDuration":0,"restDuration":60,"activityDuration":0,"uncategorizedDuration":86340,"totalDuration":86400,"lowDuration":0,"mediumDuration":0,"highDuration":0},{"type":"AWAKE","averageStressLevel":2,"averageStressLevelIntensity":2,"maxStressLevel":2,"stressIntensityCount":1,"stressOffWristCount":1439,"stressTooActiveCount":0,"totalStressCount":1440,"totalStressIntensity":92,"stressDuration":0,"restDuration":60,"activityDuration":0,"uncategorizedDuration":86340,"totalDuration":86400,"lowDuration":0,"mediumDuration":0,"highDuration":0},{"type":"ASLEEP","averageStressLevel":-2,"averageStressLevelIntensity":-2,"maxStressLevel":0,"stressIntensityCount":0,"stressOffWristCount":0,"stressTooActiveCount":0,"totalStressCount":0,"totalStressIntensity":0,"stressDuration":0,"restDuration":0,"activityDuration":0,"uncategorizedDuration":0,"totalDuration":0,"lowDuration":0,"mediumDuration":0,"highDuration":0}]},"bodyBattery":{"userProfilePK":82576128,"calendarDate":{"date":"Oct 20, 2020 12:00:00 AM"},"chargedValue":0,"drainedValue":0,"bodyBatteryVersion":1.0,"bodyBatteryStatList":[{"bodyBatteryStatType":"HIGHEST","statsValue":32,"bodyBatteryStatus":"RESET","statTimestamp":{"date":"Oct 21, 2020 2:31:00 AM"}},{"bodyBatteryStatType":"LOWEST","statsValue":32,"bodyBatteryStatus":"RESET","statTimestamp":{"date":"Oct 21, 2020 2:31:00 AM"}},{"bodyBatteryStatType":"MOSTRECENT","statsValue":32,"bodyBatteryStatus":"RESET","statTimestamp":{"date":"Oct 21, 2020 2:34:00 AM"}}]},"minAvgHeartRate":62,"maxAvgHeartRate":62,"version":1,"respiration":{"userProfilePK":82576128,"calendarDate":{"date":"Oct 20, 2020 12:00:00 AM"},"avgWakingRespirationValue":17.0,"highestRespirationValue":17.0,"lowestRespirationValue":17.0,"latestRespirationValue":17.0,"latestRespirationTimeGMT":{"date":"Oct 21, 2020 2:31:00 AM"}}},{"userProfilePK":82576128,"calendarDate":{"date":"Oct 21, 2020 12:00:00 AM"},"uuid":"f8afd67cb0df48b58797f10127482662","durationInMilliseconds":86400000,"totalKilocalories":2149.0,"activeKilocalories":0.0,"bmrKilocalories":2149.0,"wellnessKilocalories":2149.0,"remainingKilocalories":2149.0,"wellnessTotalKilocalories":2149.0,"wellnessActiveKilocalories":0.0,"totalSteps":0,"dailyStepGoal":2330,"netCalorieGoal":2000,"totalDistanceMeters":0,"wellnessDistanceMeters":0,"wellnessStartTimeGmt":{"date":"Oct 21, 2020 4:00:00 AM"},"wellnessEndTimeGmt":{"date":"Oct 22, 2020 4:00:00 AM"},"wellnessStartTimeLocal":{"date":"Oct 21, 2020 12:00:00 AM"},"wellnessEndTimeLocal":{"date":"Oct 22, 2020 12:00:00 AM"},"highlyActiveSeconds":0,"activeSeconds":0,"moderateIntensityMinutes":0,"vigorousIntensityMinutes":0,"floorsAscendedInMeters":0.0,"floorsDescendedInMeters":0.0,"userIntensityMinutesGoal":150,"userFloorsAscendedGoal":10,"includesWellnessData":true,"includesActivityData":false,"includesCalorieConsumedData":false,"includesSingleMeasurement":false,"includesContinuousMeasurement":false,"includesAllDayPulseOx":false,"includesSleepPulseOx":false,"source":0,"allDayStress":{"userProfilePK":82576128,"calendarDate":{"date":"Oct 21, 2020 12:00:00 AM"},"aggregatorList":[{"type":"TOTAL","averageStressLevel":-1,"averageStressLevelIntensity":-1,"maxStressLevel":0,"stressIntensityCount":0,"stressOffWristCount":1440,"stressTooActiveCount":0,"totalStressCount":1440,"totalStressIntensity":0,"stressDuration":0,"restDuration":0,"activityDuration":0,"uncategorizedDuration":86400,"totalDuration":86400,"lowDuration":0,"mediumDuration":0,"highDuration":0},{"type":"AWAKE","averageStressLevel":-1,"averageStressLevelIntensity":-1,"maxStressLevel":0,"stressIntensityCount":0,"stressOffWristCount":1440,"stressTooActiveCount":0,"totalStressCount":1440,"totalStressIntensity":0,"stressDuration":0,"restDuration":0,"activityDuration":0,"uncategorizedDuration":86400,"totalDuration":86400,"lowDuration":0,"mediumDuration":0,"highDuration":0},{"type":"ASLEEP","averageStressLevel":-2,"averageStressLevelIntensity":-2,"maxStressLevel":0,"stressIntensityCount":0,"stressOffWristCount":0,"stressTooActiveCount":0,"totalStressCount":0,"totalStressIntensity":0,"stressDuration":0,"restDuration":0,"activityDuration":0,"uncategorizedDuration":0,"totalDuration":0,"lowDuration":0,"mediumDuration":0,"highDuration":0}]},"bodyBattery":{"userProfilePK":82576128,"calendarDate":{"date":"Oct 21, 2020 12:00:00 AM"},"bodyBatteryVersion":1.0,"bodyBatteryStatList":[]},"version":1},{"userProfilePK":82576128,"calendarDate":{"date":"Oct 22, 2020 12:00:00 AM"},"uuid":"9a824e2c764740d8a08475d879d7031f","durationInMilliseconds":86400000,"totalKilocalories":2149.0,"activeKilocalories":0.0,"bmrKilocalories":2149.0,"wellnessKilocalories":2149.0,"remainingKilocalories":2149.0,"wellnessTotalKilocalories":2149.0,"wellnessActiveKilocalories":0.0,"totalSteps":0,"dailyStepGoal":2330,"netCalorieGoal":2000,"totalDistanceMeters":0,"wellnessDistanceMeters":0,"wellnessStartTimeGmt":{"date":"Oct 22, 2020 4:00:00 AM"},"wellnessEndTimeGmt":{"date":"Oct 23, 2020 4:00:00 AM"},"wellnessStartTimeLocal":{"date":"Oct 22, 2020 12:00:00 AM"},"wellnessEndTimeLocal":{"date":"Oct 23, 2020 12:00:00 AM"},"highlyActiveSeconds":0,"activeSeconds":0,"moderateIntensityMinutes":0,"vigorousIntensityMinutes":0,"floorsAscendedInMeters":0.0,"floorsDescendedInMeters":0.0,"userIntensityMinutesGoal":150,"userFloorsAscendedGoal":10,"includesWellnessData":true,"includesActivityData":false,"includesCalorieConsumedData":false,"includesSingleMeasurement":false,"includesContinuousMeasurement":false,"includesAllDayPulseOx":false,"includesSleepPulseOx":false,"source":0,"allDayStress":{"userProfilePK":82576128,"calendarDate":{"date":"Oct 22, 2020 12:00:00 AM"},"aggregatorList":[{"type":"TOTAL","averageStressLevel":-1,"averageStressLevelIntensity":-1,"maxStressLevel":0,"stressIntensityCount":0,"stressOffWristCount":1440,"stressTooActiveCount":0,"totalStressCount":1440,"totalStressIntensity":0,"stressDuration":0,"restDuration":0,"activityDuration":0,"uncategorizedDuration":86400,"totalDuration":86400,"lowDuration":0,"mediumDuration":0,"highDuration":0},{"type":"AWAKE","averageStressLevel":-1,"averageStressLevelIntensity":-1,"maxStressLevel":0,"stressIntensityCount":0,"stressOffWristCount":1440,"stressTooActiveCount":0,"totalStressCount":1440,"totalStressIntensity":0,"stressDuration":0,"restDuration":0,"activityDuration":0,"uncategorizedDuration":86400,"totalDuration":86400,"lowDuration":0,"mediumDuration":0,"highDuration":0},{"type":"ASLEEP","averageStressLevel":-2,"averageStressLevelIntensity":-2,"maxStressLevel":0,"stressIntensityCount":0,"stressOffWristCount":0,"stressTooActiveCount":0,"totalStressCount":0,"totalStressIntensity":0,"stressDuration":0,"restDuration":0,"activityDuration":0,"uncategorizedDuration":0,"totalDuration":0,"lowDuration":0,"mediumDuration":0,"highDuration":0}]},"bodyBattery":{"userProfilePK":82576128,"calendarDate":{"date":"Oct 22, 2020 12:00:00 AM"},"bodyBatteryVersion":1.0,"bodyBatteryStatList":[]},"version":1},{"userProfilePK":82576128,"calendarDate":{"date":"Oct 23, 2020 12:00:00 AM"},"uuid":"8d76b4d254e24c778e4e4ef6ba06822f","durationInMilliseconds":86400000,"totalKilocalories":2149.0,"activeKilocalories":0.0,"bmrKilocalories":2149.0,"wellnessKilocalories":2149.0,"remainingKilocalories":2149.0,"wellnessTotalKilocalories":2149.0,"wellnessActiveKilocalories":0.0,"totalSteps":0,"dailyStepGoal":2330,"netCalorieGoal":2000,"totalDistanceMeters":0,"wellnessDistanceMeters":0,"wellnessStartTimeGmt":{"date":"Oct 23, 2020 4:00:00 AM"},"wellnessEndTimeGmt":{"date":"Oct 24, 2020 4:00:00 AM"},"wellnessStartTimeLocal":{"date":"Oct 23, 2020 12:00:00 AM"},"wellnessEndTimeLocal":{"date":"Oct 24, 2020 12:00:00 AM"},"highlyActiveSeconds":0,"activeSeconds":0,"moderateIntensityMinutes":0,"vigorousIntensityMinutes":0,"floorsAscendedInMeters":0.0,"floorsDescendedInMeters":0.0,"userIntensityMinutesGoal":150,"userFloorsAscendedGoal":10,"includesWellnessData":true,"includesActivityData":false,"includesCalorieConsumedData":false,"includesSingleMeasurement":false,"includesContinuousMeasurement":false,"includesAllDayPulseOx":false,"includesSleepPulseOx":false,"source":0,"allDayStress":{"userProfilePK":82576128,"calendarDate":{"date":"Oct 23, 2020 12:00:00 AM"},"aggregatorList":[{"type":"TOTAL","averageStressLevel":-1,"averageStressLevelIntensity":-1,"maxStressLevel":0,"stressIntensityCount":0,"stressOffWristCount":1440,"stressTooActiveCount":0,"totalStressCount":1440,"totalStressIntensity":0,"stressDuration":0,"restDuration":0,"activityDuration":0,"uncategorizedDuration":86400,"totalDuration":86400,"lowDuration":0,"mediumDuration":0,"highDuration":0},{"type":"AWAKE","averageStressLevel":-1,"averageStressLevelIntensity":-1,"maxStressLevel":0,"stressIntensityCount":0,"stressOffWristCount":1440,"stressTooActiveCount":0,"totalStressCount":1440,"totalStressIntensity":0,"stressDuration":0,"restDuration":0,"activityDuration":0,"uncategorizedDuration":86400,"totalDuration":86400,"lowDuration":0,"mediumDuration":0,"highDuration":0},{"type":"ASLEEP","averageStressLevel":-2,"averageStressLevelIntensity":-2,"maxStressLevel":0,"stressIntensityCount":0,"stressOffWristCount":0,"stressTooActiveCount":0,"totalStressCount":0,"totalStressIntensity":0,"stressDuration":0,"restDuration":0,"activityDuration":0,"uncategorizedDuration":0,"totalDuration":0,"lowDuration":0,"mediumDuration":0,"highDuration":0}]},"bodyBattery":{"userProfilePK":82576128,"calendarDate":{"date":"Oct 23, 2020 12:00:00 AM"},"bodyBatteryVersion":1.0,"bodyBatteryStatList":[]},"version":1},{"userProfilePK":82576128,"calendarDate":{"date":"Oct 24, 2020 12:00:00 AM"},"uuid":"07b8bf058d2741d79bd7a8a6c871c2c0","durationInMilliseconds":86400000,"totalKilocalories":2149.0,"activeKilocalories":0.0,"bmrKilocalories":2149.0,"wellnessKilocalories":2149.0,"remainingKilocalories":2149.0,"wellnessTotalKilocalories":2149.0,"wellnessActiveKilocalories":0.0,"totalSteps":0,"dailyStepGoal":2330,"netCalorieGoal":2000,"totalDistanceMeters":0,"wellnessDistanceMeters":0,"wellnessStartTimeGmt":{"date":"Oct 24, 2020 4:00:00 AM"},"wellnessEndTimeGmt":{"date":"Oct 25, 2020 4:00:00 AM"},"wellnessStartTimeLocal":{"date":"Oct 24, 2020 12:00:00 AM"},"wellnessEndTimeLocal":{"date":"Oct 25, 2020 12:00:00 AM"},"highlyActiveSeconds":0,"activeSeconds":0,"moderateIntensityMinutes":0,"vigorousIntensityMinutes":0,"floorsAscendedInMeters":0.0,"floorsDescendedInMeters":0.0,"userIntensityMinutesGoal":150,"userFloorsAscendedGoal":10,"includesWellnessData":true,"includesActivityData":false,"includesCalorieConsumedData":false,"includesSingleMeasurement":false,"includesContinuousMeasurement":false,"includesAllDayPulseOx":false,"includesSleepPulseOx":false,"source":0,"allDayStress":{"userProfilePK":82576128,"calendarDate":{"date":"Oct 24, 2020 12:00:00 AM"},"aggregatorList":[{"type":"TOTAL","averageStressLevel":-1,"averageStressLevelIntensity":-1,"maxStressLevel":0,"stressIntensityCount":0,"stressOffWristCount":1440,"stressTooActiveCount":0,"totalStressCount":1440,"totalStressIntensity":0,"stressDuration":0,"restDuration":0,"activityDuration":0,"uncategorizedDuration":86400,"totalDuration":86400,"lowDuration":0,"mediumDuration":0,"highDuration":0},{"type":"AWAKE","averageStressLevel":-1,"averageStressLevelIntensity":-1,"maxStressLevel":0,"stressIntensityCount":0,"stressOffWristCount":1440,"stressTooActiveCount":0,"totalStressCount":1440,"totalStressIntensity":0,"stressDuration":0,"restDuration":0,"activityDuration":0,"uncategorizedDuration":86400,"totalDuration":86400,"lowDuration":0,"mediumDuration":0,"highDuration":0},{"type":"ASLEEP","averageStressLevel":-2,"averageStressLevelIntensity":-2,"maxStressLevel":0,"stressIntensityCount":0,"stressOffWristCount":0,"stressTooActiveCount":0,"totalStressCount":0,"totalStressIntensity":0,"stressDuration":0,"restDuration":0,"activityDuration":0,"uncategorizedDuration":0,"totalDuration":0,"lowDuration":0,"mediumDuration":0,"highDuration":0}]},"bodyBattery":{"userProfilePK":82576128,"calendarDate":{"date":"Oct 24, 2020 12:00:00 AM"},"bodyBatteryVersion":1.0,"bodyBatteryStatList":[]},"version":1},{"userProfilePK":82576128,"calendarDate":{"date":"Oct 25, 2020 12:00:00 AM"},"uuid":"462263571d3140df821f39d2ee7bd78e","durationInMilliseconds":86400000,"totalKilocalories":2149.0,"activeKilocalories":0.0,"bmrKilocalories":2149.0,"wellnessKilocalories":2149.0,"remainingKilocalories":2149.0,"wellnessTotalKilocalories":2149.0,"wellnessActiveKilocalories":0.0,"totalSteps":0,"dailyStepGoal":2330,"netCalorieGoal":2000,"totalDistanceMeters":0,"wellnessDistanceMeters":0,"wellnessStartTimeGmt":{"date":"Oct 25, 2020 4:00:00 AM"},"wellnessEndTimeGmt":{"date":"Oct 26, 2020 4:00:00 AM"},"wellnessStartTimeLocal":{"date":"Oct 25, 2020 12:00:00 AM"},"wellnessEndTimeLocal":{"date":"Oct 26, 2020 12:00:00 AM"},"highlyActiveSeconds":0,"activeSeconds":0,"moderateIntensityMinutes":0,"vigorousIntensityMinutes":0,"floorsAscendedInMeters":0.0,"floorsDescendedInMeters":0.0,"userIntensityMinutesGoal":150,"userFloorsAscendedGoal":10,"includesWellnessData":true,"includesActivityData":false,"includesCalorieConsumedData":false,"includesSingleMeasurement":false,"includesContinuousMeasurement":false,"includesAllDayPulseOx":false,"includesSleepPulseOx":false,"source":0,"allDayStress":{"userProfilePK":82576128,"calendarDate":{"date":"Oct 25, 2020 12:00:00 AM"},"aggregatorList":[{"type":"TOTAL","averageStressLevel":-1,"averageStressLevelIntensity":-1,"maxStressLevel":0,"stressIntensityCount":0,"stressOffWristCount":1440,"stressTooActiveCount":0,"totalStressCount":1440,"totalStressIntensity":0,"stressDuration":0,"restDuration":0,"activityDuration":0,"uncategorizedDuration":86400,"totalDuration":86400,"lowDuration":0,"mediumDuration":0,"highDuration":0},{"type":"AWAKE","averageStressLevel":-1,"averageStressLevelIntensity":-1,"maxStressLevel":0,"stressIntensityCount":0,"stressOffWristCount":1440,"stressTooActiveCount":0,"totalStressCount":1440,"totalStressIntensity":0,"stressDuration":0,"restDuration":0,"activityDuration":0,"uncategorizedDuration":86400,"totalDuration":86400,"lowDuration":0,"mediumDuration":0,"highDuration":0},{"type":"ASLEEP","averageStressLevel":-2,"averageStressLevelIntensity":-2,"maxStressLevel":0,"stressIntensityCount":0,"stressOffWristCount":0,"stressTooActiveCount":0,"totalStressCount":0,"totalStressIntensity":0,"stressDuration":0,"restDuration":0,"activityDuration":0,"uncategorizedDuration":0,"totalDuration":0,"lowDuration":0,"mediumDuration":0,"highDuration":0}]},"bodyBattery":{"userProfilePK":82576128,"calendarDate":{"date":"Oct 25, 2020 12:00:00 AM"},"bodyBatteryVersion":1.0,"bodyBatteryStatList":[]},"version":1},{"userProfilePK":82576128,"calendarDate":{"date":"Oct 26, 2020 12:00:00 AM"},"uuid":"0adbd858c5dc44018df07e979301da88","durationInMilliseconds":86400000,"totalKilocalories":2149.0,"activeKilocalories":0.0,"bmrKilocalories":2149.0,"wellnessKilocalories":2149.0,"remainingKilocalories":2149.0,"wellnessTotalKilocalories":2149.0,"wellnessActiveKilocalories":0.0,"totalSteps":0,"dailyStepGoal":2330,"netCalorieGoal":2000,"totalDistanceMeters":0,"wellnessDistanceMeters":0,"wellnessStartTimeGmt":{"date":"Oct 26, 2020 4:00:00 AM"},"wellnessEndTimeGmt":{"date":"Oct 27, 2020 4:00:00 AM"},"wellnessStartTimeLocal":{"date":"Oct 26, 2020 12:00:00 AM"},"wellnessEndTimeLocal":{"date":"Oct 27, 2020 12:00:00 AM"},"highlyActiveSeconds":0,"activeSeconds":0,"moderateIntensityMinutes":0,"vigorousIntensityMinutes":0,"floorsAscendedInMeters":0.0,"floorsDescendedInMeters":0.0,"userIntensityMinutesGoal":150,"userFloorsAscendedGoal":10,"includesWellnessData":true,"includesActivityData":false,"includesCalorieConsumedData":false,"includesSingleMeasurement":false,"includesContinuousMeasurement":false,"includesAllDayPulseOx":false,"includesSleepPulseOx":false,"source":0,"allDayStress":{"userProfilePK":82576128,"calendarDate":{"date":"Oct 26, 2020 12:00:00 AM"},"aggregatorList":[{"type":"TOTAL","averageStressLevel":-1,"averageStressLevelIntensity":-1,"maxStressLevel":0,"stressIntensityCount":0,"stressOffWristCount":1440,"stressTooActiveCount":0,"totalStressCount":1440,"totalStressIntensity":0,"stressDuration":0,"restDuration":0,"activityDuration":0,"uncategorizedDuration":86400,"totalDuration":86400,"lowDuration":0,"mediumDuration":0,"highDuration":0},{"type":"AWAKE","averageStressLevel":-1,"averageStressLevelIntensity":-1,"maxStressLevel":0,"stressIntensityCount":0,"stressOffWristCount":1440,"stressTooActiveCount":0,"totalStressCount":1440,"totalStressIntensity":0,"stressDuration":0,"restDuration":0,"activityDuration":0,"uncategorizedDuration":86400,"totalDuration":86400,"lowDuration":0,"mediumDuration":0,"highDuration":0},{"type":"ASLEEP","averageStressLevel":-2,"averageStressLevelIntensity":-2,"maxStressLevel":0,"stressIntensityCount":0,"stressOffWristCount":0,"stressTooActiveCount":0,"totalStressCount":0,"totalStressIntensity":0,"stressDuration":0,"restDuration":0,"activityDuration":0,"uncategorizedDuration":0,"totalDuration":0,"lowDuration":0,"mediumDuration":0,"highDuration":0}]},"bodyBattery":{"userProfilePK":82576128,"calendarDate":{"date":"Oct 26, 2020 12:00:00 AM"},"bodyBatteryVersion":1.0,"bodyBatteryStatList":[]},"version":1},{"userProfilePK":82576128,"calendarDate":{"date":"Oct 27, 2020 12:00:00 AM"},"uuid":"3a3a7888f46040e9839d5876b629ff50","durationInMilliseconds":86400000,"totalKilocalories":2149.0,"activeKilocalories":0.0,"bmrKilocalories":2149.0,"wellnessKilocalories":2149.0,"remainingKilocalories":2149.0,"wellnessTotalKilocalories":2149.0,"wellnessActiveKilocalories":0.0,"totalSteps":0,"dailyStepGoal":2330,"netCalorieGoal":2000,"totalDistanceMeters":0,"wellnessDistanceMeters":0,"wellnessStartTimeGmt":{"date":"Oct 27, 2020 4:00:00 AM"},"wellnessEndTimeGmt":{"date":"Oct 28, 2020 4:00:00 AM"},"wellnessStartTimeLocal":{"date":"Oct 27, 2020 12:00:00 AM"},"wellnessEndTimeLocal":{"date":"Oct 28, 2020 12:00:00 AM"},"highlyActiveSeconds":0,"activeSeconds":0,"moderateIntensityMinutes":0,"vigorousIntensityMinutes":0,"floorsAscendedInMeters":0.0,"floorsDescendedInMeters":0.0,"userIntensityMinutesGoal":150,"userFloorsAscendedGoal":10,"includesWellnessData":true,"includesActivityData":false,"includesCalorieConsumedData":false,"includesSingleMeasurement":false,"includesContinuousMeasurement":false,"includesAllDayPulseOx":false,"includesSleepPulseOx":false,"source":0,"allDayStress":{"userProfilePK":82576128,"calendarDate":{"date":"Oct 27, 2020 12:00:00 AM"},"aggregatorList":[{"type":"TOTAL","averageStressLevel":-1,"averageStressLevelIntensity":-1,"maxStressLevel":0,"stressIntensityCount":0,"stressOffWristCount":741,"stressTooActiveCount":698,"totalStressCount":1439,"totalStressIntensity":0,"stressDuration":0,"restDuration":0,"activityDuration":41880,"uncategorizedDuration":44460,"totalDuration":86340,"lowDuration":0,"mediumDuration":0,"highDuration":0},{"type":"AWAKE","averageStressLevel":-1,"averageStressLevelIntensity":-1,"maxStressLevel":0,"stressIntensityCount":0,"stressOffWristCount":741,"stressTooActiveCount":698,"totalStressCount":1439,"totalStressIntensity":0,"stressDuration":0,"restDuration":0,"activityDuration":41880,"uncategorizedDuration":44460,"totalDuration":86340,"lowDuration":0,"mediumDuration":0,"highDuration":0},{"type":"ASLEEP","averageStressLevel":-2,"averageStressLevelIntensity":-2,"maxStressLevel":0,"stressIntensityCount":0,"stressOffWristCount":0,"stressTooActiveCount":0,"totalStressCount":0,"totalStressIntensity":0,"stressDuration":0,"restDuration":0,"activityDuration":0,"uncategorizedDuration":0,"totalDuration":0,"lowDuration":0,"mediumDuration":0,"highDuration":0}]},"bodyBattery":{"userProfilePK":82576128,"calendarDate":{"date":"Oct 27, 2020 12:00:00 AM"},"bodyBatteryVersion":1.0,"bodyBatteryStatList":[]},"version":44460002},{"userProfilePK":82576128,"calendarDate":{"date":"Oct 28, 2020 12:00:00 AM"},"uuid":"e20d6d3f6a2e4f808b2f9b82c924eff6","durationInMilliseconds":5940000,"totalKilocalories":182.0,"activeKilocalories":35.0,"bmrKilocalories":147.0,"wellnessKilocalories":182.0,"remainingKilocalories":182.0,"wellnessTotalKilocalories":182.0,"wellnessActiveKilocalories":35.0,"totalSteps":511,"dailyStepGoal":2330,"netCalorieGoal":2000,"totalDistanceMeters":413,"wellnessDistanceMeters":413,"wellnessStartTimeGmt":{"date":"Oct 28, 2020 4:00:00 AM"},"wellnessEndTimeGmt":{"date":"Oct 28, 2020 5:39:00 AM"},"wellnessStartTimeLocal":{"date":"Oct 28, 2020 12:00:00 AM"},"wellnessEndTimeLocal":{"date":"Oct 28, 2020 1:39:00 AM"},"highlyActiveSeconds":360,"activeSeconds":840,"moderateIntensityMinutes":0,"vigorousIntensityMinutes":0,"floorsAscendedInMeters":0.0,"floorsDescendedInMeters":0.0,"userIntensityMinutesGoal":150,"userFloorsAscendedGoal":10,"minHeartRate":68,"maxHeartRate":103,"includesWellnessData":true,"includesActivityData":false,"includesCalorieConsumedData":false,"includesSingleMeasurement":false,"includesContinuousMeasurement":false,"includesAllDayPulseOx":true,"includesSleepPulseOx":false,"source":0,"allDayStress":{"userProfilePK":82576128,"calendarDate":{"date":"Oct 28, 2020 12:00:00 AM"},"aggregatorList":[{"type":"TOTAL","averageStressLevel":15,"averageStressLevelIntensity":15,"maxStressLevel":33,"stressIntensityCount":22,"stressOffWristCount":0,"stressTooActiveCount":76,"totalStressCount":98,"totalStressIntensity":917,"stressDuration":60,"restDuration":1260,"activityDuration":4560,"uncategorizedDuration":0,"totalDuration":5880,"lowDuration":60,"mediumDuration":0,"highDuration":0},{"type":"AWAKE","averageStressLevel":15,"averageStressLevelIntensity":15,"maxStressLevel":33,"stressIntensityCount":22,"stressOffWristCount":0,"stressTooActiveCount":76,"totalStressCount":98,"totalStressIntensity":917,"stressDuration":60,"restDuration":1260,"activityDuration":4560,"uncategorizedDuration":0,"totalDuration":5880,"lowDuration":60,"mediumDuration":0,"highDuration":0},{"type":"ASLEEP","averageStressLevel":-2,"averageStressLevelIntensity":-2,"maxStressLevel":0,"stressIntensityCount":0,"stressOffWristCount":0,"stressTooActiveCount":0,"totalStressCount":0,"totalStressIntensity":0,"stressDuration":0,"restDuration":0,"activityDuration":0,"uncategorizedDuration":0,"totalDuration":0,"lowDuration":0,"mediumDuration":0,"highDuration":0}]},"bodyBattery":{"userProfilePK":82576128,"calendarDate":{"date":"Oct 28, 2020 12:00:00 AM"},"chargedValue":3,"drainedValue":0,"bodyBatteryVersion":1.0,"bodyBatteryStatList":[{"bodyBatteryStatType":"HIGHEST","statsValue":48,"bodyBatteryStatus":"MEASURED","statTimestamp":{"date":"Oct 28, 2020 5:32:00 AM"}},{"bodyBatteryStatType":"LOWEST","statsValue":45,"bodyBatteryStatus":"RESET","statTimestamp":{"date":"Oct 28, 2020 4:50:00 AM"}},{"bodyBatteryStatType":"MOSTRECENT","statsValue":48,"bodyBatteryStatus":"MEASURED","statTimestamp":{"date":"Oct 28, 2020 5:38:00 AM"}}]},"minAvgHeartRate":70,"maxAvgHeartRate":101,"version":5940000,"averageSpo2Value":94.0,"lowestSpo2Value":94,"latestSpo2Value":94,"latestSpo2ValueReadingTimeGmt":{"date":"Oct 28, 2020 5:16:00 AM"},"latestSpo2ValueReadingTimeLocal":{"date":"Oct 28, 2020 1:16:00 AM"},"respiration":{"userProfilePK":82576128,"calendarDate":{"date":"Oct 28, 2020 12:00:00 AM"},"avgWakingRespirationValue":14.0,"highestRespirationValue":16.0,"lowestRespirationValue":13.0,"latestRespirationValue":16.0,"latestRespirationTimeGMT":{"date":"Oct 28, 2020 5:38:00 AM"}}},{"userProfilePK":82576128,"calendarDate":{"date":"Nov 11, 2020 12:00:00 AM"},"uuid":"cfd864d2af4f44bab783137516fabff9","durationInMilliseconds":86400000,"totalKilocalories":2434.0,"activeKilocalories":217.0,"bmrKilocalories":2217.0,"wellnessKilocalories":2434.0,"remainingKilocalories":2434.0,"wellnessTotalKilocalories":2434.0,"wellnessActiveKilocalories":217.0,"totalSteps":866,"dailyStepGoal":2330,"netCalorieGoal":2000,"totalDistanceMeters":690,"wellnessDistanceMeters":690,"wellnessStartTimeGmt":{"date":"Nov 11, 2020 5:00:00 AM"},"wellnessEndTimeGmt":{"date":"Nov 12, 2020 5:00:00 AM"},"wellnessStartTimeLocal":{"date":"Nov 11, 2020 12:00:00 AM"},"wellnessEndTimeLocal":{"date":"Nov 12, 2020 12:00:00 AM"},"highlyActiveSeconds":60,"activeSeconds":1677,"moderateIntensityMinutes":5,"vigorousIntensityMinutes":14,"floorsAscendedInMeters":0.0,"floorsDescendedInMeters":2.502,"userIntensityMinutesGoal":150,"userFloorsAscendedGoal":10,"minHeartRate":82,"maxHeartRate":136,"restingHeartRate":88,"currentDayRestingHeartRate":88,"restingHeartRateTimestamp":"Nov 12, 2020 5:00:00 AM","includesWellnessData":true,"includesActivityData":false,"includesCalorieConsumedData":false,"includesSingleMeasurement":false,"includesContinuousMeasurement":false,"includesAllDayPulseOx":true,"includesSleepPulseOx":false,"source":0,"allDayStress":{"userProfilePK":82576128,"calendarDate":{"date":"Nov 11, 2020 12:00:00 AM"},"aggregatorList":[{"type":"TOTAL","averageStressLevel":20,"averageStressLevelIntensity":21,"maxStressLevel":23,"stressIntensityCount":9,"stressOffWristCount":1009,"stressTooActiveCount":34,"totalStressCount":1052,"totalStressIntensity":160,"stressDuration":0,"restDuration":540,"activityDuration":2040,"uncategorizedDuration":60540,"totalDuration":63120,"lowDuration":0,"mediumDuration":0,"highDuration":0},{"type":"AWAKE","averageStressLevel":20,"averageStressLevelIntensity":21,"maxStressLevel":23,"stressIntensityCount":9,"stressOffWristCount":1009,"stressTooActiveCount":34,"totalStressCount":1052,"totalStressIntensity":160,"stressDuration":0,"restDuration":540,"activityDuration":2040,"uncategorizedDuration":60540,"totalDuration":63120,"lowDuration":0,"mediumDuration":0,"highDuration":0},{"type":"ASLEEP","averageStressLevel":-2,"averageStressLevelIntensity":-2,"maxStressLevel":0,"stressIntensityCount":0,"stressOffWristCount":0,"stressTooActiveCount":0,"totalStressCount":0,"totalStressIntensity":0,"stressDuration":0,"restDuration":0,"activityDuration":0,"uncategorizedDuration":0,"totalDuration":0,"lowDuration":0,"mediumDuration":0,"highDuration":0}]},"bodyBattery":{"userProfilePK":82576128,"calendarDate":{"date":"Nov 11, 2020 12:00:00 AM"},"chargedValue":0,"drainedValue":6,"bodyBatteryVersion":1.0,"bodyBatteryStatList":[{"bodyBatteryStatType":"HIGHEST","statsValue":82,"bodyBatteryStatus":"RESET","statTimestamp":{"date":"Nov 11, 2020 11:28:00 AM"}},{"bodyBatteryStatType":"LOWEST","statsValue":76,"bodyBatteryStatus":"MEASURED","statTimestamp":{"date":"Nov 11, 2020 11:57:00 AM"}},{"bodyBatteryStatType":"MOSTRECENT","statsValue":76,"bodyBatteryStatus":"MEASURED","statTimestamp":{"date":"Nov 11, 2020 12:27:00 PM"}}]},"minAvgHeartRate":83,"maxAvgHeartRate":135,"version":1,"averageSpo2Value":94.0,"lowestSpo2Value":93,"latestSpo2Value":93,"latestSpo2ValueReadingTimeGmt":{"date":"Nov 11, 2020 12:01:00 PM"},"latestSpo2ValueReadingTimeLocal":{"date":"Nov 11, 2020 7:01:00 AM"},"respiration":{"userProfilePK":82576128,"calendarDate":{"date":"Nov 11, 2020 12:00:00 AM"},"avgWakingRespirationValue":14.0,"highestRespirationValue":15.0,"lowestRespirationValue":12.0,"latestRespirationValue":14.0,"latestRespirationTimeGMT":{"date":"Nov 11, 2020 12:21:00 PM"}}},{"userProfilePK":82576128,"calendarDate":{"date":"Nov 12, 2020 12:00:00 AM"},"uuid":"2ef77a8850ca4325bf73e1f4750f39ca","durationInMilliseconds":86400000,"totalKilocalories":2441.0,"activeKilocalories":224.0,"bmrKilocalories":2217.0,"wellnessKilocalories":2441.0,"remainingKilocalories":2441.0,"wellnessTotalKilocalories":2441.0,"wellnessActiveKilocalories":224.0,"totalSteps":3353,"dailyStepGoal":2040,"netCalorieGoal":2000,"totalDistanceMeters":2670,"wellnessDistanceMeters":2670,"wellnessStartTimeGmt":{"date":"Nov 12, 2020 5:00:00 AM"},"wellnessEndTimeGmt":{"date":"Nov 13, 2020 5:00:00 AM"},"wellnessStartTimeLocal":{"date":"Nov 12, 2020 12:00:00 AM"},"wellnessEndTimeLocal":{"date":"Nov 13, 2020 12:00:00 AM"},"highlyActiveSeconds":637,"activeSeconds":3652,"moderateIntensityMinutes":37,"vigorousIntensityMinutes":0,"floorsAscendedInMeters":4.148,"floorsDescendedInMeters":9.553,"userIntensityMinutesGoal":150,"userFloorsAscendedGoal":10,"minHeartRate":61,"maxHeartRate":121,"restingHeartRate":81,"currentDayRestingHeartRate":74,"restingHeartRateTimestamp":"Nov 13, 2020 5:00:00 AM","includesWellnessData":true,"includesActivityData":false,"includesCalorieConsumedData":false,"includesSingleMeasurement":false,"includesContinuousMeasurement":false,"includesAllDayPulseOx":false,"includesSleepPulseOx":false,"source":0,"allDayStress":{"userProfilePK":82576128,"calendarDate":{"date":"Nov 12, 2020 12:00:00 AM"},"aggregatorList":[{"type":"TOTAL","averageStressLevel":26,"averageStressLevelIntensity":23,"maxStressLevel":89,"stressIntensityCount":204,"stressOffWristCount":1134,"stressTooActiveCount":96,"totalStressCount":1434,"totalStressIntensity":1850,"stressDuration":4920,"restDuration":7320,"activityDuration":5760,"uncategorizedDuration":68040,"totalDuration":86040,"lowDuration":4260,"mediumDuration":600,"highDuration":60},{"type":"AWAKE","averageStressLevel":26,"averageStressLevelIntensity":23,"maxStressLevel":89,"stressIntensityCount":204,"stressOffWristCount":1134,"stressTooActiveCount":96,"totalStressCount":1434,"totalStressIntensity":1850,"stressDuration":4920,"restDuration":7320,"activityDuration":5760,"uncategorizedDuration":68040,"totalDuration":86040,"lowDuration":4260,"mediumDuration":600,"highDuration":60},{"type":"ASLEEP","averageStressLevel":-2,"averageStressLevelIntensity":-2,"maxStressLevel":0,"stressIntensityCount":0,"stressOffWristCount":0,"stressTooActiveCount":0,"totalStressCount":0,"totalStressIntensity":0,"stressDuration":0,"restDuration":0,"activityDuration":0,"uncategorizedDuration":0,"totalDuration":0,"lowDuration":0,"mediumDuration":0,"highDuration":0}]},"bodyBattery":{"userProfilePK":82576128,"calendarDate":{"date":"Nov 12, 2020 12:00:00 AM"},"chargedValue":11,"drainedValue":6,"bodyBatteryVersion":1.0,"bodyBatteryStatList":[{"bodyBatteryStatType":"HIGHEST","statsValue":78,"bodyBatteryStatus":"MEASURED","statTimestamp":{"date":"Nov 12, 2020 10:54:00 AM"}},{"bodyBatteryStatType":"LOWEST","statsValue":34,"bodyBatteryStatus":"RESET","statTimestamp":{"date":"Nov 12, 2020 10:27:00 PM"}},{"bodyBatteryStatType":"MOSTRECENT","statsValue":42,"bodyBatteryStatus":"MEASURED","statTimestamp":{"date":"Nov 13, 2020 2:19:00 AM"}}]},"minAvgHeartRate":61,"maxAvgHeartRate":117,"version":77160002,"respiration":{"userProfilePK":82576128,"calendarDate":{"date":"Nov 12, 2020 12:00:00 AM"},"avgWakingRespirationValue":13.0,"highestRespirationValue":16.0,"lowestRespirationValue":10.0,"latestRespirationValue":16.0,"latestRespirationTimeGMT":{"date":"Nov 13, 2020 2:16:00 AM"}}},{"userProfilePK":82576128,"calendarDate":{"date":"Nov 13, 2020 12:00:00 AM"},"uuid":"4c44af5393c54dbdbb327aefd0ac01e5","durationInMilliseconds":86400000,"totalKilocalories":2613.0,"activeKilocalories":396.0,"bmrKilocalories":2217.0,"wellnessKilocalories":2613.0,"remainingKilocalories":2613.0,"wellnessTotalKilocalories":2613.0,"wellnessActiveKilocalories":396.0,"totalSteps":2478,"dailyStepGoal":2180,"netCalorieGoal":2000,"totalDistanceMeters":1973,"wellnessDistanceMeters":1973,"wellnessStartTimeGmt":{"date":"Nov 13, 2020 5:00:00 AM"},"wellnessEndTimeGmt":{"date":"Nov 14, 2020 5:00:00 AM"},"wellnessStartTimeLocal":{"date":"Nov 13, 2020 12:00:00 AM"},"wellnessEndTimeLocal":{"date":"Nov 14, 2020 12:00:00 AM"},"highlyActiveSeconds":686,"activeSeconds":3588,"moderateIntensityMinutes":20,"vigorousIntensityMinutes":0,"floorsAscendedInMeters":2.077,"floorsDescendedInMeters":4.818,"userIntensityMinutesGoal":150,"userFloorsAscendedGoal":10,"minHeartRate":63,"maxHeartRate":134,"restingHeartRate":79,"currentDayRestingHeartRate":74,"restingHeartRateTimestamp":"Nov 14, 2020 5:00:00 AM","includesWellnessData":true,"includesActivityData":false,"includesCalorieConsumedData":false,"includesSingleMeasurement":false,"includesContinuousMeasurement":false,"includesAllDayPulseOx":true,"includesSleepPulseOx":false,"source":0,"allDayStress":{"userProfilePK":82576128,"calendarDate":{"date":"Nov 13, 2020 12:00:00 AM"},"aggregatorList":[{"type":"TOTAL","averageStressLevel":28,"averageStressLevelIntensity":22,"maxStressLevel":91,"stressIntensityCount":223,"stressOffWristCount":1105,"stressTooActiveCount":109,"totalStressCount":1437,"totalStressIntensity":2605,"stressDuration":3900,"restDuration":9480,"activityDuration":6540,"uncategorizedDuration":66300,"totalDuration":86220,"lowDuration":1680,"mediumDuration":1020,"highDuration":1200},{"type":"AWAKE","averageStressLevel":28,"averageStressLevelIntensity":22,"maxStressLevel":91,"stressIntensityCount":223,"stressOffWristCount":1105,"stressTooActiveCount":109,"totalStressCount":1437,"totalStressIntensity":2605,"stressDuration":3900,"restDuration":9480,"activityDuration":6540,"uncategorizedDuration":66300,"totalDuration":86220,"lowDuration":1680,"mediumDuration":1020,"highDuration":1200},{"type":"ASLEEP","averageStressLevel":-2,"averageStressLevelIntensity":-2,"maxStressLevel":0,"stressIntensityCount":0,"stressOffWristCount":0,"stressTooActiveCount":0,"totalStressCount":0,"totalStressIntensity":0,"stressDuration":0,"restDuration":0,"activityDuration":0,"uncategorizedDuration":0,"totalDuration":0,"lowDuration":0,"mediumDuration":0,"highDuration":0}]},"bodyBattery":{"userProfilePK":82576128,"calendarDate":{"date":"Nov 13, 2020 12:00:00 AM"},"chargedValue":20,"drainedValue":16,"bodyBatteryVersion":1.0,"bodyBatteryStatList":[{"bodyBatteryStatType":"HIGHEST","statsValue":76,"bodyBatteryStatus":"RESET","statTimestamp":{"date":"Nov 13, 2020 10:36:00 AM"}},{"bodyBatteryStatType":"LOWEST","statsValue":30,"bodyBatteryStatus":"RESET","statTimestamp":{"date":"Nov 14, 2020 1:07:00 AM"}},{"bodyBatteryStatType":"MOSTRECENT","statsValue":40,"bodyBatteryStatus":"MEASURED","statTimestamp":{"date":"Nov 14, 2020 5:00:00 AM"}},{"bodyBatteryStatType":"ENDOFDAY","statsValue":40,"bodyBatteryStatus":"MEASURED","statTimestamp":{"date":"Nov 14, 2020 5:00:00 AM"}}]},"minAvgHeartRate":66,"maxAvgHeartRate":133,"version":83100002,"averageSpo2Value":94.0,"lowestSpo2Value":94,"latestSpo2Value":97,"latestSpo2ValueReadingTimeGmt":{"date":"Nov 14, 2020 4:56:00 AM"},"latestSpo2ValueReadingTimeLocal":{"date":"Nov 13, 2020 11:56:00 PM"},"respiration":{"userProfilePK":82576128,"calendarDate":{"date":"Nov 13, 2020 12:00:00 AM"},"avgWakingRespirationValue":13.0,"highestRespirationValue":16.0,"lowestRespirationValue":10.0,"latestRespirationValue":14.0,"latestRespirationTimeGMT":{"date":"Nov 14, 2020 4:59:00 AM"}}},{"userProfilePK":82576128,"calendarDate":{"date":"Nov 14, 2020 12:00:00 AM"},"uuid":"3f46edfa64b84814bd660266fa486c9e","durationInMilliseconds":86400000,"totalKilocalories":2661.0,"activeKilocalories":444.0,"bmrKilocalories":2217.0,"wellnessKilocalories":2661.0,"remainingKilocalories":2661.0,"wellnessTotalKilocalories":2661.0,"wellnessActiveKilocalories":444.0,"totalSteps":2667,"dailyStepGoal":2240,"netCalorieGoal":2000,"totalDistanceMeters":2133,"wellnessDistanceMeters":2133,"wellnessStartTimeGmt":{"date":"Nov 14, 2020 5:00:00 AM"},"wellnessEndTimeGmt":{"date":"Nov 15, 2020 5:00:00 AM"},"wellnessStartTimeLocal":{"date":"Nov 14, 2020 12:00:00 AM"},"wellnessEndTimeLocal":{"date":"Nov 15, 2020 12:00:00 AM"},"highlyActiveSeconds":462,"activeSeconds":2617,"moderateIntensityMinutes":10,"vigorousIntensityMinutes":0,"floorsAscendedInMeters":18.677,"floorsDescendedInMeters":7.248,"userIntensityMinutesGoal":150,"userFloorsAscendedGoal":10,"minHeartRate":66,"maxHeartRate":141,"restingHeartRate":77,"currentDayRestingHeartRate":71,"restingHeartRateTimestamp":"Nov 15, 2020 5:00:00 AM","includesWellnessData":true,"includesActivityData":false,"includesCalorieConsumedData":false,"includesSingleMeasurement":false,"includesContinuousMeasurement":false,"includesAllDayPulseOx":true,"includesSleepPulseOx":false,"source":0,"allDayStress":{"userProfilePK":82576128,"calendarDate":{"date":"Nov 14, 2020 12:00:00 AM"},"aggregatorList":[{"type":"TOTAL","averageStressLevel":33,"averageStressLevelIntensity":26,"maxStressLevel":94,"stressIntensityCount":522,"stressOffWristCount":752,"stressTooActiveCount":166,"totalStressCount":1440,"totalStressIntensity":-863,"stressDuration":13920,"restDuration":17400,"activityDuration":9960,"uncategorizedDuration":45120,"totalDuration":86400,"lowDuration":7500,"mediumDuration":4140,"highDuration":2280},{"type":"AWAKE","averageStressLevel":33,"averageStressLevelIntensity":26,"maxStressLevel":94,"stressIntensityCount":522,"stressOffWristCount":752,"stressTooActiveCount":166,"totalStressCount":1440,"totalStressIntensity":-863,"stressDuration":13920,"restDuration":17400,"activityDuration":9960,"uncategorizedDuration":45120,"totalDuration":86400,"lowDuration":7500,"mediumDuration":4140,"highDuration":2280},{"type":"ASLEEP","averageStressLevel":-2,"averageStressLevelIntensity":-2,"maxStressLevel":0,"stressIntensityCount":0,"stressOffWristCount":0,"stressTooActiveCount":0,"totalStressCount":0,"totalStressIntensity":0,"stressDuration":0,"restDuration":0,"activityDuration":0,"uncategorizedDuration":0,"totalDuration":0,"lowDuration":0,"mediumDuration":0,"highDuration":0}]},"bodyBattery":{"userProfilePK":82576128,"calendarDate":{"date":"Nov 14, 2020 12:00:00 AM"},"chargedValue":22,"drainedValue":21,"bodyBatteryVersion":1.0,"bodyBatteryStatList":[{"bodyBatteryStatType":"HIGHEST","statsValue":55,"bodyBatteryStatus":"MEASURED","statTimestamp":{"date":"Nov 15, 2020 2:50:00 AM"}},{"bodyBatteryStatType":"LOWEST","statsValue":38,"bodyBatteryStatus":"MEASURED","statTimestamp":{"date":"Nov 14, 2020 5:53:00 AM"}},{"bodyBatteryStatType":"MOSTRECENT","statsValue":40,"bodyBatteryStatus":"MEASURED","statTimestamp":{"date":"Nov 15, 2020 5:00:00 AM"}},{"bodyBatteryStatType":"ENDOFDAY","statsValue":40,"bodyBatteryStatus":"MEASURED","statTimestamp":{"date":"Nov 15, 2020 5:00:00 AM"}}]},"minAvgHeartRate":67,"maxAvgHeartRate":141,"version":60660002,"averageSpo2Value":94.0,"lowestSpo2Value":87,"latestSpo2Value":94,"latestSpo2ValueReadingTimeGmt":{"date":"Nov 15, 2020 4:55:00 AM"},"latestSpo2ValueReadingTimeLocal":{"date":"Nov 14, 2020 11:55:00 PM"},"respiration":{"userProfilePK":82576128,"calendarDate":{"date":"Nov 14, 2020 12:00:00 AM"},"avgWakingRespirationValue":13.0,"highestRespirationValue":16.0,"lowestRespirationValue":10.0,"latestRespirationValue":15.0,"latestRespirationTimeGMT":{"date":"Nov 15, 2020 5:00:00 AM"}}},{"userProfilePK":82576128,"calendarDate":{"date":"Nov 15, 2020 12:00:00 AM"},"uuid":"7ddb76c238b142009aec7839b7140e7a","durationInMilliseconds":86400000,"totalKilocalories":2368.0,"activeKilocalories":151.0,"bmrKilocalories":2217.0,"wellnessKilocalories":2368.0,"remainingKilocalories":2368.0,"wellnessTotalKilocalories":2368.0,"wellnessActiveKilocalories":151.0,"totalSteps":1575,"dailyStepGoal":2330,"netCalorieGoal":2000,"totalDistanceMeters":1254,"wellnessDistanceMeters":1254,"wellnessStartTimeGmt":{"date":"Nov 15, 2020 5:00:00 AM"},"wellnessEndTimeGmt":{"date":"Nov 16, 2020 5:00:00 AM"},"wellnessStartTimeLocal":{"date":"Nov 15, 2020 12:00:00 AM"},"wellnessEndTimeLocal":{"date":"Nov 16, 2020 12:00:00 AM"},"highlyActiveSeconds":6,"activeSeconds":1780,"moderateIntensityMinutes":24,"vigorousIntensityMinutes":0,"floorsAscendedInMeters":4.901,"floorsDescendedInMeters":7.135,"userIntensityMinutesGoal":150,"userFloorsAscendedGoal":10,"minHeartRate":68,"maxHeartRate":116,"restingHeartRate":76,"currentDayRestingHeartRate":75,"restingHeartRateTimestamp":"Nov 16, 2020 5:00:00 AM","includesWellnessData":true,"includesActivityData":false,"includesCalorieConsumedData":false,"includesSingleMeasurement":false,"includesContinuousMeasurement":false,"includesAllDayPulseOx":true,"includesSleepPulseOx":false,"source":0,"allDayStress":{"userProfilePK":82576128,"calendarDate":{"date":"Nov 15, 2020 12:00:00 AM"},"aggregatorList":[{"type":"TOTAL","averageStressLevel":26,"averageStressLevelIntensity":23,"maxStressLevel":84,"stressIntensityCount":173,"stressOffWristCount":1210,"stressTooActiveCount":56,"totalStressCount":1439,"totalStressIntensity":1773,"stressDuration":4260,"restDuration":6120,"activityDuration":3360,"uncategorizedDuration":72600,"totalDuration":86340,"lowDuration":3660,"mediumDuration":480,"highDuration":120},{"type":"AWAKE","averageStressLevel":26,"averageStressLevelIntensity":23,"maxStressLevel":84,"stressIntensityCount":173,"stressOffWristCount":1210,"stressTooActiveCount":56,"totalStressCount":1439,"totalStressIntensity":1773,"stressDuration":4260,"restDuration":6120,"activityDuration":3360,"uncategorizedDuration":72600,"totalDuration":86340,"lowDuration":3660,"mediumDuration":480,"highDuration":120},{"type":"ASLEEP","averageStressLevel":-2,"averageStressLevelIntensity":-2,"maxStressLevel":0,"stressIntensityCount":0,"stressOffWristCount":0,"stressTooActiveCount":0,"totalStressCount":0,"totalStressIntensity":0,"stressDuration":0,"restDuration":0,"activityDuration":0,"uncategorizedDuration":0,"totalDuration":0,"lowDuration":0,"mediumDuration":0,"highDuration":0}]},"bodyBattery":{"userProfilePK":82576128,"calendarDate":{"date":"Nov 15, 2020 12:00:00 AM"},"chargedValue":8,"drainedValue":3,"bodyBatteryVersion":1.0,"bodyBatteryStatList":[{"bodyBatteryStatType":"HIGHEST","statsValue":44,"bodyBatteryStatus":"MEASURED","statTimestamp":{"date":"Nov 15, 2020 10:24:00 PM"}},{"bodyBatteryStatType":"LOWEST","statsValue":39,"bodyBatteryStatus":"MEASURED","statTimestamp":{"date":"Nov 15, 2020 5:08:00 AM"}},{"bodyBatteryStatType":"MOSTRECENT","statsValue":44,"bodyBatteryStatus":"MEASURED","statTimestamp":{"date":"Nov 15, 2020 10:36:00 PM"}}]},"minAvgHeartRate":71,"maxAvgHeartRate":115,"version":36120002,"averageSpo2Value":94.0,"lowestSpo2Value":81,"latestSpo2Value":98,"latestSpo2ValueReadingTimeGmt":{"date":"Nov 15, 2020 7:27:00 AM"},"latestSpo2ValueReadingTimeLocal":{"date":"Nov 15, 2020 2:27:00 AM"},"respiration":{"userProfilePK":82576128,"calendarDate":{"date":"Nov 15, 2020 12:00:00 AM"},"avgWakingRespirationValue":14.0,"highestRespirationValue":16.0,"lowestRespirationValue":10.0,"latestRespirationValue":14.0,"latestRespirationTimeGMT":{"date":"Nov 15, 2020 10:33:00 PM"}}},{"userProfilePK":82576128,"calendarDate":{"date":"Nov 16, 2020 12:00:00 AM"},"uuid":"9654f6fc7da145009f84e46764d39972","durationInMilliseconds":86400000,"totalKilocalories":2217.0,"activeKilocalories":0.0,"bmrKilocalories":2217.0,"wellnessKilocalories":2217.0,"remainingKilocalories":2217.0,"wellnessTotalKilocalories":2217.0,"wellnessActiveKilocalories":0.0,"totalSteps":0,"dailyStepGoal":2260,"netCalorieGoal":2000,"totalDistanceMeters":0,"wellnessDistanceMeters":0,"wellnessStartTimeGmt":{"date":"Nov 16, 2020 5:00:00 AM"},"wellnessEndTimeGmt":{"date":"Nov 17, 2020 5:00:00 AM"},"wellnessStartTimeLocal":{"date":"Nov 16, 2020 12:00:00 AM"},"wellnessEndTimeLocal":{"date":"Nov 17, 2020 12:00:00 AM"},"highlyActiveSeconds":0,"activeSeconds":0,"moderateIntensityMinutes":0,"vigorousIntensityMinutes":0,"floorsAscendedInMeters":0.0,"floorsDescendedInMeters":0.0,"userIntensityMinutesGoal":150,"userFloorsAscendedGoal":10,"includesWellnessData":true,"includesActivityData":false,"includesCalorieConsumedData":false,"includesSingleMeasurement":false,"includesContinuousMeasurement":false,"includesAllDayPulseOx":false,"includesSleepPulseOx":false,"source":0,"allDayStress":{"userProfilePK":82576128,"calendarDate":{"date":"Nov 16, 2020 12:00:00 AM"},"aggregatorList":[{"type":"TOTAL","averageStressLevel":-1,"averageStressLevelIntensity":-1,"maxStressLevel":0,"stressIntensityCount":0,"stressOffWristCount":1440,"stressTooActiveCount":0,"totalStressCount":1440,"totalStressIntensity":0,"stressDuration":0,"restDuration":0,"activityDuration":0,"uncategorizedDuration":86400,"totalDuration":86400,"lowDuration":0,"mediumDuration":0,"highDuration":0},{"type":"AWAKE","averageStressLevel":-1,"averageStressLevelIntensity":-1,"maxStressLevel":0,"stressIntensityCount":0,"stressOffWristCount":1440,"stressTooActiveCount":0,"totalStressCount":1440,"totalStressIntensity":0,"stressDuration":0,"restDuration":0,"activityDuration":0,"uncategorizedDuration":86400,"totalDuration":86400,"lowDuration":0,"mediumDuration":0,"highDuration":0},{"type":"ASLEEP","averageStressLevel":-2,"averageStressLevelIntensity":-2,"maxStressLevel":0,"stressIntensityCount":0,"stressOffWristCount":0,"stressTooActiveCount":0,"totalStressCount":0,"totalStressIntensity":0,"stressDuration":0,"restDuration":0,"activityDuration":0,"uncategorizedDuration":0,"totalDuration":0,"lowDuration":0,"mediumDuration":0,"highDuration":0}]},"bodyBattery":{"userProfilePK":82576128,"calendarDate":{"date":"Nov 16, 2020 12:00:00 AM"},"bodyBatteryVersion":1.0,"bodyBatteryStatList":[]},"version":41940002},{"userProfilePK":82576128,"calendarDate":{"date":"Nov 17, 2020 12:00:00 AM"},"uuid":"3fdf383c17984ff8b84adcc7548a1222","durationInMilliseconds":86400000,"totalKilocalories":2217.0,"activeKilocalories":0.0,"bmrKilocalories":2217.0,"wellnessKilocalories":2217.0,"remainingKilocalories":2217.0,"wellnessTotalKilocalories":2217.0,"wellnessActiveKilocalories":0.0,"totalSteps":0,"dailyStepGoal":2260,"netCalorieGoal":2000,"totalDistanceMeters":0,"wellnessDistanceMeters":0,"wellnessStartTimeGmt":{"date":"Nov 17, 2020 5:00:00 AM"},"wellnessEndTimeGmt":{"date":"Nov 18, 2020 5:00:00 AM"},"wellnessStartTimeLocal":{"date":"Nov 17, 2020 12:00:00 AM"},"wellnessEndTimeLocal":{"date":"Nov 18, 2020 12:00:00 AM"},"highlyActiveSeconds":0,"activeSeconds":0,"moderateIntensityMinutes":0,"vigorousIntensityMinutes":0,"floorsAscendedInMeters":0.0,"floorsDescendedInMeters":0.0,"userIntensityMinutesGoal":150,"userFloorsAscendedGoal":10,"minHeartRate":69,"maxHeartRate":69,"includesWellnessData":true,"includesActivityData":false,"includesCalorieConsumedData":false,"includesSingleMeasurement":false,"includesContinuousMeasurement":false,"includesAllDayPulseOx":false,"includesSleepPulseOx":false,"source":0,"allDayStress":{"userProfilePK":82576128,"calendarDate":{"date":"Nov 17, 2020 12:00:00 AM"},"aggregatorList":[{"type":"TOTAL","averageStressLevel":4,"averageStressLevelIntensity":5,"maxStressLevel":4,"stressIntensityCount":1,"stressOffWristCount":1439,"stressTooActiveCount":0,"totalStressCount":1440,"totalStressIntensity":83,"stressDuration":0,"restDuration":60,"activityDuration":0,"uncategorizedDuration":86340,"totalDuration":86400,"lowDuration":0,"mediumDuration":0,"highDuration":0},{"type":"AWAKE","averageStressLevel":4,"averageStressLevelIntensity":5,"maxStressLevel":4,"stressIntensityCount":1,"stressOffWristCount":1439,"stressTooActiveCount":0,"totalStressCount":1440,"totalStressIntensity":83,"stressDuration":0,"restDuration":60,"activityDuration":0,"uncategorizedDuration":86340,"totalDuration":86400,"lowDuration":0,"mediumDuration":0,"highDuration":0},{"type":"ASLEEP","averageStressLevel":-2,"averageStressLevelIntensity":-2,"maxStressLevel":0,"stressIntensityCount":0,"stressOffWristCount":0,"stressTooActiveCount":0,"totalStressCount":0,"totalStressIntensity":0,"stressDuration":0,"restDuration":0,"activityDuration":0,"uncategorizedDuration":0,"totalDuration":0,"lowDuration":0,"mediumDuration":0,"highDuration":0}]},"bodyBattery":{"userProfilePK":82576128,"calendarDate":{"date":"Nov 17, 2020 12:00:00 AM"},"bodyBatteryVersion":1.0,"bodyBatteryStatList":[]},"minAvgHeartRate":69,"maxAvgHeartRate":69,"version":24960002,"respiration":{"userProfilePK":82576128,"calendarDate":{"date":"Nov 17, 2020 12:00:00 AM"},"avgWakingRespirationValue":17.0,"highestRespirationValue":17.0,"lowestRespirationValue":17.0,"latestRespirationValue":17.0,"latestRespirationTimeGMT":{"date":"Nov 17, 2020 11:45:00 PM"}}},{"userProfilePK":82576128,"calendarDate":{"date":"Nov 18, 2020 12:00:00 AM"},"uuid":"442e284a720c466198c67ff3023007fe","durationInMilliseconds":86400000,"totalKilocalories":2217.0,"activeKilocalories":0.0,"bmrKilocalories":2217.0,"wellnessKilocalories":2217.0,"remainingKilocalories":2217.0,"wellnessTotalKilocalories":2217.0,"wellnessActiveKilocalories":0.0,"totalSteps":0,"dailyStepGoal":2260,"netCalorieGoal":2000,"totalDistanceMeters":0,"wellnessDistanceMeters":0,"wellnessStartTimeGmt":{"date":"Nov 18, 2020 5:00:00 AM"},"wellnessEndTimeGmt":{"date":"Nov 19, 2020 5:00:00 AM"},"wellnessStartTimeLocal":{"date":"Nov 18, 2020 12:00:00 AM"},"wellnessEndTimeLocal":{"date":"Nov 19, 2020 12:00:00 AM"},"highlyActiveSeconds":0,"activeSeconds":0,"moderateIntensityMinutes":0,"vigorousIntensityMinutes":0,"floorsAscendedInMeters":0.0,"floorsDescendedInMeters":0.0,"userIntensityMinutesGoal":150,"userFloorsAscendedGoal":10,"includesWellnessData":true,"includesActivityData":false,"includesCalorieConsumedData":false,"includesSingleMeasurement":false,"includesContinuousMeasurement":false,"includesAllDayPulseOx":false,"includesSleepPulseOx":false,"source":0,"allDayStress":{"userProfilePK":82576128,"calendarDate":{"date":"Nov 18, 2020 12:00:00 AM"},"aggregatorList":[{"type":"TOTAL","averageStressLevel":-1,"averageStressLevelIntensity":-1,"maxStressLevel":0,"stressIntensityCount":0,"stressOffWristCount":1440,"stressTooActiveCount":0,"totalStressCount":1440,"totalStressIntensity":0,"stressDuration":0,"restDuration":0,"activityDuration":0,"uncategorizedDuration":86400,"totalDuration":86400,"lowDuration":0,"mediumDuration":0,"highDuration":0},{"type":"AWAKE","averageStressLevel":-1,"averageStressLevelIntensity":-1,"maxStressLevel":0,"stressIntensityCount":0,"stressOffWristCount":1440,"stressTooActiveCount":0,"totalStressCount":1440,"totalStressIntensity":0,"stressDuration":0,"restDuration":0,"activityDuration":0,"uncategorizedDuration":86400,"totalDuration":86400,"lowDuration":0,"mediumDuration":0,"highDuration":0},{"type":"ASLEEP","averageStressLevel":-2,"averageStressLevelIntensity":-2,"maxStressLevel":0,"stressIntensityCount":0,"stressOffWristCount":0,"stressTooActiveCount":0,"totalStressCount":0,"totalStressIntensity":0,"stressDuration":0,"restDuration":0,"activityDuration":0,"uncategorizedDuration":0,"totalDuration":0,"lowDuration":0,"mediumDuration":0,"highDuration":0}]},"bodyBattery":{"userProfilePK":82576128,"calendarDate":{"date":"Nov 18, 2020 12:00:00 AM"},"bodyBatteryVersion":1.0,"bodyBatteryStatList":[]},"version":26100002},{"userProfilePK":82576128,"calendarDate":{"date":"Nov 19, 2020 12:00:00 AM"},"uuid":"5d5b2b61731e44e28fc3eb9613ecd2ac","durationInMilliseconds":86400000,"totalKilocalories":2217.0,"activeKilocalories":0.0,"bmrKilocalories":2217.0,"wellnessKilocalories":2217.0,"remainingKilocalories":2217.0,"wellnessTotalKilocalories":2217.0,"wellnessActiveKilocalories":0.0,"totalSteps":0,"dailyStepGoal":2260,"netCalorieGoal":2000,"totalDistanceMeters":0,"wellnessDistanceMeters":0,"wellnessStartTimeGmt":{"date":"Nov 19, 2020 5:00:00 AM"},"wellnessEndTimeGmt":{"date":"Nov 20, 2020 5:00:00 AM"},"wellnessStartTimeLocal":{"date":"Nov 19, 2020 12:00:00 AM"},"wellnessEndTimeLocal":{"date":"Nov 20, 2020 12:00:00 AM"},"highlyActiveSeconds":0,"activeSeconds":0,"moderateIntensityMinutes":0,"vigorousIntensityMinutes":0,"floorsAscendedInMeters":0.0,"floorsDescendedInMeters":0.0,"userIntensityMinutesGoal":150,"userFloorsAscendedGoal":10,"includesWellnessData":true,"includesActivityData":false,"includesCalorieConsumedData":false,"includesSingleMeasurement":false,"includesContinuousMeasurement":false,"includesAllDayPulseOx":false,"includesSleepPulseOx":false,"source":0,"allDayStress":{"userProfilePK":82576128,"calendarDate":{"date":"Nov 19, 2020 12:00:00 AM"},"aggregatorList":[{"type":"TOTAL","averageStressLevel":-1,"averageStressLevelIntensity":-1,"maxStressLevel":0,"stressIntensityCount":0,"stressOffWristCount":1281,"stressTooActiveCount":159,"totalStressCount":1440,"totalStressIntensity":0,"stressDuration":0,"restDuration":0,"activityDuration":9540,"uncategorizedDuration":76860,"totalDuration":86400,"lowDuration":0,"mediumDuration":0,"highDuration":0},{"type":"AWAKE","averageStressLevel":-1,"averageStressLevelIntensity":-1,"maxStressLevel":0,"stressIntensityCount":0,"stressOffWristCount":1281,"stressTooActiveCount":159,"totalStressCount":1440,"totalStressIntensity":0,"stressDuration":0,"restDuration":0,"activityDuration":9540,"uncategorizedDuration":76860,"totalDuration":86400,"lowDuration":0,"mediumDuration":0,"highDuration":0},{"type":"ASLEEP","averageStressLevel":-2,"averageStressLevelIntensity":-2,"maxStressLevel":0,"stressIntensityCount":0,"stressOffWristCount":0,"stressTooActiveCount":0,"totalStressCount":0,"totalStressIntensity":0,"stressDuration":0,"restDuration":0,"activityDuration":0,"uncategorizedDuration":0,"totalDuration":0,"lowDuration":0,"mediumDuration":0,"highDuration":0}]},"bodyBattery":{"userProfilePK":82576128,"calendarDate":{"date":"Nov 19, 2020 12:00:00 AM"},"bodyBatteryVersion":1.0,"bodyBatteryStatList":[]},"version":76860002},{"userProfilePK":82576128,"calendarDate":{"date":"Nov 20, 2020 12:00:00 AM"},"uuid":"4c0440ffc7494c55b7be4d23546f870b","durationInMilliseconds":17280000,"totalKilocalories":449.0,"activeKilocalories":6.0,"bmrKilocalories":443.0,"wellnessKilocalories":449.0,"remainingKilocalories":449.0,"wellnessTotalKilocalories":449.0,"wellnessActiveKilocalories":6.0,"totalSteps":109,"dailyStepGoal":2260,"netCalorieGoal":2000,"totalDistanceMeters":87,"wellnessDistanceMeters":87,"wellnessStartTimeGmt":{"date":"Nov 20, 2020 5:00:00 AM"},"wellnessEndTimeGmt":{"date":"Nov 20, 2020 9:48:00 AM"},"wellnessStartTimeLocal":{"date":"Nov 20, 2020 12:00:00 AM"},"wellnessEndTimeLocal":{"date":"Nov 20, 2020 4:48:00 AM"},"highlyActiveSeconds":0,"activeSeconds":240,"moderateIntensityMinutes":0,"vigorousIntensityMinutes":0,"floorsAscendedInMeters":3.048,"floorsDescendedInMeters":0.0,"userIntensityMinutesGoal":150,"userFloorsAscendedGoal":10,"minHeartRate":85,"maxHeartRate":103,"includesWellnessData":true,"includesActivityData":false,"includesCalorieConsumedData":false,"includesSingleMeasurement":false,"includesContinuousMeasurement":false,"includesAllDayPulseOx":false,"includesSleepPulseOx":false,"source":0,"allDayStress":{"userProfilePK":82576128,"calendarDate":{"date":"Nov 20, 2020 12:00:00 AM"},"aggregatorList":[{"type":"TOTAL","averageStressLevel":-2,"averageStressLevelIntensity":-2,"maxStressLevel":0,"stressIntensityCount":0,"stressOffWristCount":0,"stressTooActiveCount":287,"totalStressCount":287,"totalStressIntensity":0,"stressDuration":0,"restDuration":0,"activityDuration":17220,"uncategorizedDuration":0,"totalDuration":17220,"lowDuration":0,"mediumDuration":0,"highDuration":0},{"type":"AWAKE","averageStressLevel":-2,"averageStressLevelIntensity":-2,"maxStressLevel":0,"stressIntensityCount":0,"stressOffWristCount":0,"stressTooActiveCount":287,"totalStressCount":287,"totalStressIntensity":0,"stressDuration":0,"restDuration":0,"activityDuration":17220,"uncategorizedDuration":0,"totalDuration":17220,"lowDuration":0,"mediumDuration":0,"highDuration":0},{"type":"ASLEEP","averageStressLevel":-2,"averageStressLevelIntensity":-2,"maxStressLevel":0,"stressIntensityCount":0,"stressOffWristCount":0,"stressTooActiveCount":0,"totalStressCount":0,"totalStressIntensity":0,"stressDuration":0,"restDuration":0,"activityDuration":0,"uncategorizedDuration":0,"totalDuration":0,"lowDuration":0,"mediumDuration":0,"highDuration":0}]},"bodyBattery":{"userProfilePK":82576128,"calendarDate":{"date":"Nov 20, 2020 12:00:00 AM"},"chargedValue":0,"drainedValue":1,"bodyBatteryVersion":1.0,"bodyBatteryStatList":[{"bodyBatteryStatType":"HIGHEST","statsValue":70,"bodyBatteryStatus":"RESET","statTimestamp":{"date":"Nov 20, 2020 9:42:00 AM"}},{"bodyBatteryStatType":"LOWEST","statsValue":69,"bodyBatteryStatus":"MEASURED","statTimestamp":{"date":"Nov 20, 2020 9:48:00 AM"}},{"bodyBatteryStatType":"MOSTRECENT","statsValue":69,"bodyBatteryStatus":"MEASURED","statTimestamp":{"date":"Nov 20, 2020 9:48:00 AM"}},{"bodyBatteryStatType":"ENDOFDAY","statsValue":69,"bodyBatteryStatus":"MEASURED","statTimestamp":{"date":"Nov 20, 2020 9:48:00 AM"}}]},"minAvgHeartRate":91,"maxAvgHeartRate":100,"version":17280000}]