[{"userProfilePk":82576128,"userGoalCategory":"MYFITNESSPAL","userGoalType":"NET_CALORIES","startDate":{"date":"Aug 4, 2020"},"endDate":{"date":"Aug 4, 2020"},"goalValue":"2000.0","updateDate":{"date":"Aug 4, 2020"},"createDate":{"date":"Aug 4, 2020"}},{"userProfilePk":82576128,"userGoalCategory":"MYFITNESSPAL","userGoalType":"NET_CALORIES","startDate":{"date":"Aug 5, 2020"},"endDate":{"date":"Aug 5, 2020"},"goalValue":"2000.0","updateDate":{"date":"Aug 5, 2020"},"createDate":{"date":"Aug 5, 2020"}},{"userProfilePk":82576128,"userGoalCategory":"MYFITNESSPAL","userGoalType":"NET_CALORIES","startDate":{"date":"Aug 5, 2020"},"endDate":{"date":"Aug 5, 2020"},"goalValue":"2000.0","updateDate":{"date":"Aug 5, 2020"},"createDate":{"date":"Aug 5, 2020"}},{"userProfilePk":82576128,"userGoalCategory":"MYFITNESSPAL","userGoalType":"NET_CALORIES","startDate":{"date":"Aug 6, 2020"},"endDate":{"date":"Aug 6, 2020"},"goalValue":"2000.0","updateDate":{"date":"Aug 6, 2020"},"createDate":{"date":"Aug 6, 2020"}},{"userProfilePk":82576128,"userGoalCategory":"MYFITNESSPAL","userGoalType":"NET_CALORIES","startDate":{"date":"Aug 7, 2020"},"endDate":{"date":"Aug 7, 2020"},"goalValue":"2000.0","updateDate":{"date":"Aug 7, 2020"},"createDate":{"date":"Aug 7, 2020"}}]