[{"version":1578116702849,"metaData":{"userProfilePK":82576128,"calendarDate":"2020-01-04T00:45:02.842","sequence":1578116702849},"userSetNullForHeight":true,"userSetNullForWeight":true,"userSetNullForActivityClass":true,"userSetNullForLactateThresholdSpeed":true,"userSetNullForLactateThresholdHR":true,"userSetNullForVO2MaxCycling":true,"userSetNullForVO2MaxRunning":true},{"version":1578117114811,"metaData":{"userProfilePK":82576128,"calendarDate":"2020-01-04T00:51:54.802","sequence":1578117114811},"height":175.0,"userSetNullForHeight":false,"userSetNullForWeight":false,"userSetNullForActivityClass":false,"userSetNullForLactateThresholdSpeed":false,"userSetNullForLactateThresholdHR":false,"userSetNullForVO2MaxCycling":false,"userSetNullForVO2MaxRunning":false},{"version":1578117114825,"metaData":{"userProfilePK":82576128,"calendarDate":"2020-01-04T00:51:54.802","sequence":1578117114825},"weight":{"weight":79400.0,"sourceType":"USER_SETTING","timestampGMT":"2020-01-04T05:51:54.802"},"userSetNullForHeight":false,"userSetNullForWeight":false,"userSetNullForActivityClass":false,"userSetNullForLactateThresholdSpeed":false,"userSetNullForLactateThresholdHR":false,"userSetNullForVO2MaxCycling":false,"userSetNullForVO2MaxRunning":false},{"version":1579130953277,"metaData":{"userProfilePK":82576128,"calendarDate":"2020-01-15T00:00:00.0","sequence":1579130953277},"vo2MaxRunning":52.0,"userSetNullForHeight":false,"userSetNullForWeight":false,"userSetNullForActivityClass":false,"userSetNullForLactateThresholdSpeed":false,"userSetNullForLactateThresholdHR":false,"userSetNullForVO2MaxCycling":false,"userSetNullForVO2MaxRunning":false},{"version":1579230486644,"metaData":{"userProfilePK":82576128,"calendarDate":"2020-01-16T00:00:00.0","sequence":1579230486644},"vo2MaxRunning":52.0,"userSetNullForHeight":false,"userSetNullForWeight":false,"userSetNullForActivityClass":false,"userSetNullForLactateThresholdSpeed":false,"userSetNullForLactateThresholdHR":false,"userSetNullForVO2MaxCycling":false,"userSetNullForVO2MaxRunning":false},{"version":1580124139153,"metaData":{"userProfilePK":82576128,"calendarDate":"2020-01-27T00:00:00.0","sequence":1580124139153},"vo2MaxRunning":52.0,"userSetNullForHeight":false,"userSetNullForWeight":false,"userSetNullForActivityClass":false,"userSetNullForLactateThresholdSpeed":false,"userSetNullForLactateThresholdHR":false,"userSetNullForVO2MaxCycling":false,"userSetNullForVO2MaxRunning":false},{"version":1581869743991,"metaData":{"userProfilePK":82576128,"calendarDate":"2020-02-15T00:00:00.0","sequence":1581869743991},"vo2MaxRunning":52.0,"userSetNullForHeight":false,"userSetNullForWeight":false,"userSetNullForActivityClass":false,"userSetNullForLactateThresholdSpeed":false,"userSetNullForLactateThresholdHR":false,"userSetNullForVO2MaxCycling":false,"userSetNullForVO2MaxRunning":false},{"version":1581950550369,"metaData":{"userProfilePK":82576128,"calendarDate":"2020-02-17T00:00:00.0","sequence":1581950550369},"vo2MaxRunning":51.0,"userSetNullForHeight":false,"userSetNullForWeight":false,"userSetNullForActivityClass":false,"userSetNullForLactateThresholdSpeed":false,"userSetNullForLactateThresholdHR":false,"userSetNullForVO2MaxCycling":false,"userSetNullForVO2MaxRunning":false},{"version":1582199030486,"metaData":{"userProfilePK":82576128,"calendarDate":"2020-02-19T00:00:00.0","sequence":1582199030486},"vo2MaxRunning":52.0,"userSetNullForHeight":false,"userSetNullForWeight":false,"userSetNullForActivityClass":false,"userSetNullForLactateThresholdSpeed":false,"userSetNullForLactateThresholdHR":false,"userSetNullForVO2MaxCycling":false,"userSetNullForVO2MaxRunning":false},{"version":1582247449222,"metaData":{"userProfilePK":82576128,"calendarDate":"2020-02-20T00:00:00.0","sequence":1582247449222},"vo2MaxRunning":52.0,"userSetNullForHeight":false,"userSetNullForWeight":false,"userSetNullForActivityClass":false,"userSetNullForLactateThresholdSpeed":false,"userSetNullForLactateThresholdHR":false,"userSetNullForVO2MaxCycling":false,"userSetNullForVO2MaxRunning":false},{"version":1582631146664,"metaData":{"userProfilePK":82576128,"calendarDate":"2020-02-25T00:00:00.0","sequence":1582631146664},"vo2MaxRunning":52.0,"userSetNullForHeight":false,"userSetNullForWeight":false,"userSetNullForActivityClass":false,"userSetNullForLactateThresholdSpeed":false,"userSetNullForLactateThresholdHR":false,"userSetNullForVO2MaxCycling":false,"userSetNullForVO2MaxRunning":false},{"version":1583834169696,"metaData":{"userProfilePK":82576128,"calendarDate":"2020-03-10T00:00:00.0","sequence":1583834169696},"vo2MaxRunning":52.0,"userSetNullForHeight":false,"userSetNullForWeight":false,"userSetNullForActivityClass":false,"userSetNullForLactateThresholdSpeed":false,"userSetNullForLactateThresholdHR":false,"userSetNullForVO2MaxCycling":false,"userSetNullForVO2MaxRunning":false},{"version":1583942715279,"metaData":{"userProfilePK":82576128,"calendarDate":"2020-03-11T00:00:00.0","sequence":1583942715279},"vo2MaxRunning":52.0,"userSetNullForHeight":false,"userSetNullForWeight":false,"userSetNullForActivityClass":false,"userSetNullForLactateThresholdSpeed":false,"userSetNullForLactateThresholdHR":false,"userSetNullForVO2MaxCycling":false,"userSetNullForVO2MaxRunning":false},{"version":1584623669669,"metaData":{"userProfilePK":82576128,"calendarDate":"2020-03-19T00:00:00.0","sequence":1584623669669},"vo2MaxRunning":51.0,"userSetNullForHeight":false,"userSetNullForWeight":false,"userSetNullForActivityClass":false,"userSetNullForLactateThresholdSpeed":false,"userSetNullForLactateThresholdHR":false,"userSetNullForVO2MaxCycling":false,"userSetNullForVO2MaxRunning":false},{"version":1584707325683,"metaData":{"userProfilePK":82576128,"calendarDate":"2020-03-20T00:00:00.0","sequence":1584707325683},"vo2MaxRunning":46.0,"userSetNullForHeight":false,"userSetNullForWeight":false,"userSetNullForActivityClass":false,"userSetNullForLactateThresholdSpeed":false,"userSetNullForLactateThresholdHR":false,"userSetNullForVO2MaxCycling":false,"userSetNullForVO2MaxRunning":false},{"version":1584799687466,"metaData":{"userProfilePK":82576128,"calendarDate":"2020-03-21T00:00:00.0","sequence":1584799687466},"vo2MaxRunning":46.0,"userSetNullForHeight":false,"userSetNullForWeight":false,"userSetNullForActivityClass":false,"userSetNullForLactateThresholdSpeed":false,"userSetNullForLactateThresholdHR":false,"userSetNullForVO2MaxCycling":false,"userSetNullForVO2MaxRunning":false},{"version":1584906355199,"metaData":{"userProfilePK":82576128,"calendarDate":"2020-03-22T00:00:00.0","sequence":1584906355199},"vo2MaxRunning":47.0,"userSetNullForHeight":false,"userSetNullForWeight":false,"userSetNullForActivityClass":false,"userSetNullForLactateThresholdSpeed":false,"userSetNullForLactateThresholdHR":false,"userSetNullForVO2MaxCycling":false,"userSetNullForVO2MaxRunning":false},{"version":1596154498983,"metaData":{"userProfilePK":82576128,"calendarDate":"2020-07-27T00:00:00.0","sequence":1596154498983},"vo2MaxRunning":46.0,"userSetNullForHeight":false,"userSetNullForWeight":false,"userSetNullForActivityClass":false,"userSetNullForLactateThresholdSpeed":false,"userSetNullForLactateThresholdHR":false,"userSetNullForVO2MaxCycling":false,"userSetNullForVO2MaxRunning":false},{"version":1596368188878,"metaData":{"userProfilePK":82576128,"calendarDate":"2020-08-01T00:00:00.0","sequence":1596368188878},"vo2MaxRunning":46.0,"userSetNullForHeight":false,"userSetNullForWeight":false,"userSetNullForActivityClass":false,"userSetNullForLactateThresholdSpeed":false,"userSetNullForLactateThresholdHR":false,"userSetNullForVO2MaxCycling":false,"userSetNullForVO2MaxRunning":false},{"version":1596892727192,"metaData":{"userProfilePK":82576128,"calendarDate":"2020-08-08T00:00:00.0","sequence":1596892727192},"vo2MaxRunning":46.0,"userSetNullForHeight":false,"userSetNullForWeight":false,"userSetNullForActivityClass":false,"userSetNullForLactateThresholdSpeed":false,"userSetNullForLactateThresholdHR":false,"userSetNullForVO2MaxCycling":false,"userSetNullForVO2MaxRunning":false},{"version":1596892729461,"metaData":{"userProfilePK":82576128,"calendarDate":"2020-08-08T00:00:00.0","sequence":1596892729461},"vo2MaxRunning":47.0,"userSetNullForHeight":false,"userSetNullForWeight":false,"userSetNullForActivityClass":false,"userSetNullForLactateThresholdSpeed":false,"userSetNullForLactateThresholdHR":false,"userSetNullForVO2MaxCycling":false,"userSetNullForVO2MaxRunning":false},{"version":1597587845905,"metaData":{"userProfilePK":82576128,"calendarDate":"2020-08-16T00:00:00.0","sequence":1597587845905},"vo2MaxRunning":47.0,"userSetNullForHeight":false,"userSetNullForWeight":false,"userSetNullForActivityClass":false,"userSetNullForLactateThresholdSpeed":false,"userSetNullForLactateThresholdHR":false,"userSetNullForVO2MaxCycling":false,"userSetNullForVO2MaxRunning":false},{"version":1597587848432,"metaData":{"userProfilePK":82576128,"calendarDate":"2020-08-16T00:00:00.0","sequence":1597587848432},"vo2MaxRunning":47.0,"userSetNullForHeight":false,"userSetNullForWeight":false,"userSetNullForActivityClass":false,"userSetNullForLactateThresholdSpeed":false,"userSetNullForLactateThresholdHR":false,"userSetNullForVO2MaxCycling":false,"userSetNullForVO2MaxRunning":false},{"version":1605093802559,"metaData":{"userProfilePK":82576128,"calendarDate":"2020-11-11T06:23:22.532","sequence":1605093802559},"weight":{"weight":85000.0,"sourceType":"USER_SETTING","timestampGMT":"2020-11-11T11:23:22.532"},"userSetNullForHeight":false,"userSetNullForWeight":false,"userSetNullForActivityClass":false,"userSetNullForLactateThresholdSpeed":false,"userSetNullForLactateThresholdHR":false,"userSetNullForVO2MaxCycling":false,"userSetNullForVO2MaxRunning":false},{"version":1627819611901,"metaData":{"userProfilePK":82576128,"calendarDate":"2021-08-01T00:00:00.0","sequence":1627819611901},"vo2MaxRunning":47.0,"userSetNullForHeight":false,"userSetNullForWeight":false,"userSetNullForActivityClass":false,"userSetNullForLactateThresholdSpeed":false,"userSetNullForLactateThresholdHR":false,"userSetNullForVO2MaxCycling":false,"userSetNullForVO2MaxRunning":false},{"version":1627819612849,"metaData":{"userProfilePK":82576128,"calendarDate":"2021-08-01T00:00:00.0","sequence":1627819612849},"vo2MaxRunning":47.0,"userSetNullForHeight":false,"userSetNullForWeight":false,"userSetNullForActivityClass":false,"userSetNullForLactateThresholdSpeed":false,"userSetNullForLactateThresholdHR":false,"userSetNullForVO2MaxCycling":false,"userSetNullForVO2MaxRunning":false},{"version":1627911074645,"metaData":{"userProfilePK":82576128,"calendarDate":"2021-08-02T00:00:00.0","sequence":1627911074645},"vo2MaxRunning":48.0,"userSetNullForHeight":false,"userSetNullForWeight":false,"userSetNullForActivityClass":false,"userSetNullForLactateThresholdSpeed":false,"userSetNullForLactateThresholdHR":false,"userSetNullForVO2MaxCycling":false,"userSetNullForVO2MaxRunning":false},{"version":1627911076232,"metaData":{"userProfilePK":82576128,"calendarDate":"2021-08-02T00:00:00.0","sequence":1627911076232},"vo2MaxRunning":48.0,"userSetNullForHeight":false,"userSetNullForWeight":false,"userSetNullForActivityClass":false,"userSetNullForLactateThresholdSpeed":false,"userSetNullForLactateThresholdHR":false,"userSetNullForVO2MaxCycling":false,"userSetNullForVO2MaxRunning":false},{"version":1627990991022,"metaData":{"userProfilePK":82576128,"calendarDate":"2021-08-03T00:00:00.0","sequence":1627990991022},"vo2MaxRunning":48.0,"userSetNullForHeight":false,"userSetNullForWeight":false,"userSetNullForActivityClass":false,"userSetNullForLactateThresholdSpeed":false,"userSetNullForLactateThresholdHR":false,"userSetNullForVO2MaxCycling":false,"userSetNullForVO2MaxRunning":false},{"version":1627990992979,"metaData":{"userProfilePK":82576128,"calendarDate":"2021-08-03T00:00:00.0","sequence":1627990992979},"vo2MaxRunning":48.0,"userSetNullForHeight":false,"userSetNullForWeight":false,"userSetNullForActivityClass":false,"userSetNullForLactateThresholdSpeed":false,"userSetNullForLactateThresholdHR":false,"userSetNullForVO2MaxCycling":false,"userSetNullForVO2MaxRunning":false},{"version":1628424730251,"metaData":{"userProfilePK":82576128,"calendarDate":"2021-08-08T00:00:00.0","sequence":1628424730251},"vo2MaxRunning":48.0,"userSetNullForHeight":false,"userSetNullForWeight":false,"userSetNullForActivityClass":false,"userSetNullForLactateThresholdSpeed":false,"userSetNullForLactateThresholdHR":false,"userSetNullForVO2MaxCycling":false,"userSetNullForVO2MaxRunning":false},{"version":1628424732033,"metaData":{"userProfilePK":82576128,"calendarDate":"2021-08-08T00:00:00.0","sequence":1628424732033},"vo2MaxRunning":48.0,"userSetNullForHeight":false,"userSetNullForWeight":false,"userSetNullForActivityClass":false,"userSetNullForLactateThresholdSpeed":false,"userSetNullForLactateThresholdHR":false,"userSetNullForVO2MaxCycling":false,"userSetNullForVO2MaxRunning":false},{"version":1630578987313,"metaData":{"userProfilePK":82576128,"calendarDate":"2021-09-01T00:00:00.0","sequence":1630578987313},"vo2MaxRunning":48.0,"userSetNullForHeight":false,"userSetNullForWeight":false,"userSetNullForActivityClass":false,"userSetNullForLactateThresholdSpeed":false,"userSetNullForLactateThresholdHR":false,"userSetNullForVO2MaxCycling":false,"userSetNullForVO2MaxRunning":false},{"version":1630578987316,"metaData":{"userProfilePK":82576128,"calendarDate":"2021-09-01T00:00:00.0","sequence":1630578987316},"vo2MaxRunning":48.0,"userSetNullForHeight":false,"userSetNullForWeight":false,"userSetNullForActivityClass":false,"userSetNullForLactateThresholdSpeed":false,"userSetNullForLactateThresholdHR":false,"userSetNullForVO2MaxCycling":false,"userSetNullForVO2MaxRunning":false},{"version":1630578989722,"metaData":{"userProfilePK":82576128,"calendarDate":"2021-09-02T00:00:00.0","sequence":1630578989722},"vo2MaxRunning":48.0,"userSetNullForHeight":false,"userSetNullForWeight":false,"userSetNullForActivityClass":false,"userSetNullForLactateThresholdSpeed":false,"userSetNullForLactateThresholdHR":false,"userSetNullForVO2MaxCycling":false,"userSetNullForVO2MaxRunning":false},{"version":1631616491056,"metaData":{"userProfilePK":82576128,"calendarDate":"2021-09-14T00:00:00.0","sequence":1631616491056},"vo2MaxRunning":48.0,"userSetNullForHeight":false,"userSetNullForWeight":false,"userSetNullForActivityClass":false,"userSetNullForLactateThresholdSpeed":false,"userSetNullForLactateThresholdHR":false,"userSetNullForVO2MaxCycling":false,"userSetNullForVO2MaxRunning":false},{"version":1631616492751,"metaData":{"userProfilePK":82576128,"calendarDate":"2021-09-14T00:00:00.0","sequence":1631616492751},"vo2MaxRunning":47.0,"userSetNullForHeight":false,"userSetNullForWeight":false,"userSetNullForActivityClass":false,"userSetNullForLactateThresholdSpeed":false,"userSetNullForLactateThresholdHR":false,"userSetNullForVO2MaxCycling":false,"userSetNullForVO2MaxRunning":false},{"version":1633180372701,"metaData":{"userProfilePK":82576128,"calendarDate":"2021-10-01T00:00:00.0","sequence":1633180372701},"vo2MaxRunning":47.0,"userSetNullForHeight":false,"userSetNullForWeight":false,"userSetNullForActivityClass":false,"userSetNullForLactateThresholdSpeed":false,"userSetNullForLactateThresholdHR":false,"userSetNullForVO2MaxCycling":false,"userSetNullForVO2MaxRunning":false},{"version":1633180374385,"metaData":{"userProfilePK":82576128,"calendarDate":"2021-10-01T00:00:00.0","sequence":1633180374385},"vo2MaxRunning":47.0,"userSetNullForHeight":false,"userSetNullForWeight":false,"userSetNullForActivityClass":false,"userSetNullForLactateThresholdSpeed":false,"userSetNullForLactateThresholdHR":false,"userSetNullForVO2MaxCycling":false,"userSetNullForVO2MaxRunning":false},{"version":1637089683099,"metaData":{"userProfilePK":82576128,"calendarDate":"2021-11-16T00:00:00.0","sequence":1637089683099},"vo2MaxRunning":47.0,"userSetNullForHeight":false,"userSetNullForWeight":false,"userSetNullForActivityClass":false,"userSetNullForLactateThresholdSpeed":false,"userSetNullForLactateThresholdHR":false,"userSetNullForVO2MaxCycling":false,"userSetNullForVO2MaxRunning":false},{"version":1637089683102,"metaData":{"userProfilePK":82576128,"calendarDate":"2021-11-16T00:00:00.0","sequence":1637089683102},"vo2MaxRunning":48.0,"userSetNullForHeight":false,"userSetNullForWeight":false,"userSetNullForActivityClass":false,"userSetNullForLactateThresholdSpeed":false,"userSetNullForLactateThresholdHR":false,"userSetNullForVO2MaxCycling":false,"userSetNullForVO2MaxRunning":false},{"version":1637089683104,"metaData":{"userProfilePK":82576128,"calendarDate":"2021-11-16T00:00:00.0","sequence":1637089683104},"vo2MaxRunning":48.0,"userSetNullForHeight":false,"userSetNullForWeight":false,"userSetNullForActivityClass":false,"userSetNullForLactateThresholdSpeed":false,"userSetNullForLactateThresholdHR":false,"userSetNullForVO2MaxCycling":false,"userSetNullForVO2MaxRunning":false},{"version":1637148122621,"metaData":{"userProfilePK":82576128,"calendarDate":"2021-11-16T00:00:00.0","sequence":1637148122621},"vo2MaxRunning":48.0,"userSetNullForHeight":false,"userSetNullForWeight":false,"userSetNullForActivityClass":false,"userSetNullForLactateThresholdSpeed":false,"userSetNullForLactateThresholdHR":false,"userSetNullForVO2MaxCycling":false,"userSetNullForVO2MaxRunning":false},{"version":1637148122624,"metaData":{"userProfilePK":82576128,"calendarDate":"2021-11-16T00:00:00.0","sequence":1637148122624},"vo2MaxRunning":48.0,"userSetNullForHeight":false,"userSetNullForWeight":false,"userSetNullForActivityClass":false,"userSetNullForLactateThresholdSpeed":false,"userSetNullForLactateThresholdHR":false,"userSetNullForVO2MaxCycling":false,"userSetNullForVO2MaxRunning":false},{"version":1637148124173,"metaData":{"userProfilePK":82576128,"calendarDate":"2021-11-17T00:00:00.0","sequence":1637148124173},"vo2MaxRunning":48.0,"userSetNullForHeight":false,"userSetNullForWeight":false,"userSetNullForActivityClass":false,"userSetNullForLactateThresholdSpeed":false,"userSetNullForLactateThresholdHR":false,"userSetNullForVO2MaxCycling":false,"userSetNullForVO2MaxRunning":false},{"version":1637680582128,"metaData":{"userProfilePK":82576128,"calendarDate":"2021-11-23T00:00:00.0","sequence":1637680582128},"vo2MaxRunning":48.0,"userSetNullForHeight":false,"userSetNullForWeight":false,"userSetNullForActivityClass":false,"userSetNullForLactateThresholdSpeed":false,"userSetNullForLactateThresholdHR":false,"userSetNullForVO2MaxCycling":false,"userSetNullForVO2MaxRunning":false},{"version":1637680582130,"metaData":{"userProfilePK":82576128,"calendarDate":"2021-11-23T00:00:00.0","sequence":1637680582130},"vo2MaxRunning":48.0,"userSetNullForHeight":false,"userSetNullForWeight":false,"userSetNullForActivityClass":false,"userSetNullForLactateThresholdSpeed":false,"userSetNullForLactateThresholdHR":false,"userSetNullForVO2MaxCycling":false,"userSetNullForVO2MaxRunning":false},{"version":1637753099652,"metaData":{"userProfilePK":82576128,"calendarDate":"2021-11-23T00:00:00.0","sequence":1637753099652},"vo2MaxRunning":48.0,"userSetNullForHeight":false,"userSetNullForWeight":false,"userSetNullForActivityClass":false,"userSetNullForLactateThresholdSpeed":false,"userSetNullForLactateThresholdHR":false,"userSetNullForVO2MaxCycling":false,"userSetNullForVO2MaxRunning":false},{"version":1637753099654,"metaData":{"userProfilePK":82576128,"calendarDate":"2021-11-23T00:00:00.0","sequence":1637753099654},"vo2MaxRunning":48.0,"userSetNullForHeight":false,"userSetNullForWeight":false,"userSetNullForActivityClass":false,"userSetNullForLactateThresholdSpeed":false,"userSetNullForLactateThresholdHR":false,"userSetNullForVO2MaxCycling":false,"userSetNullForVO2MaxRunning":false},{"version":1637753099657,"metaData":{"userProfilePK":82576128,"calendarDate":"2021-11-23T00:00:00.0","sequence":1637753099657},"vo2MaxRunning":48.0,"userSetNullForHeight":false,"userSetNullForWeight":false,"userSetNullForActivityClass":false,"userSetNullForLactateThresholdSpeed":false,"userSetNullForLactateThresholdHR":false,"userSetNullForVO2MaxCycling":false,"userSetNullForVO2MaxRunning":false},{"version":1637753099660,"metaData":{"userProfilePK":82576128,"calendarDate":"2021-11-23T00:00:00.0","sequence":1637753099660},"vo2MaxRunning":48.0,"userSetNullForHeight":false,"userSetNullForWeight":false,"userSetNullForActivityClass":false,"userSetNullForLactateThresholdSpeed":false,"userSetNullForLactateThresholdHR":false,"userSetNullForVO2MaxCycling":false,"userSetNullForVO2MaxRunning":false},{"version":1637753099662,"metaData":{"userProfilePK":82576128,"calendarDate":"2021-11-23T00:00:00.0","sequence":1637753099662},"vo2MaxRunning":48.0,"userSetNullForHeight":false,"userSetNullForWeight":false,"userSetNullForActivityClass":false,"userSetNullForLactateThresholdSpeed":false,"userSetNullForLactateThresholdHR":false,"userSetNullForVO2MaxCycling":false,"userSetNullForVO2MaxRunning":false},{"version":1637753101366,"metaData":{"userProfilePK":82576128,"calendarDate":"2021-11-24T00:00:00.0","sequence":1637753101366},"vo2MaxRunning":48.0,"userSetNullForHeight":false,"userSetNullForWeight":false,"userSetNullForActivityClass":false,"userSetNullForLactateThresholdSpeed":false,"userSetNullForLactateThresholdHR":false,"userSetNullForVO2MaxCycling":false,"userSetNullForVO2MaxRunning":false},{"version":1638315419393,"metaData":{"userProfilePK":82576128,"calendarDate":"2021-11-30T00:00:00.0","sequence":1638315419393},"vo2MaxRunning":48.0,"userSetNullForHeight":false,"userSetNullForWeight":false,"userSetNullForActivityClass":false,"userSetNullForLactateThresholdSpeed":false,"userSetNullForLactateThresholdHR":false,"userSetNullForVO2MaxCycling":false,"userSetNullForVO2MaxRunning":false},{"version":1638315419395,"metaData":{"userProfilePK":82576128,"calendarDate":"2021-11-30T00:00:00.0","sequence":1638315419395},"vo2MaxRunning":48.0,"userSetNullForHeight":false,"userSetNullForWeight":false,"userSetNullForActivityClass":false,"userSetNullForLactateThresholdSpeed":false,"userSetNullForLactateThresholdHR":false,"userSetNullForVO2MaxCycling":false,"userSetNullForVO2MaxRunning":false},{"version":1638315419397,"metaData":{"userProfilePK":82576128,"calendarDate":"2021-11-30T00:00:00.0","sequence":1638315419397},"vo2MaxRunning":48.0,"userSetNullForHeight":false,"userSetNullForWeight":false,"userSetNullForActivityClass":false,"userSetNullForLactateThresholdSpeed":false,"userSetNullForLactateThresholdHR":false,"userSetNullForVO2MaxCycling":false,"userSetNullForVO2MaxRunning":false},{"version":1638381359667,"metaData":{"userProfilePK":82576128,"calendarDate":"2021-11-30T00:00:00.0","sequence":1638381359667},"vo2MaxRunning":48.0,"userSetNullForHeight":false,"userSetNullForWeight":false,"userSetNullForActivityClass":false,"userSetNullForLactateThresholdSpeed":false,"userSetNullForLactateThresholdHR":false,"userSetNullForVO2MaxCycling":false,"userSetNullForVO2MaxRunning":false},{"version":1638381359669,"metaData":{"userProfilePK":82576128,"calendarDate":"2021-11-30T00:00:00.0","sequence":1638381359669},"vo2MaxRunning":48.0,"userSetNullForHeight":false,"userSetNullForWeight":false,"userSetNullForActivityClass":false,"userSetNullForLactateThresholdSpeed":false,"userSetNullForLactateThresholdHR":false,"userSetNullForVO2MaxCycling":false,"userSetNullForVO2MaxRunning":false},{"version":1638381359670,"metaData":{"userProfilePK":82576128,"calendarDate":"2021-11-30T00:00:00.0","sequence":1638381359670},"vo2MaxRunning":48.0,"userSetNullForHeight":false,"userSetNullForWeight":false,"userSetNullForActivityClass":false,"userSetNullForLactateThresholdSpeed":false,"userSetNullForLactateThresholdHR":false,"userSetNullForVO2MaxCycling":false,"userSetNullForVO2MaxRunning":false},{"version":1638381362629,"metaData":{"userProfilePK":82576128,"calendarDate":"2021-12-01T00:00:00.0","sequence":1638381362629},"vo2MaxRunning":48.0,"userSetNullForHeight":false,"userSetNullForWeight":false,"userSetNullForActivityClass":false,"userSetNullForLactateThresholdSpeed":false,"userSetNullForLactateThresholdHR":false,"userSetNullForVO2MaxCycling":false,"userSetNullForVO2MaxRunning":false},{"version":1644320419932,"metaData":{"userProfilePK":82576128,"calendarDate":"2022-02-08T00:00:00.0","sequence":1644320419932},"vo2MaxRunning":48.0,"userSetNullForHeight":false,"userSetNullForWeight":false,"userSetNullForActivityClass":false,"userSetNullForLactateThresholdSpeed":false,"userSetNullForLactateThresholdHR":false,"userSetNullForVO2MaxCycling":false,"userSetNullForVO2MaxRunning":false},{"version":1644320421993,"metaData":{"userProfilePK":82576128,"calendarDate":"2022-02-08T00:00:00.0","sequence":1644320421993},"vo2MaxRunning":48.0,"userSetNullForHeight":false,"userSetNullForWeight":false,"userSetNullForActivityClass":false,"userSetNullForLactateThresholdSpeed":false,"userSetNullForLactateThresholdHR":false,"userSetNullForVO2MaxCycling":false,"userSetNullForVO2MaxRunning":false},{"version":1644762745591,"metaData":{"userProfilePK":82576128,"calendarDate":"2022-02-13T00:00:00.0","sequence":1644762745591},"vo2MaxRunning":48.0,"userSetNullForHeight":false,"userSetNullForWeight":false,"userSetNullForActivityClass":false,"userSetNullForLactateThresholdSpeed":false,"userSetNullForLactateThresholdHR":false,"userSetNullForVO2MaxCycling":false,"userSetNullForVO2MaxRunning":false},{"version":1644762747362,"metaData":{"userProfilePK":82576128,"calendarDate":"2022-02-13T00:00:00.0","sequence":1644762747362},"vo2MaxRunning":48.0,"userSetNullForHeight":false,"userSetNullForWeight":false,"userSetNullForActivityClass":false,"userSetNullForLactateThresholdSpeed":false,"userSetNullForLactateThresholdHR":false,"userSetNullForVO2MaxCycling":false,"userSetNullForVO2MaxRunning":false},{"version":1646048975837,"metaData":{"userProfilePK":82576128,"calendarDate":"2022-02-28T00:00:00.0","sequence":1646048975837},"vo2MaxRunning":49.0,"userSetNullForHeight":false,"userSetNullForWeight":false,"userSetNullForActivityClass":false,"userSetNullForLactateThresholdSpeed":false,"userSetNullForLactateThresholdHR":false,"userSetNullForVO2MaxCycling":false,"userSetNullForVO2MaxRunning":false},{"version":1646048977631,"metaData":{"userProfilePK":82576128,"calendarDate":"2022-02-28T00:00:00.0","sequence":1646048977631},"vo2MaxRunning":49.0,"userSetNullForHeight":false,"userSetNullForWeight":false,"userSetNullForActivityClass":false,"userSetNullForLactateThresholdSpeed":false,"userSetNullForLactateThresholdHR":false,"userSetNullForVO2MaxCycling":false,"userSetNullForVO2MaxRunning":false},{"version":1648669110372,"metaData":{"userProfilePK":82576128,"calendarDate":"2022-03-30T00:00:00.0","sequence":1648669110372},"vo2MaxRunning":49.0,"userSetNullForHeight":false,"userSetNullForWeight":false,"userSetNullForActivityClass":false,"userSetNullForLactateThresholdSpeed":false,"userSetNullForLactateThresholdHR":false,"userSetNullForVO2MaxCycling":false,"userSetNullForVO2MaxRunning":false},{"version":1648725793940,"metaData":{"userProfilePK":82576128,"calendarDate":"2022-03-31T00:00:00.0","sequence":1648725793940},"vo2MaxRunning":49.0,"userSetNullForHeight":false,"userSetNullForWeight":false,"userSetNullForActivityClass":false,"userSetNullForLactateThresholdSpeed":false,"userSetNullForLactateThresholdHR":false,"userSetNullForVO2MaxCycling":false,"userSetNullForVO2MaxRunning":false},{"version":1648725795615,"metaData":{"userProfilePK":82576128,"calendarDate":"2022-03-31T00:00:00.0","sequence":1648725795615},"vo2MaxRunning":49.0,"userSetNullForHeight":false,"userSetNullForWeight":false,"userSetNullForActivityClass":false,"userSetNullForLactateThresholdSpeed":false,"userSetNullForLactateThresholdHR":false,"userSetNullForVO2MaxCycling":false,"userSetNullForVO2MaxRunning":false},{"version":1649248136059,"metaData":{"userProfilePK":82576128,"calendarDate":"2022-04-06T00:00:00.0","sequence":1649248136059},"vo2MaxRunning":49.0,"userSetNullForHeight":false,"userSetNullForWeight":false,"userSetNullForActivityClass":false,"userSetNullForLactateThresholdSpeed":false,"userSetNullForLactateThresholdHR":false,"userSetNullForVO2MaxCycling":false,"userSetNullForVO2MaxRunning":false},{"version":1650210230262,"metaData":{"userProfilePK":82576128,"calendarDate":"2022-04-17T00:00:00.0","sequence":1650210230262},"vo2MaxRunning":49.0,"userSetNullForHeight":false,"userSetNullForWeight":false,"userSetNullForActivityClass":false,"userSetNullForLactateThresholdSpeed":false,"userSetNullForLactateThresholdHR":false,"userSetNullForVO2MaxCycling":false,"userSetNullForVO2MaxRunning":false},{"version":1650210231993,"metaData":{"userProfilePK":82576128,"calendarDate":"2022-04-17T00:00:00.0","sequence":1650210231993},"vo2MaxRunning":49.0,"userSetNullForHeight":false,"userSetNullForWeight":false,"userSetNullForActivityClass":false,"userSetNullForLactateThresholdSpeed":false,"userSetNullForLactateThresholdHR":false,"userSetNullForVO2MaxCycling":false,"userSetNullForVO2MaxRunning":false},{"version":1650413159355,"metaData":{"userProfilePK":82576128,"calendarDate":"2022-04-19T00:00:00.0","sequence":1650413159355},"vo2MaxRunning":49.0,"userSetNullForHeight":false,"userSetNullForWeight":false,"userSetNullForActivityClass":false,"userSetNullForLactateThresholdSpeed":false,"userSetNullForLactateThresholdHR":false,"userSetNullForVO2MaxCycling":false,"userSetNullForVO2MaxRunning":false},{"version":1650413159358,"metaData":{"userProfilePK":82576128,"calendarDate":"2022-04-19T00:00:00.0","sequence":1650413159358},"vo2MaxRunning":49.0,"userSetNullForHeight":false,"userSetNullForWeight":false,"userSetNullForActivityClass":false,"userSetNullForLactateThresholdSpeed":false,"userSetNullForLactateThresholdHR":false,"userSetNullForVO2MaxCycling":false,"userSetNullForVO2MaxRunning":false},{"version":1650537407467,"metaData":{"userProfilePK":82576128,"calendarDate":"2022-04-20T00:00:00.0","sequence":1650537407467},"vo2MaxRunning":49.0,"userSetNullForHeight":false,"userSetNullForWeight":false,"userSetNullForActivityClass":false,"userSetNullForLactateThresholdSpeed":false,"userSetNullForLactateThresholdHR":false,"userSetNullForVO2MaxCycling":false,"userSetNullForVO2MaxRunning":false},{"version":1653474618147,"metaData":{"userProfilePK":82576128,"calendarDate":"2022-05-24T00:00:00.0","sequence":1653474618147},"vo2MaxRunning":49.0,"userSetNullForHeight":false,"userSetNullForWeight":false,"userSetNullForActivityClass":false,"userSetNullForLactateThresholdSpeed":false,"userSetNullForLactateThresholdHR":false,"userSetNullForVO2MaxCycling":false,"userSetNullForVO2MaxRunning":false},{"version":1653474618149,"metaData":{"userProfilePK":82576128,"calendarDate":"2022-05-24T00:00:00.0","sequence":1653474618149},"vo2MaxRunning":49.0,"userSetNullForHeight":false,"userSetNullForWeight":false,"userSetNullForActivityClass":false,"userSetNullForLactateThresholdSpeed":false,"userSetNullForLactateThresholdHR":false,"userSetNullForVO2MaxCycling":false,"userSetNullForVO2MaxRunning":false},{"version":1653474619926,"metaData":{"userProfilePK":82576128,"calendarDate":"2022-05-25T00:00:00.0","sequence":1653474619926},"vo2MaxRunning":49.0,"userSetNullForHeight":false,"userSetNullForWeight":false,"userSetNullForActivityClass":false,"userSetNullForLactateThresholdSpeed":false,"userSetNullForLactateThresholdHR":false,"userSetNullForVO2MaxCycling":false,"userSetNullForVO2MaxRunning":false},{"version":1653906197398,"metaData":{"userProfilePK":82576128,"calendarDate":"2022-05-30T00:00:00.0","sequence":1653906197398},"vo2MaxRunning":49.0,"userSetNullForHeight":false,"userSetNullForWeight":false,"userSetNullForActivityClass":false,"userSetNullForLactateThresholdSpeed":false,"userSetNullForLactateThresholdHR":false,"userSetNullForVO2MaxCycling":false,"userSetNullForVO2MaxRunning":false},{"version":1653906199164,"metaData":{"userProfilePK":82576128,"calendarDate":"2022-05-30T00:00:00.0","sequence":1653906199164},"vo2MaxRunning":49.0,"userSetNullForHeight":false,"userSetNullForWeight":false,"userSetNullForActivityClass":false,"userSetNullForLactateThresholdSpeed":false,"userSetNullForLactateThresholdHR":false,"userSetNullForVO2MaxCycling":false,"userSetNullForVO2MaxRunning":false},{"version":1654002709100,"metaData":{"userProfilePK":82576128,"calendarDate":"2022-05-31T00:00:00.0","sequence":1654002709100},"vo2MaxRunning":49.0,"userSetNullForHeight":false,"userSetNullForWeight":false,"userSetNullForActivityClass":false,"userSetNullForLactateThresholdSpeed":false,"userSetNullForLactateThresholdHR":false,"userSetNullForVO2MaxCycling":false,"userSetNullForVO2MaxRunning":false},{"version":1654002710712,"metaData":{"userProfilePK":82576128,"calendarDate":"2022-05-31T00:00:00.0","sequence":1654002710712},"vo2MaxRunning":49.0,"userSetNullForHeight":false,"userSetNullForWeight":false,"userSetNullForActivityClass":false,"userSetNullForLactateThresholdSpeed":false,"userSetNullForLactateThresholdHR":false,"userSetNullForVO2MaxCycling":false,"userSetNullForVO2MaxRunning":false},{"version":1654085390200,"metaData":{"userProfilePK":82576128,"calendarDate":"2022-06-01T00:00:00.0","sequence":1654085390200},"vo2MaxRunning":50.0,"userSetNullForHeight":false,"userSetNullForWeight":false,"userSetNullForActivityClass":false,"userSetNullForLactateThresholdSpeed":false,"userSetNullForLactateThresholdHR":false,"userSetNullForVO2MaxCycling":false,"userSetNullForVO2MaxRunning":false},{"version":1654085391748,"metaData":{"userProfilePK":82576128,"calendarDate":"2022-06-01T00:00:00.0","sequence":1654085391748},"vo2MaxRunning":50.0,"userSetNullForHeight":false,"userSetNullForWeight":false,"userSetNullForActivityClass":false,"userSetNullForLactateThresholdSpeed":false,"userSetNullForLactateThresholdHR":false,"userSetNullForVO2MaxCycling":false,"userSetNullForVO2MaxRunning":false},{"version":1654185000274,"metaData":{"userProfilePK":82576128,"calendarDate":"2022-06-02T00:00:00.0","sequence":1654185000274},"vo2MaxRunning":50.0,"userSetNullForHeight":false,"userSetNullForWeight":false,"userSetNullForActivityClass":false,"userSetNullForLactateThresholdSpeed":false,"userSetNullForLactateThresholdHR":false,"userSetNullForVO2MaxCycling":false,"userSetNullForVO2MaxRunning":false},{"version":1654185000276,"metaData":{"userProfilePK":82576128,"calendarDate":"2022-06-02T00:00:00.0","sequence":1654185000276},"vo2MaxRunning":50.0,"userSetNullForHeight":false,"userSetNullForWeight":false,"userSetNullForActivityClass":false,"userSetNullForLactateThresholdSpeed":false,"userSetNullForLactateThresholdHR":false,"userSetNullForVO2MaxCycling":false,"userSetNullForVO2MaxRunning":false},{"version":1654185000278,"metaData":{"userProfilePK":82576128,"calendarDate":"2022-06-02T00:00:00.0","sequence":1654185000278},"vo2MaxRunning":50.0,"userSetNullForHeight":false,"userSetNullForWeight":false,"userSetNullForActivityClass":false,"userSetNullForLactateThresholdSpeed":false,"userSetNullForLactateThresholdHR":false,"userSetNullForVO2MaxCycling":false,"userSetNullForVO2MaxRunning":false},{"version":1654185000281,"metaData":{"userProfilePK":82576128,"calendarDate":"2022-06-02T00:00:00.0","sequence":1654185000281},"vo2MaxRunning":50.0,"userSetNullForHeight":false,"userSetNullForWeight":false,"userSetNullForActivityClass":false,"userSetNullForLactateThresholdSpeed":false,"userSetNullForLactateThresholdHR":false,"userSetNullForVO2MaxCycling":false,"userSetNullForVO2MaxRunning":false},{"version":1654255983549,"metaData":{"userProfilePK":82576128,"calendarDate":"2022-06-02T00:00:00.0","sequence":1654255983549},"vo2MaxRunning":50.0,"userSetNullForHeight":false,"userSetNullForWeight":false,"userSetNullForActivityClass":false,"userSetNullForLactateThresholdSpeed":false,"userSetNullForLactateThresholdHR":false,"userSetNullForVO2MaxCycling":false,"userSetNullForVO2MaxRunning":false},{"version":1654255983551,"metaData":{"userProfilePK":82576128,"calendarDate":"2022-06-02T00:00:00.0","sequence":1654255983551},"vo2MaxRunning":50.0,"userSetNullForHeight":false,"userSetNullForWeight":false,"userSetNullForActivityClass":false,"userSetNullForLactateThresholdSpeed":false,"userSetNullForLactateThresholdHR":false,"userSetNullForVO2MaxCycling":false,"userSetNullForVO2MaxRunning":false},{"version":1654255983554,"metaData":{"userProfilePK":82576128,"calendarDate":"2022-06-02T00:00:00.0","sequence":1654255983554},"vo2MaxRunning":51.0,"userSetNullForHeight":false,"userSetNullForWeight":false,"userSetNullForActivityClass":false,"userSetNullForLactateThresholdSpeed":false,"userSetNullForLactateThresholdHR":false,"userSetNullForVO2MaxCycling":false,"userSetNullForVO2MaxRunning":false},{"version":1654255983556,"metaData":{"userProfilePK":82576128,"calendarDate":"2022-06-02T00:00:00.0","sequence":1654255983556},"vo2MaxRunning":51.0,"userSetNullForHeight":false,"userSetNullForWeight":false,"userSetNullForActivityClass":false,"userSetNullForLactateThresholdSpeed":false,"userSetNullForLactateThresholdHR":false,"userSetNullForVO2MaxCycling":false,"userSetNullForVO2MaxRunning":false},{"version":1654255983558,"metaData":{"userProfilePK":82576128,"calendarDate":"2022-06-02T00:00:00.0","sequence":1654255983558},"vo2MaxRunning":51.0,"userSetNullForHeight":false,"userSetNullForWeight":false,"userSetNullForActivityClass":false,"userSetNullForLactateThresholdSpeed":false,"userSetNullForLactateThresholdHR":false,"userSetNullForVO2MaxCycling":false,"userSetNullForVO2MaxRunning":false},{"version":1654255985070,"metaData":{"userProfilePK":82576128,"calendarDate":"2022-06-03T00:00:00.0","sequence":1654255985070},"vo2MaxRunning":51.0,"userSetNullForHeight":false,"userSetNullForWeight":false,"userSetNullForActivityClass":false,"userSetNullForLactateThresholdSpeed":false,"userSetNullForLactateThresholdHR":false,"userSetNullForVO2MaxCycling":false,"userSetNullForVO2MaxRunning":false}]