[{"userProfilePk":82576128,"userGoalCategory":"MY_AUTO","userGoalType":"STEPS","startDate":{"date":"Jan 4, 2020"},"goalValue":"5590.0","updateDate":{"date":"Jun 5, 2022"},"createDate":{"date":"Jan 4, 2020"}},{"userProfilePk":82576128,"userGoalCategory":"MYFITNESSPAL","userGoalType":"NET_CALORIES","startDate":{"date":"Jan 4, 2020"},"endDate":{"date":"Jan 4, 2020"},"goalValue":"2000.0","updateDate":{"date":"Jan 4, 2020"},"createDate":{"date":"Jan 4, 2020"}},{"userProfilePk":82576128,"userGoalCategory":"MYFITNESSPAL","userGoalType":"NET_CALORIES","startDate":{"date":"Jan 4, 2020"},"endDate":{"date":"Jan 4, 2020"},"goalValue":"2000.0","updateDate":{"date":"Jan 4, 2020"},"createDate":{"date":"Jan 4, 2020"}},{"userProfilePk":82576128,"userGoalCategory":"MYFITNESSPAL","userGoalType":"NET_CALORIES","startDate":{"date":"Jan 4, 2020"},"endDate":{"date":"Jan 4, 2020"},"goalValue":"2000.0","updateDate":{"date":"Jan 4, 2020"},"createDate":{"date":"Jan 4, 2020"}},{"userProfilePk":82576128,"userGoalCategory":"MYFITNESSPAL","userGoalType":"NET_CALORIES","startDate":{"date":"Jan 5, 2020"},"endDate":{"date":"Jan 5, 2020"},"goalValue":"2000.0","updateDate":{"date":"Jan 5, 2020"},"createDate":{"date":"Jan 5, 2020"}},{"userProfilePk":82576128,"userGoalCategory":"MYFITNESSPAL","userGoalType":"NET_CALORIES","startDate":{"date":"Jan 5, 2020"},"endDate":{"date":"Jan 5, 2020"},"goalValue":"2000.0","updateDate":{"date":"Jan 5, 2020"},"createDate":{"date":"Jan 5, 2020"}},{"userProfilePk":82576128,"userGoalCategory":"MYFITNESSPAL","userGoalType":"NET_CALORIES","startDate":{"date":"Jan 6, 2020"},"endDate":{"date":"Jan 6, 2020"},"goalValue":"2000.0","updateDate":{"date":"Jan 6, 2020"},"createDate":{"date":"Jan 6, 2020"}},{"userProfilePk":82576128,"userGoalCategory":"MYFITNESSPAL","userGoalType":"NET_CALORIES","startDate":{"date":"Jan 6, 2020"},"endDate":{"date":"Jan 6, 2020"},"goalValue":"2000.0","updateDate":{"date":"Jan 6, 2020"},"createDate":{"date":"Jan 6, 2020"}},{"userProfilePk":82576128,"userGoalCategory":"MYFITNESSPAL","userGoalType":"NET_CALORIES","startDate":{"date":"Jan 16, 2020"},"endDate":{"date":"Jan 16, 2020"},"goalValue":"2000.0","updateDate":{"date":"Jan 16, 2020"},"createDate":{"date":"Jan 16, 2020"}},{"userProfilePk":82576128,"userGoalCategory":"MYFITNESSPAL","userGoalType":"NET_CALORIES","startDate":{"date":"Jan 16, 2020"},"endDate":{"date":"Jan 16, 2020"},"goalValue":"2000.0","updateDate":{"date":"Jan 16, 2020"},"createDate":{"date":"Jan 16, 2020"}},{"userProfilePk":82576128,"userGoalCategory":"MYFITNESSPAL","userGoalType":"NET_CALORIES","startDate":{"date":"Jan 16, 2020"},"endDate":{"date":"Jan 16, 2020"},"goalValue":"2000.0","updateDate":{"date":"Jan 16, 2020"},"createDate":{"date":"Jan 16, 2020"}},{"userProfilePk":82576128,"userGoalCategory":"MYFITNESSPAL","userGoalType":"NET_CALORIES","startDate":{"date":"Jan 16, 2020"},"endDate":{"date":"Jan 16, 2020"},"goalValue":"2000.0","updateDate":{"date":"Jan 16, 2020"},"createDate":{"date":"Jan 16, 2020"}},{"userProfilePk":82576128,"userGoalCategory":"MYFITNESSPAL","userGoalType":"NET_CALORIES","startDate":{"date":"Jan 16, 2020"},"endDate":{"date":"Jan 16, 2020"},"goalValue":"2000.0","updateDate":{"date":"Jan 16, 2020"},"createDate":{"date":"Jan 16, 2020"}},{"userProfilePk":82576128,"userGoalCategory":"MYFITNESSPAL","userGoalType":"NET_CALORIES","startDate":{"date":"Jan 17, 2020"},"endDate":{"date":"Jan 17, 2020"},"goalValue":"2000.0","updateDate":{"date":"Jan 17, 2020"},"createDate":{"date":"Jan 17, 2020"}},{"userProfilePk":82576128,"userGoalCategory":"MYFITNESSPAL","userGoalType":"NET_CALORIES","startDate":{"date":"Jan 17, 2020"},"endDate":{"date":"Jan 17, 2020"},"goalValue":"2000.0","updateDate":{"date":"Jan 17, 2020"},"createDate":{"date":"Jan 17, 2020"}},{"userProfilePk":82576128,"userGoalCategory":"MYFITNESSPAL","userGoalType":"NET_CALORIES","startDate":{"date":"Jan 17, 2020"},"endDate":{"date":"Jan 17, 2020"},"goalValue":"2000.0","updateDate":{"date":"Jan 17, 2020"},"createDate":{"date":"Jan 17, 2020"}},{"userProfilePk":82576128,"userGoalCategory":"MYFITNESSPAL","userGoalType":"NET_CALORIES","startDate":{"date":"Jan 17, 2020"},"endDate":{"date":"Jan 17, 2020"},"goalValue":"2000.0","updateDate":{"date":"Jan 17, 2020"},"createDate":{"date":"Jan 17, 2020"}},{"userProfilePk":82576128,"userGoalCategory":"MYFITNESSPAL","userGoalType":"NET_CALORIES","startDate":{"date":"Jan 17, 2020"},"endDate":{"date":"Jan 17, 2020"},"goalValue":"2000.0","updateDate":{"date":"Jan 17, 2020"},"createDate":{"date":"Jan 17, 2020"}},{"userProfilePk":82576128,"userGoalCategory":"MYFITNESSPAL","userGoalType":"NET_CALORIES","startDate":{"date":"Jan 17, 2020"},"endDate":{"date":"Jan 17, 2020"},"goalValue":"2000.0","updateDate":{"date":"Jan 17, 2020"},"createDate":{"date":"Jan 17, 2020"}},{"userProfilePk":82576128,"userGoalCategory":"MYFITNESSPAL","userGoalType":"NET_CALORIES","startDate":{"date":"Jan 17, 2020"},"endDate":{"date":"Jan 17, 2020"},"goalValue":"2000.0","updateDate":{"date":"Jan 17, 2020"},"createDate":{"date":"Jan 17, 2020"}},{"userProfilePk":82576128,"userGoalCategory":"MYFITNESSPAL","userGoalType":"NET_CALORIES","startDate":{"date":"Jan 17, 2020"},"endDate":{"date":"Jan 17, 2020"},"goalValue":"2000.0","updateDate":{"date":"Jan 17, 2020"},"createDate":{"date":"Jan 17, 2020"}},{"userProfilePk":82576128,"userGoalCategory":"MYFITNESSPAL","userGoalType":"NET_CALORIES","startDate":{"date":"Jan 17, 2020"},"endDate":{"date":"Jan 17, 2020"},"goalValue":"2000.0","updateDate":{"date":"Jan 17, 2020"},"createDate":{"date":"Jan 17, 2020"}},{"userProfilePk":82576128,"userGoalCategory":"MYFITNESSPAL","userGoalType":"NET_CALORIES","startDate":{"date":"Jan 17, 2020"},"endDate":{"date":"Jan 17, 2020"},"goalValue":"2000.0","updateDate":{"date":"Jan 17, 2020"},"createDate":{"date":"Jan 17, 2020"}},{"userProfilePk":82576128,"userGoalCategory":"MYFITNESSPAL","userGoalType":"NET_CALORIES","startDate":{"date":"Jan 17, 2020"},"endDate":{"date":"Jan 17, 2020"},"goalValue":"2000.0","updateDate":{"date":"Jan 17, 2020"},"createDate":{"date":"Jan 17, 2020"}},{"userProfilePk":82576128,"userGoalCategory":"MYFITNESSPAL","userGoalType":"NET_CALORIES","startDate":{"date":"Jan 17, 2020"},"endDate":{"date":"Jan 17, 2020"},"goalValue":"2000.0","updateDate":{"date":"Jan 17, 2020"},"createDate":{"date":"Jan 17, 2020"}},{"userProfilePk":82576128,"userGoalCategory":"MYFITNESSPAL","userGoalType":"NET_CALORIES","startDate":{"date":"Jan 18, 2020"},"endDate":{"date":"Jan 18, 2020"},"goalValue":"2000.0","updateDate":{"date":"Jan 18, 2020"},"createDate":{"date":"Jan 18, 2020"}},{"userProfilePk":82576128,"userGoalCategory":"MYFITNESSPAL","userGoalType":"NET_CALORIES","startDate":{"date":"Jan 18, 2020"},"endDate":{"date":"Jan 18, 2020"},"goalValue":"2000.0","updateDate":{"date":"Jan 18, 2020"},"createDate":{"date":"Jan 18, 2020"}},{"userProfilePk":82576128,"userGoalCategory":"MYFITNESSPAL","userGoalType":"NET_CALORIES","startDate":{"date":"Jan 18, 2020"},"endDate":{"date":"Jan 18, 2020"},"goalValue":"2000.0","updateDate":{"date":"Jan 18, 2020"},"createDate":{"date":"Jan 18, 2020"}},{"userProfilePk":82576128,"userGoalCategory":"MYFITNESSPAL","userGoalType":"NET_CALORIES","startDate":{"date":"Jan 18, 2020"},"endDate":{"date":"Jan 18, 2020"},"goalValue":"2000.0","updateDate":{"date":"Jan 18, 2020"},"createDate":{"date":"Jan 18, 2020"}},{"userProfilePk":82576128,"userGoalCategory":"MYFITNESSPAL","userGoalType":"NET_CALORIES","startDate":{"date":"Jan 18, 2020"},"endDate":{"date":"Jan 18, 2020"},"goalValue":"2000.0","updateDate":{"date":"Jan 18, 2020"},"createDate":{"date":"Jan 18, 2020"}},{"userProfilePk":82576128,"userGoalCategory":"MYFITNESSPAL","userGoalType":"NET_CALORIES","startDate":{"date":"Jan 18, 2020"},"endDate":{"date":"Jan 18, 2020"},"goalValue":"2000.0","updateDate":{"date":"Jan 18, 2020"},"createDate":{"date":"Jan 18, 2020"}},{"userProfilePk":82576128,"userGoalCategory":"MYFITNESSPAL","userGoalType":"NET_CALORIES","startDate":{"date":"Jan 18, 2020"},"endDate":{"date":"Jan 18, 2020"},"goalValue":"2000.0","updateDate":{"date":"Jan 18, 2020"},"createDate":{"date":"Jan 18, 2020"}},{"userProfilePk":82576128,"userGoalCategory":"MYFITNESSPAL","userGoalType":"NET_CALORIES","startDate":{"date":"Jan 18, 2020"},"endDate":{"date":"Jan 18, 2020"},"goalValue":"2000.0","updateDate":{"date":"Jan 18, 2020"},"createDate":{"date":"Jan 18, 2020"}},{"userProfilePk":82576128,"userGoalCategory":"MYFITNESSPAL","userGoalType":"NET_CALORIES","startDate":{"date":"Jan 18, 2020"},"endDate":{"date":"Jan 18, 2020"},"goalValue":"2000.0","updateDate":{"date":"Jan 18, 2020"},"createDate":{"date":"Jan 18, 2020"}},{"userProfilePk":82576128,"userGoalCategory":"MYFITNESSPAL","userGoalType":"NET_CALORIES","startDate":{"date":"Jan 18, 2020"},"endDate":{"date":"Jan 18, 2020"},"goalValue":"2000.0","updateDate":{"date":"Jan 18, 2020"},"createDate":{"date":"Jan 18, 2020"}},{"userProfilePk":82576128,"userGoalCategory":"MYFITNESSPAL","userGoalType":"NET_CALORIES","startDate":{"date":"Jan 18, 2020"},"endDate":{"date":"Jan 18, 2020"},"goalValue":"2000.0","updateDate":{"date":"Jan 18, 2020"},"createDate":{"date":"Jan 18, 2020"}},{"userProfilePk":82576128,"userGoalCategory":"MYFITNESSPAL","userGoalType":"NET_CALORIES","startDate":{"date":"Jan 20, 2020"},"endDate":{"date":"Jan 20, 2020"},"goalValue":"2000.0","updateDate":{"date":"Jan 20, 2020"},"createDate":{"date":"Jan 20, 2020"}},{"userProfilePk":82576128,"userGoalCategory":"MYFITNESSPAL","userGoalType":"NET_CALORIES","startDate":{"date":"Jan 20, 2020"},"endDate":{"date":"Jan 20, 2020"},"goalValue":"2000.0","updateDate":{"date":"Jan 20, 2020"},"createDate":{"date":"Jan 20, 2020"}},{"userProfilePk":82576128,"userGoalCategory":"MYFITNESSPAL","userGoalType":"NET_CALORIES","startDate":{"date":"Jan 20, 2020"},"endDate":{"date":"Jan 20, 2020"},"goalValue":"2000.0","updateDate":{"date":"Jan 20, 2020"},"createDate":{"date":"Jan 20, 2020"}},{"userProfilePk":82576128,"userGoalCategory":"MYFITNESSPAL","userGoalType":"NET_CALORIES","startDate":{"date":"Jan 20, 2020"},"endDate":{"date":"Jan 20, 2020"},"goalValue":"2000.0","updateDate":{"date":"Jan 20, 2020"},"createDate":{"date":"Jan 20, 2020"}},{"userProfilePk":82576128,"userGoalCategory":"MYFITNESSPAL","userGoalType":"NET_CALORIES","startDate":{"date":"Jan 20, 2020"},"endDate":{"date":"Jan 20, 2020"},"goalValue":"2000.0","updateDate":{"date":"Jan 20, 2020"},"createDate":{"date":"Jan 20, 2020"}},{"userProfilePk":82576128,"userGoalCategory":"MYFITNESSPAL","userGoalType":"NET_CALORIES","startDate":{"date":"Jan 20, 2020"},"endDate":{"date":"Jan 20, 2020"},"goalValue":"2000.0","updateDate":{"date":"Jan 20, 2020"},"createDate":{"date":"Jan 20, 2020"}},{"userProfilePk":82576128,"userGoalCategory":"MYFITNESSPAL","userGoalType":"NET_CALORIES","startDate":{"date":"Jan 20, 2020"},"endDate":{"date":"Jan 20, 2020"},"goalValue":"2000.0","updateDate":{"date":"Jan 20, 2020"},"createDate":{"date":"Jan 20, 2020"}},{"userProfilePk":82576128,"userGoalCategory":"MYFITNESSPAL","userGoalType":"NET_CALORIES","startDate":{"date":"Jan 20, 2020"},"endDate":{"date":"Jan 20, 2020"},"goalValue":"2000.0","updateDate":{"date":"Jan 20, 2020"},"createDate":{"date":"Jan 20, 2020"}},{"userProfilePk":82576128,"userGoalCategory":"MYFITNESSPAL","userGoalType":"NET_CALORIES","startDate":{"date":"Jan 20, 2020"},"endDate":{"date":"Jan 20, 2020"},"goalValue":"2000.0","updateDate":{"date":"Jan 20, 2020"},"createDate":{"date":"Jan 20, 2020"}},{"userProfilePk":82576128,"userGoalCategory":"MYFITNESSPAL","userGoalType":"NET_CALORIES","startDate":{"date":"Jan 20, 2020"},"endDate":{"date":"Jan 20, 2020"},"goalValue":"2000.0","updateDate":{"date":"Jan 20, 2020"},"createDate":{"date":"Jan 20, 2020"}},{"userProfilePk":82576128,"userGoalCategory":"MYFITNESSPAL","userGoalType":"NET_CALORIES","startDate":{"date":"Jan 20, 2020"},"endDate":{"date":"Jan 20, 2020"},"goalValue":"2000.0","updateDate":{"date":"Jan 20, 2020"},"createDate":{"date":"Jan 20, 2020"}},{"userProfilePk":82576128,"userGoalCategory":"MYFITNESSPAL","userGoalType":"NET_CALORIES","startDate":{"date":"Jan 20, 2020"},"endDate":{"date":"Jan 20, 2020"},"goalValue":"2000.0","updateDate":{"date":"Jan 20, 2020"},"createDate":{"date":"Jan 20, 2020"}},{"userProfilePk":82576128,"userGoalCategory":"MYFITNESSPAL","userGoalType":"NET_CALORIES","startDate":{"date":"Jan 20, 2020"},"endDate":{"date":"Jan 20, 2020"},"goalValue":"2000.0","updateDate":{"date":"Jan 20, 2020"},"createDate":{"date":"Jan 20, 2020"}},{"userProfilePk":82576128,"userGoalCategory":"MYFITNESSPAL","userGoalType":"NET_CALORIES","startDate":{"date":"Jan 20, 2020"},"endDate":{"date":"Jan 20, 2020"},"goalValue":"2000.0","updateDate":{"date":"Jan 20, 2020"},"createDate":{"date":"Jan 20, 2020"}},{"userProfilePk":82576128,"userGoalCategory":"MANUAL","userGoalType":"FLOORS_CLIMBED","startDate":{"date":"Dec 30, 2019"},"endDate":{"date":"Jan 3, 2020"},"goalValue":"10.0","updateDate":{"date":"Jan 4, 2020"},"createDate":{"date":"Jan 4, 2020"},"activityTypePk":"9"},{"userProfilePk":82576128,"userGoalCategory":"MANUAL","userGoalType":"INTENSITY_MINUTES","startDate":{"date":"Dec 30, 2019"},"goalValue":"150.0","updateDate":{"date":"Jan 4, 2020"},"createDate":{"date":"Jan 4, 2020"},"activityTypePk":"9"},{"userProfilePk":82576128,"userGoalCategory":"MANUAL","userGoalType":"HYDRATION","startDate":{"date":"Dec 30, 2019"},"endDate":{"date":"Jan 3, 2020"},"goalValue":"2129.0","updateDate":{"date":"Jan 4, 2020"},"createDate":{"date":"Jan 4, 2020"},"activityTypePk":"9"},{"userProfilePk":82576128,"userGoalCategory":"MANUAL","userGoalType":"FLOORS_CLIMBED","startDate":{"date":"Jan 4, 2020"},"goalValue":"10.0","updateDate":{"date":"Jan 4, 2020"},"createDate":{"date":"Jan 4, 2020"},"activityTypePk":"9"},{"userProfilePk":82576128,"userGoalCategory":"MANUAL","userGoalType":"HYDRATION","startDate":{"date":"Jan 4, 2020"},"goalValue":"2129.0","updateDate":{"date":"Jan 4, 2020"},"createDate":{"date":"Jan 4, 2020"},"activityTypePk":"9"}]