{"version":"v1","type":"CLUB","data":[{"id":191760286,"clubTypeId":1,"shaftLength":45.5,"flexTypeId":"REGULAR","averageDistance":0,"adviceDistance":0,"retired":false,"deleted":false,"lastModifiedTime":"2020-01-04T05:45:10.000Z"},{"id":191760291,"clubTypeId":2,"shaftLength":43.0,"flexTypeId":"REGULAR","averageDistance":0,"adviceDistance":0,"retired":false,"deleted":false,"lastModifiedTime":"2020-01-04T05:45:10.000Z"},{"id":191760296,"clubTypeId":3,"shaftLength":42.5,"flexTypeId":"REGULAR","averageDistance":0,"adviceDistance":0,"retired":false,"deleted":false,"lastModifiedTime":"2020-01-04T05:45:10.000Z"},{"id":191760301,"clubTypeId":6,"shaftLength":40.0,"flexTypeId":"REGULAR","averageDistance":0,"adviceDistance":0,"retired":false,"deleted":false,"lastModifiedTime":"2020-01-04T05:45:10.000Z"},{"id":191760306,"clubTypeId":7,"shaftLength":39.5,"flexTypeId":"REGULAR","averageDistance":0,"adviceDistance":0,"retired":false,"deleted":false,"lastModifiedTime":"2020-01-04T05:45:10.000Z"},{"id":191760311,"clubTypeId":12,"shaftLength":38.5,"flexTypeId":"REGULAR","averageDistance":0,"adviceDistance":0,"retired":false,"deleted":false,"lastModifiedTime":"2020-01-04T05:45:10.000Z"},{"id":191760316,"clubTypeId":13,"shaftLength":38.0,"flexTypeId":"REGULAR","averageDistance":0,"adviceDistance":0,"retired":false,"deleted":false,"lastModifiedTime":"2020-01-04T05:45:10.000Z"},{"id":191760321,"clubTypeId":14,"shaftLength":37.5,"flexTypeId":"REGULAR","averageDistance":0,"adviceDistance":0,"retired":false,"deleted":false,"lastModifiedTime":"2020-01-04T05:45:10.000Z"},{"id":191760326,"clubTypeId":15,"shaftLength":37.0,"flexTypeId":"REGULAR","averageDistance":0,"adviceDistance":0,"retired":false,"deleted":false,"lastModifiedTime":"2020-01-04T05:45:10.000Z"},{"id":191760331,"clubTypeId":16,"shaftLength":36.5,"flexTypeId":"REGULAR","averageDistance":0,"adviceDistance":0,"retired":false,"deleted":false,"lastModifiedTime":"2020-01-04T05:45:10.000Z"},{"id":191760336,"clubTypeId":17,"shaftLength":36.0,"flexTypeId":"REGULAR","averageDistance":0,"adviceDistance":0,"retired":false,"deleted":false,"lastModifiedTime":"2020-01-04T05:45:10.000Z"},{"id":191760341,"clubTypeId":18,"shaftLength":35.5,"flexTypeId":"REGULAR","averageDistance":0,"adviceDistance":0,"retired":false,"deleted":false,"lastModifiedTime":"2020-01-04T05:45:10.000Z"},{"id":191760346,"clubTypeId":19,"shaftLength":35.5,"flexTypeId":"REGULAR","averageDistance":0,"adviceDistance":0,"retired":false,"deleted":false,"lastModifiedTime":"2020-01-04T05:45:10.000Z"},{"id":191760351,"clubTypeId":20,"shaftLength":35.5,"flexTypeId":"REGULAR","averageDistance":0,"adviceDistance":0,"retired":false,"deleted":false,"lastModifiedTime":"2020-01-04T05:45:10.000Z"},{"id":191760356,"clubTypeId":21,"shaftLength":35.25,"flexTypeId":"REGULAR","averageDistance":0,"adviceDistance":0,"retired":false,"deleted":false,"lastModifiedTime":"2020-01-04T05:45:10.000Z"},{"id":191760361,"clubTypeId":22,"shaftLength":35.0,"flexTypeId":"REGULAR","averageDistance":0,"adviceDistance":0,"retired":false,"deleted":false,"lastModifiedTime":"2020-01-04T05:45:10.000Z"},{"id":191760366,"clubTypeId":23,"shaftLength":35.0,"flexTypeId":"REGULAR","averageDistance":0,"adviceDistance":0,"retired":false,"deleted":false,"lastModifiedTime":"2020-01-04T05:45:10.000Z"}],"preparedOn":"2022-06-06T03:56:22.174Z"}