{"version":"v1","type":"CLUB_TYPES","data":[{"value":0,"name":"Unknown","shaftLength":0.0,"loftAngle":0.0,"lieAngle":0.0,"valid":false},{"value":1,"name":"Driver","shaftLength":45.5,"loftAngle":10.5,"lieAngle":58.5,"displayRange":"8°-12°","valid":true},{"value":2,"name":"3 Wood","shaftLength":43.0,"loftAngle":15.0,"lieAngle":56.5,"displayRange":"13°-17°","valid":true},{"value":3,"name":"5 Wood","shaftLength":42.5,"loftAngle":18.5,"lieAngle":57.0,"displayRange":"18°-22°","valid":true},{"value":4,"name":"1 Hybrid","shaftLength":41.0,"loftAngle":15.0,"lieAngle":57.5,"displayRange":"14°-16°","valid":true},{"value":5,"name":"2 Hybrid","shaftLength":40.5,"loftAngle":17.0,"lieAngle":58.0,"displayRange":"17°-18°","valid":true},{"value":6,"name":"3 Hybrid","shaftLength":40.0,"loftAngle":19.0,"lieAngle":58.5,"displayRange":"19°-21°","valid":true},{"value":7,"name":"4 Hybrid","shaftLength":39.5,"loftAngle":22.0,"lieAngle":59.0,"displayRange":"22°-23°","valid":true},{"value":8,"name":"5 Hybrid","shaftLength":39.0,"loftAngle":24.0,"lieAngle":59.5,"displayRange":"24°-27°","valid":true},{"value":9,"name":"6 Hybrid","shaftLength":38.5,"loftAngle":28.0,"lieAngle":60.0,"displayRange":"28°-32°","valid":true},{"value":10,"name":"1 Iron","shaftLength":39.5,"loftAngle":16.0,"lieAngle":58.0,"valid":true},{"value":11,"name":"2 Iron","shaftLength":39.0,"loftAngle":18.5,"lieAngle":58.67,"valid":true},{"value":12,"name":"3 Iron","shaftLength":38.5,"loftAngle":21.0,"lieAngle":59.32,"valid":true},{"value":13,"name":"4 Iron","shaftLength":38.0,"loftAngle":24.0,"lieAngle":60.02,"valid":true},{"value":14,"name":"5 Iron","shaftLength":37.5,"loftAngle":27.0,"lieAngle":60.75,"valid":true},{"value":15,"name":"6 Iron","shaftLength":37.0,"loftAngle":30.5,"lieAngle":61.5,"valid":true},{"value":16,"name":"7 Iron","shaftLength":36.5,"loftAngle":34.0,"lieAngle":62.28,"valid":true},{"value":17,"name":"8 Iron","shaftLength":36.0,"loftAngle":38.0,"lieAngle":63.1,"valid":true},{"value":18,"name":"9 Iron","shaftLength":35.5,"loftAngle":42.0,"lieAngle":63.95,"valid":true},{"value":19,"name":"Pitching Wedge","shaftLength":35.5,"loftAngle":46.0,"lieAngle":64.38,"displayRange":"46°-49°","valid":true},{"value":20,"name":"Gap Wedge","shaftLength":35.5,"loftAngle":50.0,"lieAngle":64.38,"displayRange":"50°-53°","valid":true},{"value":21,"name":"Sand Wedge","shaftLength":35.25,"loftAngle":54.0,"lieAngle":64.7,"displayRange":"54°-57°","valid":true},{"value":22,"name":"Lob Wedge","shaftLength":35.0,"loftAngle":58.0,"lieAngle":65.11,"displayRange":"58°-64°","valid":true},{"value":23,"name":"Putter","shaftLength":35.0,"loftAngle":5.0,"lieAngle":70.0,"valid":true}],"preparedOn":"2022-06-06T03:56:22.174Z"}